,Unnamed: 0,left_eyebrow_18x,left_eyebrow_18y,left_eyebrow_20x,left_eyebrow_20y,left_eyebrow_22x,left_eyebrow_22y,right_eyebrow_23x,right_eyebrow_23y,right_eyebrow_25x,right_eyebrow_25y,right_eyebrow_27x,right_eyebrow_27y,left_eye38_x,left_eye38_y,right_eye45_x,right_eye45_y,left_lip49_x,left_lip49_y,lip_center_upper52_x,lip_center_upper52_y,right_lip55_x,right_lip55_y,lip_center_lower58_x,lip_center_lower58_y,trans_x,trans_y,trans_z,rot_x,rot_y,rot_z
0,0,-12.906127929687443,11.383087158203125,-4.560508728027344,10.0050048828125,21.59856986999511,-1.041244506835909,31.8086585998535,0.187225341796875,-3.3307647705077983,-5.349609375,-36.8924560546875,-26.94374084472659,2.6270599365234233,1.3169708251953125,-15.013290405273438,1.8455963134765625,-6.454872131347656,-20.425457000732422,47.819207072257996,-10.471719741821289,-31.63330078125,12.32905197143554,21.584184408187866,38.22930145263672,0.0011828867718577385,0.013256244361400604,0.013256244361400604,0.9512382629642806,-51.002477961479165,-5.465205616359456
