,Unnamed: 0,left_eyebrow_18x,left_eyebrow_18y,left_eyebrow_20x,left_eyebrow_20y,left_eyebrow_22x,left_eyebrow_22y,right_eyebrow_23x,right_eyebrow_23y,right_eyebrow_25x,right_eyebrow_25y,right_eyebrow_27x,right_eyebrow_27y,left_eye38_x,left_eye38_y,right_eye45_x,right_eye45_y,left_lip49_x,left_lip49_y,lip_center_upper52_x,lip_center_upper52_y,right_lip55_x,right_lip55_y,lip_center_lower58_x,lip_center_lower58_y,trans_x,trans_y,trans_z,rot_x,rot_y,rot_z
0,0,-0.3546752929687784,5.5139007568359375,6.1002349853515625,16.54035949707037,19.734092712402344,9.80583190917963,25.931873321533217,9.489410400390653,3.718811035156236,2.443634033203125,-20.896652221679688,-23.397171020507812,-9.412216186523452,-1.999237060546875,-13.125907897949219,-0.3358917236328125,-9.154113769531264,-18.879840850830078,33.94544607400895,-2.1283550262451243,-14.294769287109375,13.380859375000007,24.07459545135498,21.809967041015625,0.006133197108283639,0.004858724772930152,0.004858724772930152,-0.08137728955443824,-37.7931016484783,-4.312013636793438
