,Unnamed: 0,left_eyebrow_18x,left_eyebrow_18y,left_eyebrow_20x,left_eyebrow_20y,left_eyebrow_22x,left_eyebrow_22y,right_eyebrow_23x,right_eyebrow_23y,right_eyebrow_25x,right_eyebrow_25y,right_eyebrow_27x,right_eyebrow_27y,left_eye38_x,left_eye38_y,right_eye45_x,right_eye45_y,left_lip49_x,left_lip49_y,lip_center_upper52_x,lip_center_upper52_y,right_lip55_x,right_lip55_y,lip_center_lower58_x,lip_center_lower58_y,trans_x,trans_y,trans_z,rot_x,rot_y,rot_z
0,0,1.673583984375,-3.589691162109375,0.3254241943359375,-3.593856811523409,-4.868644714355469,-0.9810028076171875,9.615028381347663,1.7002716064453693,2.295425415039091,-6.199020385742131,-1.8836669921875284,-5.3278961181640625,0.7539596557617188,3.8833160400390625,-2.8759231567382812,3.505233764648466,-1.8949737548828125,-9.266674041748054,0.009340286254882812,-11.616455078125,1.2775802612304688,-5.86119461059571,1.6372630596160889,17.26400756835936,-0.0017165946774184695,-0.01036519929766655,-0.01036519929766655,0.15006870292103502,6.367220763438837,2.4458872763094712
