,Unnamed: 0,left_eyebrow_18x,left_eyebrow_18y,left_eyebrow_20x,left_eyebrow_20y,left_eyebrow_22x,left_eyebrow_22y,right_eyebrow_23x,right_eyebrow_23y,right_eyebrow_25x,right_eyebrow_25y,right_eyebrow_27x,right_eyebrow_27y,left_eye38_x,left_eye38_y,right_eye45_x,right_eye45_y,left_lip49_x,left_lip49_y,lip_center_upper52_x,lip_center_upper52_y,right_lip55_x,right_lip55_y,lip_center_lower58_x,lip_center_lower58_y,trans_x,trans_y,trans_z,rot_x,rot_y,rot_z
0,0,-3.450332641601534,5.371017456054716,-4.3428955078125,1.0904388427734375,-0.7523956298828196,-1.7853698730469034,6.043296813964844,-2.155593872070284,5.6565093994140625,-1.0579681396484943,2.2428741455078125,5.080017089843778,-4.147377014160156,2.4286651611328125,-1.5351181030273295,-0.1589508056640625,6.013534545898452,-11.571525573730469,-1.3811476230621333,-20.374700546264652,-9.484283447265625,-8.414474487304695,2.7756312787532806,29.740928649902344,0.005285887746140362,0.018606077879667268,0.018606077879667268,-3.445114061774588,-6.349734045148685,-0.9442596597048016
