,Unnamed: 0,left_eyebrow_18x,left_eyebrow_18y,left_eyebrow_20x,left_eyebrow_20y,left_eyebrow_22x,left_eyebrow_22y,right_eyebrow_23x,right_eyebrow_23y,right_eyebrow_25x,right_eyebrow_25y,right_eyebrow_27x,right_eyebrow_27y,left_eye38_x,left_eye38_y,right_eye45_x,right_eye45_y,left_lip49_x,left_lip49_y,lip_center_upper52_x,lip_center_upper52_y,right_lip55_x,right_lip55_y,lip_center_lower58_x,lip_center_lower58_y,trans_x,trans_y,trans_z,rot_x,rot_y,rot_z
0,0,-13.560211181640625,12.4857177734375,1.0940399169922017,14.921829223632812,30.688095092773438,2.893661499023466,18.604053497314446,8.710189819335994,-5.421569824218736,3.356689453125,-29.48017883300784,-24.871795654296847,0.11296844482421875,-2.8164367675780966,-18.847190856933594,-1.9161224365234375,6.825897216796875,-21.723709106445312,52.87755127251149,-7.396886825561523,-33.53055572509764,15.001636505126953,25.171790838241577,42.15850830078125,-0.012127730413340034,0.012617900967597954,0.012617900967597954,5.756849560818791,-51.1385673100109,-5.19984670077098
