,Unnamed: 0,left_eyebrow_18x,left_eyebrow_18y,left_eyebrow_20x,left_eyebrow_20y,left_eyebrow_22x,left_eyebrow_22y,right_eyebrow_23x,right_eyebrow_23y,right_eyebrow_25x,right_eyebrow_25y,right_eyebrow_27x,right_eyebrow_27y,left_eye38_x,left_eye38_y,right_eye45_x,right_eye45_y,left_lip49_x,left_lip49_y,lip_center_upper52_x,lip_center_upper52_y,right_lip55_x,right_lip55_y,lip_center_lower58_x,lip_center_lower58_y,trans_x,trans_y,trans_z,rot_x,rot_y,rot_z
0,0,1.200302124023409,3.187896728515625,-2.0021057128906534,5.739608764648409,-3.5312461853027415,-0.8676605224609659,8.317401885986328,-3.362213134765625,4.342346191406278,4.486389160156278,-3.0806274414062784,1.436431884765625,-3.7050094604492188,4.756103515625,-0.4102172851562642,4.6688385009765625,5.412086486816406,-1.5419769287109304,2.0273494720458984,-24.612024307250977,-5.9327621459960795,3.35589599609375,-0.9800601005554199,17.998085021972656,-0.005826179869472977,0.012263484299182892,0.012263484299182892,-0.7263318668643253,7.113254718750067,-0.03312025554407372
