,Unnamed: 0,left_eyebrow_18x,left_eyebrow_18y,left_eyebrow_20x,left_eyebrow_20y,left_eyebrow_22x,left_eyebrow_22y,right_eyebrow_23x,right_eyebrow_23y,right_eyebrow_25x,right_eyebrow_25y,right_eyebrow_27x,right_eyebrow_27y,left_eye38_x,left_eye38_y,right_eye45_x,right_eye45_y,left_lip49_x,left_lip49_y,lip_center_upper52_x,lip_center_upper52_y,right_lip55_x,right_lip55_y,lip_center_lower58_x,lip_center_lower58_y,trans_x,trans_y,trans_z,rot_x,rot_y,rot_z
0,0,-0.9640350341796591,6.185958862304716,-9.19707489013669,-4.1572418212890625,-8.11168289184571,-5.0535125732421875,7.571800231933587,-6.9944915771484375,6.679878234863281,-9.254318237304688,-0.2034912109375,5.081375122070341,1.2138900756835795,-2.8867034912109375,0.9512176513671875,-1.6282958984374716,4.572486877441406,-8.820816040039062,1.0071972757577896,-18.108491897583008,-1.3939208984375,-9.412288665771484,0.5296454429626465,30.18133544921875,-0.007530149072408674,-0.0011114217340946267,-0.0011114217340946267,-5.841413018504771,6.7363848431339814,-1.8776628613338504
