,Unnamed: 0,left_eyebrow_18x,left_eyebrow_18y,left_eyebrow_20x,left_eyebrow_20y,left_eyebrow_22x,left_eyebrow_22y,right_eyebrow_23x,right_eyebrow_23y,right_eyebrow_25x,right_eyebrow_25y,right_eyebrow_27x,right_eyebrow_27y,left_eye38_x,left_eye38_y,right_eye45_x,right_eye45_y,left_lip49_x,left_lip49_y,lip_center_upper52_x,lip_center_upper52_y,right_lip55_x,right_lip55_y,lip_center_lower58_x,lip_center_lower58_y,trans_x,trans_y,trans_z,rot_x,rot_y,rot_z
0,0,-0.3448486328125284,-5.4581146240234375,8.508186340332031,7.684387207031278,9.065177917480469,12.267440795898409,7.606769561767578,10.584075927734375,-0.947288513183608,2.11322021484375,-4.0481414794921875,-15.447189331054688,-3.7203216552734517,0.3164520263671875,-3.653717041015625,0.67742919921875,-6.7437744140625,-13.23448562622071,13.745950758457182,-6.414520263671882,-6.719329833984375,-0.4001312255859446,12.50167465209961,21.589775085449233,-0.011766311479732394,-0.011252999305725098,-0.011252999305725098,2.9390978196928588,-17.367352059125633,-2.667552046512967
