,Unnamed: 0,left_eyebrow_18x,left_eyebrow_18y,left_eyebrow_20x,left_eyebrow_20y,left_eyebrow_22x,left_eyebrow_22y,right_eyebrow_23x,right_eyebrow_23y,right_eyebrow_25x,right_eyebrow_25y,right_eyebrow_27x,right_eyebrow_27y,left_eye38_x,left_eye38_y,right_eye45_x,right_eye45_y,left_lip49_x,left_lip49_y,lip_center_upper52_x,lip_center_upper52_y,right_lip55_x,right_lip55_y,lip_center_lower58_x,lip_center_lower58_y,trans_x,trans_y,trans_z,rot_x,rot_y,rot_z
0,0,1.3901519775390625,1.7131500244140625,1.9334335327148438,1.5554351806640057,-0.5867462158203125,-0.6956024169921591,4.140514373779297,-0.6486053466796307,3.4628982543945455,0.2825469970703125,0.6021881103515625,1.564697265625,-0.44110870361328125,-0.8916168212890625,1.4084701538085938,0.47747802734375,2.0090484619140767,-2.1259231567382812,-0.5994988158345222,-13.368734359741218,-6.242210388183594,-2.1061973571777415,-0.637799859046936,17.487167358398438,-0.021623775828629732,-0.011702172458171844,-0.011702172458171844,-1.440372404128226,25.97349702798055,1.526985509929142
