,Unnamed: 0,left_eyebrow_18x,left_eyebrow_18y,left_eyebrow_20x,left_eyebrow_20y,left_eyebrow_22x,left_eyebrow_22y,right_eyebrow_23x,right_eyebrow_23y,right_eyebrow_25x,right_eyebrow_25y,right_eyebrow_27x,right_eyebrow_27y,left_eye38_x,left_eye38_y,right_eye45_x,right_eye45_y,left_lip49_x,left_lip49_y,lip_center_upper52_x,lip_center_upper52_y,right_lip55_x,right_lip55_y,lip_center_lower58_x,lip_center_lower58_y,trans_x,trans_y,trans_z,rot_x,rot_y,rot_z
0,0,-4.5333251953125,6.817916870117216,-6.481849670410185,3.3881683349609375,2.934394836425774,0.08424377441409092,13.112548828125,-3.027587890625,-0.003059387207045461,-13.660736083984375,-11.176589965820312,-13.430068969726591,-3.9291229248047017,1.05877685546875,-2.6420974731445312,2.330108642578125,-7.9742355346679545,-22.209758758544922,16.858996272087097,-13.324422836303714,-11.721611022949219,-0.548858642578125,9.76116394996643,31.50904083251953,0.0034010824747383595,-0.0014628693461418152,-0.0014628693461418152,-1.2084308469554372,-33.68083945134292,-3.016953206428128
