,Unnamed: 0,left_eyebrow_18x,left_eyebrow_18y,left_eyebrow_20x,left_eyebrow_20y,left_eyebrow_22x,left_eyebrow_22y,right_eyebrow_23x,right_eyebrow_23y,right_eyebrow_25x,right_eyebrow_25y,right_eyebrow_27x,right_eyebrow_27y,left_eye38_x,left_eye38_y,right_eye45_x,right_eye45_y,left_lip49_x,left_lip49_y,lip_center_upper52_x,lip_center_upper52_y,right_lip55_x,right_lip55_y,lip_center_lower58_x,lip_center_lower58_y,trans_x,trans_y,trans_z,rot_x,rot_y,rot_z
0,0,1.0711669921874716,-0.1085205078125,-3.05712890625,-7.832916259765597,-3.4090728759765554,-7.153945922851534,6.730731964111328,-5.243011474609318,3.445358276367216,-9.853164672851534,-0.2476959228515625,-0.155670166015625,-0.6519241333007812,9.155685424804688,0.2880859375,7.860702514648466,0.8371505737304688,-3.4440345764160227,-1.7270612716674814,-18.80384349822998,1.2104415893554688,-4.266613006591804,-0.9306933879852299,14.142135620117173,-0.005891258828341961,0.003081243485212319,0.003081243485212319,-2.3813721512241552,10.76415569556734,1.5794005043204011
