,Unnamed: 0,left_eyebrow_18x,left_eyebrow_18y,left_eyebrow_20x,left_eyebrow_20y,left_eyebrow_22x,left_eyebrow_22y,right_eyebrow_23x,right_eyebrow_23y,right_eyebrow_25x,right_eyebrow_25y,right_eyebrow_27x,right_eyebrow_27y,left_eye38_x,left_eye38_y,right_eye45_x,right_eye45_y,left_lip49_x,left_lip49_y,lip_center_upper52_x,lip_center_upper52_y,right_lip55_x,right_lip55_y,lip_center_lower58_x,lip_center_lower58_y,trans_x,trans_y,trans_z,rot_x,rot_y,rot_z
0,0,-12.268600463867159,12.362442016601562,-5.885322570800781,7.165435791015653,24.480562210083,-0.869384765625,30.677204132080078,-5.09130859375,-3.1890029907226562,-16.160308837890625,-36.98963928222656,-27.433242797851534,2.1487579345702983,1.3984527587890625,-9.576194763183594,1.8527069091796875,-11.081687927246094,-28.51936149597168,42.847466349601746,-5.858142852783196,-30.033126831054688,3.9254608154296946,18.751165151596066,34.30721282958986,0.0009700879454612732,0.011376336216926575,0.011376336216926575,2.17196686839958,-50.35249978396838,-5.723829792300722
