,Unnamed: 0,left_eyebrow_18x,left_eyebrow_18y,left_eyebrow_20x,left_eyebrow_20y,left_eyebrow_22x,left_eyebrow_22y,right_eyebrow_23x,right_eyebrow_23y,right_eyebrow_25x,right_eyebrow_25y,right_eyebrow_27x,right_eyebrow_27y,left_eye38_x,left_eye38_y,right_eye45_x,right_eye45_y,left_lip49_x,left_lip49_y,lip_center_upper52_x,lip_center_upper52_y,right_lip55_x,right_lip55_y,lip_center_lower58_x,lip_center_lower58_y,trans_x,trans_y,trans_z,rot_x,rot_y,rot_z
0,0,-3.4348449707030966,9.272445678710938,-6.629646301269531,8.657424926757784,0.5490722656249929,-0.5207672119140341,13.917823791503906,-2.7600860595703125,-0.5533294677734375,-7.3654632568359375,-14.632095336914062,-11.13665771484375,-5.1391677856445455,-0.1032562255859375,-0.627281188964858,0.2175445556640625,-5.425254821777344,-15.809597015380866,18.559306025505066,-17.618959426879883,-11.924140930175781,10.226448059082031,9.498501539230347,28.908729553222656,0.0038178802933543925,0.00012614205479621887,0.00012614205479621887,-2.339336686842799,-34.77405846502967,-2.79493423539887
