,Unnamed: 0,left_eyebrow_18x,left_eyebrow_18y,left_eyebrow_20x,left_eyebrow_20y,left_eyebrow_22x,left_eyebrow_22y,right_eyebrow_23x,right_eyebrow_23y,right_eyebrow_25x,right_eyebrow_25y,right_eyebrow_27x,right_eyebrow_27y,left_eye38_x,left_eye38_y,right_eye45_x,right_eye45_y,left_lip49_x,left_lip49_y,lip_center_upper52_x,lip_center_upper52_y,right_lip55_x,right_lip55_y,lip_center_lower58_x,lip_center_lower58_y,trans_x,trans_y,trans_z,rot_x,rot_y,rot_z
0,0,-0.174072265625,4.8440399169921875,-0.2019500732422017,7.352737426757784,2.5392303466796875,1.524124145507841,16.033313751220703,-2.491943359374943,5.121261596679702,-3.63677978515625,-13.288055419921875,-11.718276977539062,-5.696189880371094,1.3307952880859375,0.0580902099609375,1.8255767822265625,-2.5205078125,-12.399181365966797,24.376172304153442,-10.647773742675788,-12.813423156738281,8.86136245727537,16.531204104423523,20.112915039062514,0.002020657993853092,-0.012920066714286804,-0.012920066714286804,-1.129714663589109,-32.61210806798098,1.1574481653464839
