,Unnamed: 0,left_eyebrow_18x,left_eyebrow_18y,left_eyebrow_20x,left_eyebrow_20y,left_eyebrow_22x,left_eyebrow_22y,right_eyebrow_23x,right_eyebrow_23y,right_eyebrow_25x,right_eyebrow_25y,right_eyebrow_27x,right_eyebrow_27y,left_eye38_x,left_eye38_y,right_eye45_x,right_eye45_y,left_lip49_x,left_lip49_y,lip_center_upper52_x,lip_center_upper52_y,right_lip55_x,right_lip55_y,lip_center_lower58_x,lip_center_lower58_y,trans_x,trans_y,trans_z,rot_x,rot_y,rot_z
0,0,-16.07598876953125,5.7214202880859375,-8.232131958007812,1.9856719970703125,7.455402374267578,7.959320068359318,42.60356521606445,8.673233032226534,4.288314819335909,-1.934722900390625,-39.3962097167969,-26.72343444824213,0.714508056640625,0.4174957275390625,-4.378349304199219,6.183990478515625,13.296875,-17.902114868164055,41.27030801773072,-16.219759941101074,-56.48622512817383,9.28470230102539,15.239212036132816,42.444610595703125,-0.021278923377394676,0.007174111902713769,0.007174111902713769,-1.9946901568565,-41.74547581527214,-1.136117403940652
