,Unnamed: 0,left_eyebrow_18x,left_eyebrow_18y,left_eyebrow_20x,left_eyebrow_20y,left_eyebrow_22x,left_eyebrow_22y,right_eyebrow_23x,right_eyebrow_23y,right_eyebrow_25x,right_eyebrow_25y,right_eyebrow_27x,right_eyebrow_27y,left_eye38_x,left_eye38_y,right_eye45_x,right_eye45_y,left_lip49_x,left_lip49_y,lip_center_upper52_x,lip_center_upper52_y,right_lip55_x,right_lip55_y,lip_center_lower58_x,lip_center_lower58_y,trans_x,trans_y,trans_z,rot_x,rot_y,rot_z
0,0,-12.207824707031222,15.751235961914062,-2.2027587890625,7.32891845703125,30.76007080078125,-3.6306304931640625,20.37646484375,1.3167572021484375,2.3233947753906534,-6.745330810546903,-25.502243041992188,-19.234451293945284,-7.71331787109375,2.1331024169921875,-16.430831909179673,5.43804931640625,4.390708923339844,-32.234130859375,38.63353610038757,-10.242822647094727,-28.058380126953125,10.56789779663086,23.306749194860462,40.04743194580078,-0.017839164240285754,0.029677364975213984,0.029677364975213984,-3.4615284897697776,-43.54878790496241,-3.224804604652517
