,Unnamed: 0,left_eyebrow_18x,left_eyebrow_18y,left_eyebrow_20x,left_eyebrow_20y,left_eyebrow_22x,left_eyebrow_22y,right_eyebrow_23x,right_eyebrow_23y,right_eyebrow_25x,right_eyebrow_25y,right_eyebrow_27x,right_eyebrow_27y,left_eye38_x,left_eye38_y,right_eye45_x,right_eye45_y,left_lip49_x,left_lip49_y,lip_center_upper52_x,lip_center_upper52_y,right_lip55_x,right_lip55_y,lip_center_lower58_x,lip_center_lower58_y,trans_x,trans_y,trans_z,rot_x,rot_y,rot_z
0,0,4.451843261718778,-3.44873046875,-9.730354309082031,-11.878875732421903,-19.760395050048835,-9.259918212890653,18.08747100830078,-7.0537109375,10.190956115722685,-7.316680908203125,-4.674728393554716,-0.087310791015625,1.822265625,7.8216552734375,-2.267547607421875,7.150299072265625,-4.694587707519531,-15.874454498291016,2.2699198126792908,-7.3117523193359375,7.185508728027344,-15.716316223144531,2.098738193511963,26.006813049316406,0.002418207353912294,0.0051367394626140525,0.0051367394626140525,-3.1522330053645016,1.3603195738064855,4.088807013468677
