,Unnamed: 0,left_eyebrow_18x,left_eyebrow_18y,left_eyebrow_20x,left_eyebrow_20y,left_eyebrow_22x,left_eyebrow_22y,right_eyebrow_23x,right_eyebrow_23y,right_eyebrow_25x,right_eyebrow_25y,right_eyebrow_27x,right_eyebrow_27y,left_eye38_x,left_eye38_y,right_eye45_x,right_eye45_y,left_lip49_x,left_lip49_y,lip_center_upper52_x,lip_center_upper52_y,right_lip55_x,right_lip55_y,lip_center_lower58_x,lip_center_lower58_y,trans_x,trans_y,trans_z,rot_x,rot_y,rot_z
0,0,-7.755096435546875,17.347564697265625,0.8028106689453409,19.2899169921875,25.286636352539066,-4.8289794921875,15.226417541503906,1.6645202636719034,1.547393798828125,8.476837158203125,-28.114654541015653,-16.249969482421875,-0.6851196289062642,-1.236236572265625,-12.313667297363267,4.1090545654296875,-3.8117599487304545,-19.131725311279297,43.46280574798584,-4.380550384521484,-20.35108184814453,22.474807739257812,26.999564647674564,23.346298217773423,-0.05041164229623973,0.02418475970625878,0.02418475970625878,0.47518336341187734,-39.690772068590675,-2.012139794756166
