,Unnamed: 0,left_eyebrow_18x,left_eyebrow_18y,left_eyebrow_20x,left_eyebrow_20y,left_eyebrow_22x,left_eyebrow_22y,right_eyebrow_23x,right_eyebrow_23y,right_eyebrow_25x,right_eyebrow_25y,right_eyebrow_27x,right_eyebrow_27y,left_eye38_x,left_eye38_y,right_eye45_x,right_eye45_y,left_lip49_x,left_lip49_y,lip_center_upper52_x,lip_center_upper52_y,right_lip55_x,right_lip55_y,lip_center_lower58_x,lip_center_lower58_y,trans_x,trans_y,trans_z,rot_x,rot_y,rot_z
0,0,-4.9210052490234375,6.253875732421903,-0.6514739990234375,5.822433471679631,5.799026489257805,3.4442291259765625,11.398384094238295,0.63330078125,0.706329345703125,-6.8726348876953125,-9.730728149414006,-10.105880737304688,0.9111328125,-1.5863494873046875,-4.519996643066406,-3.0546722412109375,-15.907936096191406,-28.92624282836914,10.293752074241638,-3.321414947509762,-3.0408096313476562,-2.7016868591308594,10.64409065246582,36.88763427734375,-0.005156646016985178,-0.012261789292097092,-0.012261789292097092,7.082144884417957,-26.24007483934041,-1.0295201251328616
