,Unnamed: 0,left_eyebrow_18x,left_eyebrow_18y,left_eyebrow_20x,left_eyebrow_20y,left_eyebrow_22x,left_eyebrow_22y,right_eyebrow_23x,right_eyebrow_23y,right_eyebrow_25x,right_eyebrow_25y,right_eyebrow_27x,right_eyebrow_27y,left_eye38_x,left_eye38_y,right_eye45_x,right_eye45_y,left_lip49_x,left_lip49_y,lip_center_upper52_x,lip_center_upper52_y,right_lip55_x,right_lip55_y,lip_center_lower58_x,lip_center_lower58_y,trans_x,trans_y,trans_z,rot_x,rot_y,rot_z
0,0,2.5571594238280966,-0.7540283203125284,-3.585899353027372,-3.6918029785155966,-11.026744842529297,-5.1700897216796875,30.235454559326172,-5.591781616210966,9.378700256347685,-9.213912963867188,-16.616546630859403,-14.701278686523438,-0.7008972167968608,8.466064453125,-4.749809265136719,8.659820556640625,-16.209945678710938,-29.26521682739257,14.784343779087068,-5.334705352783203,-1.5601348876953125,-1.936351776123054,9.998921394348145,28.783294677734375,5.812058225274086e-05,-0.01832957938313485,-0.01832957938313485,-6.1261278613529235,-27.569310912315004,5.093690873691886
