,Unnamed: 0,left_eyebrow_18x,left_eyebrow_18y,left_eyebrow_20x,left_eyebrow_20y,left_eyebrow_22x,left_eyebrow_22y,right_eyebrow_23x,right_eyebrow_23y,right_eyebrow_25x,right_eyebrow_25y,right_eyebrow_27x,right_eyebrow_27y,left_eye38_x,left_eye38_y,right_eye45_x,right_eye45_y,left_lip49_x,left_lip49_y,lip_center_upper52_x,lip_center_upper52_y,right_lip55_x,right_lip55_y,lip_center_lower58_x,lip_center_lower58_y,trans_x,trans_y,trans_z,rot_x,rot_y,rot_z
0,0,-1.1147003173828125,-0.431365966796875,2.6872024536132812,0.3995513916015909,8.256563186645508,-5.671112060546875,45.07146072387695,0.1610107421875,4.002922058105469,-5.872909545898409,-40.154571533203125,-35.329833984375,-2.32958984375,14.3250732421875,-14.206344604492188,16.664886474609375,-19.992141723632812,-40.44344520568848,44.1275377869606,-3.541759490966797,-20.89300537109375,-0.21385574340821023,23.887276649475098,31.17369842529297,-0.014970177784562111,-0.010047409683465965,-0.010047409683465965,-5.302464705815471,-45.55406768830192,4.09092409227611
