,Unnamed: 0,left_eyebrow_18x,left_eyebrow_18y,left_eyebrow_20x,left_eyebrow_20y,left_eyebrow_22x,left_eyebrow_22y,right_eyebrow_23x,right_eyebrow_23y,right_eyebrow_25x,right_eyebrow_25y,right_eyebrow_27x,right_eyebrow_27y,left_eye38_x,left_eye38_y,right_eye45_x,right_eye45_y,left_lip49_x,left_lip49_y,lip_center_upper52_x,lip_center_upper52_y,right_lip55_x,right_lip55_y,lip_center_lower58_x,lip_center_lower58_y,trans_x,trans_y,trans_z,rot_x,rot_y,rot_z
0,0,-9.867279052734375,11.130203247070312,2.4863433837890625,7.513046264648409,29.696332931518548,5.1319427490234375,23.19578933715821,4.3862457275390625,-1.6754150390625,-7.634185791015625,-25.847869873046847,-28.077178955078125,1.7539749145507955,-1.108856201171875,-14.919654846191406,-0.9172821044921875,-27.719970703125,-43.13759422302246,29.545046210288998,3.7028427124023438,-23.238662719726562,-1.7474746704101562,17.760512351989746,38.73847198486328,-0.02286273194476962,0.003508415073156357,0.003508415073156357,11.034855381409866,-45.07637192848216,-4.323803091975083
