,Unnamed: 0,left_eyebrow_18x,left_eyebrow_18y,left_eyebrow_20x,left_eyebrow_20y,left_eyebrow_22x,left_eyebrow_22y,right_eyebrow_23x,right_eyebrow_23y,right_eyebrow_25x,right_eyebrow_25y,right_eyebrow_27x,right_eyebrow_27y,left_eye38_x,left_eye38_y,right_eye45_x,right_eye45_y,left_lip49_x,left_lip49_y,lip_center_upper52_x,lip_center_upper52_y,right_lip55_x,right_lip55_y,lip_center_lower58_x,lip_center_lower58_y,trans_x,trans_y,trans_z,rot_x,rot_y,rot_z
0,0,0.6324005126953409,0.03253173828127842,-1.0845489501953125,0.8930206298828125,-2.236988067626946,-1.2569427490234943,-1.832611083984375,-1.5496826171875,2.3508758544921875,2.6656341552734375,0.8960266113280966,3.9932250976562784,1.256690979003892,-1.089599609375,1.978996276855483,-2.250732421875,3.0687637329101705,1.1774024963378906,-0.19064879417419434,-11.867944717407223,-5.026664733886719,-2.8326377868652273,1.821880578994751,10.024032592773423,-0.003090988873736933,0.0026281028985977242,0.0026281028985977242,-3.655237535094338,5.090009850467724,0.21363039234972092
