,Unnamed: 0,left_eyebrow_18x,left_eyebrow_18y,left_eyebrow_20x,left_eyebrow_20y,left_eyebrow_22x,left_eyebrow_22y,right_eyebrow_23x,right_eyebrow_23y,right_eyebrow_25x,right_eyebrow_25y,right_eyebrow_27x,right_eyebrow_27y,left_eye38_x,left_eye38_y,right_eye45_x,right_eye45_y,left_lip49_x,left_lip49_y,lip_center_upper52_x,lip_center_upper52_y,right_lip55_x,right_lip55_y,lip_center_lower58_x,lip_center_lower58_y,trans_x,trans_y,trans_z,rot_x,rot_y,rot_z
0,0,4.477737426757784,-1.625228881835909,-0.5063781738280966,4.8192138671875,-2.4190711975097656,-8.456939697265653,2.967121124267578,-3.3705444335937216,-0.6769256591796875,3.7891540527344034,-2.9840850830077557,-1.0909729003905966,3.3598403930664062,4.891754150390597,-1.4874038696289062,7.7506256103515625,-3.8011703491210795,-8.392936706542969,0.30521154403686523,-3.9854736328125,6.369682312011719,-9.750648498535156,3.1993639469146733,15.445327758789062,0.00022876542061567393,-0.0021417103707790375,-0.0021417103707790375,-1.2996357803378076,-3.3112475860952646,-2.0275597722250303
