,Unnamed: 0,left_eyebrow_18x,left_eyebrow_18y,left_eyebrow_20x,left_eyebrow_20y,left_eyebrow_22x,left_eyebrow_22y,right_eyebrow_23x,right_eyebrow_23y,right_eyebrow_25x,right_eyebrow_25y,right_eyebrow_27x,right_eyebrow_27y,left_eye38_x,left_eye38_y,right_eye45_x,right_eye45_y,left_lip49_x,left_lip49_y,lip_center_upper52_x,lip_center_upper52_y,right_lip55_x,right_lip55_y,lip_center_lower58_x,lip_center_lower58_y,trans_x,trans_y,trans_z,rot_x,rot_y,rot_z
0,0,0.724334716796875,-8.553253173828097,9.580291748046875,13.524246215820312,8.04238510131836,12.29595947265625,22.64356231689451,12.730575561523466,0.18484497070315342,2.4448089599609375,-13.022369384765625,-25.402069091796875,-0.0059051513671875,2.819259643554659,-17.406715393066406,1.2449493408203693,-9.857063293457017,-20.489757537841804,20.916507124900818,15.25259971618652,-2.2948379516601705,2.8341217041015696,17.83836150169373,20.883811950683594,0.0012081378954462707,-0.041915442794561386,-0.041915442794561386,7.452927751847586,-32.34024251798816,1.2666051274132661
