,Unnamed: 0,left_eyebrow_18x,left_eyebrow_18y,left_eyebrow_20x,left_eyebrow_20y,left_eyebrow_22x,left_eyebrow_22y,right_eyebrow_23x,right_eyebrow_23y,right_eyebrow_25x,right_eyebrow_25y,right_eyebrow_27x,right_eyebrow_27y,left_eye38_x,left_eye38_y,right_eye45_x,right_eye45_y,left_lip49_x,left_lip49_y,lip_center_upper52_x,lip_center_upper52_y,right_lip55_x,right_lip55_y,lip_center_lower58_x,lip_center_lower58_y,trans_x,trans_y,trans_z,rot_x,rot_y,rot_z
0,0,-4.1106719970703125,-2.4723052978515057,19.981048583984375,14.729446411132784,34.407286643981934,10.418472290039062,38.5838394165039,11.509323120117188,-4.427185058593722,3.13494873046875,-41.78120422363284,-34.52659606933594,1.5181503295898438,4.446563720703097,-27.726470947265625,3.336074829101591,-18.82302093505858,-21.836021423339844,37.266881346702576,16.290861129760746,-21.370376586914077,16.333911895751953,22.745420217514038,17.73574829101564,-0.01941984426230192,-0.042153213173151016,-0.042153213173151016,6.331759679894313,-45.73230452896279,-0.395439457679288
