,Unnamed: 0,left_eyebrow_18x,left_eyebrow_18y,left_eyebrow_20x,left_eyebrow_20y,left_eyebrow_22x,left_eyebrow_22y,right_eyebrow_23x,right_eyebrow_23y,right_eyebrow_25x,right_eyebrow_25y,right_eyebrow_27x,right_eyebrow_27y,left_eye38_x,left_eye38_y,right_eye45_x,right_eye45_y,left_lip49_x,left_lip49_y,lip_center_upper52_x,lip_center_upper52_y,right_lip55_x,right_lip55_y,lip_center_lower58_x,lip_center_lower58_y,trans_x,trans_y,trans_z,rot_x,rot_y,rot_z
0,0,2.555786132812557,3.2046051025390625,-3.6542053222656534,-0.0879974365234375,-5.475238800048828,-5.2193756103515625,4.390403747558594,-6.478500366210966,2.1541137695312784,2.0684509277343466,-2.9279327392578125,6.937683105468807,0.8155975341796875,2.6045074462890625,1.427581787109375,1.60174560546875,3.9659576416015767,-1.5984535217285227,-2.7170498967170715,-16.157154083251953,1.2620391845703125,-3.272216796875,-1.4075665473937995,8.906745910644545,-0.003839481214527041,0.0016695111989974906,0.0016695111989974906,-3.351664086657933,6.5275953241461355,0.5245633042764086
