,Unnamed: 0,left_eyebrow_18x,left_eyebrow_18y,left_eyebrow_20x,left_eyebrow_20y,left_eyebrow_22x,left_eyebrow_22y,right_eyebrow_23x,right_eyebrow_23y,right_eyebrow_25x,right_eyebrow_25y,right_eyebrow_27x,right_eyebrow_27y,left_eye38_x,left_eye38_y,right_eye45_x,right_eye45_y,left_lip49_x,left_lip49_y,lip_center_upper52_x,lip_center_upper52_y,right_lip55_x,right_lip55_y,lip_center_lower58_x,lip_center_lower58_y,trans_x,trans_y,trans_z,rot_x,rot_y,rot_z
0,0,-1.8365478515625,10.038619995117188,-2.92822265625,8.936309814453125,3.3750457763671875,-3.419708251953125,17.242576599121094,-5.828018188476591,4.4378662109375,-1.1779479980468466,-13.642837524414062,-6.510803222656222,-4.179046630859375,4.808380126953125,-3.6221694946289062,5.4725341796875,-4.588287353515611,-18.00759506225586,18.902329146862026,-16.130233764648438,-9.746757507324219,10.455047607421875,11.305377006530763,10.296302795410142,-0.0034589290735311806,-0.012364566326141364,-0.012364566326141364,-2.872341395192744,-29.543135429160024,1.787813057028754
