,Unnamed: 0,left_eyebrow_18x,left_eyebrow_18y,left_eyebrow_20x,left_eyebrow_20y,left_eyebrow_22x,left_eyebrow_22y,right_eyebrow_23x,right_eyebrow_23y,right_eyebrow_25x,right_eyebrow_25y,right_eyebrow_27x,right_eyebrow_27y,left_eye38_x,left_eye38_y,right_eye45_x,right_eye45_y,left_lip49_x,left_lip49_y,lip_center_upper52_x,lip_center_upper52_y,right_lip55_x,right_lip55_y,lip_center_lower58_x,lip_center_lower58_y,trans_x,trans_y,trans_z,rot_x,rot_y,rot_z
0,0,-7.069320678710966,9.619338989257812,4.002365112304702,15.926300048828125,29.02388858795166,3.7439422607421875,20.879356384277344,6.072952270507841,-0.9549560546874716,0.3593902587890909,-29.519073486328125,-24.068878173828125,-0.6674652099609233,-2.308380126953125,-14.395248413085938,-4.0457611083984375,-4.523475646972642,-24.288352966308594,48.04612922668457,4.39206504821777,-25.936630249023438,11.6503677368164,15.301887214183807,26.72718048095703,-0.017746660625562072,-0.01330343633890152,-0.01330343633890152,1.4582511611421074,-44.19409405927847,-3.870753392235307
