,Unnamed: 0,left_eyebrow_18x,left_eyebrow_18y,left_eyebrow_20x,left_eyebrow_20y,left_eyebrow_22x,left_eyebrow_22y,right_eyebrow_23x,right_eyebrow_23y,right_eyebrow_25x,right_eyebrow_25y,right_eyebrow_27x,right_eyebrow_27y,left_eye38_x,left_eye38_y,right_eye45_x,right_eye45_y,left_lip49_x,left_lip49_y,lip_center_upper52_x,lip_center_upper52_y,right_lip55_x,right_lip55_y,lip_center_lower58_x,lip_center_lower58_y,trans_x,trans_y,trans_z,rot_x,rot_y,rot_z
0,0,-1.1403503417969034,3.6085968017578125,-0.43244171142575283,6.5883026123046875,-1.0550003051757741,2.8907012939453125,0.14350128173828125,3.1316070556640625,1.58203125,4.111022949218778,-0.5372619628906534,2.7043914794921875,1.6368713378906392,-6.027313232421847,0.7449645996093608,-6.322601318359347,7.184829711914077,-1.557331085205071,-1.5943274497985844,-11.682145118713382,-3.9823532104492188,0.22589874267577414,-5.106274425983429,14.688400268554688,-0.006887990748509765,-0.005710765719413757,-0.005710765719413757,-0.6180341660183982,5.778237115682339,-1.4981316139784717
