,Unnamed: 0,left_eyebrow_18x,left_eyebrow_18y,left_eyebrow_20x,left_eyebrow_20y,left_eyebrow_22x,left_eyebrow_22y,right_eyebrow_23x,right_eyebrow_23y,right_eyebrow_25x,right_eyebrow_25y,right_eyebrow_27x,right_eyebrow_27y,left_eye38_x,left_eye38_y,right_eye45_x,right_eye45_y,left_lip49_x,left_lip49_y,lip_center_upper52_x,lip_center_upper52_y,right_lip55_x,right_lip55_y,lip_center_lower58_x,lip_center_lower58_y,trans_x,trans_y,trans_z,rot_x,rot_y,rot_z
0,0,-1.7105712890625,8.132369995117188,-2.4779510498046875,-0.595489501953125,2.1721572875976562,-5.4838104248046875,15.425506591796875,-7.3419189453125,10.409469604492159,-8.343322753906278,-6.855819702148409,-4.669082641601591,-2.3015365600585938,1.337966918945341,-6.071662902832017,-0.623260498046875,-8.850570678710952,-16.35658264160157,19.15345621109009,-16.70953941345215,-9.649528503417969,6.997776031494148,13.897385597229004,19.146156311035142,-0.0016459403559565548,-0.03614481911063194,-0.03614481911063194,-10.687558875862287,-28.201258966081213,2.249198064797116
