,Unnamed: 0,left_eyebrow_18x,left_eyebrow_18y,left_eyebrow_20x,left_eyebrow_20y,left_eyebrow_22x,left_eyebrow_22y,right_eyebrow_23x,right_eyebrow_23y,right_eyebrow_25x,right_eyebrow_25y,right_eyebrow_27x,right_eyebrow_27y,left_eye38_x,left_eye38_y,right_eye45_x,right_eye45_y,left_lip49_x,left_lip49_y,lip_center_upper52_x,lip_center_upper52_y,right_lip55_x,right_lip55_y,lip_center_lower58_x,lip_center_lower58_y,trans_x,trans_y,trans_z,rot_x,rot_y,rot_z
0,0,3.6454315185546875,-5.005554199218778,1.3276748657226705,5.4352264404296875,-5.545902252197266,7.45452880859375,6.32228088378907,7.7054901123046875,-0.0401458740234375,5.881118774414091,-2.268951416015625,-5.90081787109375,1.0252532958984375,-6.1533966064453125,-1.89398193359375,-4.7506103515625,3.2427139282226562,-1.8608360290527344,-0.8127095699310307,-0.2126007080078196,-3.4468917846679688,-3.0444602966308594,2.2550849914550795,15.078140258789062,-0.00013779755681753159,-0.002193715423345566,-0.002193715423345566,6.565745908051894,-1.5795271590193907,-1.8974574327930342
