,Unnamed: 0,left_eyebrow_18x,left_eyebrow_18y,left_eyebrow_20x,left_eyebrow_20y,left_eyebrow_22x,left_eyebrow_22y,right_eyebrow_23x,right_eyebrow_23y,right_eyebrow_25x,right_eyebrow_25y,right_eyebrow_27x,right_eyebrow_27y,left_eye38_x,left_eye38_y,right_eye45_x,right_eye45_y,left_lip49_x,left_lip49_y,lip_center_upper52_x,lip_center_upper52_y,right_lip55_x,right_lip55_y,lip_center_lower58_x,lip_center_lower58_y,trans_x,trans_y,trans_z,rot_x,rot_y,rot_z
0,0,-0.7551116943359091,1.187347412109375,4.372406005859389,8.541168212890625,6.734722137451172,9.867828369140625,18.185089111328132,10.912109375,0.755828857421875,2.0885467529296875,-12.223281860351562,-18.881011962890625,-0.37284088134767046,-6.7595977783203125,-8.286369323730469,-5.438018798828125,-4.785804748535156,-14.40945053100586,13.341871976852417,2.852451324462887,-11.036407470703125,9.46817398071289,13.822622776031494,17.019363403320312,-0.013806312577798963,-0.02589358761906624,-0.02589358761906624,1.1070701359361825,-21.87149696963483,-1.8719137060707776
