,Unnamed: 0,left_eyebrow_18x,left_eyebrow_18y,left_eyebrow_20x,left_eyebrow_20y,left_eyebrow_22x,left_eyebrow_22y,right_eyebrow_23x,right_eyebrow_23y,right_eyebrow_25x,right_eyebrow_25y,right_eyebrow_27x,right_eyebrow_27y,left_eye38_x,left_eye38_y,right_eye45_x,right_eye45_y,left_lip49_x,left_lip49_y,lip_center_upper52_x,lip_center_upper52_y,right_lip55_x,right_lip55_y,lip_center_lower58_x,lip_center_lower58_y,trans_x,trans_y,trans_z,rot_x,rot_y,rot_z
0,0,1.7146759033203125,-0.8952941894531534,2.7551040649414062,-2.685791015625,2.2501182556152344,-2.626205444335966,15.331859588623054,2.624252319335966,-1.285919189453125,-2.349899291992216,-16.55908203125,-18.979660034179716,-1.6876220703125,4.547576904296875,-4.695228576660156,3.9027252197265625,-17.31040954589845,-21.969425201416016,15.802591387182474,-11.30705451965332,-4.256095886230469,4.909847259521484,11.385432243347168,23.334632873535156,0.004079133737832308,-0.018060475587844835,-0.018060475587844835,1.1178962013267115,-36.791595632222034,2.017190604178275
