,Unnamed: 0,left_eyebrow_18x,left_eyebrow_18y,left_eyebrow_20x,left_eyebrow_20y,left_eyebrow_22x,left_eyebrow_22y,right_eyebrow_23x,right_eyebrow_23y,right_eyebrow_25x,right_eyebrow_25y,right_eyebrow_27x,right_eyebrow_27y,left_eye38_x,left_eye38_y,right_eye45_x,right_eye45_y,left_lip49_x,left_lip49_y,lip_center_upper52_x,lip_center_upper52_y,right_lip55_x,right_lip55_y,lip_center_lower58_x,lip_center_lower58_y,trans_x,trans_y,trans_z,rot_x,rot_y,rot_z
0,0,2.9931640625,2.1040496826171875,1.235214233398409,-2.252227783203125,0.969482421875,-5.9275360107421875,22.69257736206056,-1.5882568359375,4.147369384765597,-7.524353027343778,-18.82171630859378,-17.901214599609347,-2.2249221801757812,4.6403961181640625,-5.463516235351548,6.4874267578125,-18.545684814453125,-20.03985595703125,19.146280352026228,-9.01176834106445,-3.7934494018554688,8.840686798095703,14.375958442687988,15.520774841308594,0.00552891509141773,-0.016699209809303284,-0.016699209809303284,-2.031002970979041,-38.453050768508874,1.8179649789100227
