,Unnamed: 0,left_eyebrow_18x,left_eyebrow_18y,left_eyebrow_20x,left_eyebrow_20y,left_eyebrow_22x,left_eyebrow_22y,right_eyebrow_23x,right_eyebrow_23y,right_eyebrow_25x,right_eyebrow_25y,right_eyebrow_27x,right_eyebrow_27y,left_eye38_x,left_eye38_y,right_eye45_x,right_eye45_y,left_lip49_x,left_lip49_y,lip_center_upper52_x,lip_center_upper52_y,right_lip55_x,right_lip55_y,lip_center_lower58_x,lip_center_lower58_y,trans_x,trans_y,trans_z,rot_x,rot_y,rot_z
0,0,4.355148315429659,-3.549758911132784,-0.07979583740234375,7.3856201171875,-3.2635536193847656,3.417388916015625,3.1579818725585866,2.6891479492187784,-3.67364501953125,9.799606323242188,-3.8477783203125,-2.280059814453182,-2.856781005859375,1.0435943603515625,-0.993621826171875,0.2881317138671875,2.882301330566392,-9.123687744140625,4.536077499389648,-18.11047172546387,-0.8695220947265625,-9.904518127441406,1.2344800233840942,37.3970184326172,0.011977798538282514,-0.017688177525997155,-0.017688177525997155,-0.20162766743693794,-14.892532638443472,-0.4178860606898789
