,Unnamed: 0,left_eyebrow_18x,left_eyebrow_18y,left_eyebrow_20x,left_eyebrow_20y,left_eyebrow_22x,left_eyebrow_22y,right_eyebrow_23x,right_eyebrow_23y,right_eyebrow_25x,right_eyebrow_25y,right_eyebrow_27x,right_eyebrow_27y,left_eye38_x,left_eye38_y,right_eye45_x,right_eye45_y,left_lip49_x,left_lip49_y,lip_center_upper52_x,lip_center_upper52_y,right_lip55_x,right_lip55_y,lip_center_lower58_x,lip_center_lower58_y,trans_x,trans_y,trans_z,rot_x,rot_y,rot_z
0,0,-14.351654052734375,8.364624023437528,6.068572998046903,-1.8381347656250284,43.29276633262634,-11.16021728515625,38.076236724853516,-12.117324829101591,-5.416442871093778,-6.631744384765625,-63.893844604492216,-16.226776123046903,7.653236389160156,13.335693359375,-22.54718780517578,12.296203613281222,-1.4075241088867188,-7.480110168457031,49.08126080036163,-5.401248931884766,-30.959629058837905,14.819114685058594,21.221231371164322,11.053596496582017,-0.02310067065991461,0.0005015097558498313,0.0005015097558498313,2.3638274235205943,-45.50499333236752,-2.3429170570195623
