,Unnamed: 0,left_eyebrow_18x,left_eyebrow_18y,left_eyebrow_20x,left_eyebrow_20y,left_eyebrow_22x,left_eyebrow_22y,right_eyebrow_23x,right_eyebrow_23y,right_eyebrow_25x,right_eyebrow_25y,right_eyebrow_27x,right_eyebrow_27y,left_eye38_x,left_eye38_y,right_eye45_x,right_eye45_y,left_lip49_x,left_lip49_y,lip_center_upper52_x,lip_center_upper52_y,right_lip55_x,right_lip55_y,lip_center_lower58_x,lip_center_lower58_y,trans_x,trans_y,trans_z,rot_x,rot_y,rot_z
0,0,-1.499176025390625,5.813796997070284,-1.095184326171875,4.880889892578125,3.4950332641601562,-4.5578460693359375,8.765823364257812,-7.598037719726591,4.714958190917983,-8.698013305664091,-4.4411773681640625,-5.6864013671875,-1.2781829833984375,5.438446044921847,-8.050537109375,3.629791259765625,-2.752685546875,-11.643535614013672,17.38456153869629,-16.798267364501946,-5.7846527099609375,9.120765686035156,13.04990482330322,12.727577209472656,-0.006827661047282163,-0.012410599738359451,-0.012410599738359451,-5.23542070965653,-25.85600445912079,2.5106221176367187
