,Unnamed: 0,left_eyebrow_18x,left_eyebrow_18y,left_eyebrow_20x,left_eyebrow_20y,left_eyebrow_22x,left_eyebrow_22y,right_eyebrow_23x,right_eyebrow_23y,right_eyebrow_25x,right_eyebrow_25y,right_eyebrow_27x,right_eyebrow_27y,left_eye38_x,left_eye38_y,right_eye45_x,right_eye45_y,left_lip49_x,left_lip49_y,lip_center_upper52_x,lip_center_upper52_y,right_lip55_x,right_lip55_y,lip_center_lower58_x,lip_center_lower58_y,trans_x,trans_y,trans_z,rot_x,rot_y,rot_z
0,0,3.460922241210909,-2.255386352539091,1.2513885498046875,-2.1541900634765625,-1.9514884948730469,-0.479156494140625,3.9456710815429688,-0.0594329833984375,0.6092071533203409,-0.915252685546875,-2.833923339843693,-1.8563232421875284,0.07903289794921875,-1.0978546142578125,-0.6211471557617188,-0.9760894775390625,1.29290771484375,-1.5857162475586009,-0.7555994987487793,-8.369775772094723,-0.25443267822264204,-3.9871406555175852,-0.7873179912567143,12.297615051269531,0.001677301712334156,-0.012020480586215854,-0.012020480586215854,-0.9144458331724885,-3.3734653622952715,-0.24447776976838287
