,Unnamed: 0,left_eyebrow_18x,left_eyebrow_18y,left_eyebrow_20x,left_eyebrow_20y,left_eyebrow_22x,left_eyebrow_22y,right_eyebrow_23x,right_eyebrow_23y,right_eyebrow_25x,right_eyebrow_25y,right_eyebrow_27x,right_eyebrow_27y,left_eye38_x,left_eye38_y,right_eye45_x,right_eye45_y,left_lip49_x,left_lip49_y,lip_center_upper52_x,lip_center_upper52_y,right_lip55_x,right_lip55_y,lip_center_lower58_x,lip_center_lower58_y,trans_x,trans_y,trans_z,rot_x,rot_y,rot_z
0,0,-8.895889282226562,6.239044189453153,8.457542419433608,3.354568481445341,30.01737880706787,-3.8587799072265625,35.06584930419922,1.319656372070284,-3.6809539794921733,1.8638305664062784,-44.09222412109372,-23.970138549804688,6.115882873535156,2.73431396484375,-20.73898315429689,5.586761474609375,5.8580322265625,-9.158367156982429,55.9261794090271,2.0374965667724645,-33.08805847167969,7.550498962402337,29.316921710968025,21.01709747314453,-0.03353781113401055,-0.013897421536967158,-0.013897421536967158,1.8240089685154839,-41.7944447573384,-3.289298243839947
