,Unnamed: 0,left_eyebrow_18x,left_eyebrow_18y,left_eyebrow_20x,left_eyebrow_20y,left_eyebrow_22x,left_eyebrow_22y,right_eyebrow_23x,right_eyebrow_23y,right_eyebrow_25x,right_eyebrow_25y,right_eyebrow_27x,right_eyebrow_27y,left_eye38_x,left_eye38_y,right_eye45_x,right_eye45_y,left_lip49_x,left_lip49_y,lip_center_upper52_x,lip_center_upper52_y,right_lip55_x,right_lip55_y,lip_center_lower58_x,lip_center_lower58_y,trans_x,trans_y,trans_z,rot_x,rot_y,rot_z
0,0,-2.2795867919921875,8.097793579101534,-4.220748901367159,0.5368804931640625,9.277164459228516,-8.203125,13.361465454101562,-6.730117797851591,2.530441284179659,-11.52618408203125,-14.658538818359403,-9.0074462890625,-4.832489013671889,8.074661254882812,-5.4391632080078125,6.649154663085909,-1.8223037719726562,-12.633480072021484,21.865373730659485,-10.553585052490234,-5.4319534301757955,9.786819458007812,17.102544695138928,17.36129760742186,-0.001075224136002362,-0.015580836683511741,-0.015580836683511741,-1.0810964237530913,-31.440264379387628,1.1769267143445714
