,Unnamed: 0,left_eyebrow_18x,left_eyebrow_18y,left_eyebrow_20x,left_eyebrow_20y,left_eyebrow_22x,left_eyebrow_22y,right_eyebrow_23x,right_eyebrow_23y,right_eyebrow_25x,right_eyebrow_25y,right_eyebrow_27x,right_eyebrow_27y,left_eye38_x,left_eye38_y,right_eye45_x,right_eye45_y,left_lip49_x,left_lip49_y,lip_center_upper52_x,lip_center_upper52_y,right_lip55_x,right_lip55_y,lip_center_lower58_x,lip_center_lower58_y,trans_x,trans_y,trans_z,rot_x,rot_y,rot_z
0,0,-3.980972290039091,7.353759765625,-6.4394683837890625,-1.266082763671875,-1.6610145568847656,-6.952606201171903,2.1062660217285156,-5.188201904296875,3.8915786743164062,1.600189208984375,0.9265441894530966,6.85662841796875,2.380157470703139,0.33905029296875,-0.4019622802734233,-0.6767730712890625,5.240402221679673,-7.941551208496101,1.0977914333343501,-13.297835350036621,-3.457847595214858,-4.822978973388679,1.048141837120056,14.153526306152344,-0.003439108026213944,-0.012485630810260759,-0.012485630810260759,-4.941639456686491,2.8193514211394195,-2.8287143693426455
