,Unnamed: 0,left_eyebrow_18x,left_eyebrow_18y,left_eyebrow_20x,left_eyebrow_20y,left_eyebrow_22x,left_eyebrow_22y,right_eyebrow_23x,right_eyebrow_23y,right_eyebrow_25x,right_eyebrow_25y,right_eyebrow_27x,right_eyebrow_27y,left_eye38_x,left_eye38_y,right_eye45_x,right_eye45_y,left_lip49_x,left_lip49_y,lip_center_upper52_x,lip_center_upper52_y,right_lip55_x,right_lip55_y,lip_center_lower58_x,lip_center_lower58_y,trans_x,trans_y,trans_z,rot_x,rot_y,rot_z
0,0,-0.805267333984375,9.402267456054659,-2.3232650756835938,4.662918090820284,0.4805564880371094,-2.84527587890625,13.793292999267578,-3.9805908203125284,1.9071273803711222,-4.176452636718722,-10.443191528320312,-3.625457763671875,-2.6925582885741903,-2.6417694091796875,-5.655441284179673,-2.7584228515625,-1.1702651977539062,-15.778541564941413,13.808358520269396,-15.276718616485596,-2.8197402954101562,8.644939422607422,9.812384128570555,23.55432891845703,-0.012454716954380274,-0.02392716705799104,-0.02392716705799104,-7.695625466146259,-21.659973394816927,-1.1082652731173384
