,Unnamed: 0,left_eyebrow_18x,left_eyebrow_18y,left_eyebrow_20x,left_eyebrow_20y,left_eyebrow_22x,left_eyebrow_22y,right_eyebrow_23x,right_eyebrow_23y,right_eyebrow_25x,right_eyebrow_25y,right_eyebrow_27x,right_eyebrow_27y,left_eye38_x,left_eye38_y,right_eye45_x,right_eye45_y,left_lip49_x,left_lip49_y,lip_center_upper52_x,lip_center_upper52_y,right_lip55_x,right_lip55_y,lip_center_lower58_x,lip_center_lower58_y,trans_x,trans_y,trans_z,rot_x,rot_y,rot_z
0,0,4.1874847412109375,-4.730331420898409,1.8554000854491903,-2.7017822265625,-4.285015106201172,-0.631072998046875,4.7476654052734375,-1.029693603515625,-0.059234619140625,-6.054656982421875,-3.480682373046875,-6.271774291992131,-1.208045959472642,5.7861480712890625,0.2511596679687642,5.5271453857421875,-4.981193542480469,-0.8352012634277344,2.3337574005126953,-14.221210479736328,1.2221145629882812,-1.4982490539550781,2.0872698426246643,10.79463958740233,0.001975102117285133,0.0015069395303726127,0.0015069395303726127,-4.096198222353924,-2.137197310551537,0.5151385277945086
