,Unnamed: 0,left_eyebrow_18x,left_eyebrow_18y,left_eyebrow_20x,left_eyebrow_20y,left_eyebrow_22x,left_eyebrow_22y,right_eyebrow_23x,right_eyebrow_23y,right_eyebrow_25x,right_eyebrow_25y,right_eyebrow_27x,right_eyebrow_27y,left_eye38_x,left_eye38_y,right_eye45_x,right_eye45_y,left_lip49_x,left_lip49_y,lip_center_upper52_x,lip_center_upper52_y,right_lip55_x,right_lip55_y,lip_center_lower58_x,lip_center_lower58_y,trans_x,trans_y,trans_z,rot_x,rot_y,rot_z
0,0,1.7863311767578125,2.809600830078125,0.7413177490234091,9.026565551757784,2.025592803955078,-0.9262542724609659,-2.657482147216804,-0.9758758544921875,-2.1383056640625,10.055892944335938,-2.91510009765625,1.0825958251953125,0.8047561645507812,0.3233184814453125,0.1509704589843608,0.3199462890625,4.519447326660156,-3.472705841064446,2.2359689995646477,-19.330415725708008,-2.296417236328125,-2.560993194580071,0.48001348972320534,24.83465576171875,0.0037142308428883566,-0.0020185858011245728,-0.0020185858011245728,1.097147926189817,-6.013414091396108,0.12639884917866173
