,Unnamed: 0,left_eyebrow_18x,left_eyebrow_18y,left_eyebrow_20x,left_eyebrow_20y,left_eyebrow_22x,left_eyebrow_22y,right_eyebrow_23x,right_eyebrow_23y,right_eyebrow_25x,right_eyebrow_25y,right_eyebrow_27x,right_eyebrow_27y,left_eye38_x,left_eye38_y,right_eye45_x,right_eye45_y,left_lip49_x,left_lip49_y,lip_center_upper52_x,lip_center_upper52_y,right_lip55_x,right_lip55_y,lip_center_lower58_x,lip_center_lower58_y,trans_x,trans_y,trans_z,rot_x,rot_y,rot_z
0,0,-5.254745483398466,15.182098388671875,-1.7845230102539347,8.666259765625,16.709335327148438,-3.341506958007841,27.402488708496094,-2.7658081054687784,2.4797286987304688,-2.8283081054687216,-29.615524291992188,-17.680999755859375,-3.641578674316392,-1.8787078857421875,-17.118583679199205,-1.57330322265625,-5.893638610839844,-28.026020050048828,38.769625037908554,-6.944064140319826,-15.589492797851562,12.879009246826172,22.263905048370358,29.13214874267578,-0.026070252526551485,-0.00741664320230484,-0.00741664320230484,-5.184422061985375,-40.9988763600495,-4.3298683360047
