,Unnamed: 0,left_eyebrow_18x,left_eyebrow_18y,left_eyebrow_20x,left_eyebrow_20y,left_eyebrow_22x,left_eyebrow_22y,right_eyebrow_23x,right_eyebrow_23y,right_eyebrow_25x,right_eyebrow_25y,right_eyebrow_27x,right_eyebrow_27y,left_eye38_x,left_eye38_y,right_eye45_x,right_eye45_y,left_lip49_x,left_lip49_y,lip_center_upper52_x,lip_center_upper52_y,right_lip55_x,right_lip55_y,lip_center_lower58_x,lip_center_lower58_y,trans_x,trans_y,trans_z,rot_x,rot_y,rot_z
0,0,1.421875,3.2840728759765625,1.6135559082030966,2.1410827636719034,4.85540771484375,-2.3243560791015625,14.987140655517578,-0.4340057373046875,-2.6453170776367188,-5.244918823242159,-17.17193603515625,-15.964935302734375,-2.9392013549804688,6.088958740234375,-2.534767150878892,7.5388641357421875,-11.054939270019531,-11.379528045654297,18.469088077545166,-11.406042098999023,-0.26160430908203125,12.17169189453125,14.139697134494781,13.608985900878906,-0.010496767470613124,-0.016115758568048477,-0.016115758568048477,-5.046905427007889,-25.37463143609932,0.6165617286918601
