,Unnamed: 0,left_eyebrow_18x,left_eyebrow_18y,left_eyebrow_20x,left_eyebrow_20y,left_eyebrow_22x,left_eyebrow_22y,right_eyebrow_23x,right_eyebrow_23y,right_eyebrow_25x,right_eyebrow_25y,right_eyebrow_27x,right_eyebrow_27y,left_eye38_x,left_eye38_y,right_eye45_x,right_eye45_y,left_lip49_x,left_lip49_y,lip_center_upper52_x,lip_center_upper52_y,right_lip55_x,right_lip55_y,lip_center_lower58_x,lip_center_lower58_y,trans_x,trans_y,trans_z,rot_x,rot_y,rot_z
0,0,-0.3399810791015625,5.6852264404296875,-4.028396606445341,4.740402221679659,-1.1382904052734375,-5.817977905273409,13.080612182617188,-5.873260498046875,2.400848388671875,-3.49835205078125,-12.076400756835938,-7.257568359375,-2.1755828857421733,3.8873138427734375,-1.1261062622070312,3.1881713867187216,-3.5388031005859375,-14.788562774658203,20.266960382461548,-15.334878921508789,-3.2677841186523438,2.7222633361816335,15.884735584259035,18.462059020996108,-0.003278834279626608,-0.003014113754034039,-0.003014113754034039,-3.9009476395009512,-28.53732396781337,1.2398586623940826
