,Unnamed: 0,left_eyebrow_18x,left_eyebrow_18y,left_eyebrow_20x,left_eyebrow_20y,left_eyebrow_22x,left_eyebrow_22y,right_eyebrow_23x,right_eyebrow_23y,right_eyebrow_25x,right_eyebrow_25y,right_eyebrow_27x,right_eyebrow_27y,left_eye38_x,left_eye38_y,right_eye45_x,right_eye45_y,left_lip49_x,left_lip49_y,lip_center_upper52_x,lip_center_upper52_y,right_lip55_x,right_lip55_y,lip_center_lower58_x,lip_center_lower58_y,trans_x,trans_y,trans_z,rot_x,rot_y,rot_z
0,0,-7.356109619140597,6.167129516601591,-5.616157531738281,6.567764282226506,13.767732620239258,0.5562286376953125,20.25482177734375,-1.4630279541015625,3.560943603515611,-4.126327514648409,-21.434768676757784,-23.37396240234378,-0.4566192626953125,7.768524169921875,-3.4592437744140483,4.800567626953125,-14.748298645019517,-25.094430923461914,30.032667636871338,-7.787206649780273,-20.237838745117188,8.077198028564453,20.608681797981262,26.0882110595703,-0.019551276927813888,-0.018692713230848312,-0.018692713230848312,-7.575452283147912,-37.71592793361972,0.03196779833893493
