,Unnamed: 0,left_eyebrow_18x,left_eyebrow_18y,left_eyebrow_20x,left_eyebrow_20y,left_eyebrow_22x,left_eyebrow_22y,right_eyebrow_23x,right_eyebrow_23y,right_eyebrow_25x,right_eyebrow_25y,right_eyebrow_27x,right_eyebrow_27y,left_eye38_x,left_eye38_y,right_eye45_x,right_eye45_y,left_lip49_x,left_lip49_y,lip_center_upper52_x,lip_center_upper52_y,right_lip55_x,right_lip55_y,lip_center_lower58_x,lip_center_lower58_y,trans_x,trans_y,trans_z,rot_x,rot_y,rot_z
0,0,-0.8798370361327841,6.9322967529296875,-1.997711181640625,-1.177947998046875,2.1252365112304688,-7.877349853515625,17.806442260742195,-6.9228515625,3.5702056884765625,-8.1959228515625,-10.80902099609375,-13.119354248046847,-4.5426101684570455,5.349517822265653,-4.459136962890625,5.9637908935546875,-4.6284332275390625,-21.16150665283203,14.716848492622374,-20.577917098999027,-9.546867370605469,2.6634178161621094,8.642914891242981,19.050277709960966,-0.0074291800847277045,0.03904882073402405,0.03904882073402405,-9.667234638978897,-23.440182849101646,0.6572124241733954
