,Unnamed: 0,left_eyebrow_18x,left_eyebrow_18y,left_eyebrow_20x,left_eyebrow_20y,left_eyebrow_22x,left_eyebrow_22y,right_eyebrow_23x,right_eyebrow_23y,right_eyebrow_25x,right_eyebrow_25y,right_eyebrow_27x,right_eyebrow_27y,left_eye38_x,left_eye38_y,right_eye45_x,right_eye45_y,left_lip49_x,left_lip49_y,lip_center_upper52_x,lip_center_upper52_y,right_lip55_x,right_lip55_y,lip_center_lower58_x,lip_center_lower58_y,trans_x,trans_y,trans_z,rot_x,rot_y,rot_z
0,0,-5.8969879150390625,12.085113525390597,0.15299224853515625,0.3387908935546591,19.281211853027344,-10.932769775390625,35.789852142333984,-11.074798583984403,10.663986206054688,-14.68505859375,-31.4517822265625,-21.210525512695284,-2.2946243286132812,6.699493408203182,-19.655197143554688,8.045120239257841,-9.384521484375,-27.9026927947998,40.29732429981232,-14.740325927734375,-15.207023620605469,14.05276107788086,21.018990635871887,21.356941223144545,-0.025012787780724462,0.05727880820631981,0.05727880820631981,-9.013369358190795,-39.36035489771316,-1.5920460108917036
