,Unnamed: 0,left_eyebrow_18x,left_eyebrow_18y,left_eyebrow_20x,left_eyebrow_20y,left_eyebrow_22x,left_eyebrow_22y,right_eyebrow_23x,right_eyebrow_23y,right_eyebrow_25x,right_eyebrow_25y,right_eyebrow_27x,right_eyebrow_27y,left_eye38_x,left_eye38_y,right_eye45_x,right_eye45_y,left_lip49_x,left_lip49_y,lip_center_upper52_x,lip_center_upper52_y,right_lip55_x,right_lip55_y,lip_center_lower58_x,lip_center_lower58_y,trans_x,trans_y,trans_z,rot_x,rot_y,rot_z
0,0,0.7800750732421875,1.6468353271484375,-2.871955871582003,-9.774826049804688,-4.5518951416015625,-10.16363525390625,5.6242828369140625,-9.019073486328153,3.63397216796875,-11.477111816406278,-0.7781982421875,1.3343811035156534,-2.385978698730483,4.119400024414091,-2.1816177368164062,3.667449951171875,2.0615615844726562,-7.434074401855469,0.5139875411987305,-21.110336303710938,-1.7304229736328125,-6.4849281311035085,0.12628781795501687,19.14951324462892,0.006586939678527414,0.04587471112608909,0.04587471112608909,-10.130936049922278,-3.1133798413150138,1.6914964713816953
