,Unnamed: 0,left_eyebrow_18x,left_eyebrow_18y,left_eyebrow_20x,left_eyebrow_20y,left_eyebrow_22x,left_eyebrow_22y,right_eyebrow_23x,right_eyebrow_23y,right_eyebrow_25x,right_eyebrow_25y,right_eyebrow_27x,right_eyebrow_27y,left_eye38_x,left_eye38_y,right_eye45_x,right_eye45_y,left_lip49_x,left_lip49_y,lip_center_upper52_x,lip_center_upper52_y,right_lip55_x,right_lip55_y,lip_center_lower58_x,lip_center_lower58_y,trans_x,trans_y,trans_z,rot_x,rot_y,rot_z
0,0,-0.8023223876953125,-1.409439086914034,-1.271759033203125,-1.3165130615234375,-1.1904640197753906,-3.3693542480469034,4.267677307128906,-3.9805145263671875,-2.9823913574218466,-7.615325927734375,-5.815902709960909,-6.527359008789034,-1.4533843994140625,5.406707763671875,-1.4878997802734375,5.8164520263671875,-1.6492385864257812,-11.992137908935547,2.93672576546669,-10.012418746948242,4.6439361572265625,-3.7999229431152344,4.46773362159729,8.421989440917955,0.010604631621390581,-0.00669503957033156,-0.00669503957033156,-2.2617813720893523,-8.62742968165526,2.3291333503631995
