,Unnamed: 0,left_eyebrow_18x,left_eyebrow_18y,left_eyebrow_20x,left_eyebrow_20y,left_eyebrow_22x,left_eyebrow_22y,right_eyebrow_23x,right_eyebrow_23y,right_eyebrow_25x,right_eyebrow_25y,right_eyebrow_27x,right_eyebrow_27y,left_eye38_x,left_eye38_y,right_eye45_x,right_eye45_y,left_lip49_x,left_lip49_y,lip_center_upper52_x,lip_center_upper52_y,right_lip55_x,right_lip55_y,lip_center_lower58_x,lip_center_lower58_y,trans_x,trans_y,trans_z,rot_x,rot_y,rot_z
0,0,-9.9892578125,8.398345947265653,2.44476318359375,5.75897216796875,24.643072128295906,-4.4232330322265625,28.41814422607422,-2.374771118164091,-3.013046264648409,-11.826766967773409,-36.66439819335935,-26.58795166015622,-2.1000213623046875,6.4012603759765625,-17.351150512695312,9.193893432617188,-7.000175476074219,-28.200363159179688,44.00763654708862,-5.927021026611328,-19.22681427001953,15.380325317382812,25.919358253479004,15.365814208984375,-0.007951366249471903,0.010330729186534882,0.010330729186534882,1.4164409930762205,-52.28202837459579,-0.5211945925158967
