,Unnamed: 0,left_eyebrow_18x,left_eyebrow_18y,left_eyebrow_20x,left_eyebrow_20y,left_eyebrow_22x,left_eyebrow_22y,right_eyebrow_23x,right_eyebrow_23y,right_eyebrow_25x,right_eyebrow_25y,right_eyebrow_27x,right_eyebrow_27y,left_eye38_x,left_eye38_y,right_eye45_x,right_eye45_y,left_lip49_x,left_lip49_y,lip_center_upper52_x,lip_center_upper52_y,right_lip55_x,right_lip55_y,lip_center_lower58_x,lip_center_lower58_y,trans_x,trans_y,trans_z,rot_x,rot_y,rot_z
0,0,-8.951675415039062,-2.2005004882812784,17.907936096191392,4.3043975830078125,39.55086004734039,-0.012100219726534078,34.12312316894531,6.021652221679716,-17.20714569091797,1.5360717773437216,-67.49555969238281,-38.04789733886719,8.912071228027344,8.82513427734375,-13.681083679199219,13.3028564453125,-9.790054321289077,-7.092166900634766,58.31792286410928,-4.881080627441406,-32.0210418701172,19.148624420166016,29.71024471521378,18.08767700195314,-0.03004190360661596,-0.005770448595285416,-0.005770448595285416,-7.745643565313069,-46.511022163650715,1.3421977173288322
