,Unnamed: 0,left_eyebrow_18x,left_eyebrow_18y,left_eyebrow_20x,left_eyebrow_20y,left_eyebrow_22x,left_eyebrow_22y,right_eyebrow_23x,right_eyebrow_23y,right_eyebrow_25x,right_eyebrow_25y,right_eyebrow_27x,right_eyebrow_27y,left_eye38_x,left_eye38_y,right_eye45_x,right_eye45_y,left_lip49_x,left_lip49_y,lip_center_upper52_x,lip_center_upper52_y,right_lip55_x,right_lip55_y,lip_center_lower58_x,lip_center_lower58_y,trans_x,trans_y,trans_z,rot_x,rot_y,rot_z
0,0,-1.1945953369140625,-3.1193695068359375,3.7306671142578125,5.01123046875,8.139591217041016,3.828018188476534,8.232746124267578,6.192749023437528,-7.602272033691406,-1.2960968017578125,-21.325485229492188,-22.519973754882812,-6.123291015625,8.397064208984375,2.1099777221679688,8.126190185546875,-3.4982986450195312,-11.804145812988274,22.761579785495993,-9.08150482177734,-6.810264587402344,14.361392974853516,16.71366649866104,16.068458557128892,0.004071550560183824,-0.021986626088619225,-0.021986626088619225,-7.596445972921726,-29.77670587207271,4.41853823436976
