,Unnamed: 0,left_eyebrow_18x,left_eyebrow_18y,left_eyebrow_20x,left_eyebrow_20y,left_eyebrow_22x,left_eyebrow_22y,right_eyebrow_23x,right_eyebrow_23y,right_eyebrow_25x,right_eyebrow_25y,right_eyebrow_27x,right_eyebrow_27y,left_eye38_x,left_eye38_y,right_eye45_x,right_eye45_y,left_lip49_x,left_lip49_y,lip_center_upper52_x,lip_center_upper52_y,right_lip55_x,right_lip55_y,lip_center_lower58_x,lip_center_lower58_y,trans_x,trans_y,trans_z,rot_x,rot_y,rot_z
0,0,2.3128814697265625,0.2923736572265625,-3.6278533935546875,1.00439453125,-9.835163116455078,-5.248016357421847,5.414943695068359,-5.0586395263671875,3.7432403564453125,0.0352783203125,-0.57183837890625,4.447113037109403,-2.2364959716797017,3.12060546875,-1.27581787109375,1.0623168945312216,6.352439880371094,-4.59423828125,2.9130138158798218,-16.52354621887207,1.5248794555664205,-7.216472625732422,5.285554647445679,16.386535644531264,0.0002138982526957991,0.01711925119161606,0.01711925119161606,-4.886252385271586,0.8647169733380421,1.4562307955373912
