,Unnamed: 0,left_eyebrow_18x,left_eyebrow_18y,left_eyebrow_20x,left_eyebrow_20y,left_eyebrow_22x,left_eyebrow_22y,right_eyebrow_23x,right_eyebrow_23y,right_eyebrow_25x,right_eyebrow_25y,right_eyebrow_27x,right_eyebrow_27y,left_eye38_x,left_eye38_y,right_eye45_x,right_eye45_y,left_lip49_x,left_lip49_y,lip_center_upper52_x,lip_center_upper52_y,right_lip55_x,right_lip55_y,lip_center_lower58_x,lip_center_lower58_y,trans_x,trans_y,trans_z,rot_x,rot_y,rot_z
0,0,-5.6634521484375,8.865081787109403,-2.4170532226562216,17.916549682617188,7.1298141479492045,-0.8390960693359375,12.4178466796875,-2.5773315429687216,-1.29718017578125,0.4660339355468466,-16.246597290039062,-14.983566284179659,-0.3382568359375,1.3997650146484375,-1.4450149536132812,2.9442596435546875,-11.0716552734375,-21.964866638183594,15.735815644264221,-21.70260238647461,-15.648872375488281,5.850669860839844,11.561631441116333,25.529281616210966,-0.015442657982930541,-0.0006959736347198486,-0.0006959736347198486,-3.0475590840146833,-25.012943038013255,1.2299112084633586
