,Unnamed: 0,left_eyebrow_18x,left_eyebrow_18y,left_eyebrow_20x,left_eyebrow_20y,left_eyebrow_22x,left_eyebrow_22y,right_eyebrow_23x,right_eyebrow_23y,right_eyebrow_25x,right_eyebrow_25y,right_eyebrow_27x,right_eyebrow_27y,left_eye38_x,left_eye38_y,right_eye45_x,right_eye45_y,left_lip49_x,left_lip49_y,lip_center_upper52_x,lip_center_upper52_y,right_lip55_x,right_lip55_y,lip_center_lower58_x,lip_center_lower58_y,trans_x,trans_y,trans_z,rot_x,rot_y,rot_z
0,0,3.084228515625,-5.795455932617159,2.035125732421875,1.3770446777343466,-5.228618621826172,4.945556640625028,8.600364685058594,5.29327392578125,-2.7257995605469176,-1.9879302978515625,-5.078155517578125,-8.432601928710938,-4.681549072265625,2.992645263671875,-2.8664016723632812,2.043548583984375,-0.6292800903320312,-7.328784942626953,3.064904749393463,-7.650409698486328,1.595977783203125,-1.4994354248046946,-0.11137366294860884,23.5865478515625,0.02166115865111351,-0.007345147430896766,-0.007345147430896766,4.658219187262248,-21.96762165713978,0.7165048964769452
