,Unnamed: 0,left_eyebrow_18x,left_eyebrow_18y,left_eyebrow_20x,left_eyebrow_20y,left_eyebrow_22x,left_eyebrow_22y,right_eyebrow_23x,right_eyebrow_23y,right_eyebrow_25x,right_eyebrow_25y,right_eyebrow_27x,right_eyebrow_27y,left_eye38_x,left_eye38_y,right_eye45_x,right_eye45_y,left_lip49_x,left_lip49_y,lip_center_upper52_x,lip_center_upper52_y,right_lip55_x,right_lip55_y,lip_center_lower58_x,lip_center_lower58_y,trans_x,trans_y,trans_z,rot_x,rot_y,rot_z
0,0,4.00189208984375,-3.2538452148437784,-0.89996337890625,-0.14373779296872158,-7.3577919006347585,-3.1780548095703125,8.551204681396484,-2.872909545898409,1.441650390625,0.836273193359375,-7.267395019531278,-3.883041381835909,-2.0684585571289062,8.580047607421875,0.7838058471679688,6.6162567138671875,3.3969573974609375,-3.6430625915527344,0.3216550350189209,-9.719057083129886,4.1935272216796875,-1.2814407348632812,-0.4917026162147522,14.838188171386719,-0.0006995366420596838,-0.0016285553574562073,-0.0016285553574562073,-3.2774050224547233,1.3166711637896942,-0.8332359769074219
