,Unnamed: 0,left_eyebrow_18x,left_eyebrow_18y,left_eyebrow_20x,left_eyebrow_20y,left_eyebrow_22x,left_eyebrow_22y,right_eyebrow_23x,right_eyebrow_23y,right_eyebrow_25x,right_eyebrow_25y,right_eyebrow_27x,right_eyebrow_27y,left_eye38_x,left_eye38_y,right_eye45_x,right_eye45_y,left_lip49_x,left_lip49_y,lip_center_upper52_x,lip_center_upper52_y,right_lip55_x,right_lip55_y,lip_center_lower58_x,lip_center_lower58_y,trans_x,trans_y,trans_z,rot_x,rot_y,rot_z
0,0,3.924560546875,-0.460113525390625,-5.19464111328125,-7.609710693359403,-9.442188262939453,-4.8988494873046875,6.858467102050781,-3.89459228515625,4.6121826171875,-6.446563720703125,-1.944366455078125,1.0645446777343466,1.5910186767578125,0.8030548095703125,-1.110321044921875,1.109344482421875,1.6355667114257812,-0.056278228759765625,-0.5339884161949158,-16.70294952392578,2.73529052734375,-2.1656265258789062,2.9817877113819122,19.620323181152344,0.0027264454402029506,-0.013678517192602158,-0.013678517192602158,-5.415807628719563,-2.3716264071064375,0.20215551993441494
