,Unnamed: 0,left_eyebrow_18x,left_eyebrow_18y,left_eyebrow_20x,left_eyebrow_20y,left_eyebrow_22x,left_eyebrow_22y,right_eyebrow_23x,right_eyebrow_23y,right_eyebrow_25x,right_eyebrow_25y,right_eyebrow_27x,right_eyebrow_27y,left_eye38_x,left_eye38_y,right_eye45_x,right_eye45_y,left_lip49_x,left_lip49_y,lip_center_upper52_x,lip_center_upper52_y,right_lip55_x,right_lip55_y,lip_center_lower58_x,lip_center_lower58_y,trans_x,trans_y,trans_z,rot_x,rot_y,rot_z
0,0,3.3332977294921875,3.75823974609375,3.9624557495117188,-0.2564697265625,2.546356201171882,-7.429458618164034,1.8395576477050781,-2.3577880859375284,-2.317291259765625,0.08531188964840908,-9.850387573242188,-6.268600463867216,-3.8734207153320455,6.2081756591796875,-0.01452636718748579,7.059478759765625,-6.006080627441392,-17.040966033935547,17.05109703540802,-12.079527854919434,0.5891952514648438,-0.025863647460930395,13.326042503118515,23.087974548339858,-0.013638167627505027,-0.0023812279105186462,-0.0023812279105186462,-4.601110904684758,-19.409995721835156,1.3675278068003036
