,Unnamed: 0,left_eyebrow_18x,left_eyebrow_18y,left_eyebrow_20x,left_eyebrow_20y,left_eyebrow_22x,left_eyebrow_22y,right_eyebrow_23x,right_eyebrow_23y,right_eyebrow_25x,right_eyebrow_25y,right_eyebrow_27x,right_eyebrow_27y,left_eye38_x,left_eye38_y,right_eye45_x,right_eye45_y,left_lip49_x,left_lip49_y,lip_center_upper52_x,lip_center_upper52_y,right_lip55_x,right_lip55_y,lip_center_lower58_x,lip_center_lower58_y,trans_x,trans_y,trans_z,rot_x,rot_y,rot_z
0,0,-5.430953979492216,5.681503295898409,7.5592422485351705,-9.57293701171875,25.704580307006836,-14.979583740234403,39.91980743408203,-12.660369873046875,-0.42547607421875,-11.771362304687528,-61.57818603515622,-17.956573486328097,3.136871337890625,6.779144287109375,-19.776222229003906,10.014434814453125,-0.8230514526367045,-7.790992736816413,50.32234025001526,2.9908828735351562,-23.80437469482422,8.661556243896477,27.881492733955383,8.31136322021483,-0.03760351263917983,0.007616546005010605,0.007616546005010605,-7.1568331350654155,-42.208556990422096,-5.719287104229164
