,Unnamed: 0,left_eyebrow_18x,left_eyebrow_18y,left_eyebrow_20x,left_eyebrow_20y,left_eyebrow_22x,left_eyebrow_22y,right_eyebrow_23x,right_eyebrow_23y,right_eyebrow_25x,right_eyebrow_25y,right_eyebrow_27x,right_eyebrow_27y,left_eye38_x,left_eye38_y,right_eye45_x,right_eye45_y,left_lip49_x,left_lip49_y,lip_center_upper52_x,lip_center_upper52_y,right_lip55_x,right_lip55_y,lip_center_lower58_x,lip_center_lower58_y,trans_x,trans_y,trans_z,rot_x,rot_y,rot_z
0,0,3.4993133544921875,4.779144287109375,-3.3178558349609375,0.8697052001952841,-2.5211105346679688,-5.713348388671903,17.887748718261726,-3.3766021728515625,5.257904052734375,-7.5317535400390625,-9.933212280273438,-8.623672485351562,-3.1065521240234375,2.214202880859375,-6.7579193115234375,2.963150024414091,-4.1586151123046875,-11.09521484375,17.41012740135193,-15.285829544067383,-8.428230285644531,8.13296890258789,17.861125022172928,19.747451782226562,-0.013336567673832178,-0.015388064086437225,-0.015388064086437225,-5.082341658428286,-28.574857820855076,0.05075827450952897
