,Unnamed: 0,left_eyebrow_18x,left_eyebrow_18y,left_eyebrow_20x,left_eyebrow_20y,left_eyebrow_22x,left_eyebrow_22y,right_eyebrow_23x,right_eyebrow_23y,right_eyebrow_25x,right_eyebrow_25y,right_eyebrow_27x,right_eyebrow_27y,left_eye38_x,left_eye38_y,right_eye45_x,right_eye45_y,left_lip49_x,left_lip49_y,lip_center_upper52_x,lip_center_upper52_y,right_lip55_x,right_lip55_y,lip_center_lower58_x,lip_center_lower58_y,trans_x,trans_y,trans_z,rot_x,rot_y,rot_z
0,0,7.138656616210909,1.9540100097655966,-5.332855224609375,-7.816650390625,-11.242351531982422,-14.116882324218807,6.868335723876953,-12.230072021484375,7.229202270507841,-5.888595581054716,-4.681640625,4.695404052734403,1.2537612915039062,4.68914794921875,-0.165740966796875,2.855743408203125,0.25128936767578125,1.4131584167480398,-0.8654084205627444,-8.339883804321289,3.5578384399414062,-4.366283416748054,1.420510683208704,-0.12157440185548296,9.519560262560844e-05,0.0038243457674980094,0.0038243457674980094,-8.476380868388986,-0.18081686690720256,-0.7071705663499535
