,Unnamed: 0,left_eyebrow_18x,left_eyebrow_18y,left_eyebrow_20x,left_eyebrow_20y,left_eyebrow_22x,left_eyebrow_22y,right_eyebrow_23x,right_eyebrow_23y,right_eyebrow_25x,right_eyebrow_25y,right_eyebrow_27x,right_eyebrow_27y,left_eye38_x,left_eye38_y,right_eye45_x,right_eye45_y,left_lip49_x,left_lip49_y,lip_center_upper52_x,lip_center_upper52_y,right_lip55_x,right_lip55_y,lip_center_lower58_x,lip_center_lower58_y,trans_x,trans_y,trans_z,rot_x,rot_y,rot_z
0,0,1.2126770019530682,0.2047271728515625,-0.7006988525390909,-0.2837982177734375,-1.4308242797851562,-1.5600891113280966,3.2667770385742188,-0.12530517578125,1.3340454101562784,1.1299591064453125,0.060577392578125,1.2183685302734375,-0.6967391967773438,-1.77667236328125,-1.0433273315429688,-2.8871459960937784,3.296127319335966,-2.803497314453132,-1.8561842441558838,-8.988313674926758,0.165618896484375,-3.9062461853027344,-1.2715176045894623,13.402305603027344,0.00022721046116203048,0.00359421968460083,0.00359421968460083,-0.7086541336826686,1.878391830674516,1.519548370738039
