,Unnamed: 0,left_eyebrow_18x,left_eyebrow_18y,left_eyebrow_20x,left_eyebrow_20y,left_eyebrow_22x,left_eyebrow_22y,right_eyebrow_23x,right_eyebrow_23y,right_eyebrow_25x,right_eyebrow_25y,right_eyebrow_27x,right_eyebrow_27y,left_eye38_x,left_eye38_y,right_eye45_x,right_eye45_y,left_lip49_x,left_lip49_y,lip_center_upper52_x,lip_center_upper52_y,right_lip55_x,right_lip55_y,lip_center_lower58_x,lip_center_lower58_y,trans_x,trans_y,trans_z,rot_x,rot_y,rot_z
0,0,-2.467849731445284,5.034317016601534,3.13934326171875,5.2137603759765625,19.679365158081055,-5.9173126220703125,34.71950912475586,-3.89703369140625,4.834678649902358,-5.470703125,-38.394882202148466,-24.115875244140597,-5.760322570800781,9.732635498046875,-11.187553405761719,8.23394775390625,0.11444854736329546,-18.01749038696289,47.02236020565033,7.570840835571289,-13.422927856445312,12.002098083496094,24.352190315723423,20.58100128173828,-0.025871112942695618,0.000734969973564148,0.000734969973564148,-1.528393824461845,-45.95110133811251,-5.634214804183943
