,Unnamed: 0,left_eyebrow_18x,left_eyebrow_18y,left_eyebrow_20x,left_eyebrow_20y,left_eyebrow_22x,left_eyebrow_22y,right_eyebrow_23x,right_eyebrow_23y,right_eyebrow_25x,right_eyebrow_25y,right_eyebrow_27x,right_eyebrow_27y,left_eye38_x,left_eye38_y,right_eye45_x,right_eye45_y,left_lip49_x,left_lip49_y,lip_center_upper52_x,lip_center_upper52_y,right_lip55_x,right_lip55_y,lip_center_lower58_x,lip_center_lower58_y,trans_x,trans_y,trans_z,rot_x,rot_y,rot_z
0,0,2.2848205566405966,6.965789794921847,-3.374160766601591,-4.868560791015625,0.4707183837890625,-13.447723388671903,16.034873962402344,-13.10198974609375,5.92626953125,-11.486877441406278,-18.9970703125,-9.695663452148409,-0.3799743652343608,4.181793212890625,-4.612213134765625,4.82305908203125,-7.491065979003906,-10.322078704833991,18.248632669448853,-5.566226959228516,3.559295654296875,8.194881439208977,13.354498982429504,4.522003173828111,-0.007971724728122354,0.0017333775758743356,0.0017333775758743356,-9.047765179305793,-28.389663341867763,-1.48982717373507
