,Unnamed: 0,left_eyebrow_18x,left_eyebrow_18y,left_eyebrow_20x,left_eyebrow_20y,left_eyebrow_22x,left_eyebrow_22y,right_eyebrow_23x,right_eyebrow_23y,right_eyebrow_25x,right_eyebrow_25y,right_eyebrow_27x,right_eyebrow_27y,left_eye38_x,left_eye38_y,right_eye45_x,right_eye45_y,left_lip49_x,left_lip49_y,lip_center_upper52_x,lip_center_upper52_y,right_lip55_x,right_lip55_y,lip_center_lower58_x,lip_center_lower58_y,trans_x,trans_y,trans_z,rot_x,rot_y,rot_z
0,0,-15.286834716796875,6.071655273437528,-4.4141006469726705,-1.89111328125,23.74448013305664,-3.4897003173828125,33.9687843322754,6.043304443359403,-10.162025451660156,-4.544128417968722,-43.191055297851534,-32.93321228027341,8.31488037109375,9.261184692382784,-12.97052001953125,12.499893188476562,-2.2212905883789062,-17.80828475952149,46.425373792648315,-12.541208267211914,-42.63521957397461,-0.2594413757324219,18.803363423794504,39.64836883544926,-0.02350534009747207,-0.0004046335816383362,-0.0004046335816383362,1.200860281242099,-48.75074205714503,-5.155531746537638
