,Unnamed: 0,left_eyebrow_18x,left_eyebrow_18y,left_eyebrow_20x,left_eyebrow_20y,left_eyebrow_22x,left_eyebrow_22y,right_eyebrow_23x,right_eyebrow_23y,right_eyebrow_25x,right_eyebrow_25y,right_eyebrow_27x,right_eyebrow_27y,left_eye38_x,left_eye38_y,right_eye45_x,right_eye45_y,left_lip49_x,left_lip49_y,lip_center_upper52_x,lip_center_upper52_y,right_lip55_x,right_lip55_y,lip_center_lower58_x,lip_center_lower58_y,trans_x,trans_y,trans_z,rot_x,rot_y,rot_z
0,0,-5.045822143554716,4.5936126708984375,-2.745697021484375,9.051361083984375,3.3705101013183594,4.2823944091796875,7.312042236328125,4.8240966796875,-0.37601470947265625,1.7457275390625284,-3.824981689453125,-8.07086181640625,-1.2801513671874716,-3.31744384765625,-5.52130126953125,-4.488311767578125,-0.9656600952148438,-16.265472412109375,12.330618500709534,-5.3458099365234375,-12.499015808105469,-0.10869598388671875,6.95479094982147,9.826988220214844,0.0018562693730928004,-0.0036088600754737715,-0.0036088600754737715,2.3820983618801748,-20.395049786474527,0.9433155545075373
