,Unnamed: 0,left_eyebrow_18x,left_eyebrow_18y,left_eyebrow_20x,left_eyebrow_20y,left_eyebrow_22x,left_eyebrow_22y,right_eyebrow_23x,right_eyebrow_23y,right_eyebrow_25x,right_eyebrow_25y,right_eyebrow_27x,right_eyebrow_27y,left_eye38_x,left_eye38_y,right_eye45_x,right_eye45_y,left_lip49_x,left_lip49_y,lip_center_upper52_x,lip_center_upper52_y,right_lip55_x,right_lip55_y,lip_center_lower58_x,lip_center_lower58_y,trans_x,trans_y,trans_z,rot_x,rot_y,rot_z
0,0,1.6390228271484375,-0.3506774902344034,1.002487182617216,-1.1784820556640057,-0.9130859375,-0.7906646728515625,0.5575714111328054,-4.382843017578125,0.2463226318359375,-3.042083740234375,-0.9160003662109091,1.753707885742216,-0.5310821533203125,2.9563446044921875,2.666473388671861,2.98773193359375,1.7444381713867188,-0.7660369873046875,-4.338525742292404,-17.026165008544922,-0.51666259765625,-3.917259216308601,-2.8900953531265268,19.385330200195312,-0.010194549162406476,-0.0013814494013786316,-0.0013814494013786316,-2.2497424144639995,14.296400214841643,2.90018480945096
