,Unnamed: 0,left_eyebrow_18x,left_eyebrow_18y,left_eyebrow_20x,left_eyebrow_20y,left_eyebrow_22x,left_eyebrow_22y,right_eyebrow_23x,right_eyebrow_23y,right_eyebrow_25x,right_eyebrow_25y,right_eyebrow_27x,right_eyebrow_27y,left_eye38_x,left_eye38_y,right_eye45_x,right_eye45_y,left_lip49_x,left_lip49_y,lip_center_upper52_x,lip_center_upper52_y,right_lip55_x,right_lip55_y,lip_center_lower58_x,lip_center_lower58_y,trans_x,trans_y,trans_z,rot_x,rot_y,rot_z
0,0,-1.04058837890625,5.2408294677734375,-5.032684326171875,-3.191177368164091,-1.9147987365722656,-6.807891845703125,21.210502624511726,-5.993560791015597,6.391487121582003,-10.484024047851534,-10.791061401367188,-15.742599487304688,-4.127326965332031,6.464248657226591,-2.4519500732421733,8.105026245117188,-10.7896728515625,-24.454452514648438,17.509751670062542,-28.396421670913693,-14.45156097412108,-0.46538543701171164,6.442161798477173,36.6125030517578,0.005744435358792543,-0.009328428655862815,-0.009328428655862815,-10.9145552644311,-28.96827588737574,1.2935172522667155
