,Unnamed: 0,left_eyebrow_18x,left_eyebrow_18y,left_eyebrow_20x,left_eyebrow_20y,left_eyebrow_22x,left_eyebrow_22y,right_eyebrow_23x,right_eyebrow_23y,right_eyebrow_25x,right_eyebrow_25y,right_eyebrow_27x,right_eyebrow_27y,left_eye38_x,left_eye38_y,right_eye45_x,right_eye45_y,left_lip49_x,left_lip49_y,lip_center_upper52_x,lip_center_upper52_y,right_lip55_x,right_lip55_y,lip_center_lower58_x,lip_center_lower58_y,trans_x,trans_y,trans_z,rot_x,rot_y,rot_z
0,0,-4.076248168945284,9.093841552734347,-4.350799560546875,6.010314941406222,4.018199920654297,-2.45135498046875,16.249420166015618,-5.718688964843778,7.217071533203153,-5.159957885742159,-8.63134765625,-7.650192260742159,-6.412269592285156,0.9918670654296875,-5.0641632080078125,1.5938873291015625,1.3912200927734233,-12.703567504882812,14.714320063591003,-18.434085845947273,-12.459571838378906,12.837886810302741,13.170801401138306,15.323112487792969,0.008707297034561634,-0.02335887402296067,-0.02335887402296067,-8.64206335058891,-30.666214575944284,-0.33075912074901276
