,Unnamed: 0,left_eyebrow_18x,left_eyebrow_18y,left_eyebrow_20x,left_eyebrow_20y,left_eyebrow_22x,left_eyebrow_22y,right_eyebrow_23x,right_eyebrow_23y,right_eyebrow_25x,right_eyebrow_25y,right_eyebrow_27x,right_eyebrow_27y,left_eye38_x,left_eye38_y,right_eye45_x,right_eye45_y,left_lip49_x,left_lip49_y,lip_center_upper52_x,lip_center_upper52_y,right_lip55_x,right_lip55_y,lip_center_lower58_x,lip_center_lower58_y,trans_x,trans_y,trans_z,rot_x,rot_y,rot_z
0,0,1.5086517333984375,-1.583786010742216,-1.6533508300780966,-1.42620849609375,-4.509342193603516,0.02630615234375,3.135814666748047,2.766433715820284,-1.447998046875,-0.5033721923827841,-1.579147338867216,-2.053085327148466,0.2128143310547017,-0.6256561279296875,-0.8449325561523295,0.36163330078125,-0.3361511230468608,-3.7149658203125,-1.2641146183013916,-2.6944046020507812,3.1511764526367188,-3.7216949462890696,1.7432233095169067,16.612144470214844,-0.003382632974535227,-0.009402003139257431,-0.009402003139257431,1.0145154339843174,3.3539563859740817,0.4948190805189504
