,Unnamed: 0,left_eyebrow_18x,left_eyebrow_18y,left_eyebrow_20x,left_eyebrow_20y,left_eyebrow_22x,left_eyebrow_22y,right_eyebrow_23x,right_eyebrow_23y,right_eyebrow_25x,right_eyebrow_25y,right_eyebrow_27x,right_eyebrow_27y,left_eye38_x,left_eye38_y,right_eye45_x,right_eye45_y,left_lip49_x,left_lip49_y,lip_center_upper52_x,lip_center_upper52_y,right_lip55_x,right_lip55_y,lip_center_lower58_x,lip_center_lower58_y,trans_x,trans_y,trans_z,rot_x,rot_y,rot_z
0,0,-1.604827880859375,1.0979461669921875,-1.7776641845703125,2.8865814208984375,-0.7614555358886719,4.1741943359375,-4.6534881591796875,2.6056671142578125,1.069831848144517,2.4893951416015625,1.9974365234375,2.806655883789034,4.1421890258789205,-5.5365142822265625,0.5837554931640483,-4.901336669921875,5.085609436035156,-4.358608245849609,-0.16259634494781494,-5.8691864013671875,-4.769020080566406,-7.154449462890632,-2.571725368499756,7.817604064941406,-0.006950641458388418,-0.0033945441246032645,-0.0033945441246032645,0.5251588939266947,6.382679130858905,1.0486829879243464
