,Unnamed: 0,left_eyebrow_18x,left_eyebrow_18y,left_eyebrow_20x,left_eyebrow_20y,left_eyebrow_22x,left_eyebrow_22y,right_eyebrow_23x,right_eyebrow_23y,right_eyebrow_25x,right_eyebrow_25y,right_eyebrow_27x,right_eyebrow_27y,left_eye38_x,left_eye38_y,right_eye45_x,right_eye45_y,left_lip49_x,left_lip49_y,lip_center_upper52_x,lip_center_upper52_y,right_lip55_x,right_lip55_y,lip_center_lower58_x,lip_center_lower58_y,trans_x,trans_y,trans_z,rot_x,rot_y,rot_z
0,0,-2.18585205078125,0.545867919921875,-0.46030426025392046,-5.184600830078125,2.056995391845703,-2.22625732421875,0.7022361755371094,-1.8158264160155966,1.5887222290039205,-5.546508789062528,1.1350250244140625,-2.0917510986328125,-0.7895660400390625,1.145156860351591,-0.4982757568359233,3.7029266357421875,-0.5353775024414205,-12.21684265136718,2.28739619255066,-13.881879806518555,-0.5130996704101705,-13.527915954589844,1.639237642288208,28.016189575195327,0.00397227518260479,-0.0019551627337932656,-0.0019551627337932656,-3.2207179689507357,-5.837123011366791,-1.6473338667956867
