,Unnamed: 0,left_eyebrow_18x,left_eyebrow_18y,left_eyebrow_20x,left_eyebrow_20y,left_eyebrow_22x,left_eyebrow_22y,right_eyebrow_23x,right_eyebrow_23y,right_eyebrow_25x,right_eyebrow_25y,right_eyebrow_27x,right_eyebrow_27y,left_eye38_x,left_eye38_y,right_eye45_x,right_eye45_y,left_lip49_x,left_lip49_y,lip_center_upper52_x,lip_center_upper52_y,right_lip55_x,right_lip55_y,lip_center_lower58_x,lip_center_lower58_y,trans_x,trans_y,trans_z,rot_x,rot_y,rot_z
0,0,-0.5115509033203125,0.8393096923828125,-6.291305541992216,-12.036102294921903,-6.824863433837891,-8.204772949218722,8.180702209472656,-7.2613983154296875,9.681221008300781,-12.133682250976562,-0.36822509765625,-0.07977294921877842,0.5263366699218892,3.840866088867216,2.158920288085966,2.9400939941405966,2.4883575439453125,-10.751014709472663,1.6792477294802666,-31.204849779605862,-0.831764221191392,-8.67245101928711,-1.503111839294434,34.95610046386719,0.002629215829074382,-0.004789497703313831,-0.004789497703313831,-10.462734196106402,-4.4250983171086125,1.414276085125981
