,Unnamed: 0,left_eyebrow_18x,left_eyebrow_18y,left_eyebrow_20x,left_eyebrow_20y,left_eyebrow_22x,left_eyebrow_22y,right_eyebrow_23x,right_eyebrow_23y,right_eyebrow_25x,right_eyebrow_25y,right_eyebrow_27x,right_eyebrow_27y,left_eye38_x,left_eye38_y,right_eye45_x,right_eye45_y,left_lip49_x,left_lip49_y,lip_center_upper52_x,lip_center_upper52_y,right_lip55_x,right_lip55_y,lip_center_lower58_x,lip_center_lower58_y,trans_x,trans_y,trans_z,rot_x,rot_y,rot_z
0,0,-14.684005737304688,11.971282958984375,0.38169097900387783,11.832763671875,30.1395320892334,-0.7337646484375,26.596790313720703,-3.0220336914062216,-3.7210769653320312,2.19873046875,-42.8383483886719,-16.868698120117188,4.1996002197265625,5.5650634765625,-14.660873413085938,2.8040771484375,-0.82110595703125,-10.10722351074218,44.93191683292389,-0.4033164978027344,-41.09176635742189,11.152637481689453,27.38946962356567,26.02556610107422,-0.0019611641473602504,0.01930103451013565,0.01930103451013565,5.247510092288172,-44.978305751836956,-4.919701736747271
