,Unnamed: 0,left_eyebrow_18x,left_eyebrow_18y,left_eyebrow_20x,left_eyebrow_20y,left_eyebrow_22x,left_eyebrow_22y,right_eyebrow_23x,right_eyebrow_23y,right_eyebrow_25x,right_eyebrow_25y,right_eyebrow_27x,right_eyebrow_27y,left_eye38_x,left_eye38_y,right_eye45_x,right_eye45_y,left_lip49_x,left_lip49_y,lip_center_upper52_x,lip_center_upper52_y,right_lip55_x,right_lip55_y,lip_center_lower58_x,lip_center_lower58_y,trans_x,trans_y,trans_z,rot_x,rot_y,rot_z
0,0,-8.3155517578125,9.697402954101534,6.719581604003892,-10.49395751953125,32.61684226989746,-11.280319213867159,14.276473999023445,-6.400177001953097,-10.790588378906236,-11.402099609375,-40.04447937011716,-25.121994018554688,-1.671760559082017,1.6332244873046875,-9.351821899414062,10.757553100585938,-4.6190948486328125,-11.854415893554688,34.939324378967285,-16.374561309814446,-25.511428833007812,17.98516845703125,16.488158702850342,13.046813964843736,-0.02824620995670557,0.017952915281057358,0.017952915281057358,-10.13728956429605,-34.299302663654245,-2.73177321237297
