,Unnamed: 0,left_eyebrow_18x,left_eyebrow_18y,left_eyebrow_20x,left_eyebrow_20y,left_eyebrow_22x,left_eyebrow_22y,right_eyebrow_23x,right_eyebrow_23y,right_eyebrow_25x,right_eyebrow_25y,right_eyebrow_27x,right_eyebrow_27y,left_eye38_x,left_eye38_y,right_eye45_x,right_eye45_y,left_lip49_x,left_lip49_y,lip_center_upper52_x,lip_center_upper52_y,right_lip55_x,right_lip55_y,lip_center_lower58_x,lip_center_lower58_y,trans_x,trans_y,trans_z,rot_x,rot_y,rot_z
0,0,-9.801040649414062,8.268112182617188,-0.7238998413085938,8.796218872070341,19.660306930541992,4.246063232421903,22.612110137939453,7.056472778320284,0.5298461914062358,3.1276702880859375,-20.53082275390625,-22.97479248046875,1.4767227172851705,0.4183349609375,-14.923393249511719,-1.8430786132812216,-5.2787017822265625,-21.89337921142578,30.747373223304752,0.34476470947265625,-20.34955596923828,7.570232391357422,13.360112071037292,11.655044555664062,-0.01551293529337272,0.008148733526468284,0.008148733526468284,5.3854531448422325,-37.21103744170977,-2.605822632043457
