,Unnamed: 0,left_eyebrow_18x,left_eyebrow_18y,left_eyebrow_20x,left_eyebrow_20y,left_eyebrow_22x,left_eyebrow_22y,right_eyebrow_23x,right_eyebrow_23y,right_eyebrow_25x,right_eyebrow_25y,right_eyebrow_27x,right_eyebrow_27y,left_eye38_x,left_eye38_y,right_eye45_x,right_eye45_y,left_lip49_x,left_lip49_y,lip_center_upper52_x,lip_center_upper52_y,right_lip55_x,right_lip55_y,lip_center_lower58_x,lip_center_lower58_y,trans_x,trans_y,trans_z,rot_x,rot_y,rot_z
0,0,-13.1046142578125,5.467803955078125,4.888092041015625,10.203628540039062,33.869709968566895,4.705856323242216,17.387485504150398,12.870010375976562,-4.345748901367159,-2.483505249023409,-30.446044921875,-26.093399047851562,1.6212234497070312,-1.9367218017578125,-18.642150878906236,-0.04254150390625,5.237228393554673,-16.106082916259766,39.51262545585632,4.498420715332031,-27.58911895751953,9.25315475463865,14.69877576828003,31.00992584228517,-0.015880171209573746,-0.02178907394409179,-0.02178907394409179,7.857919649689063,-38.78883658153925,-4.87292624561169
