,Unnamed: 0,left_eyebrow_18x,left_eyebrow_18y,left_eyebrow_20x,left_eyebrow_20y,left_eyebrow_22x,left_eyebrow_22y,right_eyebrow_23x,right_eyebrow_23y,right_eyebrow_25x,right_eyebrow_25y,right_eyebrow_27x,right_eyebrow_27y,left_eye38_x,left_eye38_y,right_eye45_x,right_eye45_y,left_lip49_x,left_lip49_y,lip_center_upper52_x,lip_center_upper52_y,right_lip55_x,right_lip55_y,lip_center_lower58_x,lip_center_lower58_y,trans_x,trans_y,trans_z,rot_x,rot_y,rot_z
0,0,-3.5194702148437784,3.46044921875,0.17083740234372158,9.696487426757841,17.02558135986328,-0.6840057373046875,28.66509246826172,2.1332702636719034,6.283248901367202,-3.484237670898409,-19.621749877929688,-24.82450866699216,-2.6502532958984375,7.8454437255859375,-14.035507202148438,10.347976684570284,-8.293098449707031,-24.720905303955078,41.19352927803993,-1.3824424743652344,-13.437088012695312,12.546749114990234,20.204474329948425,23.00704956054686,-0.014948048628866673,-0.026305641978979104,-0.026305641978979104,-0.12886355082382117,-42.98567418152323,-4.389554911836289
