,Unnamed: 0,left_eyebrow_18x,left_eyebrow_18y,left_eyebrow_20x,left_eyebrow_20y,left_eyebrow_22x,left_eyebrow_22y,right_eyebrow_23x,right_eyebrow_23y,right_eyebrow_25x,right_eyebrow_25y,right_eyebrow_27x,right_eyebrow_27y,left_eye38_x,left_eye38_y,right_eye45_x,right_eye45_y,left_lip49_x,left_lip49_y,lip_center_upper52_x,lip_center_upper52_y,right_lip55_x,right_lip55_y,lip_center_lower58_x,lip_center_lower58_y,trans_x,trans_y,trans_z,rot_x,rot_y,rot_z
0,0,-1.3420257568359375,4.4007415771484375,-0.8084106445312784,4.088500976562528,3.4410934448242188,-3.0538024902343466,13.11056900024414,-3.8019104003905966,7.292877197265639,-4.766128540039091,-5.635284423828125,-6.633102416992159,-2.6378707885742188,6.1473388671875,-4.096855163574219,5.979064941406222,-4.865142822265625,-12.887805938720703,15.391142040491106,-13.009407043457031,-3.8951568603515625,7.955196380615249,9.097552180290222,16.4517822265625,0.0026110806502401824,-0.035470150411129,-0.035470150411129,-2.851776731757937,-27.36445959429757,0.0842318618796214
