,Unnamed: 0,left_eyebrow_18x,left_eyebrow_18y,left_eyebrow_20x,left_eyebrow_20y,left_eyebrow_22x,left_eyebrow_22y,right_eyebrow_23x,right_eyebrow_23y,right_eyebrow_25x,right_eyebrow_25y,right_eyebrow_27x,right_eyebrow_27y,left_eye38_x,left_eye38_y,right_eye45_x,right_eye45_y,left_lip49_x,left_lip49_y,lip_center_upper52_x,lip_center_upper52_y,right_lip55_x,right_lip55_y,lip_center_lower58_x,lip_center_lower58_y,trans_x,trans_y,trans_z,rot_x,rot_y,rot_z
0,0,1.1996459960937216,-7.238952636718722,-0.5590515136718466,4.294006347656222,-7.567092895507805,7.154052734375,4.245777130126953,6.793273925781222,1.254638671875,2.27984619140625,-0.4646453857421875,-5.66070556640625,8.430427551269531,-1.0863037109375,1.4307327270507812,1.971710205078125,3.3456344604492188,-8.709476470947273,-2.459683656692505,0.4616889953613281,0.8527297973632812,-12.927425384521477,-3.2490131258964547,30.959983825683594,-0.007076479494571686,-0.0021510422229766707,-0.0021510422229766707,8.410596053768987,13.017206258513642,-2.585211525169429
