,Unnamed: 0,left_eyebrow_18x,left_eyebrow_18y,left_eyebrow_20x,left_eyebrow_20y,left_eyebrow_22x,left_eyebrow_22y,right_eyebrow_23x,right_eyebrow_23y,right_eyebrow_25x,right_eyebrow_25y,right_eyebrow_27x,right_eyebrow_27y,left_eye38_x,left_eye38_y,right_eye45_x,right_eye45_y,left_lip49_x,left_lip49_y,lip_center_upper52_x,lip_center_upper52_y,right_lip55_x,right_lip55_y,lip_center_lower58_x,lip_center_lower58_y,trans_x,trans_y,trans_z,rot_x,rot_y,rot_z
0,0,-3.581222534179716,6.1930999755859375,1.6785888671875,10.12626647949213,10.200187683105469,4.8145904541015625,4.557014465332024,6.1092987060546875,-1.64288330078125,2.414566040039091,-7.448593139648466,-8.07666015625,-1.6208572387695312,-5.4488677978515625,-1.3891448974609233,-3.8276519775390625,1.8499298095703125,-14.089912414550781,12.068831205368044,-6.987741470336914,-6.401069641113281,2.965065002441399,7.572422504425049,27.606750488281264,-0.0005465005524456501,-0.0293985828757286,-0.0293985828757286,4.548145356623428,-24.4687183962842,-0.3123232473633928
