,Unnamed: 0,left_eyebrow_18x,left_eyebrow_18y,left_eyebrow_20x,left_eyebrow_20y,left_eyebrow_22x,left_eyebrow_22y,right_eyebrow_23x,right_eyebrow_23y,right_eyebrow_25x,right_eyebrow_25y,right_eyebrow_27x,right_eyebrow_27y,left_eye38_x,left_eye38_y,right_eye45_x,right_eye45_y,left_lip49_x,left_lip49_y,lip_center_upper52_x,lip_center_upper52_y,right_lip55_x,right_lip55_y,lip_center_lower58_x,lip_center_lower58_y,trans_x,trans_y,trans_z,rot_x,rot_y,rot_z
0,0,-12.41070556640625,6.586166381835909,6.3238754272460795,3.731796264648409,32.002151489257805,1.4508361816406534,30.735309600830078,-1.4593200683593466,1.9273681640625,-13.813629150390625,-37.0831298828125,-30.459304809570312,7.3480682373046875,5.739349365234347,-17.01031494140625,4.8936767578125,-15.869583129882827,-21.639999389648434,35.946019649505615,-15.70211410522461,-35.86256408691406,4.485591888427734,8.9840407371521,18.722282409667983,-0.007915822556242348,-0.023724501952528954,-0.023724501952528954,-0.5416568799523804,-43.59429248472811,-2.5816695743606295
