,Unnamed: 0,left_eyebrow_18x,left_eyebrow_18y,left_eyebrow_20x,left_eyebrow_20y,left_eyebrow_22x,left_eyebrow_22y,right_eyebrow_23x,right_eyebrow_23y,right_eyebrow_25x,right_eyebrow_25y,right_eyebrow_27x,right_eyebrow_27y,left_eye38_x,left_eye38_y,right_eye45_x,right_eye45_y,left_lip49_x,left_lip49_y,lip_center_upper52_x,lip_center_upper52_y,right_lip55_x,right_lip55_y,lip_center_lower58_x,lip_center_lower58_y,trans_x,trans_y,trans_z,rot_x,rot_y,rot_z
0,0,-9.301910400390625,1.280532836914091,1.9334716796875568,20.755599975585938,18.75296020507812,11.095428466796847,14.862556457519531,21.454086303710938,-7.449401855468736,16.357254028320312,-17.437301635742188,-28.20892333984378,-0.5144500732421875,-1.642120361328125,-7.085968017578125,-2.306121826171875,-3.8032913208007812,-27.16436767578125,33.654234886169434,8.963266372680668,-20.719528198242173,8.559391021728523,21.93876200914383,36.587860107421875,-0.010116836987435818,-0.020162567496299737,-0.020162567496299737,13.453817528669282,-43.451121561949094,-2.1012830833904563
