,Unnamed: 0,left_eyebrow_18x,left_eyebrow_18y,left_eyebrow_20x,left_eyebrow_20y,left_eyebrow_22x,left_eyebrow_22y,right_eyebrow_23x,right_eyebrow_23y,right_eyebrow_25x,right_eyebrow_25y,right_eyebrow_27x,right_eyebrow_27y,left_eye38_x,left_eye38_y,right_eye45_x,right_eye45_y,left_lip49_x,left_lip49_y,lip_center_upper52_x,lip_center_upper52_y,right_lip55_x,right_lip55_y,lip_center_lower58_x,lip_center_lower58_y,trans_x,trans_y,trans_z,rot_x,rot_y,rot_z
0,0,23.436187744140653,-31.91796875,-1.9487152099609375,-19.764190673828125,-16.245357513427734,0.3687896728515909,-19.015568733215332,5.654129028320284,-1.7718200683593466,7.972854614257784,-1.8206176757812784,4.911163330078153,10.994140625,-4.541946411132841,6.933006286621108,1.0641937255859375,8.897392272949219,18.144237518310547,-21.94049596786499,1.8764324188232422,19.147354125976562,-33.91433906555176,-8.129597425460815,20.628921508789062,0.010643038200214503,0.008394572883844383,0.008394572883844383,6.698516863024478,44.658734497149915,1.7973361273491895
