,Unnamed: 0,left_eyebrow_18x,left_eyebrow_18y,left_eyebrow_20x,left_eyebrow_20y,left_eyebrow_22x,left_eyebrow_22y,right_eyebrow_23x,right_eyebrow_23y,right_eyebrow_25x,right_eyebrow_25y,right_eyebrow_27x,right_eyebrow_27y,left_eye38_x,left_eye38_y,right_eye45_x,right_eye45_y,left_lip49_x,left_lip49_y,lip_center_upper52_x,lip_center_upper52_y,right_lip55_x,right_lip55_y,lip_center_lower58_x,lip_center_lower58_y,trans_x,trans_y,trans_z,rot_x,rot_y,rot_z
0,0,6.2479248046875,-19.373031616210938,-2.3998413085937216,3.068984985351591,-16.129833221435547,15.857635498046875,-3.801982879638672,15.352630615234375,-0.6171722412109375,11.824905395507841,10.722732543945312,-2.6795654296875284,5.234649658203125,0.9664154052734375,4.6791000366210795,-0.6986846923828125,12.898132324218736,1.4753761291503977,-15.632784843444824,-16.06875228881836,-5.970870971679702,-20.224514007568345,-11.971788644790648,31.29676055908203,0.00923391617834568,0.00027016922831534645,0.00027016922831534645,-2.372042749030138,24.858798570218855,1.53609442000419
