,Unnamed: 0,left_eyebrow_18x,left_eyebrow_18y,left_eyebrow_20x,left_eyebrow_20y,left_eyebrow_22x,left_eyebrow_22y,right_eyebrow_23x,right_eyebrow_23y,right_eyebrow_25x,right_eyebrow_25y,right_eyebrow_27x,right_eyebrow_27y,left_eye38_x,left_eye38_y,right_eye45_x,right_eye45_y,left_lip49_x,left_lip49_y,lip_center_upper52_x,lip_center_upper52_y,right_lip55_x,right_lip55_y,lip_center_lower58_x,lip_center_lower58_y,trans_x,trans_y,trans_z,rot_x,rot_y,rot_z
0,0,10.874160766601591,7.607528686523409,9.434295654296875,11.295822143554716,-2.2169036865234446,4.695495605468722,-16.605580925941467,10.967864990234403,-4.7405242919921875,16.189559936523438,10.426010131835938,2.6356201171875284,-2.3508529663085938,-8.188674926757812,-6.761657714843736,-4.2848358154296875,21.849811553955085,-22.088050842285156,4.362508773803711,-4.802249908447266,3.763336181640625,-3.9193115234375,9.13599681854248,8.338890075683594,0.020807094522751868,-0.006574906408786774,-0.006574906408786774,11.309231276789257,0.4838481779259496,3.179924683066546
