,Unnamed: 0,left_eyebrow_18x,left_eyebrow_18y,left_eyebrow_20x,left_eyebrow_20y,left_eyebrow_22x,left_eyebrow_22y,right_eyebrow_23x,right_eyebrow_23y,right_eyebrow_25x,right_eyebrow_25y,right_eyebrow_27x,right_eyebrow_27y,left_eye38_x,left_eye38_y,right_eye45_x,right_eye45_y,left_lip49_x,left_lip49_y,lip_center_upper52_x,lip_center_upper52_y,right_lip55_x,right_lip55_y,lip_center_lower58_x,lip_center_lower58_y,trans_x,trans_y,trans_z,rot_x,rot_y,rot_z
0,0,-1.222579956054716,-0.980194091796875,-1.4221649169921875,5.874282836914091,-0.6861724853515625,9.341110229492216,-2.491138458251946,11.322814941406222,-3.9280853271484375,4.873382568359347,1.0661163330078125,-0.4470367431640341,-2.6837692260742188,-0.358551025390625,2.083038330078111,-2.3168029785155966,1.7457504272460938,-9.249042510986328,5.715989112854004,-12.404878616333008,-8.093498229980483,-7.41180419921875,2.2796125411987305,31.57643127441405,0.002360937767662108,0.001057066023349762,0.001057066023349762,5.223260014486855,-1.375550821684191,-0.1993630907041366
