,Unnamed: 0,left_eyebrow_18x,left_eyebrow_18y,left_eyebrow_20x,left_eyebrow_20y,left_eyebrow_22x,left_eyebrow_22y,right_eyebrow_23x,right_eyebrow_23y,right_eyebrow_25x,right_eyebrow_25y,right_eyebrow_27x,right_eyebrow_27y,left_eye38_x,left_eye38_y,right_eye45_x,right_eye45_y,left_lip49_x,left_lip49_y,lip_center_upper52_x,lip_center_upper52_y,right_lip55_x,right_lip55_y,lip_center_lower58_x,lip_center_lower58_y,trans_x,trans_y,trans_z,rot_x,rot_y,rot_z
0,0,-1.367385864257841,4.853393554687472,4.706825256347642,8.000350952148438,13.122917175292972,4.1779937744140625,-16.560693740844723,11.472946166992188,-7.551628112792969,9.928741455078125,3.0423278808593466,2.473159790039091,1.2791290283202983,-11.214431762695312,-3.2379684448242188,-7.927474975585909,0.33095550537109375,7.946983337402344,5.036220073699951,-13.876829147338864,-0.4707794189453125,6.308219909667976,7.056353926658631,-4.092796325683594,0.000445289071649313,0.01672368496656417,0.01672368496656417,4.594444027098378,-0.10751095959237456,-0.5429386205026847
