,Unnamed: 0,left_eyebrow_18x,left_eyebrow_18y,left_eyebrow_20x,left_eyebrow_20y,left_eyebrow_22x,left_eyebrow_22y,right_eyebrow_23x,right_eyebrow_23y,right_eyebrow_25x,right_eyebrow_25y,right_eyebrow_27x,right_eyebrow_27y,left_eye38_x,left_eye38_y,right_eye45_x,right_eye45_y,left_lip49_x,left_lip49_y,lip_center_upper52_x,lip_center_upper52_y,right_lip55_x,right_lip55_y,lip_center_lower58_x,lip_center_lower58_y,trans_x,trans_y,trans_z,rot_x,rot_y,rot_z
0,0,6.5403900146484375,-20.920425415039034,-5.796585083007784,0.03218078613278408,-12.392902374267578,14.31591796875,-19.055225372314453,8.175811767578125,-11.113632202148423,6.0844268798828125,0.9948730468750284,0.3088073730468466,7.954154968261719,-1.3536682128905966,7.797691345214858,-1.552581787109375,23.12097930908203,-0.6805381774902273,-13.005602419376373,-3.406909942626953,11.86760711669919,-20.310829162597656,-9.180991888046265,27.37512969970703,0.0068245078437030315,0.0005074106156826019,0.0005074106156826019,-0.45544931051319515,25.622808098718405,1.6006001520490625
