,Unnamed: 0,left_eyebrow_18x,left_eyebrow_18y,left_eyebrow_20x,left_eyebrow_20y,left_eyebrow_22x,left_eyebrow_22y,right_eyebrow_23x,right_eyebrow_23y,right_eyebrow_25x,right_eyebrow_25y,right_eyebrow_27x,right_eyebrow_27y,left_eye38_x,left_eye38_y,right_eye45_x,right_eye45_y,left_lip49_x,left_lip49_y,lip_center_upper52_x,lip_center_upper52_y,right_lip55_x,right_lip55_y,lip_center_lower58_x,lip_center_lower58_y,trans_x,trans_y,trans_z,rot_x,rot_y,rot_z
0,0,32.93540954589844,-40.219818115234375,-1.6624603271484375,-7.112258911132841,-24.224567413330078,13.061004638671903,-50.48836135864258,10.4462890625,-15.219711303710938,3.814559936523466,9.565124511718722,6.699203491210909,23.25992584228517,-0.5549774169921875,2.8022689819335938,-0.0836181640625,49.94222640991211,16.47203445434571,-29.958920061588287,8.881568908691406,11.50551605224608,-20.67047119140625,-13.488115072250364,10.630577087402344,0.02501085354015231,0.014341656118631363,0.014341656118631363,-0.9013906735341843,44.225186505149864,3.1640595610917086
