,Unnamed: 0,left_eyebrow_18x,left_eyebrow_18y,left_eyebrow_20x,left_eyebrow_20y,left_eyebrow_22x,left_eyebrow_22y,right_eyebrow_23x,right_eyebrow_23y,right_eyebrow_25x,right_eyebrow_25y,right_eyebrow_27x,right_eyebrow_27y,left_eye38_x,left_eye38_y,right_eye45_x,right_eye45_y,left_lip49_x,left_lip49_y,lip_center_upper52_x,lip_center_upper52_y,right_lip55_x,right_lip55_y,lip_center_lower58_x,lip_center_lower58_y,trans_x,trans_y,trans_z,rot_x,rot_y,rot_z
0,0,2.206512451171875,-6.898651123046875,-4.3077392578125,-3.4977722167968466,-5.461307525634766,10.330657958984375,-16.84290885925293,10.784805297851534,-10.484474182128906,9.047637939453125,1.2224578857421875,0.884979248046875,3.6758880615234375,-6.266983032226534,7.003143310546861,-0.6791229248046591,12.05072021484375,3.9513778686523438,-8.300853967666626,-5.068202972412109,2.2530822753905966,-17.13913345336914,-4.267513751983643,21.97693634033203,0.014730514027178288,-0.005920093506574631,-0.005920093506574631,3.8069559425126327,17.80222717172461,-1.0919941529624566
