,Unnamed: 0,left_eyebrow_18x,left_eyebrow_18y,left_eyebrow_20x,left_eyebrow_20y,left_eyebrow_22x,left_eyebrow_22y,right_eyebrow_23x,right_eyebrow_23y,right_eyebrow_25x,right_eyebrow_25y,right_eyebrow_27x,right_eyebrow_27y,left_eye38_x,left_eye38_y,right_eye45_x,right_eye45_y,left_lip49_x,left_lip49_y,lip_center_upper52_x,lip_center_upper52_y,right_lip55_x,right_lip55_y,lip_center_lower58_x,lip_center_lower58_y,trans_x,trans_y,trans_z,rot_x,rot_y,rot_z
0,0,-0.8893585205078125,-12.029983520507784,-2.3750610351562216,0.4265289306640625,-4.060874938964851,23.110458374023438,-14.826831817626953,19.32275390625,-0.437835693359375,11.61822509765625,13.740463256835966,4.236785888671875,6.5102081298828125,-4.088592529296875,8.07219696044919,-5.616119384765625,16.422058105468736,4.973468780517578,-17.5335750579834,-19.423561096191406,-11.390708923339858,-17.34521102905272,-11.528332948684692,32.405906677246094,-0.008861397858709097,-0.016676589846611023,-0.016676589846611023,-2.766219351011182,28.598641132146476,0.7157716208029938
