,Unnamed: 0,left_eyebrow_18x,left_eyebrow_18y,left_eyebrow_20x,left_eyebrow_20y,left_eyebrow_22x,left_eyebrow_22y,right_eyebrow_23x,right_eyebrow_23y,right_eyebrow_25x,right_eyebrow_25y,right_eyebrow_27x,right_eyebrow_27y,left_eye38_x,left_eye38_y,right_eye45_x,right_eye45_y,left_lip49_x,left_lip49_y,lip_center_upper52_x,lip_center_upper52_y,right_lip55_x,right_lip55_y,lip_center_lower58_x,lip_center_lower58_y,trans_x,trans_y,trans_z,rot_x,rot_y,rot_z
0,0,4.9849700927734375,-18.04858398437503,-5.989410400390625,-2.0347747802734375,-10.15882301330566,10.518463134765653,-24.715099334716797,13.60003662109375,-3.403091430664034,13.607650756835909,2.3059234619140625,15.208663940429688,16.053482055664062,-12.367218017578097,7.9182052612304545,-10.541091918945312,32.69688415527344,23.36377716064453,-32.734994411468506,-0.7085609436035227,-0.9359512329101562,-25.03693008422851,-10.938239336013794,26.574897766113295,0.01466633751988411,0.0017103031277656555,0.0017103031277656555,-3.151268417771055,49.31487107679615,3.5654403034460342
