,Unnamed: 0,left_eyebrow_18x,left_eyebrow_18y,left_eyebrow_20x,left_eyebrow_20y,left_eyebrow_22x,left_eyebrow_22y,right_eyebrow_23x,right_eyebrow_23y,right_eyebrow_25x,right_eyebrow_25y,right_eyebrow_27x,right_eyebrow_27y,left_eye38_x,left_eye38_y,right_eye45_x,right_eye45_y,left_lip49_x,left_lip49_y,lip_center_upper52_x,lip_center_upper52_y,right_lip55_x,right_lip55_y,lip_center_lower58_x,lip_center_lower58_y,trans_x,trans_y,trans_z,rot_x,rot_y,rot_z
0,0,2.397613525390625,-14.900665283203097,-3.006820678710909,-1.9789886474609375,-6.977798461914055,17.142669677734403,-13.391563415527344,16.452041625976562,0.9523315429687784,10.836257934570312,13.226898193359403,2.5754241943359375,4.112808227539077,0.1010589599609375,6.537322998046861,-1.528060913085909,14.524391174316392,3.318420410156257,-16.533713340759277,-17.259197235107422,-6.974998474121094,-20.99123382568358,-10.793922185897827,39.80186462402344,0.00531668122857809,-0.005427267402410514,-0.005427267402410514,-1.6252124082125703,26.79630273878478,0.5627570445362076
