,Unnamed: 0,left_eyebrow_18x,left_eyebrow_18y,left_eyebrow_20x,left_eyebrow_20y,left_eyebrow_22x,left_eyebrow_22y,right_eyebrow_23x,right_eyebrow_23y,right_eyebrow_25x,right_eyebrow_25y,right_eyebrow_27x,right_eyebrow_27y,left_eye38_x,left_eye38_y,right_eye45_x,right_eye45_y,left_lip49_x,left_lip49_y,lip_center_upper52_x,lip_center_upper52_y,right_lip55_x,right_lip55_y,lip_center_lower58_x,lip_center_lower58_y,trans_x,trans_y,trans_z,rot_x,rot_y,rot_z
0,0,-2.312164306640625,0.6142578125,2.3630752563476562,9.977859497070312,5.262836456298832,10.242385864257841,-4.848512649536133,12.304061889648409,-3.818367004394517,11.593856811523409,2.783843994140625,0.1883544921875,-0.6403045654296733,-5.9056396484375,-0.2418365478515625,-5.235687255859347,13.312408447265625,-4.176551818847656,-1.2192459106445312,-11.823318481445323,-10.996658325195312,-3.7443580627441406,-2.641392260789871,23.308006286621094,-0.0005435328930616379,-0.0028515011072158813,-0.0028515011072158813,1.8187125901172483,0.5725074801341314,-0.20053421678056615
