,Unnamed: 0,left_eyebrow_18x,left_eyebrow_18y,left_eyebrow_20x,left_eyebrow_20y,left_eyebrow_22x,left_eyebrow_22y,right_eyebrow_23x,right_eyebrow_23y,right_eyebrow_25x,right_eyebrow_25y,right_eyebrow_27x,right_eyebrow_27y,left_eye38_x,left_eye38_y,right_eye45_x,right_eye45_y,left_lip49_x,left_lip49_y,lip_center_upper52_x,lip_center_upper52_y,right_lip55_x,right_lip55_y,lip_center_lower58_x,lip_center_lower58_y,trans_x,trans_y,trans_z,rot_x,rot_y,rot_z
0,0,-0.389678955078125,-3.3241424560546875,1.274383544921875,5.584320068359403,2.5834922790527344,12.926849365234375,-5.535694122314453,13.084197998046847,-6.541183471679716,8.04302978515625,2.1328735351562216,-4.681655883789091,-1.9341659545898438,-4.2133636474609375,2.654823303222642,-2.6977844238280966,2.8569259643554688,-6.856891632080078,1.6372014284133907,-6.284793853759766,-7.0993423461914205,-8.76676177978515,1.2298742532730103,21.31890869140625,0.0003580064512789254,0.0017860569059848785,0.0017860569059848785,8.316643658391248,-0.14867394939246714,-1.0783879859350236
