,Unnamed: 0,left_eyebrow_18x,left_eyebrow_18y,left_eyebrow_20x,left_eyebrow_20y,left_eyebrow_22x,left_eyebrow_22y,right_eyebrow_23x,right_eyebrow_23y,right_eyebrow_25x,right_eyebrow_25y,right_eyebrow_27x,right_eyebrow_27y,left_eye38_x,left_eye38_y,right_eye45_x,right_eye45_y,left_lip49_x,left_lip49_y,lip_center_upper52_x,lip_center_upper52_y,right_lip55_x,right_lip55_y,lip_center_lower58_x,lip_center_lower58_y,trans_x,trans_y,trans_z,rot_x,rot_y,rot_z
0,0,1.17108154296875,-4.278594970703097,-0.13664245605465908,3.680648803710909,-4.205402374267578,12.6466064453125,5.661376953125,11.577453613281278,3.9207153320312784,4.7571868896484375,3.0733642578125284,-3.3588409423828125,-4.277153015136719,0.3952789306640625,2.1055145263671733,-1.919189453125,3.849922180175753,-7.648155212402337,-1.9963757991790767,-15.640750885009766,-15.787361145019531,-9.69019317626951,-2.466765403747559,31.379562377929688,-0.0004198248498141774,0.009939312934875488,0.009939312934875488,3.2555045011268917,1.182355234504179,0.18192685726069768
