,Unnamed: 0,left_eyebrow_18x,left_eyebrow_18y,left_eyebrow_20x,left_eyebrow_20y,left_eyebrow_22x,left_eyebrow_22y,right_eyebrow_23x,right_eyebrow_23y,right_eyebrow_25x,right_eyebrow_25y,right_eyebrow_27x,right_eyebrow_27y,left_eye38_x,left_eye38_y,right_eye45_x,right_eye45_y,left_lip49_x,left_lip49_y,lip_center_upper52_x,lip_center_upper52_y,right_lip55_x,right_lip55_y,lip_center_lower58_x,lip_center_lower58_y,trans_x,trans_y,trans_z,rot_x,rot_y,rot_z
0,0,11.685394287109375,-40.90083312988281,-5.302841186523409,-4.3621826171875,-22.62045669555664,15.504440307617216,-15.022651672363281,19.447067260742188,-3.348190307617216,18.25006103515625,10.87275695800787,1.8923187255859375,13.877410888671875,-0.637939453125,7.543685913085923,-0.45751953125,37.94960403442382,20.562408447265632,-31.77253246307373,-5.393638610839837,-3.2536773681640625,-32.288471221923814,-19.224361658096313,18.66309356689453,0.02531723491847515,0.01226070150732994,0.01226070150732994,-5.2827349287915935,43.60241288146597,1.2703885528754464
