,Unnamed: 0,left_eyebrow_18x,left_eyebrow_18y,left_eyebrow_20x,left_eyebrow_20y,left_eyebrow_22x,left_eyebrow_22y,right_eyebrow_23x,right_eyebrow_23y,right_eyebrow_25x,right_eyebrow_25y,right_eyebrow_27x,right_eyebrow_27y,left_eye38_x,left_eye38_y,right_eye45_x,right_eye45_y,left_lip49_x,left_lip49_y,lip_center_upper52_x,lip_center_upper52_y,right_lip55_x,right_lip55_y,lip_center_lower58_x,lip_center_lower58_y,trans_x,trans_y,trans_z,rot_x,rot_y,rot_z
0,0,12.912384033203125,-38.8343505859375,2.409591674804716,-1.6954345703125,-9.588542938232422,31.050064086914062,-27.20039939880371,26.513626098632784,-5.1404876708984375,12.740707397460938,16.12286376953128,0.6809844970703125,15.859375,-4.052886962890625,10.69058227539061,-4.0735626220703125,42.55482864379882,17.99079132080079,-32.68932247161865,-15.260658264160156,-10.0899658203125,-24.554943084716783,-12.720223665237427,35.777366638183594,0.016216348856687546,-0.015491962432861342,-0.015491962432861342,-3.5656508468605392,47.565322866947085,2.2224119053498823
