,Unnamed: 0,left_eyebrow_18x,left_eyebrow_18y,left_eyebrow_20x,left_eyebrow_20y,left_eyebrow_22x,left_eyebrow_22y,right_eyebrow_23x,right_eyebrow_23y,right_eyebrow_25x,right_eyebrow_25y,right_eyebrow_27x,right_eyebrow_27y,left_eye38_x,left_eye38_y,right_eye45_x,right_eye45_y,left_lip49_x,left_lip49_y,lip_center_upper52_x,lip_center_upper52_y,right_lip55_x,right_lip55_y,lip_center_lower58_x,lip_center_lower58_y,trans_x,trans_y,trans_z,rot_x,rot_y,rot_z
0,0,-2.2850341796875,10.174575805664062,-5.389030456542969,-5.0172119140625,-2.6726417541503835,-3.2894592285155966,-0.3383064270019531,3.0698699951171875,4.984329223632798,-3.1960754394531534,1.554901123046875,10.552230834960966,-1.6783981323242188,-0.217864990234375,0.7607269287109375,-0.6666259765625,-5.418891906738281,-7.352146148681641,-0.13834810256958008,-5.780426025390632,0.9374847412109375,-7.010826110839851,-0.9457037448883061,23.153274536132812,-0.0009973461274057622,0.025057509541511532,0.025057509541511532,2.386021405773849,3.266394876275798,0.15635203700007327
