,Unnamed: 0,left_eyebrow_18x,left_eyebrow_18y,left_eyebrow_20x,left_eyebrow_20y,left_eyebrow_22x,left_eyebrow_22y,right_eyebrow_23x,right_eyebrow_23y,right_eyebrow_25x,right_eyebrow_25y,right_eyebrow_27x,right_eyebrow_27y,left_eye38_x,left_eye38_y,right_eye45_x,right_eye45_y,left_lip49_x,left_lip49_y,lip_center_upper52_x,lip_center_upper52_y,right_lip55_x,right_lip55_y,lip_center_lower58_x,lip_center_lower58_y,trans_x,trans_y,trans_z,rot_x,rot_y,rot_z
0,0,3.1823577880859375,-2.782241821289034,6.29442596435544,3.595413208007841,3.512134552001946,7.086013793945284,-8.065631866455078,8.893783569335938,-4.898864746093736,5.47930908203125,1.828826904296875,2.44061279296875,-2.6109848022460938,-7.440185546875,-0.8226089477539062,-9.34735107421875,-2.4033126831054688,2.448936462402358,5.088016659021378,-4.035396575927734,0.380828857421875,-4.342250823974609,6.263906240463257,11.703468322753906,-0.003310326486825944,-0.0034735500812530587,-0.0034735500812530587,7.742777961665227,-1.9128880450629928,0.22964775371968926
