,Unnamed: 0,left_eyebrow_18x,left_eyebrow_18y,left_eyebrow_20x,left_eyebrow_20y,left_eyebrow_22x,left_eyebrow_22y,right_eyebrow_23x,right_eyebrow_23y,right_eyebrow_25x,right_eyebrow_25y,right_eyebrow_27x,right_eyebrow_27y,left_eye38_x,left_eye38_y,right_eye45_x,right_eye45_y,left_lip49_x,left_lip49_y,lip_center_upper52_x,lip_center_upper52_y,right_lip55_x,right_lip55_y,lip_center_lower58_x,lip_center_lower58_y,trans_x,trans_y,trans_z,rot_x,rot_y,rot_z
0,0,-0.1072845458984375,2.0032958984375,-10.937385559082031,-16.2969970703125,-11.577720642089837,-3.9281005859374716,-10.285181045532227,-0.010467529296875,0.05389404296873579,-1.9048004150390625,1.342300415039034,12.037506103515625,6.414619445800781,-1.961181640625,7.5394287109375,1.8356628417969034,6.730407714843764,1.2546958923339844,-12.020058155059814,-4.9665985107421875,12.362197875976562,-15.148502349853523,-8.908639669418335,23.28124237060547,1.5858793631196022e-05,0.028813308104872704,0.028813308104872704,1.4085751929929384,21.607720241027888,-0.20893466493757185
