,Unnamed: 0,left_eyebrow_18x,left_eyebrow_18y,left_eyebrow_20x,left_eyebrow_20y,left_eyebrow_22x,left_eyebrow_22y,right_eyebrow_23x,right_eyebrow_23y,right_eyebrow_25x,right_eyebrow_25y,right_eyebrow_27x,right_eyebrow_27y,left_eye38_x,left_eye38_y,right_eye45_x,right_eye45_y,left_lip49_x,left_lip49_y,lip_center_upper52_x,lip_center_upper52_y,right_lip55_x,right_lip55_y,lip_center_lower58_x,lip_center_lower58_y,trans_x,trans_y,trans_z,rot_x,rot_y,rot_z
0,0,11.103164672851562,-22.47676086425784,-14.966140747070284,-15.226135253906222,-21.305419921875,-0.6437530517578409,-27.79253911972046,3.7477416992187784,-2.7886962890625,9.292312622070284,6.1241302490234375,17.35797119140628,9.7646484375,-5.910888671875,9.404914855957031,2.243850708007784,31.70404815673831,20.773799896240234,-27.252789065241814,13.428733825683587,1.6042404174804688,-26.827281951904297,-11.976268529891968,13.889694213867173,0.02643082814756781,0.0024146325886249542,0.0024146325886249542,-8.994051739271123,39.27608229159406,2.6022556303648128
