,Unnamed: 0,left_eyebrow_18x,left_eyebrow_18y,left_eyebrow_20x,left_eyebrow_20y,left_eyebrow_22x,left_eyebrow_22y,right_eyebrow_23x,right_eyebrow_23y,right_eyebrow_25x,right_eyebrow_25y,right_eyebrow_27x,right_eyebrow_27y,left_eye38_x,left_eye38_y,right_eye45_x,right_eye45_y,left_lip49_x,left_lip49_y,lip_center_upper52_x,lip_center_upper52_y,right_lip55_x,right_lip55_y,lip_center_lower58_x,lip_center_lower58_y,trans_x,trans_y,trans_z,rot_x,rot_y,rot_z
0,0,0.8088836669921875,-0.1151275634765625,-5.996879577636719,-14.158401489257812,-6.7978515624999964,-2.509124755859375,-0.6512336730957031,-0.0256500244140625,2.2811126708984375,-5.196350097656222,3.3267059326171875,5.2767181396484375,0.44786834716796875,2.3782653808594034,2.8797836303710938,1.9966735839844034,5.9247207641601705,-7.907543182373054,-2.002729505300522,-1.4616203308105469,-2.8506088256835795,-16.504306793212905,-0.409484267234802,5.4969863891601705,-0.005522709689103068,-0.001153603196144104,-0.001153603196144104,1.4395988239907835,7.160237234529712,0.9444830147148178
