,Unnamed: 0,left_eyebrow_18x,left_eyebrow_18y,left_eyebrow_20x,left_eyebrow_20y,left_eyebrow_22x,left_eyebrow_22y,right_eyebrow_23x,right_eyebrow_23y,right_eyebrow_25x,right_eyebrow_25y,right_eyebrow_27x,right_eyebrow_27y,left_eye38_x,left_eye38_y,right_eye45_x,right_eye45_y,left_lip49_x,left_lip49_y,lip_center_upper52_x,lip_center_upper52_y,right_lip55_x,right_lip55_y,lip_center_lower58_x,lip_center_lower58_y,trans_x,trans_y,trans_z,rot_x,rot_y,rot_z
0,0,-3.4603271484375,6.368377685546875,3.131591796875,5.54693603515625,11.976888656616211,1.192474365234375,-6.601539611816406,-1.910491943359375,-3.2411804199218466,0.601593017578125,-3.9509735107421875,2.73443603515625,2.236175537109375,-5.672821044921847,0.836936950683608,-7.4722747802734375,-4.306785583496094,-3.1066627502441406,-2.2369056344032288,-1.4959659576416051,4.346588134765625,10.902877807617188,-4.587648987770081,1.49029541015625,-0.00045644771307706833,0.0021409355103969643,0.0021409355103969643,-0.17933998836068143,1.034953048734482,0.1941023323521569
