,Unnamed: 0,left_eyebrow_18x,left_eyebrow_18y,left_eyebrow_20x,left_eyebrow_20y,left_eyebrow_22x,left_eyebrow_22y,right_eyebrow_23x,right_eyebrow_23y,right_eyebrow_25x,right_eyebrow_25y,right_eyebrow_27x,right_eyebrow_27y,left_eye38_x,left_eye38_y,right_eye45_x,right_eye45_y,left_lip49_x,left_lip49_y,lip_center_upper52_x,lip_center_upper52_y,right_lip55_x,right_lip55_y,lip_center_lower58_x,lip_center_lower58_y,trans_x,trans_y,trans_z,rot_x,rot_y,rot_z
0,0,4.60723876953125,-16.328781127929716,-1.0008087158203125,15.197097778320284,-2.4772491455078125,14.912261962890625,-22.565661430358887,11.982757568359375,-8.173408508300739,19.143798828125,3.5765228271484943,2.2008056640625,5.922088623046875,2.9542999267578125,4.425148010253906,6.61920166015625,19.44019317626953,5.889427185058594,-12.916718006134033,-8.07406997680664,-1.0333251953125,-15.992935180664062,-8.530874073505402,26.65076446533203,0.0010800897143781185,-0.009274587035179138,-0.009274587035179138,-0.2582556387585693,26.892215426382403,-0.33214379989681886
