,Unnamed: 0,left_eyebrow_18x,left_eyebrow_18y,left_eyebrow_20x,left_eyebrow_20y,left_eyebrow_22x,left_eyebrow_22y,right_eyebrow_23x,right_eyebrow_23y,right_eyebrow_25x,right_eyebrow_25y,right_eyebrow_27x,right_eyebrow_27y,left_eye38_x,left_eye38_y,right_eye45_x,right_eye45_y,left_lip49_x,left_lip49_y,lip_center_upper52_x,lip_center_upper52_y,right_lip55_x,right_lip55_y,lip_center_lower58_x,lip_center_lower58_y,trans_x,trans_y,trans_z,rot_x,rot_y,rot_z
0,0,5.1017303466796875,-1.483169555664091,-6.1790924072265625,-7.442901611328125,-6.1192169189453125,2.6357421875,-16.439882278442383,7.562301635742216,-4.881622314453125,7.692825317382784,5.6726837158203125,10.226608276367188,3.3433837890625,-7.1241607666015625,8.55950927734375,-1.263778686523466,11.01449584960939,4.15643310546875,-12.483170077204704,5.743076324462891,1.8124923706054688,-17.346698760986328,-7.197349309921264,13.97731781005858,0.011978447088040411,-0.010824177414178848,-0.010824177414178848,-4.348583263438458,19.229096018642764,1.691122308071566
