,Unnamed: 0,left_eyebrow_18x,left_eyebrow_18y,left_eyebrow_20x,left_eyebrow_20y,left_eyebrow_22x,left_eyebrow_22y,right_eyebrow_23x,right_eyebrow_23y,right_eyebrow_25x,right_eyebrow_25y,right_eyebrow_27x,right_eyebrow_27y,left_eye38_x,left_eye38_y,right_eye45_x,right_eye45_y,left_lip49_x,left_lip49_y,lip_center_upper52_x,lip_center_upper52_y,right_lip55_x,right_lip55_y,lip_center_lower58_x,lip_center_lower58_y,trans_x,trans_y,trans_z,rot_x,rot_y,rot_z
0,0,1.943435668945341,-9.159820556640597,5.873313903808594,6.175811767578125,1.7679843902587855,15.682556152343722,-2.589609146118164,14.004257202148466,-2.866912841796861,7.561218261718722,2.59893798828125,-5.726623535156222,-0.5589370727539062,-6.3305511474609375,-1.885459899902358,-6.914093017578153,1.7761917114257812,-6.688236236572273,3.0429904460906987,0.8899612426757812,2.4407424926757812,-12.99127197265625,1.9367984533309932,15.421684265136705,0.0026197740808129306,-0.0024136006832122733,-0.0024136006832122733,8.884147443917358,-2.7260635848656665,-0.17668723253770136
