,Unnamed: 0,left_eyebrow_18x,left_eyebrow_18y,left_eyebrow_20x,left_eyebrow_20y,left_eyebrow_22x,left_eyebrow_22y,right_eyebrow_23x,right_eyebrow_23y,right_eyebrow_25x,right_eyebrow_25y,right_eyebrow_27x,right_eyebrow_27y,left_eye38_x,left_eye38_y,right_eye45_x,right_eye45_y,left_lip49_x,left_lip49_y,lip_center_upper52_x,lip_center_upper52_y,right_lip55_x,right_lip55_y,lip_center_lower58_x,lip_center_lower58_y,trans_x,trans_y,trans_z,rot_x,rot_y,rot_z
0,0,2.3748626708984375,3.202896118164091,7.172897338867202,8.020584106445341,12.229103088378906,2.366592407226591,-12.37410736083985,1.7971038818359375,-6.723228454589844,4.938400268554716,-2.0858001708984375,2.8338317871094034,-4.944068908691392,3.5523223876953125,2.3924331665039205,2.7667541503905966,7.5582122802734375,-0.5994949340820241,2.0790305137634277,-8.347087860107422,-0.24663543701171875,-0.5900382995605398,4.840509817004204,6.159645080566406,-0.0002043053827947005,0.0013886783272027987,0.0013886783272027987,-2.682745925624868,-0.9310449534285936,-0.5137505937086653
