,Unnamed: 0,left_eyebrow_18x,left_eyebrow_18y,left_eyebrow_20x,left_eyebrow_20y,left_eyebrow_22x,left_eyebrow_22y,right_eyebrow_23x,right_eyebrow_23y,right_eyebrow_25x,right_eyebrow_25y,right_eyebrow_27x,right_eyebrow_27y,left_eye38_x,left_eye38_y,right_eye45_x,right_eye45_y,left_lip49_x,left_lip49_y,lip_center_upper52_x,lip_center_upper52_y,right_lip55_x,right_lip55_y,lip_center_lower58_x,lip_center_lower58_y,trans_x,trans_y,trans_z,rot_x,rot_y,rot_z
0,0,2.7823028564453125,-20.000503540039062,5.484580993652358,7.064208984375028,-2.2581176757812464,26.976165771484375,-10.958209991455082,27.093658447265597,-13.00375366210936,13.611129760742188,-2.38775634765625,-10.948104858398438,2.3941192626953125,-1.086212158203125,5.0241012573242045,1.7080230712890625,5.765045166015625,-18.63413238525392,-11.226212978363035,21.95500755310059,15.590721130371094,-29.234130859375,-9.293543100357056,12.547256469726562,0.015004846034571528,-0.024852223694324493,-0.024852223694324493,17.955298177511125,12.297988655662497,-0.07327085311832882
