,Unnamed: 0,left_eyebrow_18x,left_eyebrow_18y,left_eyebrow_20x,left_eyebrow_20y,left_eyebrow_22x,left_eyebrow_22y,right_eyebrow_23x,right_eyebrow_23y,right_eyebrow_25x,right_eyebrow_25y,right_eyebrow_27x,right_eyebrow_27y,left_eye38_x,left_eye38_y,right_eye45_x,right_eye45_y,left_lip49_x,left_lip49_y,lip_center_upper52_x,lip_center_upper52_y,right_lip55_x,right_lip55_y,lip_center_lower58_x,lip_center_lower58_y,trans_x,trans_y,trans_z,rot_x,rot_y,rot_z
0,0,26.275772094726534,-53.050384521484375,-7.129844665527344,-11.143142700195341,-40.43449592590332,6.490631103515625,-25.235794067382805,13.439483642578153,-4.4126129150390625,8.468170166015653,7.256927490234375,4.0973358154296875,7.47662353515625,12.004028320312472,13.124580383300781,12.025314331054688,42.93089294433595,25.694412231445312,-30.075579673051838,1.4991645812988281,4.6139678955078125,-27.763591766357422,-13.049988985061646,13.361022949218764,0.021653366275131702,-0.00135122612118721,-0.00135122612118721,-0.807017435471737,43.26544098690473,-2.6392756236127037
