,Unnamed: 0,left_eyebrow_18x,left_eyebrow_18y,left_eyebrow_20x,left_eyebrow_20y,left_eyebrow_22x,left_eyebrow_22y,right_eyebrow_23x,right_eyebrow_23y,right_eyebrow_25x,right_eyebrow_25y,right_eyebrow_27x,right_eyebrow_27y,left_eye38_x,left_eye38_y,right_eye45_x,right_eye45_y,left_lip49_x,left_lip49_y,lip_center_upper52_x,lip_center_upper52_y,right_lip55_x,right_lip55_y,lip_center_lower58_x,lip_center_lower58_y,trans_x,trans_y,trans_z,rot_x,rot_y,rot_z
0,0,2.42559814453125,-7.23077392578125,-3.9457626342773438,-9.6021728515625,-11.69114875793457,17.647247314453125,-1.1495208740234375,20.18292236328122,-0.3845520019530966,-0.798583984375,1.6717529296875284,-5.4010772705078125,-3.7467269897460938,-1.0491485595703125,11.6890869140625,-0.615631103515625,7.54559326171875,-1.2481689453125,-2.0843762755393986,-0.8392963409423828,-2.4835968017577983,-14.34004974365235,-5.178176403045654,34.408424377441406,-0.004463739925995469,0.006831206381320953,0.006831206381320953,20.460434738252395,9.257665814242587,0.5112043724554196
