,Unnamed: 0,left_eyebrow_18x,left_eyebrow_18y,left_eyebrow_20x,left_eyebrow_20y,left_eyebrow_22x,left_eyebrow_22y,right_eyebrow_23x,right_eyebrow_23y,right_eyebrow_25x,right_eyebrow_25y,right_eyebrow_27x,right_eyebrow_27y,left_eye38_x,left_eye38_y,right_eye45_x,right_eye45_y,left_lip49_x,left_lip49_y,lip_center_upper52_x,lip_center_upper52_y,right_lip55_x,right_lip55_y,lip_center_lower58_x,lip_center_lower58_y,trans_x,trans_y,trans_z,rot_x,rot_y,rot_z
0,0,6.8106536865234375,-28.888015747070312,-13.640251159667969,-18.2869873046875,-27.853574752807617,18.419189453125,-3.3155517578124964,22.217666625976562,-0.3934631347655966,3.7946624755858807,1.994140625,-5.929901123046847,1.3491897583007812,2.1243896484375,12.638427734375014,2.322174072265625,23.359115600585938,8.67462158203125,-10.907534599304201,1.6470623016357422,6.766296386718764,-26.506305694580078,-11.394663572311401,37.33412170410156,0.01562877930700779,-0.020350255072116852,-0.020350255072116852,11.208906905625529,22.877407077735118,1.6653080278186232
