,Unnamed: 0,left_eyebrow_18x,left_eyebrow_18y,left_eyebrow_20x,left_eyebrow_20y,left_eyebrow_22x,left_eyebrow_22y,right_eyebrow_23x,right_eyebrow_23y,right_eyebrow_25x,right_eyebrow_25y,right_eyebrow_27x,right_eyebrow_27y,left_eye38_x,left_eye38_y,right_eye45_x,right_eye45_y,left_lip49_x,left_lip49_y,lip_center_upper52_x,lip_center_upper52_y,right_lip55_x,right_lip55_y,lip_center_lower58_x,lip_center_lower58_y,trans_x,trans_y,trans_z,rot_x,rot_y,rot_z
0,0,1.197265625,-1.1356658935546875,5.303985595703139,18.141830444335938,4.331867218017578,4.5039520263671875,-1.082855224609375,4.9261016845703125,-3.9408569335937216,15.858627319335938,-3.5726013183594034,-3.1199798583984375,-3.5057296752929688,3.2241516113280966,2.5618133544921733,0.5552825927734375,-2.470245361328111,-11.49676513671875,-0.79239721596241,-8.628597259521477,-5.292564392089844,-2.109302520751953,-2.836167991161347,15.099899291992173,0.00885103915061336,0.0005523636937141418,0.0005523636937141418,3.4053374189333807,-0.03434044752819343,7.986165168889745
