,Unnamed: 0,left_eyebrow_18x,left_eyebrow_18y,left_eyebrow_20x,left_eyebrow_20y,left_eyebrow_22x,left_eyebrow_22y,right_eyebrow_23x,right_eyebrow_23y,right_eyebrow_25x,right_eyebrow_25y,right_eyebrow_27x,right_eyebrow_27y,left_eye38_x,left_eye38_y,right_eye45_x,right_eye45_y,left_lip49_x,left_lip49_y,lip_center_upper52_x,lip_center_upper52_y,right_lip55_x,right_lip55_y,lip_center_lower58_x,lip_center_lower58_y,trans_x,trans_y,trans_z,rot_x,rot_y,rot_z
0,0,3.5408020019530966,-32.897933959960966,-5.441108703613281,0.4306793212890909,-17.800758361816406,22.309402465820312,-12.78096866607666,22.00341796875,-4.194038391113281,11.029266357421875,0.723236083984375,-3.779205322265625,5.361488342285156,-5.221817016601534,7.758979797363281,0.4459228515625,23.404747009277344,-1.8405456542968892,-19.566363811492916,30.820043563842777,15.442192077636719,-36.29220962524414,-14.425447225570679,12.321235656738281,0.03631918388418853,-0.02426077425479889,-0.02426077425479889,6.685738138440236,32.06075559448904,1.2877552575666638
