,Unnamed: 0,left_eyebrow_18x,left_eyebrow_18y,left_eyebrow_20x,left_eyebrow_20y,left_eyebrow_22x,left_eyebrow_22y,right_eyebrow_23x,right_eyebrow_23y,right_eyebrow_25x,right_eyebrow_25y,right_eyebrow_27x,right_eyebrow_27y,left_eye38_x,left_eye38_y,right_eye45_x,right_eye45_y,left_lip49_x,left_lip49_y,lip_center_upper52_x,lip_center_upper52_y,right_lip55_x,right_lip55_y,lip_center_lower58_x,lip_center_lower58_y,trans_x,trans_y,trans_z,rot_x,rot_y,rot_z
0,0,8.457107543945341,-28.428817749023466,-5.747543334960909,-1.8999176025390625,-8.992572784423828,15.842819213867188,-32.652689933776855,2.631271362304716,-5.84124755859375,9.290237426757784,3.3530120849609375,8.666717529296875,13.718086242675781,-1.751632690429716,8.706146240234375,-2.0031585693359375,26.46092987060547,23.760047912597656,-33.74537754058838,-3.940399169921868,1.2980728149414062,-23.527671813964844,-16.346502721309662,22.125991821289062,0.01538283471018076,-0.0314156673848629,-0.0314156673848629,-4.796328656413511,46.43035997172357,-0.8309213850178742
