,Unnamed: 0,left_eyebrow_18x,left_eyebrow_18y,left_eyebrow_20x,left_eyebrow_20y,left_eyebrow_22x,left_eyebrow_22y,right_eyebrow_23x,right_eyebrow_23y,right_eyebrow_25x,right_eyebrow_25y,right_eyebrow_27x,right_eyebrow_27y,left_eye38_x,left_eye38_y,right_eye45_x,right_eye45_y,left_lip49_x,left_lip49_y,lip_center_upper52_x,lip_center_upper52_y,right_lip55_x,right_lip55_y,lip_center_lower58_x,lip_center_lower58_y,trans_x,trans_y,trans_z,rot_x,rot_y,rot_z
0,0,3.7754669189453125,-6.775497436523466,1.5807342529296875,-4.1031951904296875,-2.2013702392578196,9.826858520507812,-12.784503936767578,10.400985717773438,-4.1650390625,10.008316040039062,3.7126312255859375,3.1848602294921875,1.195404052734375,-3.1389007568359375,5.5087432861328125,-1.6040191650390625,11.989326477050781,-5.93885421752929,-8.411522388458252,6.926548004150391,4.347251892089844,-21.9027099609375,-4.942817211151124,26.998245239257812,0.018631322775036097,-0.014881592243909843,-0.014881592243909843,4.2691795951964995,12.857479836473797,-0.32557367501568635
