,Unnamed: 0,left_eyebrow_18x,left_eyebrow_18y,left_eyebrow_20x,left_eyebrow_20y,left_eyebrow_22x,left_eyebrow_22y,right_eyebrow_23x,right_eyebrow_23y,right_eyebrow_25x,right_eyebrow_25y,right_eyebrow_27x,right_eyebrow_27y,left_eye38_x,left_eye38_y,right_eye45_x,right_eye45_y,left_lip49_x,left_lip49_y,lip_center_upper52_x,lip_center_upper52_y,right_lip55_x,right_lip55_y,lip_center_lower58_x,lip_center_lower58_y,trans_x,trans_y,trans_z,rot_x,rot_y,rot_z
0,0,7.896759033203153,-21.995376586914006,-2.136474609375,-0.7872772216796875,-8.352729797363281,7.216522216796875,-16.555770874023438,9.84210205078125,-9.0902099609375,16.501739501953125,1.698928833007784,-6.3671112060546875,6.7144699096679545,6.256225585937528,5.691978454589844,7.887512207031222,16.71802520751953,5.7494277954101705,-14.66873359680176,-0.7223663330078054,6.212059020996108,-20.94876480102539,-12.562931656837463,11.403266906738281,0.009024738799780607,-0.00803770124912262,-0.00803770124912262,8.718184908305808,23.22974739410631,0.8452646857361878
