,Unnamed: 0,left_eyebrow_18x,left_eyebrow_18y,left_eyebrow_20x,left_eyebrow_20y,left_eyebrow_22x,left_eyebrow_22y,right_eyebrow_23x,right_eyebrow_23y,right_eyebrow_25x,right_eyebrow_25y,right_eyebrow_27x,right_eyebrow_27y,left_eye38_x,left_eye38_y,right_eye45_x,right_eye45_y,left_lip49_x,left_lip49_y,lip_center_upper52_x,lip_center_upper52_y,right_lip55_x,right_lip55_y,lip_center_lower58_x,lip_center_lower58_y,trans_x,trans_y,trans_z,rot_x,rot_y,rot_z
0,0,26.411788940429688,-12.113494873046847,-1.878692626953125,-7.488784790039091,-18.267587661743164,-9.499481201171875,-17.384941101074222,-15.382263183593778,9.170547485351562,8.329925537109375,6.623550415039091,18.261581420898466,12.808631896972656,4.5833740234375,2.7641830444335795,1.41363525390625,18.94103240966797,17.24525070190429,-43.75062668323517,9.066749572753906,11.883193969726562,-25.685417175292976,-23.92881405353546,8.971206665039077,0.011571526469197124,-0.008253917098045349,-0.008253917098045349,-3.932118559799949,45.90218204798025,-6.2281026834468145
