,Unnamed: 0,left_eyebrow_18x,left_eyebrow_18y,left_eyebrow_20x,left_eyebrow_20y,left_eyebrow_22x,left_eyebrow_22y,right_eyebrow_23x,right_eyebrow_23y,right_eyebrow_25x,right_eyebrow_25y,right_eyebrow_27x,right_eyebrow_27y,left_eye38_x,left_eye38_y,right_eye45_x,right_eye45_y,left_lip49_x,left_lip49_y,lip_center_upper52_x,lip_center_upper52_y,right_lip55_x,right_lip55_y,lip_center_lower58_x,lip_center_lower58_y,trans_x,trans_y,trans_z,rot_x,rot_y,rot_z
0,0,32.099822998046875,-32.04608154296875,-24.529701232910156,-10.438446044921932,-49.55440711975098,-0.10865783691403408,-18.094157218933105,11.109909057617188,-2.0651702880859375,15.390808105468665,6.105728149414091,7.9827880859375,15.158279418945312,12.78631591796875,12.542671203613295,11.899993896484375,29.353179931640625,17.40599822998047,-28.459738731384277,7.740167617797852,14.16178131103517,-39.096076965332045,-16.181559324264526,30.646774291992188,0.03953501768410206,-0.021054282784461975,-0.021054282784461975,4.430138936665199,43.35113033378816,0.3066637937027634
