,Unnamed: 0,left_eyebrow_18x,left_eyebrow_18y,left_eyebrow_20x,left_eyebrow_20y,left_eyebrow_22x,left_eyebrow_22y,right_eyebrow_23x,right_eyebrow_23y,right_eyebrow_25x,right_eyebrow_25y,right_eyebrow_27x,right_eyebrow_27y,left_eye38_x,left_eye38_y,right_eye45_x,right_eye45_y,left_lip49_x,left_lip49_y,lip_center_upper52_x,lip_center_upper52_y,right_lip55_x,right_lip55_y,lip_center_lower58_x,lip_center_lower58_y,trans_x,trans_y,trans_z,rot_x,rot_y,rot_z
0,0,19.779922485351562,-49.89425659179685,0.6749420166015909,-13.392059326171847,-19.956794738769524,11.3876953125,-39.3834593296051,10.135101318359375,-11.671737670898438,13.412994384765625,3.028717041015625,-6.12835693359375,19.511756896972656,12.493209838867188,10.009056091308594,14.869232177734347,46.679752349853516,15.979148864746108,-28.687117576599125,10.940013885498054,3.772483825683608,-29.95893478393554,-20.404781937599182,23.46570587158203,0.031152937095612288,0.005373060703277588,0.005373060703277588,13.219198847864522,40.523197638987504,4.894480534043669
