,Unnamed: 0,left_eyebrow_18x,left_eyebrow_18y,left_eyebrow_20x,left_eyebrow_20y,left_eyebrow_22x,left_eyebrow_22y,right_eyebrow_23x,right_eyebrow_23y,right_eyebrow_25x,right_eyebrow_25y,right_eyebrow_27x,right_eyebrow_27y,left_eye38_x,left_eye38_y,right_eye45_x,right_eye45_y,left_lip49_x,left_lip49_y,lip_center_upper52_x,lip_center_upper52_y,right_lip55_x,right_lip55_y,lip_center_lower58_x,lip_center_lower58_y,trans_x,trans_y,trans_z,rot_x,rot_y,rot_z
0,0,-0.6198120117187216,0.59527587890625,-4.553298950195284,-6.6454925537109375,-3.6015586853027344,5.286392211914006,5.03404617309571,3.1011657714843466,4.4596405029296875,-9.075454711914062,1.4118957519530966,0.4373321533203125,-3.8193435668945455,-1.7285308837890625,2.8078842163085795,-1.309249877929716,7.451576232910156,-2.1956214904785156,2.9008598923683167,-10.799581527709957,-6.658615112304673,-1.2791252136230469,4.042310357093811,14.567993164062472,0.0015628378459950911,0.0010636858642101288,0.0010636858642101288,-4.183291919932694,-1.1848877730348515,1.4506602957805512
