,Unnamed: 0,left_eyebrow_18x,left_eyebrow_18y,left_eyebrow_20x,left_eyebrow_20y,left_eyebrow_22x,left_eyebrow_22y,right_eyebrow_23x,right_eyebrow_23y,right_eyebrow_25x,right_eyebrow_25y,right_eyebrow_27x,right_eyebrow_27y,left_eye38_x,left_eye38_y,right_eye45_x,right_eye45_y,left_lip49_x,left_lip49_y,lip_center_upper52_x,lip_center_upper52_y,right_lip55_x,right_lip55_y,lip_center_lower58_x,lip_center_lower58_y,trans_x,trans_y,trans_z,rot_x,rot_y,rot_z
0,0,5.806106567382841,-21.51454162597659,-6.050018310546875,-11.045623779296847,-11.563716888427741,8.707565307617188,-33.3093318939209,9.9893798828125,-4.93914794921875,7.7335052490234375,5.341766357421903,8.483444213867188,12.1282958984375,-5.9684600830078125,7.941749572753906,-0.1151275634765625,30.706920623779297,8.449588775634766,-19.043806076049805,13.616649627685547,7.96514892578125,-31.44383430480957,-9.283124446868896,23.780906677246094,0.02281616488471627,-0.009578287601470954,-0.009578287601470954,4.271985679798689,30.813005581268996,1.0131671873870793
