,Unnamed: 0,left_eyebrow_18x,left_eyebrow_18y,left_eyebrow_20x,left_eyebrow_20y,left_eyebrow_22x,left_eyebrow_22y,right_eyebrow_23x,right_eyebrow_23y,right_eyebrow_25x,right_eyebrow_25y,right_eyebrow_27x,right_eyebrow_27y,left_eye38_x,left_eye38_y,right_eye45_x,right_eye45_y,left_lip49_x,left_lip49_y,lip_center_upper52_x,lip_center_upper52_y,right_lip55_x,right_lip55_y,lip_center_lower58_x,lip_center_lower58_y,trans_x,trans_y,trans_z,rot_x,rot_y,rot_z
0,0,6.422409057617159,-13.081069946289062,2.230361938476591,13.565643310546875,-4.721954345703125,9.561004638671847,-13.204030990600586,9.725082397460909,-6.309631347656222,24.2637939453125,-0.04579162597659092,-0.17877197265627842,1.76690673828125,2.4288330078124716,9.614959716796875,1.9295501708984375,8.759765625,1.4014015197753906,-17.485484719276428,-6.81938171386718,-0.042633056640625,-15.32244873046875,-13.225115716457369,16.91079711914061,0.009462052883463913,-0.020618312060832977,-0.020618312060832977,2.3948491409123696,29.265664647673606,7.101648903793411
