,Unnamed: 0,left_eyebrow_18x,left_eyebrow_18y,left_eyebrow_20x,left_eyebrow_20y,left_eyebrow_22x,left_eyebrow_22y,right_eyebrow_23x,right_eyebrow_23y,right_eyebrow_25x,right_eyebrow_25y,right_eyebrow_27x,right_eyebrow_27y,left_eye38_x,left_eye38_y,right_eye45_x,right_eye45_y,left_lip49_x,left_lip49_y,lip_center_upper52_x,lip_center_upper52_y,right_lip55_x,right_lip55_y,lip_center_lower58_x,lip_center_lower58_y,trans_x,trans_y,trans_z,rot_x,rot_y,rot_z
0,0,1.034576416015625,8.933258056640625,-2.6208343505859375,-2.6744689941406534,-0.13010406494140625,-5.4341278076171875,-0.7939624786376989,-12.922409057617188,3.4494171142578267,-2.0973052978515625,-0.15051269531247158,9.870452880859403,3.8203811645507955,-3.181884765625,0.876838684082017,-2.622833251953125,-3.5522079467773438,-2.8380699157714915,-2.7182525396347046,-0.11930465698242188,3.2597427368164062,-6.4864654541015625,-1.7211300134658813,7.61114501953125,-0.010936801380012184,-0.004095017910003662,-0.004095017910003662,-4.563576256614218,7.114797582455687,-6.059548237873528
