,Unnamed: 0,left_eyebrow_18x,left_eyebrow_18y,left_eyebrow_20x,left_eyebrow_20y,left_eyebrow_22x,left_eyebrow_22y,right_eyebrow_23x,right_eyebrow_23y,right_eyebrow_25x,right_eyebrow_25y,right_eyebrow_27x,right_eyebrow_27y,left_eye38_x,left_eye38_y,right_eye45_x,right_eye45_y,left_lip49_x,left_lip49_y,lip_center_upper52_x,lip_center_upper52_y,right_lip55_x,right_lip55_y,lip_center_lower58_x,lip_center_lower58_y,trans_x,trans_y,trans_z,rot_x,rot_y,rot_z
0,0,13.966796875,-14.135101318359375,0.0888671875,1.2350311279296875,-11.154739379882805,12.498779296875,-16.5683536529541,13.522735595703125,-8.723167419433594,14.276519775390597,0.4857177734374716,3.5234375,2.4382171630859375,-6.2488250732421875,3.8337783813476562,0.4661865234375,10.267593383789062,7.882339477539055,-16.899317264556885,0.4892120361328125,5.4791336059570455,-12.830028533935547,-10.047896444797516,2.8573837280273438,0.005278855562210083,-0.01399213820695877,-0.01399213820695877,0.8112577169809985,22.727024255325297,-0.6336555968573965
