,Unnamed: 0,left_eyebrow_18x,left_eyebrow_18y,left_eyebrow_20x,left_eyebrow_20y,left_eyebrow_22x,left_eyebrow_22y,right_eyebrow_23x,right_eyebrow_23y,right_eyebrow_25x,right_eyebrow_25y,right_eyebrow_27x,right_eyebrow_27y,left_eye38_x,left_eye38_y,right_eye45_x,right_eye45_y,left_lip49_x,left_lip49_y,lip_center_upper52_x,lip_center_upper52_y,right_lip55_x,right_lip55_y,lip_center_lower58_x,lip_center_lower58_y,trans_x,trans_y,trans_z,rot_x,rot_y,rot_z
0,0,-1.6422119140625,-2.1569976806640057,9.489624023437557,2.505722045898409,12.781051635742188,15.037841796875028,-2.6622390747070384,15.513900756835938,-7.016204833984347,2.289581298828125,-5.3944854736328125,-8.926132202148466,2.1183090209960938,-16.725799560546875,-6.126747131347656,-20.63916015625003,-21.1707763671875,-15.453807830810554,-4.649798393249512,12.46178817749023,6.878074645996094,-5.341823577880852,-4.438155770301819,33.168151855468736,0.002763682976365091,0.006320553831756115,0.006320553831756115,18.195726922800283,0.04407072290702274,-1.5943970344064913
