,Unnamed: 0,left_eyebrow_18x,left_eyebrow_18y,left_eyebrow_20x,left_eyebrow_20y,left_eyebrow_22x,left_eyebrow_22y,right_eyebrow_23x,right_eyebrow_23y,right_eyebrow_25x,right_eyebrow_25y,right_eyebrow_27x,right_eyebrow_27y,left_eye38_x,left_eye38_y,right_eye45_x,right_eye45_y,left_lip49_x,left_lip49_y,lip_center_upper52_x,lip_center_upper52_y,right_lip55_x,right_lip55_y,lip_center_lower58_x,lip_center_lower58_y,trans_x,trans_y,trans_z,rot_x,rot_y,rot_z
0,0,-4.2638397216796875,-2.1204833984375,-0.6676483154296591,4.9233856201171875,-0.5512123107910085,11.107040405273438,-1.3801193237304688,10.958694458007784,-1.4267959594726562,1.7297973632812784,2.2351379394530966,-1.9780731201171875,0.6922988891601705,-7.7621612548828125,1.9317321777343608,-6.705734252929716,6.3880767822265625,-7.782390594482422,-5.036876916885376,-3.4321060180664134,-3.7075042724609233,-8.2777099609375,-2.862446427345276,14.79514312744142,-0.003894959692843259,-0.00023750541731715202,-0.00023750541731715202,5.935055725634652,2.480225822339495,1.0913303880663634
