,Unnamed: 0,left_eyebrow_18x,left_eyebrow_18y,left_eyebrow_20x,left_eyebrow_20y,left_eyebrow_22x,left_eyebrow_22y,right_eyebrow_23x,right_eyebrow_23y,right_eyebrow_25x,right_eyebrow_25y,right_eyebrow_27x,right_eyebrow_27y,left_eye38_x,left_eye38_y,right_eye45_x,right_eye45_y,left_lip49_x,left_lip49_y,lip_center_upper52_x,lip_center_upper52_y,right_lip55_x,right_lip55_y,lip_center_lower58_x,lip_center_lower58_y,trans_x,trans_y,trans_z,rot_x,rot_y,rot_z
0,0,28.78326416015625,-40.27685546875,0.4768829345702841,-1.0343322753905966,-24.05379867553711,8.562484741210938,-30.740438818931583,0.7473754882812784,-9.774322509765653,7.84942626953125,-0.12322998046875,-4.469345092773466,17.69906616210936,6.6251373291015625,7.470474243164034,10.940994262695312,38.17822647094727,8.160140991210938,-50.99298357963562,10.642230987548828,10.549568176269545,-19.709800720214844,-27.49984383583069,19.880989074707017,0.01933664712123573,-0.002494819462299354,-0.002494819462299354,-0.4257473492288367,43.01831322609284,5.777156067352587
