,Unnamed: 0,left_eyebrow_18x,left_eyebrow_18y,left_eyebrow_20x,left_eyebrow_20y,left_eyebrow_22x,left_eyebrow_22y,right_eyebrow_23x,right_eyebrow_23y,right_eyebrow_25x,right_eyebrow_25y,right_eyebrow_27x,right_eyebrow_27y,left_eye38_x,left_eye38_y,right_eye45_x,right_eye45_y,left_lip49_x,left_lip49_y,lip_center_upper52_x,lip_center_upper52_y,right_lip55_x,right_lip55_y,lip_center_lower58_x,lip_center_lower58_y,trans_x,trans_y,trans_z,rot_x,rot_y,rot_z
0,0,42.53912353515625,-39.60052490234369,0.9302062988281534,-11.151275634765653,-33.53276062011719,5.5590667724609375,-51.11582565307618,7.108795166015597,-12.983985900878906,5.6519317626953125,10.33197021484375,8.782470703125057,21.44129180908203,-2.932846069335909,3.547332763671875,4.726104736328125,38.677448272705064,15.587020874023438,-27.52697122097015,-0.5088157653808665,21.057708740234375,-22.45673561096191,-12.289235711097717,14.184677124023438,0.003948717378079891,-0.004528883844614029,-0.004528883844614029,6.174875277993259,60.17593859135406,3.051857383280624
