,Unnamed: 0,left_eyebrow_18x,left_eyebrow_18y,left_eyebrow_20x,left_eyebrow_20y,left_eyebrow_22x,left_eyebrow_22y,right_eyebrow_23x,right_eyebrow_23y,right_eyebrow_25x,right_eyebrow_25y,right_eyebrow_27x,right_eyebrow_27y,left_eye38_x,left_eye38_y,right_eye45_x,right_eye45_y,left_lip49_x,left_lip49_y,lip_center_upper52_x,lip_center_upper52_y,right_lip55_x,right_lip55_y,lip_center_lower58_x,lip_center_lower58_y,trans_x,trans_y,trans_z,rot_x,rot_y,rot_z
0,0,2.2347869873046875,-10.025588989257784,8.401611328125,-0.8775024414062784,3.8653488159179688,15.080657958984375,-16.065711975097663,19.999282836914062,-16.045616149902344,13.3797607421875,-1.144210815429716,-6.144195556640597,10.09112548828125,-18.76660156249997,0.542152404785142,-15.18243408203125,-10.759963989257812,-7.13050460815429,-15.685920238494873,10.627660751342773,13.164314270019531,-16.66071319580078,-13.722584247589111,35.550384521484375,0.007497971877455717,-0.015108696185052395,-0.015108696185052395,16.563163286168685,18.352913899411995,-1.3216460400471766
