,Unnamed: 0,left_eyebrow_18x,left_eyebrow_18y,left_eyebrow_20x,left_eyebrow_20y,left_eyebrow_22x,left_eyebrow_22y,right_eyebrow_23x,right_eyebrow_23y,right_eyebrow_25x,right_eyebrow_25y,right_eyebrow_27x,right_eyebrow_27y,left_eye38_x,left_eye38_y,right_eye45_x,right_eye45_y,left_lip49_x,left_lip49_y,lip_center_upper52_x,lip_center_upper52_y,right_lip55_x,right_lip55_y,lip_center_lower58_x,lip_center_lower58_y,trans_x,trans_y,trans_z,rot_x,rot_y,rot_z
0,0,-7.411117553710966,2.179885864257841,3.220100402832003,2.89227294921875,8.636003494262695,4.144058227539034,-1.6167545318603551,-4.097412109374972,-2.5482330322265767,-1.752685546875,-3.0155334472656534,-1.284622192382841,1.7487106323241903,5.2451324462890625,3.4276351928710795,4.944564819335966,6.927978515625,-11.571491241455078,-8.973809957504272,-11.444272994995114,-0.4133453369140625,2.499408721923828,-11.702975511550902,11.367240905761719,-0.003456547623500228,-0.0007943958044051916,-0.0007943958044051916,-1.9013554064780704,4.643503365136768,-0.15686721242868806
