,Unnamed: 0,left_eyebrow_18x,left_eyebrow_18y,left_eyebrow_20x,left_eyebrow_20y,left_eyebrow_22x,left_eyebrow_22y,right_eyebrow_23x,right_eyebrow_23y,right_eyebrow_25x,right_eyebrow_25y,right_eyebrow_27x,right_eyebrow_27y,left_eye38_x,left_eye38_y,right_eye45_x,right_eye45_y,left_lip49_x,left_lip49_y,lip_center_upper52_x,lip_center_upper52_y,right_lip55_x,right_lip55_y,lip_center_lower58_x,lip_center_lower58_y,trans_x,trans_y,trans_z,rot_x,rot_y,rot_z
0,0,30.079833984375,-26.926422119140625,-0.097137451171875,-4.760131835937443,-19.93632507324218,11.144546508789062,-29.021161556243896,12.460342407226534,-6.435218811035156,7.557205200195369,9.879745483398409,9.224395751953125,9.652351379394545,-4.131927490234347,2.694885253906236,-1.418609619140625,37.63221359252931,17.115398406982422,-35.93411660194397,1.3794517517089773,7.429763793945327,-23.46697998046875,-16.78166401386261,13.880622863769545,0.036282459390349686,-0.01435905136168003,-0.01435905136168003,-4.039431257510269,33.82190843869732,2.902111106204015
