,Unnamed: 0,left_eyebrow_18x,left_eyebrow_18y,left_eyebrow_20x,left_eyebrow_20y,left_eyebrow_22x,left_eyebrow_22y,right_eyebrow_23x,right_eyebrow_23y,right_eyebrow_25x,right_eyebrow_25y,right_eyebrow_27x,right_eyebrow_27y,left_eye38_x,left_eye38_y,right_eye45_x,right_eye45_y,left_lip49_x,left_lip49_y,lip_center_upper52_x,lip_center_upper52_y,right_lip55_x,right_lip55_y,lip_center_lower58_x,lip_center_lower58_y,trans_x,trans_y,trans_z,rot_x,rot_y,rot_z
0,0,15.748458862304688,-22.76567077636716,-0.5264892578124432,-5.080001831054716,-11.407787322998054,15.311096191406222,-33.02036857604981,20.892013549804688,-16.451812744140625,19.06787109375,-0.03614807128909092,0.0688629150390625,16.10223388671875,-17.3385009765625,4.813446044921861,-10.40655517578125,3.1880722045898438,2.9960403442382812,-28.03575611114502,14.346418380737308,22.021644592285156,-27.147388458251953,-17.358671188354492,32.3390350341797,0.02722466178238392,-0.004514881758950651,-0.004514881758950651,13.9544515413789,38.03413980418947,1.3808055661939176
