,Unnamed: 0,left_eyebrow_18x,left_eyebrow_18y,left_eyebrow_20x,left_eyebrow_20y,left_eyebrow_22x,left_eyebrow_22y,right_eyebrow_23x,right_eyebrow_23y,right_eyebrow_25x,right_eyebrow_25y,right_eyebrow_27x,right_eyebrow_27y,left_eye38_x,left_eye38_y,right_eye45_x,right_eye45_y,left_lip49_x,left_lip49_y,lip_center_upper52_x,lip_center_upper52_y,right_lip55_x,right_lip55_y,lip_center_lower58_x,lip_center_lower58_y,trans_x,trans_y,trans_z,rot_x,rot_y,rot_z
0,0,-1.8121643066405966,-3.660827636718807,-8.005882263183594,-6.619705200195341,-5.120391845703125,3.428375244140625,-19.470184326171875,3.5408172607421875,-4.005073547363281,5.860992431640653,6.2230987548828125,8.348068237304688,5.744781494140625,-0.22616577148440342,8.73000335693358,3.4577178955078125,21.75969696044922,3.8106765747070312,-7.871127665042877,-19.848489761352536,2.854530334472642,-14.136165618896477,-5.42739099264145,26.93549346923828,0.029809867031872276,0.03317315224558115,0.03317315224558115,-1.092665819164944,21.393002345909963,-0.20770758268439649
