,Unnamed: 0,left_eyebrow_18x,left_eyebrow_18y,left_eyebrow_20x,left_eyebrow_20y,left_eyebrow_22x,left_eyebrow_22y,right_eyebrow_23x,right_eyebrow_23y,right_eyebrow_25x,right_eyebrow_25y,right_eyebrow_27x,right_eyebrow_27y,left_eye38_x,left_eye38_y,right_eye45_x,right_eye45_y,left_lip49_x,left_lip49_y,lip_center_upper52_x,lip_center_upper52_y,right_lip55_x,right_lip55_y,lip_center_lower58_x,lip_center_lower58_y,trans_x,trans_y,trans_z,rot_x,rot_y,rot_z
0,0,27.14373779296875,-24.602157592773438,-14.689682006835966,-20.716262817382812,-20.71324920654296,11.580810546874943,-33.67889714241028,9.672668457031278,-14.1180419921875,5.092193603515653,-0.3183441162109659,6.62872314453125,13.194755554199219,-9.273452758789062,9.546447753906236,-5.2999420166015625,32.092308044433594,17.022464752197266,-34.1211583018303,12.56650161743164,7.448356628417969,-21.264122009277337,-15.004081010818481,36.7322235107422,0.02127002039924264,-0.005950773134827617,-0.005950773134827617,0.9726418030932829,45.051590304979534,0.3208110364880288
