,Unnamed: 0,left_eyebrow_18x,left_eyebrow_18y,left_eyebrow_20x,left_eyebrow_20y,left_eyebrow_22x,left_eyebrow_22y,right_eyebrow_23x,right_eyebrow_23y,right_eyebrow_25x,right_eyebrow_25y,right_eyebrow_27x,right_eyebrow_27y,left_eye38_x,left_eye38_y,right_eye45_x,right_eye45_y,left_lip49_x,left_lip49_y,lip_center_upper52_x,lip_center_upper52_y,right_lip55_x,right_lip55_y,lip_center_lower58_x,lip_center_lower58_y,trans_x,trans_y,trans_z,rot_x,rot_y,rot_z
0,0,-3.7737426757812216,1.6437683105468466,-0.3084259033203125,2.519454956054659,3.9309444427490234,4.8933258056640625,-10.083389282226562,6.3837738037109375,-4.9439239501953125,6.047805786132841,4.3761749267578125,3.424484252929716,-0.48088836669921875,0.8939514160155966,4.581047058105469,1.35272216796875,14.368515014648438,-3.8947181701660156,-1.0426668524742126,-13.324230194091797,-6.684532165527358,-7.643096923828132,-1.4285089373588562,16.24658203125,0.024153430946171284,0.02603084081783891,0.02603084081783891,1.8267351455459933,4.8988659138565165,-1.4233164826777531
