,Unnamed: 0,left_eyebrow_18x,left_eyebrow_18y,left_eyebrow_20x,left_eyebrow_20y,left_eyebrow_22x,left_eyebrow_22y,right_eyebrow_23x,right_eyebrow_23y,right_eyebrow_25x,right_eyebrow_25y,right_eyebrow_27x,right_eyebrow_27y,left_eye38_x,left_eye38_y,right_eye45_x,right_eye45_y,left_lip49_x,left_lip49_y,lip_center_upper52_x,lip_center_upper52_y,right_lip55_x,right_lip55_y,lip_center_lower58_x,lip_center_lower58_y,trans_x,trans_y,trans_z,rot_x,rot_y,rot_z
0,0,-2.9619140625,-1.0529174804687216,3.7915344238280824,8.6146240234375,5.343278884887692,7.903717041015597,-11.10029220581055,9.147125244140625,-6.200859069824176,11.89630126953125,1.8858947753905966,0.9090118408202841,4.148063659667969,-5.618179321289034,3.113037109375,-5.948486328124972,9.69834136962892,-3.6735496520996094,-2.4711849689483643,-10.891109466552734,-7.492156982421875,-5.575923919677734,-2.44522961974144,13.82778930664064,0.017440300085581836,0.03241523168981075,0.03241523168981075,4.1477058068426,10.807422056969378,0.2853632260180341
