,Unnamed: 0,left_eyebrow_18x,left_eyebrow_18y,left_eyebrow_20x,left_eyebrow_20y,left_eyebrow_22x,left_eyebrow_22y,right_eyebrow_23x,right_eyebrow_23y,right_eyebrow_25x,right_eyebrow_25y,right_eyebrow_27x,right_eyebrow_27y,left_eye38_x,left_eye38_y,right_eye45_x,right_eye45_y,left_lip49_x,left_lip49_y,lip_center_upper52_x,lip_center_upper52_y,right_lip55_x,right_lip55_y,lip_center_lower58_x,lip_center_lower58_y,trans_x,trans_y,trans_z,rot_x,rot_y,rot_z
0,0,11.666046142578153,-7.00958251953125,-7.221115112304716,-12.6661376953125,-15.433059692382805,-3.996963500976591,-17.045427322387695,-4.072265625,0.9605560302734375,-1.653274536132784,0.7517547607421875,14.161041259765653,9.798149108886719,-9.631423950195312,11.920616149902358,-1.8093109130859375,22.436683654785156,3.169910430908203,-14.39143180847168,-1.5518379211425852,17.775039672851562,-18.084552764892575,-10.311370372772217,7.850807189941406,-0.005857826326973736,0.011818356812000275,0.011818356812000275,-1.4607145459975817,31.62349335705338,2.7971083301320974
