,Unnamed: 0,left_eyebrow_18x,left_eyebrow_18y,left_eyebrow_20x,left_eyebrow_20y,left_eyebrow_22x,left_eyebrow_22y,right_eyebrow_23x,right_eyebrow_23y,right_eyebrow_25x,right_eyebrow_25y,right_eyebrow_27x,right_eyebrow_27y,left_eye38_x,left_eye38_y,right_eye45_x,right_eye45_y,left_lip49_x,left_lip49_y,lip_center_upper52_x,lip_center_upper52_y,right_lip55_x,right_lip55_y,lip_center_lower58_x,lip_center_lower58_y,trans_x,trans_y,trans_z,rot_x,rot_y,rot_z
0,0,8.392150878906278,-18.506088256835938,-9.71063232421875,-2.12823486328125,-16.700132369995114,8.661605834960938,-15.642962455749512,7.4466552734375,-4.056869506835909,10.7960205078125,0.590240478515625,2.1666870117187216,6.463554382324233,4.148101806640625,9.110725402832045,4.3865814208984375,14.916252136230469,14.342681884765625,-17.109344512224194,4.886417388916005,7.618156433105469,-19.76371383666993,-10.927696704864502,7.5481033325195455,0.010432155802845955,-0.012691207230091095,-0.012691207230091095,-1.600270988560749,24.2432148874446,-3.1711883289676033
