,Unnamed: 0,left_eyebrow_18x,left_eyebrow_18y,left_eyebrow_20x,left_eyebrow_20y,left_eyebrow_22x,left_eyebrow_22y,right_eyebrow_23x,right_eyebrow_23y,right_eyebrow_25x,right_eyebrow_25y,right_eyebrow_27x,right_eyebrow_27y,left_eye38_x,left_eye38_y,right_eye45_x,right_eye45_y,left_lip49_x,left_lip49_y,lip_center_upper52_x,lip_center_upper52_y,right_lip55_x,right_lip55_y,lip_center_lower58_x,lip_center_lower58_y,trans_x,trans_y,trans_z,rot_x,rot_y,rot_z
0,0,13.325637817382812,-30.82527160644534,-13.585571289062472,-18.09259033203125,-16.711692810058587,2.822708129882841,-26.008838653564453,-4.927444458007841,-2.419265747070284,5.951141357421875,0.175201416015625,8.669174194335909,8.265144348144531,7.4299468994140625,9.515815734863281,4.5976104736328125,33.20229339599607,11.98062515258789,-24.007753372192386,-3.33770751953125,10.410804748535142,-32.28611183166504,-10.119904041290283,23.650085449218764,0.023657359648495913,0.006829742342233665,0.006829742342233665,-5.874828661014863,35.74973361516931,-4.859544724622601
