,Unnamed: 0,left_eyebrow_18x,left_eyebrow_18y,left_eyebrow_20x,left_eyebrow_20y,left_eyebrow_22x,left_eyebrow_22y,right_eyebrow_23x,right_eyebrow_23y,right_eyebrow_25x,right_eyebrow_25y,right_eyebrow_27x,right_eyebrow_27y,left_eye38_x,left_eye38_y,right_eye45_x,right_eye45_y,left_lip49_x,left_lip49_y,lip_center_upper52_x,lip_center_upper52_y,right_lip55_x,right_lip55_y,lip_center_lower58_x,lip_center_lower58_y,trans_x,trans_y,trans_z,rot_x,rot_y,rot_z
0,0,22.343215942382812,-36.62014770507815,22.65143585205078,17.582855224609403,-0.35706329345702414,27.80316162109378,-25.132336616516106,20.794692993164034,-9.89364624023436,22.892929077148438,7.7062835693359375,-5.820922851562472,12.981781005859375,6.6281585693359375,4.8727874755859375,2.98583984375,34.668663024902344,26.545783996582017,-22.390807658433914,5.816108703613281,-0.2373199462890625,-5.832141876220703,-20.28754910826683,0.57977294921875,0.017288174742134288,-0.002150706946849823,-0.002150706946849823,1.7177539837981768,41.48546681001167,5.343041028238089
