,Unnamed: 0,left_eyebrow_18x,left_eyebrow_18y,left_eyebrow_20x,left_eyebrow_20y,left_eyebrow_22x,left_eyebrow_22y,right_eyebrow_23x,right_eyebrow_23y,right_eyebrow_25x,right_eyebrow_25y,right_eyebrow_27x,right_eyebrow_27y,left_eye38_x,left_eye38_y,right_eye45_x,right_eye45_y,left_lip49_x,left_lip49_y,lip_center_upper52_x,lip_center_upper52_y,right_lip55_x,right_lip55_y,lip_center_lower58_x,lip_center_lower58_y,trans_x,trans_y,trans_z,rot_x,rot_y,rot_z
0,0,-3.1053466796875,4.179168701171903,-4.8945465087890625,2.8753356933593466,2.124858856201172,4.3108978271484375,-3.856884002685547,5.821044921875,-3.064651489257784,3.781600952148409,1.249603271484375,3.208648681640682,3.2208251953125,-4.999633789062528,0.09184265136720171,-4.084686279296875,1.0133209228515625,-1.4256210327148438,0.2987958788871765,-18.65597152709961,-0.464935302734375,1.5465354919433523,0.0750206708908081,10.647483825683594,-0.006395382806658745,0.006056744605302811,0.006056744605302811,0.9351358757518407,4.582602480890765,-1.4793277754683598
