,Unnamed: 0,left_eyebrow_18x,left_eyebrow_18y,left_eyebrow_20x,left_eyebrow_20y,left_eyebrow_22x,left_eyebrow_22y,right_eyebrow_23x,right_eyebrow_23y,right_eyebrow_25x,right_eyebrow_25y,right_eyebrow_27x,right_eyebrow_27y,left_eye38_x,left_eye38_y,right_eye45_x,right_eye45_y,left_lip49_x,left_lip49_y,lip_center_upper52_x,lip_center_upper52_y,right_lip55_x,right_lip55_y,lip_center_lower58_x,lip_center_lower58_y,trans_x,trans_y,trans_z,rot_x,rot_y,rot_z
0,0,-2.6716613769531534,-4.242172241210909,4.057830810546875,6.6703643798828125,4.692211151123047,14.593826293945284,0.172943115234375,16.23114013671875,-0.16220092773434658,6.840972900390625,4.313522338867159,-4.583419799804659,-0.8039016723632812,-7.7082366943359375,-0.0296478271484375,-8.304122924804659,5.1344223022460795,-3.568828582763672,0.9951727390289311,-7.887838363647461,-7.262046813964844,-3.8184280395507812,1.6721242666244507,27.285263061523438,0.004866157891228795,0.0013356804847717285,0.0013356804847717285,8.686561925710095,-5.232224714325909,0.7047715276147967
