,Unnamed: 0,left_eyebrow_18x,left_eyebrow_18y,left_eyebrow_20x,left_eyebrow_20y,left_eyebrow_22x,left_eyebrow_22y,right_eyebrow_23x,right_eyebrow_23y,right_eyebrow_25x,right_eyebrow_25y,right_eyebrow_27x,right_eyebrow_27y,left_eye38_x,left_eye38_y,right_eye45_x,right_eye45_y,left_lip49_x,left_lip49_y,lip_center_upper52_x,lip_center_upper52_y,right_lip55_x,right_lip55_y,lip_center_lower58_x,lip_center_lower58_y,trans_x,trans_y,trans_z,rot_x,rot_y,rot_z
0,0,4.995742797851591,-9.517517089843722,-10.508392333984375,-3.3726959228515625,-12.322105407714844,1.2613983154296875,-16.276189804077156,2.852569580078125,-7.368316650390568,10.014129638671875,-0.23043823242190342,5.9462432861328125,10.041465759277344,-3.511245727539091,6.127494812011719,1.0631866455078125,7.671272277832031,13.619613647460938,-12.114301025867462,-11.023387908935547,10.564804077148438,-14.516918182373054,-5.8239714205265045,8.75616455078125,-0.0005531171336770058,0.00509658083319664,0.00509658083319664,-0.1301416445319603,24.695774786008883,-3.0612379031109795
