,Unnamed: 0,left_eyebrow_18x,left_eyebrow_18y,left_eyebrow_20x,left_eyebrow_20y,left_eyebrow_22x,left_eyebrow_22y,right_eyebrow_23x,right_eyebrow_23y,right_eyebrow_25x,right_eyebrow_25y,right_eyebrow_27x,right_eyebrow_27y,left_eye38_x,left_eye38_y,right_eye45_x,right_eye45_y,left_lip49_x,left_lip49_y,lip_center_upper52_x,lip_center_upper52_y,right_lip55_x,right_lip55_y,lip_center_lower58_x,lip_center_lower58_y,trans_x,trans_y,trans_z,rot_x,rot_y,rot_z
0,0,46.79945373535159,-27.657501220703125,-4.707458496093778,-23.328781127929688,-32.12118911743164,-9.040908813476591,-45.79468011856079,-10.452224731445312,-6.3642807006835795,-5.538314819335909,4.7384796142578125,19.199447631835938,19.374053955078125,-10.163619995117188,9.51943969726564,0.38421630859375,31.941082000732415,23.00497436523436,-26.62847328186035,5.615261077880859,20.443000793457045,-16.19253349304199,-13.779345035552977,3.3405227661132812,0.007196487276814878,0.01913738250732422,0.01913738250732422,-2.77032109813267,47.89506957436861,4.475706868095016
