,Unnamed: 0,left_eyebrow_18x,left_eyebrow_18y,left_eyebrow_20x,left_eyebrow_20y,left_eyebrow_22x,left_eyebrow_22y,right_eyebrow_23x,right_eyebrow_23y,right_eyebrow_25x,right_eyebrow_25y,right_eyebrow_27x,right_eyebrow_27y,left_eye38_x,left_eye38_y,right_eye45_x,right_eye45_y,left_lip49_x,left_lip49_y,lip_center_upper52_x,lip_center_upper52_y,right_lip55_x,right_lip55_y,lip_center_lower58_x,lip_center_lower58_y,trans_x,trans_y,trans_z,rot_x,rot_y,rot_z
0,0,-1.945281982421875,-18.144302368164006,-3.622879028320284,6.007080078125,-4.001079559326172,25.634140014648438,-13.616714477539073,26.48072814941409,-5.2585906982421875,16.76930236816409,4.6709136962890625,-6.65533447265625,7.568946838378906,-6.7742156982421875,4.778129577636719,-4.424285888671875,26.64889526367189,4.506099700927734,-10.812981963157654,-4.331996917724609,-2.5307388305664062,-9.30044174194336,-6.176319599151611,21.973838806152344,-0.003544369712471962,-0.010349672287702567,-0.010349672287702567,11.494113596534428,31.375593438494818,0.6560427801411608
