,Unnamed: 0,left_eyebrow_18x,left_eyebrow_18y,left_eyebrow_20x,left_eyebrow_20y,left_eyebrow_22x,left_eyebrow_22y,right_eyebrow_23x,right_eyebrow_23y,right_eyebrow_25x,right_eyebrow_25y,right_eyebrow_27x,right_eyebrow_27y,left_eye38_x,left_eye38_y,right_eye45_x,right_eye45_y,left_lip49_x,left_lip49_y,lip_center_upper52_x,lip_center_upper52_y,right_lip55_x,right_lip55_y,lip_center_lower58_x,lip_center_lower58_y,trans_x,trans_y,trans_z,rot_x,rot_y,rot_z
0,0,4.4588775634765625,-13.112274169921875,3.767181396484375,2.9791107177734375,-2.3690605163574148,11.518936157226591,-18.27918434143066,14.767898559570312,-11.987182617187543,21.464340209960938,3.754669189453182,-1.275390625,1.2584838867187358,-1.8928680419921875,9.343826293945312,1.350448608398409,10.029594421386705,11.292747497558594,-17.050567626953125,-6.245857238769531,-3.876258850097642,-8.14022064208985,-12.716643571853638,14.80685424804686,0.024580868892371655,0.026162438094615936,0.026162438094615936,4.29135320054554,25.053873840958826,-1.8657820161083007
