,Unnamed: 0,left_eyebrow_18x,left_eyebrow_18y,left_eyebrow_20x,left_eyebrow_20y,left_eyebrow_22x,left_eyebrow_22y,right_eyebrow_23x,right_eyebrow_23y,right_eyebrow_25x,right_eyebrow_25y,right_eyebrow_27x,right_eyebrow_27y,left_eye38_x,left_eye38_y,right_eye45_x,right_eye45_y,left_lip49_x,left_lip49_y,lip_center_upper52_x,lip_center_upper52_y,right_lip55_x,right_lip55_y,lip_center_lower58_x,lip_center_lower58_y,trans_x,trans_y,trans_z,rot_x,rot_y,rot_z
0,0,-3.868972778320341,-0.5639495849609091,1.3731079101562784,10.452590942382812,0.17528915405273438,24.08837890625,-4.005069732666023,21.72560119628909,-5.1212158203125,12.3741455078125,0.956939697265625,-4.053253173828125,-3.1228485107421733,-6.909698486328125,4.4072113037109375,-5.291564941406222,13.972106933593764,-2.699596405029297,3.117371678352356,-13.673675537109382,-14.491966247558594,5.723926544189453,1.1846389770507812,31.10663604736328,-0.006075826870073797,-0.011070553213357925,-0.011070553213357925,9.615414370943332,5.91696114072757,0.2700959790014852
