,Unnamed: 0,left_eyebrow_18x,left_eyebrow_18y,left_eyebrow_20x,left_eyebrow_20y,left_eyebrow_22x,left_eyebrow_22y,right_eyebrow_23x,right_eyebrow_23y,right_eyebrow_25x,right_eyebrow_25y,right_eyebrow_27x,right_eyebrow_27y,left_eye38_x,left_eye38_y,right_eye45_x,right_eye45_y,left_lip49_x,left_lip49_y,lip_center_upper52_x,lip_center_upper52_y,right_lip55_x,right_lip55_y,lip_center_lower58_x,lip_center_lower58_y,trans_x,trans_y,trans_z,rot_x,rot_y,rot_z
0,0,21.32267761230463,-36.99298095703122,2.7248687744140625,-5.932830810546903,-6.3540802001953125,23.289077758789034,-37.154573440551765,28.740097045898466,-8.407745361328125,14.268051147460938,9.560394287109375,-0.796539306640625,15.70654296875,-8.77239990234375,4.683036804199219,-4.062606811523409,45.230903625488295,26.52001190185547,-27.835978865623478,23.993495941162113,-1.211997985839858,-11.470561981201172,-7.448525905609131,8.403755187988281,0.030085217207670212,-0.008117832243442535,-0.008117832243442535,9.599650819147666,44.14422592667062,5.1614163130505
