,Unnamed: 0,left_eyebrow_18x,left_eyebrow_18y,left_eyebrow_20x,left_eyebrow_20y,left_eyebrow_22x,left_eyebrow_22y,right_eyebrow_23x,right_eyebrow_23y,right_eyebrow_25x,right_eyebrow_25y,right_eyebrow_27x,right_eyebrow_27y,left_eye38_x,left_eye38_y,right_eye45_x,right_eye45_y,left_lip49_x,left_lip49_y,lip_center_upper52_x,lip_center_upper52_y,right_lip55_x,right_lip55_y,lip_center_lower58_x,lip_center_lower58_y,trans_x,trans_y,trans_z,rot_x,rot_y,rot_z
0,0,1.570144653320284,-0.585174560546875,0.0234832763671875,5.085494995117216,3.9685287475585866,9.307479858398409,-20.062824249267585,10.163543701171847,-8.2890625,7.418426513671875,-1.116287231445284,8.580307006835966,5.041496276855469,-4.858367919921847,8.091087341308608,-2.2523803710937784,13.101730346679688,7.9103164672851705,-12.086802959442139,3.523456573486328,5.699905395507798,-12.620647430419922,-10.091209411621094,7.373069763183594,-0.007016739109531045,-0.015365775674581535,-0.015365775674581535,2.0189194060888203,33.143703477644564,0.41516811643795043
