,Unnamed: 0,left_eyebrow_18x,left_eyebrow_18y,left_eyebrow_20x,left_eyebrow_20y,left_eyebrow_22x,left_eyebrow_22y,right_eyebrow_23x,right_eyebrow_23y,right_eyebrow_25x,right_eyebrow_25y,right_eyebrow_27x,right_eyebrow_27y,left_eye38_x,left_eye38_y,right_eye45_x,right_eye45_y,left_lip49_x,left_lip49_y,lip_center_upper52_x,lip_center_upper52_y,right_lip55_x,right_lip55_y,lip_center_lower58_x,lip_center_lower58_y,trans_x,trans_y,trans_z,rot_x,rot_y,rot_z
0,0,33.27159118652344,-31.346633911132784,4.0995025634765625,-9.516128540039062,-11.317077636718757,2.5736999511718466,-30.310416221618652,3.3583984375,-5.514648437500028,8.214431762695312,7.136932373046875,6.231185913085909,9.051170349121094,2.9773101806640625,4.635215759277344,2.438629150390625,21.454353332519517,28.800724029541016,-27.590928822755814,10.822982788085945,9.874618530273452,-21.829605102539055,-14.881620883941649,14.247779846191406,0.027100666193291545,0.01955292373895645,0.01955292373895645,2.5999402900958284,34.6943710373276,2.830270551938207
