,Unnamed: 0,left_eyebrow_18x,left_eyebrow_18y,left_eyebrow_20x,left_eyebrow_20y,left_eyebrow_22x,left_eyebrow_22y,right_eyebrow_23x,right_eyebrow_23y,right_eyebrow_25x,right_eyebrow_25y,right_eyebrow_27x,right_eyebrow_27y,left_eye38_x,left_eye38_y,right_eye45_x,right_eye45_y,left_lip49_x,left_lip49_y,lip_center_upper52_x,lip_center_upper52_y,right_lip55_x,right_lip55_y,lip_center_lower58_x,lip_center_lower58_y,trans_x,trans_y,trans_z,rot_x,rot_y,rot_z
0,0,12.726577758789062,-19.454986572265597,-14.005401611328125,-2.336883544921875,-16.723236083984382,11.519271850585938,-29.821099281311035,3.482711791992159,-8.18769073486331,16.160003662109403,-0.516082763671875,16.658248901367216,7.630973815917969,-6.946746826171875,14.393524169921875,-3.5703125,36.800811767578125,20.676715850830078,-26.278828740119938,21.483610153198242,8.20619964599608,-29.995180130004883,-16.98183567821979,8.168014526367188,0.030507062328979376,0.006290743127465245,0.006290743127465245,0.13247603103499617,32.6542739793132,3.4381186602593896
