,Unnamed: 0,left_eyebrow_18x,left_eyebrow_18y,left_eyebrow_20x,left_eyebrow_20y,left_eyebrow_22x,left_eyebrow_22y,right_eyebrow_23x,right_eyebrow_23y,right_eyebrow_25x,right_eyebrow_25y,right_eyebrow_27x,right_eyebrow_27y,left_eye38_x,left_eye38_y,right_eye45_x,right_eye45_y,left_lip49_x,left_lip49_y,lip_center_upper52_x,lip_center_upper52_y,right_lip55_x,right_lip55_y,lip_center_lower58_x,lip_center_lower58_y,trans_x,trans_y,trans_z,rot_x,rot_y,rot_z
0,0,3.530059814453125,-16.902984619140597,7.692291259765625,3.616317749023409,7.9341278076171875,25.462814331054688,-23.70518493652344,28.04962158203128,-17.217575073242188,17.151580810546875,9.288757324218778,-7.693176269531278,4.3414459228515625,-21.50617980957034,0.8252410888671875,-15.109893798828125,14.69281005859375,22.054508209228516,-8.181612521409988,19.045644760131836,-4.7009429931640625,-5.53704833984375,-2.522083282470704,5.130989074707031,-0.004148413601797074,0.13063444569706917,0.13063444569706917,8.129846275875074,28.59311814120125,-179.96645665964095
