,Unnamed: 0,left_eyebrow_18x,left_eyebrow_18y,left_eyebrow_20x,left_eyebrow_20y,left_eyebrow_22x,left_eyebrow_22y,right_eyebrow_23x,right_eyebrow_23y,right_eyebrow_25x,right_eyebrow_25y,right_eyebrow_27x,right_eyebrow_27y,left_eye38_x,left_eye38_y,right_eye45_x,right_eye45_y,left_lip49_x,left_lip49_y,lip_center_upper52_x,lip_center_upper52_y,right_lip55_x,right_lip55_y,lip_center_lower58_x,lip_center_lower58_y,trans_x,trans_y,trans_z,rot_x,rot_y,rot_z
0,0,3.466537475585966,-4.544204711914006,3.368408203125,9.503829956054716,0.9870338439941406,11.289932250976591,-20.426372528076172,13.624053955078153,-8.545097351074219,20.3525390625,7.13702392578125,9.220764160156222,2.5987548828125,-7.336059570312472,6.2800140380859375,-2.5346527099609375,17.51575469970703,7.708061218261719,-12.585528135299683,-13.043392181396484,-4.3306808471679545,-17.0182876586914,-4.177359104156494,18.220222473144517,-0.002053750213235616,-0.011843666434288018,-0.011843666434288018,-3.8266576255846445,26.821044504657223,0.8581872948362257
