,Unnamed: 0,left_eyebrow_18x,left_eyebrow_18y,left_eyebrow_20x,left_eyebrow_20y,left_eyebrow_22x,left_eyebrow_22y,right_eyebrow_23x,right_eyebrow_23y,right_eyebrow_25x,right_eyebrow_25y,right_eyebrow_27x,right_eyebrow_27y,left_eye38_x,left_eye38_y,right_eye45_x,right_eye45_y,left_lip49_x,left_lip49_y,lip_center_upper52_x,lip_center_upper52_y,right_lip55_x,right_lip55_y,lip_center_lower58_x,lip_center_lower58_y,trans_x,trans_y,trans_z,rot_x,rot_y,rot_z
0,0,3.0476837158203125,-2.6650390625,3.761260986328125,17.01025390625,-4.0050506591796875,19.93591308593753,9.932743072509766,24.857406616210966,-3.137298583984432,17.756744384765625,-0.247772216796875,-4.254074096679659,-9.218109130859375,-9.658432006835938,-2.43756103515625,-9.971893310546875,6.627555847167983,0.9287986755371023,6.17922568321228,-1.9257888793945241,-8.01165771484375,2.0870628356933594,8.88814228773117,10.393257141113281,0.011354986520018429,-0.007974408566951752,-0.007974408566951752,8.622175345093304,-12.037396387897608,-1.3391316030568579
