,Unnamed: 0,left_eyebrow_18x,left_eyebrow_18y,left_eyebrow_20x,left_eyebrow_20y,left_eyebrow_22x,left_eyebrow_22y,right_eyebrow_23x,right_eyebrow_23y,right_eyebrow_25x,right_eyebrow_25y,right_eyebrow_27x,right_eyebrow_27y,left_eye38_x,left_eye38_y,right_eye45_x,right_eye45_y,left_lip49_x,left_lip49_y,lip_center_upper52_x,lip_center_upper52_y,right_lip55_x,right_lip55_y,lip_center_lower58_x,lip_center_lower58_y,trans_x,trans_y,trans_z,rot_x,rot_y,rot_z
0,0,3.0967559814453125,-9.674667358398409,4.985214233398494,5.744918823242216,0.9643936157226491,20.624420166015625,-17.892364501953132,24.895462036132812,-15.005073547363295,12.949111938476562,5.151702880859318,-2.6775512695312784,3.5388336181640767,-11.71966552734375,4.336761474609375,-5.680496215820284,4.624389648437486,12.077007293701172,-6.711199998855591,10.108638763427734,2.955482482910142,-9.510231018066406,-6.147691965103149,7.6965179443359375,0.004723992198705674,-0.0030056685209274153,-0.0030056685209274153,13.613395265862266,15.212550980607354,-1.281532124238976
