,Unnamed: 0,left_eyebrow_18x,left_eyebrow_18y,left_eyebrow_20x,left_eyebrow_20y,left_eyebrow_22x,left_eyebrow_22y,right_eyebrow_23x,right_eyebrow_23y,right_eyebrow_25x,right_eyebrow_25y,right_eyebrow_27x,right_eyebrow_27y,left_eye38_x,left_eye38_y,right_eye45_x,right_eye45_y,left_lip49_x,left_lip49_y,lip_center_upper52_x,lip_center_upper52_y,right_lip55_x,right_lip55_y,lip_center_lower58_x,lip_center_lower58_y,trans_x,trans_y,trans_z,rot_x,rot_y,rot_z
0,0,4.165618896484375,-29.786865234375,-2.069869995117159,5.114547729492216,-3.030845642089851,26.344863891601562,-37.265572547912605,26.791366577148438,-19.479682922363295,18.623367309570312,4.959732055664006,2.9298706054687216,12.293540954589858,-14.925613403320312,8.340293884277344,-5.186767578124972,16.191528320312486,25.516918182373047,-18.005248308181763,23.301475524902344,6.294929504394517,-24.41556930541992,-8.902660608291626,13.586288452148438,0.0290963314473629,0.006022009998559966,0.006022009998559966,8.283826225130332,34.315996715160196,0.9122723411719542
