,Unnamed: 0,left_eyebrow_18x,left_eyebrow_18y,left_eyebrow_20x,left_eyebrow_20y,left_eyebrow_22x,left_eyebrow_22y,right_eyebrow_23x,right_eyebrow_23y,right_eyebrow_25x,right_eyebrow_25y,right_eyebrow_27x,right_eyebrow_27y,left_eye38_x,left_eye38_y,right_eye45_x,right_eye45_y,left_lip49_x,left_lip49_y,lip_center_upper52_x,lip_center_upper52_y,right_lip55_x,right_lip55_y,lip_center_lower58_x,lip_center_lower58_y,trans_x,trans_y,trans_z,rot_x,rot_y,rot_z
0,0,-0.6126556396484375,11.40032958984375,-1.3429107666015625,0.504241943359375,5.250457763671868,-3.5047912597655966,-2.6256065368652415,1.14093017578125,2.2691802978515057,-0.6590728759765625,1.147354125976591,10.985168457031222,-6.221099853515625,-0.5405731201171875,1.16973876953125,-2.730560302734375,4.273132324218736,-3.069999694824226,1.243602603673935,-7.651012420654297,-5.226448059082017,-1.3044967651367188,0.8177160024642947,4.955223083496094,0.006913138320669532,0.006228134036064148,0.006228134036064148,-2.6217243959981325,-5.935650977583135,1.4406191656025173
