,Unnamed: 0,left_eyebrow_18x,left_eyebrow_18y,left_eyebrow_20x,left_eyebrow_20y,left_eyebrow_22x,left_eyebrow_22y,right_eyebrow_23x,right_eyebrow_23y,right_eyebrow_25x,right_eyebrow_25y,right_eyebrow_27x,right_eyebrow_27y,left_eye38_x,left_eye38_y,right_eye45_x,right_eye45_y,left_lip49_x,left_lip49_y,lip_center_upper52_x,lip_center_upper52_y,right_lip55_x,right_lip55_y,lip_center_lower58_x,lip_center_lower58_y,trans_x,trans_y,trans_z,rot_x,rot_y,rot_z
0,0,8.222198486328125,-6.3156585693359375,-2.3833160400390625,5.697235107421875,-12.512695312500007,16.507858276367216,-0.12407112121582031,23.77496337890625,-6.69281768798831,19.119949340820284,-0.2572479248046875,-0.6744384765624716,-0.446258544921875,-13.322006225585938,4.362190246582031,-6.3132476806640625,7.078201293945327,10.647651672363274,-4.105649471282959,1.4620704650878906,5.857093811035156,-6.672603607177727,-2.091042816638947,15.757583618164062,-0.004522141127381474,-0.007234252989292145,-0.007234252989292145,9.940363197324237,21.647701008834385,-1.0968496155090595
