,Unnamed: 0,left_eyebrow_18x,left_eyebrow_18y,left_eyebrow_20x,left_eyebrow_20y,left_eyebrow_22x,left_eyebrow_22y,right_eyebrow_23x,right_eyebrow_23y,right_eyebrow_25x,right_eyebrow_25y,right_eyebrow_27x,right_eyebrow_27y,left_eye38_x,left_eye38_y,right_eye45_x,right_eye45_y,left_lip49_x,left_lip49_y,lip_center_upper52_x,lip_center_upper52_y,right_lip55_x,right_lip55_y,lip_center_lower58_x,lip_center_lower58_y,trans_x,trans_y,trans_z,rot_x,rot_y,rot_z
0,0,17.463668823242216,-38.96087646484375,-0.09999084472650566,-8.973342895507812,-22.553007125854492,6.817230224609403,-25.806647062301636,8.104110717773438,-8.857307434082031,21.626113891601562,-4.583206176757784,1.2264709472655966,17.65826416015625,7.5643157958984375,14.435462951660156,8.891372680664062,29.258827209472656,14.672931671142578,-20.10204839706421,4.308467864990234,7.8625030517578125,-29.846578598022457,-16.112937450408936,20.1136932373047,0.01868075830861926,-0.01190338283777237,-0.01190338283777237,10.034556751254076,35.8281695995469,4.809226443004265
