,Unnamed: 0,left_eyebrow_18x,left_eyebrow_18y,left_eyebrow_20x,left_eyebrow_20y,left_eyebrow_22x,left_eyebrow_22y,right_eyebrow_23x,right_eyebrow_23y,right_eyebrow_25x,right_eyebrow_25y,right_eyebrow_27x,right_eyebrow_27y,left_eye38_x,left_eye38_y,right_eye45_x,right_eye45_y,left_lip49_x,left_lip49_y,lip_center_upper52_x,lip_center_upper52_y,right_lip55_x,right_lip55_y,lip_center_lower58_x,lip_center_lower58_y,trans_x,trans_y,trans_z,rot_x,rot_y,rot_z
0,0,5.045928955078125,-11.691558837890625,0.617218017578125,0.7118988037109659,-2.2981529235839844,11.475906372070312,-15.764089584350586,11.160858154296847,-8.114669799804688,12.47149658203125,2.7004394531249716,4.354965209960909,6.167701721191406,-4.88446044921875,5.0345077514648295,-2.5370025634765625,14.146163940429688,-1.6059799194335938,-9.881584882736208,-3.9351425170898438,8.68435668945311,-19.049427032470703,-7.597422420978546,34.685920715332045,-0.0022740149870514865,-0.016581663861870766,-0.016581663861870766,3.0877161468206067,24.972716597578234,-0.5295686296000401
