,Unnamed: 0,left_eyebrow_18x,left_eyebrow_18y,left_eyebrow_20x,left_eyebrow_20y,left_eyebrow_22x,left_eyebrow_22y,right_eyebrow_23x,right_eyebrow_23y,right_eyebrow_25x,right_eyebrow_25y,right_eyebrow_27x,right_eyebrow_27y,left_eye38_x,left_eye38_y,right_eye45_x,right_eye45_y,left_lip49_x,left_lip49_y,lip_center_upper52_x,lip_center_upper52_y,right_lip55_x,right_lip55_y,lip_center_lower58_x,lip_center_lower58_y,trans_x,trans_y,trans_z,rot_x,rot_y,rot_z
0,0,4.2284393310546875,0.9540863037109375,-4.1181182861328125,-5.852493286132841,-3.342815399169922,-3.9340209960937216,-8.601821899414062,-4.21044921875,-4.0285491943359375,3.386306762695284,-0.7053222656249716,6.8182373046875,-0.641510009765625,0.124908447265625,5.314079284667983,4.7298736572265625,3.359039306640625,6.706626892089851,-8.82699939608574,3.086696624755856,6.056724548339844,-10.364845275878906,-7.894169092178345,2.2313156127929688,0.008071157382801175,0.0008214078843593597,0.0008214078843593597,-9.432261743042597,13.585048952054494,-1.0302789686441276
