,Unnamed: 0,left_eyebrow_18x,left_eyebrow_18y,left_eyebrow_20x,left_eyebrow_20y,left_eyebrow_22x,left_eyebrow_22y,right_eyebrow_23x,right_eyebrow_23y,right_eyebrow_25x,right_eyebrow_25y,right_eyebrow_27x,right_eyebrow_27y,left_eye38_x,left_eye38_y,right_eye45_x,right_eye45_y,left_lip49_x,left_lip49_y,lip_center_upper52_x,lip_center_upper52_y,right_lip55_x,right_lip55_y,lip_center_lower58_x,lip_center_lower58_y,trans_x,trans_y,trans_z,rot_x,rot_y,rot_z
0,0,0.5569915771484375,0.19889831542971592,16.041534423828125,12.031494140625028,15.345706939697266,17.068161010742188,-8.556770324707031,19.680679321289062,-4.322509765625,11.861862182617188,2.869964599609375,0.267730712890625,-3.944419860839858,-8.98388671875,-4.3971710205078125,-14.838775634765597,-1.8471221923828125,-2.408283233642578,4.803692936897278,6.795291900634766,-6.6018142700195455,0.6729354858398438,6.390967607498169,9.847572326660156,0.0040037528378888965,-0.008311584591865533,-0.008311584591865533,8.153037718115442,-12.724677505122058,2.3996036442026782
