,Unnamed: 0,left_eyebrow_18x,left_eyebrow_18y,left_eyebrow_20x,left_eyebrow_20y,left_eyebrow_22x,left_eyebrow_22y,right_eyebrow_23x,right_eyebrow_23y,right_eyebrow_25x,right_eyebrow_25y,right_eyebrow_27x,right_eyebrow_27y,left_eye38_x,left_eye38_y,right_eye45_x,right_eye45_y,left_lip49_x,left_lip49_y,lip_center_upper52_x,lip_center_upper52_y,right_lip55_x,right_lip55_y,lip_center_lower58_x,lip_center_lower58_y,trans_x,trans_y,trans_z,rot_x,rot_y,rot_z
0,0,5.1936798095703125,-15.472442626953125,6.1275634765625,8.383895874023438,2.5393714904785156,14.654113769531193,-29.020419120788574,14.185867309570284,-12.125717163085938,15.230453491210966,4.876449584960966,1.4317626953125284,1.87725830078125,-6.76336669921875,7.8379287719726705,-4.58392333984375,13.169425964355469,12.981071472167962,-11.270740032196045,0.8670234680175852,1.4375305175781108,-13.003074645996094,-4.2760127782821655,11.704139709472656,0.004922241321764886,-0.00416194275021553,-0.00416194275021553,4.760600823514593,18.4245055341611,-1.149983145060933
