,Unnamed: 0,left_eyebrow_18x,left_eyebrow_18y,left_eyebrow_20x,left_eyebrow_20y,left_eyebrow_22x,left_eyebrow_22y,right_eyebrow_23x,right_eyebrow_23y,right_eyebrow_25x,right_eyebrow_25y,right_eyebrow_27x,right_eyebrow_27y,left_eye38_x,left_eye38_y,right_eye45_x,right_eye45_y,left_lip49_x,left_lip49_y,lip_center_upper52_x,lip_center_upper52_y,right_lip55_x,right_lip55_y,lip_center_lower58_x,lip_center_lower58_y,trans_x,trans_y,trans_z,rot_x,rot_y,rot_z
0,0,4.437881469726591,-21.67808532714841,0.985992431640625,7.689132690429716,-9.39041519165039,19.310577392578125,-28.467266082763672,20.670074462890625,-12.029685974121108,24.959396362304688,0.5506134033203409,7.6025238037109375,11.420425415039062,-10.865798950195312,6.8905487060546875,-6.9464874267578125,19.655593872070312,18.57874298095703,-16.37631916999817,13.133800506591797,5.648475646972642,-22.949569702148438,-10.843712329864502,12.649642944335938,0.035834461101330824,-0.03860239312052727,-0.03860239312052727,4.046927303471329,28.987717254044043,5.684876229730201
