,Unnamed: 0,left_eyebrow_18x,left_eyebrow_18y,left_eyebrow_20x,left_eyebrow_20y,left_eyebrow_22x,left_eyebrow_22y,right_eyebrow_23x,right_eyebrow_23y,right_eyebrow_25x,right_eyebrow_25y,right_eyebrow_27x,right_eyebrow_27y,left_eye38_x,left_eye38_y,right_eye45_x,right_eye45_y,left_lip49_x,left_lip49_y,lip_center_upper52_x,lip_center_upper52_y,right_lip55_x,right_lip55_y,lip_center_lower58_x,lip_center_lower58_y,trans_x,trans_y,trans_z,rot_x,rot_y,rot_z
0,0,7.6583709716796875,-7.109603881835909,3.476226806640625,-10.47821044921875,4.340049743652337,-2.9170532226562784,-21.83888816833497,-3.4990997314453125,-8.41002655029294,3.772186279296875,1.2383422851562216,6.778884887695284,1.5457687377929688,-0.01632690429690342,5.449775695800781,2.127853393554716,6.105232238769531,10.091819763183594,-10.061795473098755,-12.101497650146484,14.721122741699219,-11.393150329589844,-6.061838150024414,1.9966888427734517,0.0038107484579086304,-0.017034489661455154,-0.017034489661455154,-4.509804582454364,17.708012850985675,0.8010403585318525
