,Unnamed: 0,left_eyebrow_18x,left_eyebrow_18y,left_eyebrow_20x,left_eyebrow_20y,left_eyebrow_22x,left_eyebrow_22y,right_eyebrow_23x,right_eyebrow_23y,right_eyebrow_25x,right_eyebrow_25y,right_eyebrow_27x,right_eyebrow_27y,left_eye38_x,left_eye38_y,right_eye45_x,right_eye45_y,left_lip49_x,left_lip49_y,lip_center_upper52_x,lip_center_upper52_y,right_lip55_x,right_lip55_y,lip_center_lower58_x,lip_center_lower58_y,trans_x,trans_y,trans_z,rot_x,rot_y,rot_z
0,0,15.910537719726562,-13.013824462890653,-2.0753173828125,-15.686309814453125,-17.396507263183594,-6.238220214843778,-5.388378143310547,-6.591110229492131,-1.591751098632841,-2.5971374511719034,-0.09332275390625,7.158203125,4.435783386230469,6.5899810791015625,1.8454208374023438,6.5350341796875,-1.8980331420898438,-3.3592567443847727,-6.3995401859283465,4.5853118896484375,20.464622497558608,-29.033283233642585,-5.31665277481079,9.424278259277344,0.014792494010180235,-0.00849548727273941,-0.00849548727273941,-8.262923436618859,14.18416473536242,1.7057294380076113
