,Unnamed: 0,left_eyebrow_18x,left_eyebrow_18y,left_eyebrow_20x,left_eyebrow_20y,left_eyebrow_22x,left_eyebrow_22y,right_eyebrow_23x,right_eyebrow_23y,right_eyebrow_25x,right_eyebrow_25y,right_eyebrow_27x,right_eyebrow_27y,left_eye38_x,left_eye38_y,right_eye45_x,right_eye45_y,left_lip49_x,left_lip49_y,lip_center_upper52_x,lip_center_upper52_y,right_lip55_x,right_lip55_y,lip_center_lower58_x,lip_center_lower58_y,trans_x,trans_y,trans_z,rot_x,rot_y,rot_z
0,0,18.921173095703125,-14.821899414062528,-11.517807006835938,-36.792205810546875,-14.3024673461914,-23.992050170898466,-10.644817352294922,-25.503005981445284,2.5508117675781534,-8.275985717773438,-7.333663940429631,25.440017700195312,4.012969970703125,17.70030212402341,13.103012084960938,15.641220092773438,12.391258239746108,20.23322296142578,-19.752673149108887,-23.150318145751946,29.395904541015597,-32.242841720581055,-11.471999168395996,16.20660400390625,0.00041712773963809013,0.015870384871959686,0.015870384871959686,-15.153463050213118,39.374029954584714,-20.073341457987585
