,Unnamed: 0,left_eyebrow_18x,left_eyebrow_18y,left_eyebrow_20x,left_eyebrow_20y,left_eyebrow_22x,left_eyebrow_22y,right_eyebrow_23x,right_eyebrow_23y,right_eyebrow_25x,right_eyebrow_25y,right_eyebrow_27x,right_eyebrow_27y,left_eye38_x,left_eye38_y,right_eye45_x,right_eye45_y,left_lip49_x,left_lip49_y,lip_center_upper52_x,lip_center_upper52_y,right_lip55_x,right_lip55_y,lip_center_lower58_x,lip_center_lower58_y,trans_x,trans_y,trans_z,rot_x,rot_y,rot_z
0,0,1.598617553710909,-0.1141204833984375,-2.231521606445284,-8.418777465820312,-1.4327430725097585,-6.5797271728515625,0.764781951904304,-5.421264648437528,2.8480072021484375,-5.1334381103515625,-0.8631439208984091,0.7689056396484659,1.8954620361328267,2.5191192626953125,-1.0554962158203267,3.7076568603515625,-3.806610107421889,-8.960620880126953,0.3059859275817871,2.757648468017578,5.536903381347656,-9.128231048583984,1.2221884727478027,-3.9614486694335938,-0.0030735620530322194,-0.0020384639501571655,-0.0020384639501571655,-2.9735176002654082,1.7995677239288121,-0.2272340038974141
