,Unnamed: 0,left_eyebrow_18x,left_eyebrow_18y,left_eyebrow_20x,left_eyebrow_20y,left_eyebrow_22x,left_eyebrow_22y,right_eyebrow_23x,right_eyebrow_23y,right_eyebrow_25x,right_eyebrow_25y,right_eyebrow_27x,right_eyebrow_27y,left_eye38_x,left_eye38_y,right_eye45_x,right_eye45_y,left_lip49_x,left_lip49_y,lip_center_upper52_x,lip_center_upper52_y,right_lip55_x,right_lip55_y,lip_center_lower58_x,lip_center_lower58_y,trans_x,trans_y,trans_z,rot_x,rot_y,rot_z
0,0,2.1430816650390625,-4.525573730468778,2.4266128540039205,-0.3432464599609091,0.17374801635741477,3.25579833984375,0.15064620971679688,3.0421600341796875,-1.210968017578125,-0.49798583984375,-2.543701171874943,-4.259002685546847,0.765411376953125,-0.3920135498046875,-1.1510238647460938,-0.7925415039062216,-2.1984100341797017,-11.770488739013672,-0.6927924156188965,0.411346435546875,4.4945068359375,-13.117378234863288,2.2804465293884277,5.1414642333984375,-0.0018427984323352575,-0.0036715343594551017,-0.0036715343594551017,6.32504898000202,0.7674742081169259,-0.2645673732239723
