,Unnamed: 0,left_eyebrow_18x,left_eyebrow_18y,left_eyebrow_20x,left_eyebrow_20y,left_eyebrow_22x,left_eyebrow_22y,right_eyebrow_23x,right_eyebrow_23y,right_eyebrow_25x,right_eyebrow_25y,right_eyebrow_27x,right_eyebrow_27y,left_eye38_x,left_eye38_y,right_eye45_x,right_eye45_y,left_lip49_x,left_lip49_y,lip_center_upper52_x,lip_center_upper52_y,right_lip55_x,right_lip55_y,lip_center_lower58_x,lip_center_lower58_y,trans_x,trans_y,trans_z,rot_x,rot_y,rot_z
0,0,34.29481506347656,-34.300567626953125,1.9236907958984943,-3.8478393554687216,-26.771137237548828,-0.8292541503906818,-27.72878646850586,4.051300048828097,-5.099166870117216,13.077346801757812,3.6658477783203125,5.73406982421875,11.979385375976562,9.298141479492188,-1.9732513427734375,9.879516601562528,14.420890808105469,-0.167694091796875,-28.360674381256104,-2.2644615173339844,42.13805389404294,-37.8912935256958,-16.911197185516357,24.203842163085938,0.03532503638416529,0.015369011089205735,0.015369011089205735,8.917596185798411,37.663908144956075,4.240718682537704
