,Unnamed: 0,left_eyebrow_18x,left_eyebrow_18y,left_eyebrow_20x,left_eyebrow_20y,left_eyebrow_22x,left_eyebrow_22y,right_eyebrow_23x,right_eyebrow_23y,right_eyebrow_25x,right_eyebrow_25y,right_eyebrow_27x,right_eyebrow_27y,left_eye38_x,left_eye38_y,right_eye45_x,right_eye45_y,left_lip49_x,left_lip49_y,lip_center_upper52_x,lip_center_upper52_y,right_lip55_x,right_lip55_y,lip_center_lower58_x,lip_center_lower58_y,trans_x,trans_y,trans_z,rot_x,rot_y,rot_z
0,0,3.9980926513671875,-1.381103515625,-2.231170654296875,-12.049026489257784,-2.8635597229003906,-2.2596282958984375,4.352237701416016,-4.6728973388671875,1.922653198242159,-11.885040283203125,-4.7143096923828125,-2.9763793945312216,2.5172119140625,5.3771514892578125,-4.195861816406264,6.458465576171875,-17.48941040039064,-15.85445785522461,-1.5372925996780396,-0.2530746459960902,16.180320739746094,-13.589401245117188,-3.0992242097854614,22.019203186035142,0.003491260576993227,8.875131607056358e-05,8.875131607056358e-05,2.862702607956137,0.17545853861263794,2.1828787248697274
