,Unnamed: 0,left_eyebrow_18x,left_eyebrow_18y,left_eyebrow_20x,left_eyebrow_20y,left_eyebrow_22x,left_eyebrow_22y,right_eyebrow_23x,right_eyebrow_23y,right_eyebrow_25x,right_eyebrow_25y,right_eyebrow_27x,right_eyebrow_27y,left_eye38_x,left_eye38_y,right_eye45_x,right_eye45_y,left_lip49_x,left_lip49_y,lip_center_upper52_x,lip_center_upper52_y,right_lip55_x,right_lip55_y,lip_center_lower58_x,lip_center_lower58_y,trans_x,trans_y,trans_z,rot_x,rot_y,rot_z
0,0,2.8404693603515625,5.728515625,-7.770584106445341,-7.808944702148466,-1.8710289001464773,-11.006500244140597,0.5388031005859446,-9.810379028320312,-2.3626861572265625,-9.508316040039062,-7.467147827148409,2.92657470703125,-4.5929641723632955,11.410949707031222,3.99542236328125,15.8187255859375,-9.502883911132798,-11.904533386230462,3.925149917602539,-16.20084857940674,12.932579040527315,-10.189334869384759,-3.5394614934921265,22.1932373046875,-0.023566875141113997,0.0028023310005664825,0.0028023310005664825,-5.6458708800000865,1.8876338666192858,-18.785235803143475
