,Unnamed: 0,left_eyebrow_18x,left_eyebrow_18y,left_eyebrow_20x,left_eyebrow_20y,left_eyebrow_22x,left_eyebrow_22y,right_eyebrow_23x,right_eyebrow_23y,right_eyebrow_25x,right_eyebrow_25y,right_eyebrow_27x,right_eyebrow_27y,left_eye38_x,left_eye38_y,right_eye45_x,right_eye45_y,left_lip49_x,left_lip49_y,lip_center_upper52_x,lip_center_upper52_y,right_lip55_x,right_lip55_y,lip_center_lower58_x,lip_center_lower58_y,trans_x,trans_y,trans_z,rot_x,rot_y,rot_z
0,0,9.641754150390625,0.8891448974609091,-10.294784545898438,-12.941238403320312,-10.827213287353509,-20.094223022460966,-4.1455078125,-13.783447265625,-1.331985473632784,-3.556930541992159,-6.566726684570284,15.833419799804659,-2.4002761840820312,13.357482910156222,6.223960876464844,15.063064575195312,-0.25951385498045454,0.25504302978515625,-5.295139729976654,-21.584177970886227,26.786270141601562,-19.717212677001953,-8.359096050262451,18.598785400390625,-0.03675058437511325,-0.00010658055543899536,-0.00010658055543899536,-11.436109226429414,21.977326087050272,-19.31547816933586
