,Unnamed: 0,left_eyebrow_18x,left_eyebrow_18y,left_eyebrow_20x,left_eyebrow_20y,left_eyebrow_22x,left_eyebrow_22y,right_eyebrow_23x,right_eyebrow_23y,right_eyebrow_25x,right_eyebrow_25y,right_eyebrow_27x,right_eyebrow_27y,left_eye38_x,left_eye38_y,right_eye45_x,right_eye45_y,left_lip49_x,left_lip49_y,lip_center_upper52_x,lip_center_upper52_y,right_lip55_x,right_lip55_y,lip_center_lower58_x,lip_center_lower58_y,trans_x,trans_y,trans_z,rot_x,rot_y,rot_z
0,0,9.590179443359375,-14.136795043945312,-0.63238525390625,-0.4898376464844034,-10.795192718505874,2.9545745849609375,-8.267131805419922,3.010696411132784,-6.024085998535156,9.243927001953125,-1.0968017578124716,1.7467193603515625,3.5952301025390625,1.8804321289062784,4.164299011230469,2.158905029296875,6.9444503784179545,-2.9506607055664062,-9.048307418823242,1.483661651611321,15.452316284179673,-23.11466217041017,-8.017391204833984,3.5711669921875,0.010317923966795206,-0.013521350920200334,-0.013521350920200334,0.7988104097465278,15.670240434884597,2.4455682937663386
