,Unnamed: 0,left_eyebrow_18x,left_eyebrow_18y,left_eyebrow_20x,left_eyebrow_20y,left_eyebrow_22x,left_eyebrow_22y,right_eyebrow_23x,right_eyebrow_23y,right_eyebrow_25x,right_eyebrow_25y,right_eyebrow_27x,right_eyebrow_27y,left_eye38_x,left_eye38_y,right_eye45_x,right_eye45_y,left_lip49_x,left_lip49_y,lip_center_upper52_x,lip_center_upper52_y,right_lip55_x,right_lip55_y,lip_center_lower58_x,lip_center_lower58_y,trans_x,trans_y,trans_z,rot_x,rot_y,rot_z
0,0,0.6476593017578125,-0.6401519775390625,0.2966918945312784,-8.031311035156222,1.97119140625,-1.2688140869140625,-4.262187957763665,-0.8369140625,-2.7039947509765625,-5.9502410888671875,-2.513809204101534,-3.291702270507784,1.2906875610351562,1.437835693359375,0.6990203857421875,0.9156799316406534,-10.395767211914034,-6.1317901611328125,0.7359387874603271,6.95087814331055,7.372787475585923,-3.837921142578132,1.8040230469778178,2.4787139892578125,0.0003826855681836614,-0.00029256567358971336,-0.00029256567358971336,0.35253718065371764,-0.8452863432328841,-0.6946984031389879
