,Unnamed: 0,left_eyebrow_18x,left_eyebrow_18y,left_eyebrow_20x,left_eyebrow_20y,left_eyebrow_22x,left_eyebrow_22y,right_eyebrow_23x,right_eyebrow_23y,right_eyebrow_25x,right_eyebrow_25y,right_eyebrow_27x,right_eyebrow_27y,left_eye38_x,left_eye38_y,right_eye45_x,right_eye45_y,left_lip49_x,left_lip49_y,lip_center_upper52_x,lip_center_upper52_y,right_lip55_x,right_lip55_y,lip_center_lower58_x,lip_center_lower58_y,trans_x,trans_y,trans_z,rot_x,rot_y,rot_z
0,0,6.262420654296875,-1.7499389648437784,0.0018157958984375,-11.939834594726506,-2.353492736816399,-10.142074584960966,1.0595054626464844,-7.9939117431640625,-1.03759765625,-11.227981567382784,-6.853500366210909,-0.8563385009765341,4.015419006347656,1.237945556640625,-4.3578948974609375,2.257232666015625,-16.996482849121094,-18.462081909179688,1.346480369567871,-0.2980537414550781,22.131683349609375,-11.227573394775384,1.0359811782836923,12.169502258300781,0.006778776645660404,-0.0019029639661312103,-0.0019029639661312103,-5.596117465635085,-5.735724964629684,-0.06503712845077658
