,Unnamed: 0,left_eyebrow_18x,left_eyebrow_18y,left_eyebrow_20x,left_eyebrow_20y,left_eyebrow_22x,left_eyebrow_22y,right_eyebrow_23x,right_eyebrow_23y,right_eyebrow_25x,right_eyebrow_25y,right_eyebrow_27x,right_eyebrow_27y,left_eye38_x,left_eye38_y,right_eye45_x,right_eye45_y,left_lip49_x,left_lip49_y,lip_center_upper52_x,lip_center_upper52_y,right_lip55_x,right_lip55_y,lip_center_lower58_x,lip_center_lower58_y,trans_x,trans_y,trans_z,rot_x,rot_y,rot_z
0,0,4.103790283203153,-3.008636474609375,-0.4105224609375,-6.841705322265625,-1.1255912780761719,-3.4022369384765625,-0.5927505493163991,-3.833343505859375,1.6411437988280682,-7.7780914306640625,-0.7905120849609091,-0.71826171875,-0.083740234375,2.67669677734375,-3.4344863891601562,2.989151000976534,-7.008201599121094,-5.181049346923828,2.1036635637283325,-11.268159866333008,12.881301879882812,-12.653766632080078,0.794572114944458,15.239936828613281,0.0018167009693570435,-0.0002894923090934684,-0.0002894923090934684,-1.7308747841704526,-2.3960437122157296,-0.3952649754723341
