,Unnamed: 0,left_eyebrow_18x,left_eyebrow_18y,left_eyebrow_20x,left_eyebrow_20y,left_eyebrow_22x,left_eyebrow_22y,right_eyebrow_23x,right_eyebrow_23y,right_eyebrow_25x,right_eyebrow_25y,right_eyebrow_27x,right_eyebrow_27y,left_eye38_x,left_eye38_y,right_eye45_x,right_eye45_y,left_lip49_x,left_lip49_y,lip_center_upper52_x,lip_center_upper52_y,right_lip55_x,right_lip55_y,lip_center_lower58_x,lip_center_lower58_y,trans_x,trans_y,trans_z,rot_x,rot_y,rot_z
0,0,10.506790161132812,-15.987564086914062,9.108634948730455,-12.199234008789091,-2.7176551818847656,1.9520263671875,-9.651149749755852,4.414459228515597,-6.845451354980497,-5.185363769531222,-3.9670867919921875,-4.898040771484347,1.2764968872070312,13.16290283203125,6.9705734252929545,13.637176513671875,-10.246101379394531,-18.30976104736328,-7.957984209060669,0.2617301940917969,23.90866851806642,-32.041744232177734,-5.395104169845581,51.224403381347656,0.012669604737311598,-0.02735052630305291,-0.02735052630305291,10.663465270454433,13.924301632454197,2.9086624254453635
