,Unnamed: 0,left_eyebrow_18x,left_eyebrow_18y,left_eyebrow_20x,left_eyebrow_20y,left_eyebrow_22x,left_eyebrow_22y,right_eyebrow_23x,right_eyebrow_23y,right_eyebrow_25x,right_eyebrow_25y,right_eyebrow_27x,right_eyebrow_27y,left_eye38_x,left_eye38_y,right_eye45_x,right_eye45_y,left_lip49_x,left_lip49_y,lip_center_upper52_x,lip_center_upper52_y,right_lip55_x,right_lip55_y,lip_center_lower58_x,lip_center_lower58_y,trans_x,trans_y,trans_z,rot_x,rot_y,rot_z
0,0,4.395111083984375,-3.0178070068359375,-0.02970123291014204,-5.9158477783203125,-2.6772308349609375,-3.8124084472656534,0.1110076904296804,-1.0477752685546875,1.4981918334960938,-5.880401611328153,-0.4837036132812216,-2.305557250976591,2.110992431640625,0.962432861328125,-2.9305191040039062,1.09490966796875,-14.095924377441392,-12.25239562988282,-1.5652016997337341,2.9242095947265625,6.50823974609375,-17.36727523803711,1.2716563940048222,19.64981079101561,-0.0032807944808155303,0.0015237070620060036,0.0015237070620060036,2.916763419452459,2.5305475962763273,-0.9112311928529223
