,Unnamed: 0,left_eyebrow_18x,left_eyebrow_18y,left_eyebrow_20x,left_eyebrow_20y,left_eyebrow_22x,left_eyebrow_22y,right_eyebrow_23x,right_eyebrow_23y,right_eyebrow_25x,right_eyebrow_25y,right_eyebrow_27x,right_eyebrow_27y,left_eye38_x,left_eye38_y,right_eye45_x,right_eye45_y,left_lip49_x,left_lip49_y,lip_center_upper52_x,lip_center_upper52_y,right_lip55_x,right_lip55_y,lip_center_lower58_x,lip_center_lower58_y,trans_x,trans_y,trans_z,rot_x,rot_y,rot_z
0,0,2.6385955810546875,-0.4942779541015341,-1.9195556640625,-4.831512451171875,0.08813095092774148,-5.839706420898409,-0.21208572387695312,0.19122314453125,-3.0320892333984375,-2.385986328125,-0.982940673828125,-2.7010345458984375,-2.9301605224609517,0.8612518310546875,-4.6028900146484375,2.1579437255859375,-8.459663391113281,-10.65560531616211,3.1750730276107797,4.713977813720696,7.220298767089844,-10.938011169433587,4.001243531703949,-0.3216247558593608,0.006694653537124395,-0.0036219023168087006,-0.0036219023168087006,-0.20964616526451385,-6.688906581725588,-0.36856371226471163
