,Unnamed: 0,left_eyebrow_18x,left_eyebrow_18y,left_eyebrow_20x,left_eyebrow_20y,left_eyebrow_22x,left_eyebrow_22y,right_eyebrow_23x,right_eyebrow_23y,right_eyebrow_25x,right_eyebrow_25y,right_eyebrow_27x,right_eyebrow_27y,left_eye38_x,left_eye38_y,right_eye45_x,right_eye45_y,left_lip49_x,left_lip49_y,lip_center_upper52_x,lip_center_upper52_y,right_lip55_x,right_lip55_y,lip_center_lower58_x,lip_center_lower58_y,trans_x,trans_y,trans_z,rot_x,rot_y,rot_z
0,0,11.396423339843778,-14.321014404296875,-7.375732421875,-5.5525360107421875,-18.547149658203118,0.05990600585934658,-9.705354690551758,-0.66522216796875,-4.892433166503906,6.6691436767578125,0.82684326171875,1.363800048828125,3.220916748046875,3.1010284423828125,1.2114868164062358,3.4954986572265625,1.2460861206054545,0.5951499938964773,-4.439840316772462,5.7437782287597585,13.759262084960952,-25.419052124023438,-3.6477103233337402,0.3267211914062642,0.010076400358229876,-0.02845000848174095,-0.02845000848174095,0.2356194400408409,18.248000561356086,-0.6580164863522213
