,Unnamed: 0,left_eyebrow_18x,left_eyebrow_18y,left_eyebrow_20x,left_eyebrow_20y,left_eyebrow_22x,left_eyebrow_22y,right_eyebrow_23x,right_eyebrow_23y,right_eyebrow_25x,right_eyebrow_25y,right_eyebrow_27x,right_eyebrow_27y,left_eye38_x,left_eye38_y,right_eye45_x,right_eye45_y,left_lip49_x,left_lip49_y,lip_center_upper52_x,lip_center_upper52_y,right_lip55_x,right_lip55_y,lip_center_lower58_x,lip_center_lower58_y,trans_x,trans_y,trans_z,rot_x,rot_y,rot_z
0,0,28.983291625976562,-33.80906677246094,-1.4107360839843466,-14.5689697265625,-27.191768646240234,1.575653076171875,-23.847646713256836,4.6534423828125,-6.140243530273452,7.877822875976591,1.3246307373046875,4.19500732421875,12.635154724121094,17.057815551757812,3.4188461303710938,18.458084106445312,20.380279541015625,-17.827739715576172,-22.42932367324829,-0.044252395629886365,41.083312988281264,-48.947940826416016,-7.637553691864014,40.0384521484375,0.05656107934191823,-0.014715094119310386,-0.014715094119310386,12.632241547718468,37.26050616153695,5.383505869121633
