,Unnamed: 0,left_eyebrow_18x,left_eyebrow_18y,left_eyebrow_20x,left_eyebrow_20y,left_eyebrow_22x,left_eyebrow_22y,right_eyebrow_23x,right_eyebrow_23y,right_eyebrow_25x,right_eyebrow_25y,right_eyebrow_27x,right_eyebrow_27y,left_eye38_x,left_eye38_y,right_eye45_x,right_eye45_y,left_lip49_x,left_lip49_y,lip_center_upper52_x,lip_center_upper52_y,right_lip55_x,right_lip55_y,lip_center_lower58_x,lip_center_lower58_y,trans_x,trans_y,trans_z,rot_x,rot_y,rot_z
0,0,11.134811401367188,-11.048263549804688,-1.0313110351562216,-7.94146728515625,-13.759262084960945,-5.2994232177734375,-0.9702529907226634,-5.0853271484375,1.9128112792968466,0.923370361328125,-1.3211212158203125,1.8695678710937784,4.240531921386719,6.0053558349609375,-0.9543380737304688,6.280487060546847,2.58148193359375,-0.7678298950195241,-6.949888110160828,-11.867536544799801,25.11885833740233,-24.504730224609382,-7.840784788131715,18.05504608154297,0.016570543171837926,-0.0037533678114414146,-0.0037533678114414146,-2.0572892772874734,12.239138147621889,-0.8666942571757477
