,Unnamed: 0,left_eyebrow_18x,left_eyebrow_18y,left_eyebrow_20x,left_eyebrow_20y,left_eyebrow_22x,left_eyebrow_22y,right_eyebrow_23x,right_eyebrow_23y,right_eyebrow_25x,right_eyebrow_25y,right_eyebrow_27x,right_eyebrow_27y,left_eye38_x,left_eye38_y,right_eye45_x,right_eye45_y,left_lip49_x,left_lip49_y,lip_center_upper52_x,lip_center_upper52_y,right_lip55_x,right_lip55_y,lip_center_lower58_x,lip_center_lower58_y,trans_x,trans_y,trans_z,rot_x,rot_y,rot_z
0,0,7.629241943359403,-18.96441650390622,-3.0388336181640625,-6.612548828124943,-9.749767303466797,3.573089599609375,-14.02255630493164,1.931060791015625,-7.137405395507841,5.659637451171875,1.1684875488281534,0.05563354492190342,4.821319580078139,6.3171844482421875,4.962577819824219,5.757308959960966,5.106346130371108,6.539459228515632,-14.764060974121094,8.753900527954098,17.00502777099608,-21.04178237915039,-9.28826020192355,7.39788818359375,0.015222503338009119,-0.025287318974733353,-0.025287318974733353,-3.04209056584949,21.248137173748344,-0.39343007387026374
