,Unnamed: 0,left_eyebrow_18x,left_eyebrow_18y,left_eyebrow_20x,left_eyebrow_20y,left_eyebrow_22x,left_eyebrow_22y,right_eyebrow_23x,right_eyebrow_23y,right_eyebrow_25x,right_eyebrow_25y,right_eyebrow_27x,right_eyebrow_27y,left_eye38_x,left_eye38_y,right_eye45_x,right_eye45_y,left_lip49_x,left_lip49_y,lip_center_upper52_x,lip_center_upper52_y,right_lip55_x,right_lip55_y,lip_center_lower58_x,lip_center_lower58_y,trans_x,trans_y,trans_z,rot_x,rot_y,rot_z
0,0,15.917007446289062,-42.461456298828125,-5.6365203857421875,-25.2421875,-20.183242797851562,-1.3483734130859375,-22.1953067779541,1.274383544921875,-5.38548278808598,6.620544433593778,-0.8788299560546591,7.530838012695284,13.994888305664062,18.763107299804688,4.312904357910156,16.815231323242188,26.23430633544922,-5.328819274902344,-25.119308948516846,6.862449645996094,36.07089233398442,-51.05978298187256,-8.65900707244873,30.074813842773438,0.025228396523743868,0.013458102941513055,0.013458102941513055,7.973789206643757,41.06884907786083,3.120284453738838
