,Unnamed: 0,left_eyebrow_18x,left_eyebrow_18y,left_eyebrow_20x,left_eyebrow_20y,left_eyebrow_22x,left_eyebrow_22y,right_eyebrow_23x,right_eyebrow_23y,right_eyebrow_25x,right_eyebrow_25y,right_eyebrow_27x,right_eyebrow_27y,left_eye38_x,left_eye38_y,right_eye45_x,right_eye45_y,left_lip49_x,left_lip49_y,lip_center_upper52_x,lip_center_upper52_y,right_lip55_x,right_lip55_y,lip_center_lower58_x,lip_center_lower58_y,trans_x,trans_y,trans_z,rot_x,rot_y,rot_z
0,0,5.925689697265625,-39.36231994628906,-14.387130737304688,-16.21629333496091,-23.057636260986328,3.34130859375,-22.11338996887207,4.0445098876953125,-8.079490661621108,11.781265258789062,-1.871475219726534,2.695114135742216,22.51171875,12.739593505859375,6.398094177246108,7.683486938476591,24.952819824218764,19.049320220947266,-29.8095064163208,16.42292213439942,19.587760925292955,-36.010299682617195,-16.046609620563686,8.669486999511719,0.03471029410138726,-0.02498207613825798,-0.02498207613825798,-2.016158419093486,37.73546665181637,1.5425532186707611
