,Unnamed: 0,left_eyebrow_18x,left_eyebrow_18y,left_eyebrow_20x,left_eyebrow_20y,left_eyebrow_22x,left_eyebrow_22y,right_eyebrow_23x,right_eyebrow_23y,right_eyebrow_25x,right_eyebrow_25y,right_eyebrow_27x,right_eyebrow_27y,left_eye38_x,left_eye38_y,right_eye45_x,right_eye45_y,left_lip49_x,left_lip49_y,lip_center_upper52_x,lip_center_upper52_y,right_lip55_x,right_lip55_y,lip_center_lower58_x,lip_center_lower58_y,trans_x,trans_y,trans_z,rot_x,rot_y,rot_z
0,0,23.875335693359347,-18.986495971679688,1.096809387207017,-9.20208740234375,-17.433979034423835,-4.1575469970703125,-18.043804168701172,-2.058883666992216,2.533706665039034,9.639617919921875,9.565322875976562,9.533966064453153,7.307952880859375,3.8913421630859375,-1.8782730102539205,8.5,21.97427368164064,5.575752258300788,-36.69273328781128,-2.8864364624023438,21.1637725830078,-25.876293182373047,-21.912342309951782,13.442268371582031,0.014776716241613034,-0.022007910534739494,-0.022007910534739494,-1.585308421029965,38.10335608583167,-0.8067047814127613
