,Unnamed: 0,left_eyebrow_18x,left_eyebrow_18y,left_eyebrow_20x,left_eyebrow_20y,left_eyebrow_22x,left_eyebrow_22y,right_eyebrow_23x,right_eyebrow_23y,right_eyebrow_25x,right_eyebrow_25y,right_eyebrow_27x,right_eyebrow_27y,left_eye38_x,left_eye38_y,right_eye45_x,right_eye45_y,left_lip49_x,left_lip49_y,lip_center_upper52_x,lip_center_upper52_y,right_lip55_x,right_lip55_y,lip_center_lower58_x,lip_center_lower58_y,trans_x,trans_y,trans_z,rot_x,rot_y,rot_z
0,0,12.461837768554688,-34.90805053710935,-8.582870483398438,-15.047485351562557,-24.162559509277358,-4.491241455078125,-18.2128849029541,-3.740814208984375,-1.6738815307617188,8.610992431640597,-1.1774444580078125,12.149215698242188,19.543601989746094,8.673751831054688,6.289398193359361,5.650024414062528,29.939338684082017,22.977832794189453,-33.05177640914917,12.394996643066406,22.117523193359403,-33.891944885253906,-20.296920776367188,9.667556762695312,0.021542506292462345,-0.023672487586736676,-0.023672487586736676,-6.637047627488446,41.85313113549008,0.9774994924523458
