,Unnamed: 0,left_eyebrow_18x,left_eyebrow_18y,left_eyebrow_20x,left_eyebrow_20y,left_eyebrow_22x,left_eyebrow_22y,right_eyebrow_23x,right_eyebrow_23y,right_eyebrow_25x,right_eyebrow_25y,right_eyebrow_27x,right_eyebrow_27y,left_eye38_x,left_eye38_y,right_eye45_x,right_eye45_y,left_lip49_x,left_lip49_y,lip_center_upper52_x,lip_center_upper52_y,right_lip55_x,right_lip55_y,lip_center_lower58_x,lip_center_lower58_y,trans_x,trans_y,trans_z,rot_x,rot_y,rot_z
0,0,7.982574462890653,-13.919296264648409,-6.102928161621094,-9.459060668945284,-10.46905517578125,0.6664276123046875,-11.198335647583008,1.6466064453125,-1.3747329711914062,0.6228332519531534,1.6418304443359375,6.73388671875,4.50750732421875,0.1218414306640625,-1.260406494140625,2.4794158935546875,6.741119384765625,-13.818214416503906,-11.051755845546722,1.9819107055664134,23.356040954589844,-34.03017044067383,-0.866018533706665,29.481681823730455,0.023334425000939518,-0.02669570222496987,-0.02669570222496987,-0.676312898661956,15.078135478523917,0.42828145543921425
