,Unnamed: 0,left_eyebrow_18x,left_eyebrow_18y,left_eyebrow_20x,left_eyebrow_20y,left_eyebrow_22x,left_eyebrow_22y,right_eyebrow_23x,right_eyebrow_23y,right_eyebrow_25x,right_eyebrow_25y,right_eyebrow_27x,right_eyebrow_27y,left_eye38_x,left_eye38_y,right_eye45_x,right_eye45_y,left_lip49_x,left_lip49_y,lip_center_upper52_x,lip_center_upper52_y,right_lip55_x,right_lip55_y,lip_center_lower58_x,lip_center_lower58_y,trans_x,trans_y,trans_z,rot_x,rot_y,rot_z
0,0,29.72216796875003,-39.48072814941406,-11.953285217285156,-16.166336059570256,-35.769336700439446,-5.4546356201171875,-28.69987678527832,-0.0439910888671875,-3.8816986083984375,8.608062744140653,2.851959228515625,14.486801147460909,12.191261291503906,6.3188934326171875,-2.5294342041015625,9.557769775390625,33.46531677246094,-5.304679870605462,-26.88861459493637,8.246101379394538,29.265525817871065,-47.353899002075195,-9.107374906539917,25.605895996093736,0.03655940113821998,-0.021261285990476615,-0.021261285990476615,0.25260571125539455,36.503579083194836,1.5969231465989624
