,Unnamed: 0,left_eyebrow_18x,left_eyebrow_18y,left_eyebrow_20x,left_eyebrow_20y,left_eyebrow_22x,left_eyebrow_22y,right_eyebrow_23x,right_eyebrow_23y,right_eyebrow_25x,right_eyebrow_25y,right_eyebrow_27x,right_eyebrow_27y,left_eye38_x,left_eye38_y,right_eye45_x,right_eye45_y,left_lip49_x,left_lip49_y,lip_center_upper52_x,lip_center_upper52_y,right_lip55_x,right_lip55_y,lip_center_lower58_x,lip_center_lower58_y,trans_x,trans_y,trans_z,rot_x,rot_y,rot_z
0,0,5.390304565429659,-4.2740631103515625,0.31742095947265625,-9.59222412109375,-1.7884979248046946,-3.848831176757841,3.7236366271972656,-3.4372863769530966,1.18927001953125,-9.568099975585909,-1.481414794921875,-4.6051483154296875,2.4132766723632812,-2.887054443359375,-3.3433380126953267,-1.128890991210966,-13.798500061035156,-13.239749908447266,-0.9050109386444094,7.16413497924804,12.631080627441392,-18.042678833007812,1.4494679570198057,6.182510375976577,-0.0012512709945440288,0.00018364936113357544,0.00018364936113357544,3.043607953009279,0.8863128425887559,-0.5580818827700694
