,Unnamed: 0,left_eyebrow_18x,left_eyebrow_18y,left_eyebrow_20x,left_eyebrow_20y,left_eyebrow_22x,left_eyebrow_22y,right_eyebrow_23x,right_eyebrow_23y,right_eyebrow_25x,right_eyebrow_25y,right_eyebrow_27x,right_eyebrow_27y,left_eye38_x,left_eye38_y,right_eye45_x,right_eye45_y,left_lip49_x,left_lip49_y,lip_center_upper52_x,lip_center_upper52_y,right_lip55_x,right_lip55_y,lip_center_lower58_x,lip_center_lower58_y,trans_x,trans_y,trans_z,rot_x,rot_y,rot_z
0,0,31.673919677734375,-28.30586242675784,-9.844604492187457,-21.962921142578125,-25.67617416381836,-9.319808959960966,-32.71201944351196,-18.11326599121091,-0.0478515625,-11.625381469726562,6.690704345703097,19.95684814453125,18.75569915771483,22.79911804199216,-2.8635711669921875,6.072021484375,22.08575439453125,5.899845123291023,-50.64239299297333,1.5750236511230504,25.372550964355455,-36.457651138305664,-17.55933177471161,14.981681823730455,0.0450063515236252,9.660050272940202e-05,9.660050272940202e-05,-16.248509102473637,42.03297730725634,3.0868197873646124
