,Unnamed: 0,left_eyebrow_18x,left_eyebrow_18y,left_eyebrow_20x,left_eyebrow_20y,left_eyebrow_22x,left_eyebrow_22y,right_eyebrow_23x,right_eyebrow_23y,right_eyebrow_25x,right_eyebrow_25y,right_eyebrow_27x,right_eyebrow_27y,left_eye38_x,left_eye38_y,right_eye45_x,right_eye45_y,left_lip49_x,left_lip49_y,lip_center_upper52_x,lip_center_upper52_y,right_lip55_x,right_lip55_y,lip_center_lower58_x,lip_center_lower58_y,trans_x,trans_y,trans_z,rot_x,rot_y,rot_z
0,0,12.542083740234375,-17.957672119140625,-2.7430419921875,-2.2640991210937784,-14.80451583862304,3.9745635986328125,-10.948551177978516,2.5937347412109375,-1.6803359985351562,8.700546264648409,1.819427490234375,2.5596313476562216,4.931335449218764,2.0801239013671875,1.0872421264648438,0.6064605712890625,5.047256469726548,4.505531311035156,-11.3933767080307,14.489124298095703,18.486267089843736,-20.82016372680664,-9.147362470626831,8.277107238769531,0.018035111483186483,-0.028366543352603912,-0.028366543352603912,-3.091692593737837,16.493533579770563,0.5677665076382753
