,Unnamed: 0,left_eyebrow_18x,left_eyebrow_18y,left_eyebrow_20x,left_eyebrow_20y,left_eyebrow_22x,left_eyebrow_22y,right_eyebrow_23x,right_eyebrow_23y,right_eyebrow_25x,right_eyebrow_25y,right_eyebrow_27x,right_eyebrow_27y,left_eye38_x,left_eye38_y,right_eye45_x,right_eye45_y,left_lip49_x,left_lip49_y,lip_center_upper52_x,lip_center_upper52_y,right_lip55_x,right_lip55_y,lip_center_lower58_x,lip_center_lower58_y,trans_x,trans_y,trans_z,rot_x,rot_y,rot_z
0,0,36.73754882812497,-29.338119506835938,-1.1658630371093608,-14.0582275390625,-32.160118103027344,-2.407485961914091,-29.869467735290527,-3.3551025390625,-3.5494308471679688,-6.3183135986328125,5.112854003906222,9.98272705078125,19.092086791992173,-0.7526397705078125,-3.7363433837890767,3.8635406494140625,30.732295989990234,-1.5103187561035156,-34.79837083816529,12.398193359374986,34.3162078857422,-33.166486740112305,-18.239768803119663,12.706436157226577,0.03742167679592968,-0.010959342122077942,-0.010959342122077942,0.95668198605388,41.37382797077966,0.5310463353116462
