,Unnamed: 0,left_eyebrow_18x,left_eyebrow_18y,left_eyebrow_20x,left_eyebrow_20y,left_eyebrow_22x,left_eyebrow_22y,right_eyebrow_23x,right_eyebrow_23y,right_eyebrow_25x,right_eyebrow_25y,right_eyebrow_27x,right_eyebrow_27y,left_eye38_x,left_eye38_y,right_eye45_x,right_eye45_y,left_lip49_x,left_lip49_y,lip_center_upper52_x,lip_center_upper52_y,right_lip55_x,right_lip55_y,lip_center_lower58_x,lip_center_lower58_y,trans_x,trans_y,trans_z,rot_x,rot_y,rot_z
0,0,3.2301025390625284,-2.653594970703125,0.09139251708985796,-5.632583618164034,0.775707244873054,-3.53656005859375,0.4195899963378906,-3.4551849365234375,2.0849609375,-6.9138336181640625,-2.062042236328125,-1.8427886962890625,-2.5686187744140767,0.9637756347655966,-1.875679016113267,0.5412902832030966,-7.6238250732421875,-5.210182189941406,1.0673984289169312,6.00736236572266,7.225204467773423,-4.791618347167969,2.3642464876174927,-4.346916198730469,0.0019159996663802303,-0.0027283839881420066,-0.0027283839881420066,-1.5117538400177897,-1.9388413204012946,0.8671934795714697
