,Unnamed: 0,left_eyebrow_18x,left_eyebrow_18y,left_eyebrow_20x,left_eyebrow_20y,left_eyebrow_22x,left_eyebrow_22y,right_eyebrow_23x,right_eyebrow_23y,right_eyebrow_25x,right_eyebrow_25y,right_eyebrow_27x,right_eyebrow_27y,left_eye38_x,left_eye38_y,right_eye45_x,right_eye45_y,left_lip49_x,left_lip49_y,lip_center_upper52_x,lip_center_upper52_y,right_lip55_x,right_lip55_y,lip_center_lower58_x,lip_center_lower58_y,trans_x,trans_y,trans_z,rot_x,rot_y,rot_z
0,0,12.508392333984375,-22.03076171875,3.610229492187486,-11.230972290039034,-8.383766174316406,0.18583679199221592,-12.792732238769531,-3.6593627929687784,-3.4601211547851562,1.0111236572265625,1.0480346679687784,-0.33563232421875,4.7409439086914205,4.4508209228515625,2.2580413818359233,4.936767578125057,5.3466720581054545,6.068599700927734,-16.161261081695557,5.282630920410156,16.99541473388672,-19.432037353515625,-11.94910132884979,4.2400665283203125,0.015846048016101122,-0.01850650832057,-0.01850650832057,-4.675287825623974,18.760825523114967,-1.9581766548348827
