,Unnamed: 0,left_eyebrow_18x,left_eyebrow_18y,left_eyebrow_20x,left_eyebrow_20y,left_eyebrow_22x,left_eyebrow_22y,right_eyebrow_23x,right_eyebrow_23y,right_eyebrow_25x,right_eyebrow_25y,right_eyebrow_27x,right_eyebrow_27y,left_eye38_x,left_eye38_y,right_eye45_x,right_eye45_y,left_lip49_x,left_lip49_y,lip_center_upper52_x,lip_center_upper52_y,right_lip55_x,right_lip55_y,lip_center_lower58_x,lip_center_lower58_y,trans_x,trans_y,trans_z,rot_x,rot_y,rot_z
0,0,31.678329467773438,-24.28318786621091,-0.00012969970703125,-5.4669189453125,-27.636562347412102,-2.640838623046875,-29.4919719696045,-5.07659912109375,-3.3278961181640625,5.802307128906278,2.7489776611328125,13.224014282226562,11.976844787597656,3.7295989990234375,-1.0668411254882812,2.426239013671875,29.01849365234375,4.682155609130859,-26.747943043708805,6.716957092285156,33.11071014404298,-25.48662948608398,-12.458114385604858,-0.8126678466796875,0.04404569161124528,-0.012087181210517883,-0.012087181210517883,-2.9283247920373054,32.90860263549188,3.4188113173391512
