,Unnamed: 0,left_eyebrow_18x,left_eyebrow_18y,left_eyebrow_20x,left_eyebrow_20y,left_eyebrow_22x,left_eyebrow_22y,right_eyebrow_23x,right_eyebrow_23y,right_eyebrow_25x,right_eyebrow_25y,right_eyebrow_27x,right_eyebrow_27y,left_eye38_x,left_eye38_y,right_eye45_x,right_eye45_y,left_lip49_x,left_lip49_y,lip_center_upper52_x,lip_center_upper52_y,right_lip55_x,right_lip55_y,lip_center_lower58_x,lip_center_lower58_y,trans_x,trans_y,trans_z,rot_x,rot_y,rot_z
0,0,19.250579833984375,-39.55525207519531,-12.459136962890625,-17.836151123046875,-27.733421325683594,-7.648040771484375,-25.128429412841808,-5.215606689453097,-2.197738647460909,14.751968383789091,-2.314453125,18.110809326171847,23.563568115234375,16.695465087890625,1.586639404296875,10.404327392578125,32.80903625488281,7.463420867919922,-39.527485847473145,11.473697662353523,21.692520141601562,-49.18674433231354,-18.756416454911236,9.458663940429702,0.04663377860561013,-0.003834422677755356,-0.003834422677755356,-0.42446473908954996,37.412349240312764,3.1802239619937698
