,Unnamed: 0,left_eyebrow_18x,left_eyebrow_18y,left_eyebrow_20x,left_eyebrow_20y,left_eyebrow_22x,left_eyebrow_22y,right_eyebrow_23x,right_eyebrow_23y,right_eyebrow_25x,right_eyebrow_25y,right_eyebrow_27x,right_eyebrow_27y,left_eye38_x,left_eye38_y,right_eye45_x,right_eye45_y,left_lip49_x,left_lip49_y,lip_center_upper52_x,lip_center_upper52_y,right_lip55_x,right_lip55_y,lip_center_lower58_x,lip_center_lower58_y,trans_x,trans_y,trans_z,rot_x,rot_y,rot_z
0,0,1.5843505859375284,-2.0605316162109375,-1.0446929931640767,-6.0788116455078125,-2.301738739013672,-2.6337432861328125,0.34075927734375,-2.89306640625,1.3569869995117188,-4.748397827148466,0.4777374267577841,-0.24627685546872158,-0.1788330078125142,1.3373565673828125,-0.903076171875,2.120452880859375,-4.036003112792983,-9.065921783447273,-0.31269955635070756,7.286735534667958,6.4177703857421875,-12.529003143310547,-0.011674284934997559,1.8854217529296733,-0.002511036465875805,0.00013914704322814941,0.00013914704322814941,1.2611297070674086,2.3345882518573546,-0.49997335196134696
