,Unnamed: 0,left_eyebrow_18x,left_eyebrow_18y,left_eyebrow_20x,left_eyebrow_20y,left_eyebrow_22x,left_eyebrow_22y,right_eyebrow_23x,right_eyebrow_23y,right_eyebrow_25x,right_eyebrow_25y,right_eyebrow_27x,right_eyebrow_27y,left_eye38_x,left_eye38_y,right_eye45_x,right_eye45_y,left_lip49_x,left_lip49_y,lip_center_upper52_x,lip_center_upper52_y,right_lip55_x,right_lip55_y,lip_center_lower58_x,lip_center_lower58_y,trans_x,trans_y,trans_z,rot_x,rot_y,rot_z
0,0,1.3308563232421875,-0.5464630126952841,-1.247283935546875,-6.4697418212890625,-1.0352401733398366,-3.5233154296875284,1.4991111755370952,-2.772125244140625,3.0559234619140625,-5.011611938476534,-1.3074340820312216,-0.3654937744140625,0.05345153808592329,-1.3417205810546875,-0.20068359375,-2.415298461914091,-5.391754150390625,-8.552852630615234,-0.10118937492370605,4.413658142089844,7.484916687011719,-6.96142578125,1.0758973360061646,-4.678001403808594,0.001037409296259284,0.00036262720823287964,0.00036262720823287964,2.4322909519833535,-0.22871385333973632,0.3421126308389633
