,Unnamed: 0,left_eyebrow_18x,left_eyebrow_18y,left_eyebrow_20x,left_eyebrow_20y,left_eyebrow_22x,left_eyebrow_22y,right_eyebrow_23x,right_eyebrow_23y,right_eyebrow_25x,right_eyebrow_25y,right_eyebrow_27x,right_eyebrow_27y,left_eye38_x,left_eye38_y,right_eye45_x,right_eye45_y,left_lip49_x,left_lip49_y,lip_center_upper52_x,lip_center_upper52_y,right_lip55_x,right_lip55_y,lip_center_lower58_x,lip_center_lower58_y,trans_x,trans_y,trans_z,rot_x,rot_y,rot_z
0,0,4.8093719482421875,-9.793334960937528,0.3710021972655966,-5.7818756103515625,-6.774463653564453,1.2188720703125,-5.626583099365234,1.7581787109375,-4.735435485839844,0.02487182617190342,-3.2179718017578125,0.9889984130859375,4.814422607421875,2.7757415771484375,5.5492095947265625,2.238372802734375,0.1272430419921875,-5.073513031005859,-9.12374559044838,10.528560638427741,19.279472351074205,-17.074832916259766,-11.205950982868671,9.348915100097656,0.022291867528110746,-0.026425682008266456,-0.026425682008266456,-2.9206828020744453,13.030316395766413,1.0713227070729983
