,Unnamed: 0,left_eyebrow_18x,left_eyebrow_18y,left_eyebrow_20x,left_eyebrow_20y,left_eyebrow_22x,left_eyebrow_22y,right_eyebrow_23x,right_eyebrow_23y,right_eyebrow_25x,right_eyebrow_25y,right_eyebrow_27x,right_eyebrow_27y,left_eye38_x,left_eye38_y,right_eye45_x,right_eye45_y,left_lip49_x,left_lip49_y,lip_center_upper52_x,lip_center_upper52_y,right_lip55_x,right_lip55_y,lip_center_lower58_x,lip_center_lower58_y,trans_x,trans_y,trans_z,rot_x,rot_y,rot_z
0,0,17.140457153320312,-41.64305114746091,-13.361541748046875,-24.368286132812557,-23.908306121826172,-10.017578125,-27.390027046203613,-5.913421630859375,0.62939453125,5.828674316406278,1.5124359130859375,10.462814331054688,19.77288055419922,6.7836761474609375,1.2598876953125,9.191787719726562,33.43578338623047,6.11803054809571,-31.69751751422882,18.15176773071289,26.15850830078125,-41.56956100463867,-15.42968487739563,13.483024597167969,0.049361032084561884,-0.008313596248626702,-0.008313596248626702,0.825868742877757,33.498575289696326,1.216527321639865
