,Unnamed: 0,left_eyebrow_18x,left_eyebrow_18y,left_eyebrow_20x,left_eyebrow_20y,left_eyebrow_22x,left_eyebrow_22y,right_eyebrow_23x,right_eyebrow_23y,right_eyebrow_25x,right_eyebrow_25y,right_eyebrow_27x,right_eyebrow_27y,left_eye38_x,left_eye38_y,right_eye45_x,right_eye45_y,left_lip49_x,left_lip49_y,lip_center_upper52_x,lip_center_upper52_y,right_lip55_x,right_lip55_y,lip_center_lower58_x,lip_center_lower58_y,trans_x,trans_y,trans_z,rot_x,rot_y,rot_z
0,0,44.01582336425784,-27.0218505859375,3.1428756713867188,-6.341766357421847,-30.725677490234375,-5.1476593017578125,-35.50573825836182,-3.734054565429716,-11.259086608886719,8.045349121093693,9.039810180664062,10.778869628906222,16.62787628173828,7.515533447265625,-8.63045501708983,6.6061248779296875,42.61891937255859,7.8280029296875,-43.382309675216675,5.874319076538086,21.497512817382812,-25.25770378112793,-25.22168266773224,3.4649581909179688,0.03746074519585818,-0.024215174256823957,-0.024215174256823957,-1.6423410725821468,39.429330781770915,-2.3134401918193164
