,Unnamed: 0,left_eyebrow_18x,left_eyebrow_18y,left_eyebrow_20x,left_eyebrow_20y,left_eyebrow_22x,left_eyebrow_22y,right_eyebrow_23x,right_eyebrow_23y,right_eyebrow_25x,right_eyebrow_25y,right_eyebrow_27x,right_eyebrow_27y,left_eye38_x,left_eye38_y,right_eye45_x,right_eye45_y,left_lip49_x,left_lip49_y,lip_center_upper52_x,lip_center_upper52_y,right_lip55_x,right_lip55_y,lip_center_lower58_x,lip_center_lower58_y,trans_x,trans_y,trans_z,rot_x,rot_y,rot_z
0,0,12.1676025390625,-16.216171264648438,1.6159286499023438,-9.906188964843722,-12.511947631835938,-4.6240234375,-7.792472839355469,-5.048187255859375,-0.09465789794921875,-2.42034912109375,1.465240478515625,3.900909423828125,6.466484069824233,4.4002532958984375,-0.0517425537109375,3.8185882568359375,1.4451828002929688,-2.3237266540527344,-12.819448888301851,0.50994873046875,24.63088989257811,-27.851657867431634,-9.035809397697449,4.971862792968736,0.00967606622725725,-0.015046097338199615,-0.015046097338199615,-2.7038304902194397,24.50182511141258,-1.553825132797352
