,Unnamed: 0,left_eyebrow_18x,left_eyebrow_18y,left_eyebrow_20x,left_eyebrow_20y,left_eyebrow_22x,left_eyebrow_22y,right_eyebrow_23x,right_eyebrow_23y,right_eyebrow_25x,right_eyebrow_25y,right_eyebrow_27x,right_eyebrow_27y,left_eye38_x,left_eye38_y,right_eye45_x,right_eye45_y,left_lip49_x,left_lip49_y,lip_center_upper52_x,lip_center_upper52_y,right_lip55_x,right_lip55_y,lip_center_lower58_x,lip_center_lower58_y,trans_x,trans_y,trans_z,rot_x,rot_y,rot_z
0,0,24.546783447265625,-20.74365234375,-4.7359771728515625,-9.458480834960938,-24.49842834472657,0.7451477050781534,-30.51162719726562,0.7600250244140909,-6.129981994628906,9.153900146484375,10.157318115234375,10.054168701171847,10.850868225097656,1.7497100830078125,-3.187835693359389,2.9754180908203125,35.239166259765625,-7.0750579833984375,-34.0784616470337,8.501308441162116,23.96045684814453,-28.945278167724602,-23.088007688522342,15.967300415039062,0.035451230593025684,-0.01236310601234436,-0.01236310601234436,7.0762033351349904,41.37988666777002,3.7048119284964764
