,Unnamed: 0,left_eyebrow_18x,left_eyebrow_18y,left_eyebrow_20x,left_eyebrow_20y,left_eyebrow_22x,left_eyebrow_22y,right_eyebrow_23x,right_eyebrow_23y,right_eyebrow_25x,right_eyebrow_25y,right_eyebrow_27x,right_eyebrow_27y,left_eye38_x,left_eye38_y,right_eye45_x,right_eye45_y,left_lip49_x,left_lip49_y,lip_center_upper52_x,lip_center_upper52_y,right_lip55_x,right_lip55_y,lip_center_lower58_x,lip_center_lower58_y,trans_x,trans_y,trans_z,rot_x,rot_y,rot_z
0,0,13.526794433593778,-16.920989990234403,-5.62841796875,-6.586944580078125,-17.700210571289062,-3.96575927734375,-11.736396789550788,-5.128173828125,0.8356475830078409,3.8766479492187784,1.9658966064453125,7.723815917968778,3.689666748046875,9.134262084960938,-1.2730178833007812,5.72357177734375,11.221923828125,-3.1942481994628906,-15.535841941833494,1.1687469482421875,21.822891235351562,-29.3320369720459,-8.78687109053135,-1.0881423950195312,0.015587452333420513,-0.01841399446129799,-0.01841399446129799,-2.238158155344518,19.94786658164701,-0.1613303888428962
