,Unnamed: 0,left_eyebrow_18x,left_eyebrow_18y,left_eyebrow_20x,left_eyebrow_20y,left_eyebrow_22x,left_eyebrow_22y,right_eyebrow_23x,right_eyebrow_23y,right_eyebrow_25x,right_eyebrow_25y,right_eyebrow_27x,right_eyebrow_27y,left_eye38_x,left_eye38_y,right_eye45_x,right_eye45_y,left_lip49_x,left_lip49_y,lip_center_upper52_x,lip_center_upper52_y,right_lip55_x,right_lip55_y,lip_center_lower58_x,lip_center_lower58_y,trans_x,trans_y,trans_z,rot_x,rot_y,rot_z
0,0,14.585678100585938,-15.973358154296847,1.1241836547851562,-1.0246429443359375,-12.913619995117188,2.764907836914091,-11.160823822021477,3.5746917724609375,0.6234512329101562,3.687896728515625,5.1380462646484375,7.591827392578125,5.7583999633789205,-2.153167724609375,-0.7269668579101562,-1.9748382568359375,5.979881286621094,-2.019306182861321,-12.811054646968843,6.202392578125,19.333145141601562,-29.707384109497067,-11.693170428276062,6.369308471679702,0.0063040051609277725,-0.014562614262104034,-0.014562614262104034,5.981447700373866,23.803155325813805,-1.4954698338448118
