,Unnamed: 0,left_eyebrow_18x,left_eyebrow_18y,left_eyebrow_20x,left_eyebrow_20y,left_eyebrow_22x,left_eyebrow_22y,right_eyebrow_23x,right_eyebrow_23y,right_eyebrow_25x,right_eyebrow_25y,right_eyebrow_27x,right_eyebrow_27y,left_eye38_x,left_eye38_y,right_eye45_x,right_eye45_y,left_lip49_x,left_lip49_y,lip_center_upper52_x,lip_center_upper52_y,right_lip55_x,right_lip55_y,lip_center_lower58_x,lip_center_lower58_y,trans_x,trans_y,trans_z,rot_x,rot_y,rot_z
0,0,19.489166259765625,-26.413436889648438,1.9571151733398153,-7.0653533935546875,-15.733997344970703,1.9410247802734375,-28.167510986328125,0.657562255859375,-10.533897399902344,2.0076446533203125,-0.8839569091796591,8.122055053710909,14.354896545410156,6.8314208984375,3.912620544433608,2.3931121826171875,9.031257629394531,-0.1826171875,-32.03022828698158,17.508460998535156,32.817848205566406,-28.595863342285156,-23.011993654072285,15.031455993652344,0.05516343424096703,-0.01389052718877793,-0.01389052718877793,-6.635715587354647,32.392557154670676,3.8263866571023213
