,Unnamed: 0,left_eyebrow_18x,left_eyebrow_18y,left_eyebrow_20x,left_eyebrow_20y,left_eyebrow_22x,left_eyebrow_22y,right_eyebrow_23x,right_eyebrow_23y,right_eyebrow_25x,right_eyebrow_25y,right_eyebrow_27x,right_eyebrow_27y,left_eye38_x,left_eye38_y,right_eye45_x,right_eye45_y,left_lip49_x,left_lip49_y,lip_center_upper52_x,lip_center_upper52_y,right_lip55_x,right_lip55_y,lip_center_lower58_x,lip_center_lower58_y,trans_x,trans_y,trans_z,rot_x,rot_y,rot_z
0,0,1.8190612792968466,-1.534881591796875,1.842575073242159,-2.7957458496094034,2.2140464782714915,-4.384292602539034,0.11684799194335938,0.5502166748046591,-2.947784423828125,-4.1647186279296875,-4.6689453125,-1.991561889648409,-0.47037506103515625,3.2707977294921875,-0.38225555419919033,0.2413330078125,-13.251922607421875,-11.793197631835945,1.7416575849056248,10.176612854003906,10.707473754882812,-6.2228240966796875,0.6810965463519096,8.284255981445312,6.219372153282252e-05,0.0016268081963062217,0.0016268081963062217,3.8371170834937898,0.4190197049162774,0.9333031677352832
