,Unnamed: 0,left_eyebrow_18x,left_eyebrow_18y,left_eyebrow_20x,left_eyebrow_20y,left_eyebrow_22x,left_eyebrow_22y,right_eyebrow_23x,right_eyebrow_23y,right_eyebrow_25x,right_eyebrow_25y,right_eyebrow_27x,right_eyebrow_27y,left_eye38_x,left_eye38_y,right_eye45_x,right_eye45_y,left_lip49_x,left_lip49_y,lip_center_upper52_x,lip_center_upper52_y,right_lip55_x,right_lip55_y,lip_center_lower58_x,lip_center_lower58_y,trans_x,trans_y,trans_z,rot_x,rot_y,rot_z
0,0,0.20553588867190342,0.74664306640625,0.6534118652343466,-3.3313293457030966,1.7571640014648438,-4.3593902587890625,-1.0247077941894602,-4.9258575439453125,-0.7912292480468892,-3.7631530761719034,-1.8888092041015625,-0.5238952636719034,1.3402175903320312,2.9914703369140625,-2.757942199707017,1.1856842041015625,-10.853179931640625,-14.82088470458985,-0.3755382150411606,2.900239944458008,2.922393798828111,-10.744049072265625,-0.5169287919998165,20.717010498046875,-0.000695269409334287,-0.00166957953479141,-0.00166957953479141,-0.12086430742111487,0.8245558855485522,0.07300846028080299
