,Unnamed: 0,left_eyebrow_18x,left_eyebrow_18y,left_eyebrow_20x,left_eyebrow_20y,left_eyebrow_22x,left_eyebrow_22y,right_eyebrow_23x,right_eyebrow_23y,right_eyebrow_25x,right_eyebrow_25y,right_eyebrow_27x,right_eyebrow_27y,left_eye38_x,left_eye38_y,right_eye45_x,right_eye45_y,left_lip49_x,left_lip49_y,lip_center_upper52_x,lip_center_upper52_y,right_lip55_x,right_lip55_y,lip_center_lower58_x,lip_center_lower58_y,trans_x,trans_y,trans_z,rot_x,rot_y,rot_z
0,0,-0.42657470703125,2.927078247070284,0.6672821044921875,-0.07232666015622158,2.515880584716797,0.5865020751953693,2.0399665832519602,-0.4949951171875,0.5959014892578409,-2.8873291015625,-2.4614715576171875,0.5866546630859375,-0.07944488525390625,-5.142333984375,-1.6654586791992188,-5.679412841796875,-3.256507873535142,-10.729358673095703,0.962443023920059,-0.117950439453125,2.4026412963867188,-6.478267669677734,2.198163688182831,7.609725952148452,0.003911316627636552,-0.0008269734680652618,-0.0008269734680652618,5.163198125239779,-3.2840887297112515,0.1276720389384387
