,Unnamed: 0,left_eyebrow_18x,left_eyebrow_18y,left_eyebrow_20x,left_eyebrow_20y,left_eyebrow_22x,left_eyebrow_22y,right_eyebrow_23x,right_eyebrow_23y,right_eyebrow_25x,right_eyebrow_25y,right_eyebrow_27x,right_eyebrow_27y,left_eye38_x,left_eye38_y,right_eye45_x,right_eye45_y,left_lip49_x,left_lip49_y,lip_center_upper52_x,lip_center_upper52_y,right_lip55_x,right_lip55_y,lip_center_lower58_x,lip_center_lower58_y,trans_x,trans_y,trans_z,rot_x,rot_y,rot_z
0,0,20.992233276367188,-17.551986694335938,-0.8791885375976278,-11.563888549804688,-19.788272857666016,-8.607162475585994,-14.439939498901367,-5.864349365234403,0.0723876953125,4.9534912109375,0.8578948974609659,10.398529052734375,8.789070129394545,2.193206787109375,-0.5756454467773295,4.00897216796875,11.745506286621094,3.079265594482429,-28.90628886222839,7.1281890869140625,26.883590698242188,-26.513143539428707,-20.736706733703613,4.531173706054673,0.03783180960454047,-0.00659688375890255,-0.00659688375890255,-4.056943254640249,31.300585526521523,-0.20665980561034558
