,Unnamed: 0,left_eyebrow_18x,left_eyebrow_18y,left_eyebrow_20x,left_eyebrow_20y,left_eyebrow_22x,left_eyebrow_22y,right_eyebrow_23x,right_eyebrow_23y,right_eyebrow_25x,right_eyebrow_25y,right_eyebrow_27x,right_eyebrow_27y,left_eye38_x,left_eye38_y,right_eye45_x,right_eye45_y,left_lip49_x,left_lip49_y,lip_center_upper52_x,lip_center_upper52_y,right_lip55_x,right_lip55_y,lip_center_lower58_x,lip_center_lower58_y,trans_x,trans_y,trans_z,rot_x,rot_y,rot_z
0,0,0.5646209716797159,2.6709136962890625,-1.8154220581054688,-6.048904418945341,-0.5516548156738281,-4.482635498046875,-0.5022697448730469,-7.276351928710909,2.1335220336914205,-6.1934661865234375,-2.4581909179687216,1.758377075195284,1.619232177734375,-0.0868377685546875,-1.4369277954101562,1.8578948974609375,-9.8372802734375,-17.298904418945312,0.6796480417251587,-2.3936805725097727,9.658798217773452,-15.7272720336914,-0.26493680477142334,25.572776794433594,2.1578598534688354e-05,-0.0025017447769641737,-0.0025017447769641737,-0.6411268810297379,0.784273619256919,0.34723641321439114
