,Unnamed: 0,left_eyebrow_18x,left_eyebrow_18y,left_eyebrow_20x,left_eyebrow_20y,left_eyebrow_22x,left_eyebrow_22y,right_eyebrow_23x,right_eyebrow_23y,right_eyebrow_25x,right_eyebrow_25y,right_eyebrow_27x,right_eyebrow_27y,left_eye38_x,left_eye38_y,right_eye45_x,right_eye45_y,left_lip49_x,left_lip49_y,lip_center_upper52_x,lip_center_upper52_y,right_lip55_x,right_lip55_y,lip_center_lower58_x,lip_center_lower58_y,trans_x,trans_y,trans_z,rot_x,rot_y,rot_z
0,0,2.7301177978515625,1.2886810302734375,-2.4623641967773438,-4.504180908203125,-4.23075866699218,-5.490661621093778,5.0479888916015625,-8.231063842773466,1.37811279296875,-6.8892974853515625,-5.94256591796875,1.314071655273409,0.717521667480483,0.7934722900390625,-1.7919845581054688,0.780029296875,-10.607528686523438,-10.098865509033203,-1.7068150043487549,3.7458419799804616,10.750358581542969,-7.109157562255859,-0.36277878284454346,-0.882331848144517,0.003371302736923098,0.0031805355101823807,0.0031805355101823807,0.1002927698740601,-1.3735191377349343,-0.7927923283754518
