,Unnamed: 0,left_eyebrow_18x,left_eyebrow_18y,left_eyebrow_20x,left_eyebrow_20y,left_eyebrow_22x,left_eyebrow_22y,right_eyebrow_23x,right_eyebrow_23y,right_eyebrow_25x,right_eyebrow_25y,right_eyebrow_27x,right_eyebrow_27y,left_eye38_x,left_eye38_y,right_eye45_x,right_eye45_y,left_lip49_x,left_lip49_y,lip_center_upper52_x,lip_center_upper52_y,right_lip55_x,right_lip55_y,lip_center_lower58_x,lip_center_lower58_y,trans_x,trans_y,trans_z,rot_x,rot_y,rot_z
0,0,27.308334350585938,-23.028976440429716,2.3982543945312216,-6.406188964843722,-18.773014068603516,0.1748046875,-28.02911949157715,0.8145599365234091,-4.435905456542969,8.367263793945312,7.769805908203097,6.999969482421875,14.385879516601562,1.66094970703125,1.6129074096679545,3.2964935302734375,15.0416259765625,10.085853576660156,-38.99409627914428,7.679584503173828,12.23252105712892,-26.889575958251953,-28.227834463119507,12.464805603027344,0.017504025250673294,0.014333542436361313,0.014333542436361313,5.24722902722929,45.1453791420102,3.0806318850495993
