,Unnamed: 0,left_eyebrow_18x,left_eyebrow_18y,left_eyebrow_20x,left_eyebrow_20y,left_eyebrow_22x,left_eyebrow_22y,right_eyebrow_23x,right_eyebrow_23y,right_eyebrow_25x,right_eyebrow_25y,right_eyebrow_27x,right_eyebrow_27y,left_eye38_x,left_eye38_y,right_eye45_x,right_eye45_y,left_lip49_x,left_lip49_y,lip_center_upper52_x,lip_center_upper52_y,right_lip55_x,right_lip55_y,lip_center_lower58_x,lip_center_lower58_y,trans_x,trans_y,trans_z,rot_x,rot_y,rot_z
0,0,16.745758056640625,-24.04304504394534,-0.5972061157226562,-8.817199707031222,-19.789901733398438,-1.6720886230468466,-18.744310379028313,-0.6135711669922159,1.162506103515625,5.3662567138671875,3.794021606445284,6.475860595703125,12.309501647949219,0.09013366699213066,-1.597198486328125,2.9458618164062784,11.321556091308594,8.838348388671875,-22.510818541049957,15.83456039428711,27.304450988769545,-26.690317153930668,-13.015605330467224,0.7900924682617188,0.047364995116367936,-0.018457066267728785,-0.018457066267728785,-6.809227912150911,29.182357977878137,-3.582521236003406
