,Unnamed: 0,left_eyebrow_18x,left_eyebrow_18y,left_eyebrow_20x,left_eyebrow_20y,left_eyebrow_22x,left_eyebrow_22y,right_eyebrow_23x,right_eyebrow_23y,right_eyebrow_25x,right_eyebrow_25y,right_eyebrow_27x,right_eyebrow_27y,left_eye38_x,left_eye38_y,right_eye45_x,right_eye45_y,left_lip49_x,left_lip49_y,lip_center_upper52_x,lip_center_upper52_y,right_lip55_x,right_lip55_y,lip_center_lower58_x,lip_center_lower58_y,trans_x,trans_y,trans_z,rot_x,rot_y,rot_z
0,0,40.816757202148466,-30.294570922851562,-0.9786834716797159,-8.258651733398438,-33.303436279296875,-4.355255126953153,-35.327176570892334,-3.9729156494140057,-10.44124603271483,2.092590332031193,4.005233764648466,6.238006591796847,10.711715698242188,13.481857299804688,-3.1197662353515625,13.850418090820312,34.119636535644545,-9.632038116455078,-30.62839388847351,7.934513092041016,33.24765777587888,-32.75601577758789,-20.8464218378067,6.844139099121094,0.05536513589322567,-0.008953578770160682,-0.008953578770160682,-1.9075015418230858,33.34685948657951,1.5655436207878868
