,Unnamed: 0,left_eyebrow_18x,left_eyebrow_18y,left_eyebrow_20x,left_eyebrow_20y,left_eyebrow_22x,left_eyebrow_22y,right_eyebrow_23x,right_eyebrow_23y,right_eyebrow_25x,right_eyebrow_25y,right_eyebrow_27x,right_eyebrow_27y,left_eye38_x,left_eye38_y,right_eye45_x,right_eye45_y,left_lip49_x,left_lip49_y,lip_center_upper52_x,lip_center_upper52_y,right_lip55_x,right_lip55_y,lip_center_lower58_x,lip_center_lower58_y,trans_x,trans_y,trans_z,rot_x,rot_y,rot_z
0,0,1.1807708740234375,-1.94940185546875,2.6366577148437784,-2.950942993164091,2.7650794982910156,0.011169433593778422,1.0247726440429688,-0.4039306640625284,-0.2222747802734375,-3.723663330078125,-1.799102783203125,-3.274307250976591,1.1137084960937358,-1.02679443359375,-0.07306671142579546,-0.451202392578125,-8.535362243652344,-12.085716247558594,0.20636892318725586,3.322101593017578,4.443305969238281,-11.241714477539062,-1.1706149578094482,8.07450103759767,-0.0016526398248970517,0.0009330548346042633,0.0009330548346042633,3.24156886983912,2.211312703007561,0.6626191766779184
