,Unnamed: 0,left_eyebrow_18x,left_eyebrow_18y,left_eyebrow_20x,left_eyebrow_20y,left_eyebrow_22x,left_eyebrow_22y,right_eyebrow_23x,right_eyebrow_23y,right_eyebrow_25x,right_eyebrow_25y,right_eyebrow_27x,right_eyebrow_27y,left_eye38_x,left_eye38_y,right_eye45_x,right_eye45_y,left_lip49_x,left_lip49_y,lip_center_upper52_x,lip_center_upper52_y,right_lip55_x,right_lip55_y,lip_center_lower58_x,lip_center_lower58_y,trans_x,trans_y,trans_z,rot_x,rot_y,rot_z
0,0,1.4833374023437784,-1.9166564941405966,-1.376876831054716,-8.539581298828153,-0.8113632202148509,-6.071090698242244,0.8819046020507812,-4.973724365234347,-0.014312744140625,-8.03303527832037,-0.5901336669921591,-1.7412261962890625,0.9158859252929688,3.2797393798828125,-0.5254440307617188,6.6558074951171875,-4.7206649780273295,-18.335105895996087,0.5165162086486814,5.150566101074226,9.666435241699219,-19.676742553710945,0.1836470365524292,4.705299377441392,-0.00021038693375885487,0.0009920820593833923,0.0009920820593833923,2.721027597363352,-0.5872521488935958,-0.4309206347344382
