,Unnamed: 0,left_eyebrow_18x,left_eyebrow_18y,left_eyebrow_20x,left_eyebrow_20y,left_eyebrow_22x,left_eyebrow_22y,right_eyebrow_23x,right_eyebrow_23y,right_eyebrow_25x,right_eyebrow_25y,right_eyebrow_27x,right_eyebrow_27y,left_eye38_x,left_eye38_y,right_eye45_x,right_eye45_y,left_lip49_x,left_lip49_y,lip_center_upper52_x,lip_center_upper52_y,right_lip55_x,right_lip55_y,lip_center_lower58_x,lip_center_lower58_y,trans_x,trans_y,trans_z,rot_x,rot_y,rot_z
0,0,8.306747436523494,-4.5485687255859375,-7.833778381347685,-10.871871948242216,-9.829315185546875,-4.68096923828125,-7.523780822753899,-8.112274169921875,2.2537918090820312,-0.6432037353515625,-3.0863647460937784,7.9691619873046875,2.3293228149414062,0.5006103515624716,2.742332458496108,5.686279296875,3.9803619384765625,-8.267902374267578,-6.599014043807984,-1.7779769897460938,23.38597869873047,-25.43378067016601,-8.198396921157837,26.327301025390625,0.010646402719430627,-0.007968310266733163,-0.007968310266733163,-3.9801463986951937,19.43158612751755,-0.5329647176956865
