,Unnamed: 0,left_eyebrow_18x,left_eyebrow_18y,left_eyebrow_20x,left_eyebrow_20y,left_eyebrow_22x,left_eyebrow_22y,right_eyebrow_23x,right_eyebrow_23y,right_eyebrow_25x,right_eyebrow_25y,right_eyebrow_27x,right_eyebrow_27y,left_eye38_x,left_eye38_y,right_eye45_x,right_eye45_y,left_lip49_x,left_lip49_y,lip_center_upper52_x,lip_center_upper52_y,right_lip55_x,right_lip55_y,lip_center_lower58_x,lip_center_lower58_y,trans_x,trans_y,trans_z,rot_x,rot_y,rot_z
0,0,10.195556640625,-12.684127807617188,4.413612365722656,-6.324005126953125,-5.558155059814453,0.2772216796875284,-7.690544128417969,2.030899047851534,-2.7633590698242188,4.5483551025390625,1.5918426513671875,0.2191009521484375,5.2039031982421875,0.0696258544921875,2.6925582885742045,1.7545471191405966,-3.7179031372070455,-2.9803390502929688,-15.44846773147583,3.3124465942382812,12.16802978515625,-21.454299926757812,-15.710555791854858,10.54757690429686,0.009295225143432617,-0.005441050976514816,-0.005441050976514816,4.1006752767545525,26.335700244527946,0.7501910358778723
