,Unnamed: 0,left_eyebrow_18x,left_eyebrow_18y,left_eyebrow_20x,left_eyebrow_20y,left_eyebrow_22x,left_eyebrow_22y,right_eyebrow_23x,right_eyebrow_23y,right_eyebrow_25x,right_eyebrow_25y,right_eyebrow_27x,right_eyebrow_27y,left_eye38_x,left_eye38_y,right_eye45_x,right_eye45_y,left_lip49_x,left_lip49_y,lip_center_upper52_x,lip_center_upper52_y,right_lip55_x,right_lip55_y,lip_center_lower58_x,lip_center_lower58_y,trans_x,trans_y,trans_z,rot_x,rot_y,rot_z
0,0,16.864166259765653,-31.899429321289062,-15.363883972167955,-24.370895385742216,-31.483905792236328,-10.719528198242216,-21.492624282836914,-7.7478179931640625,5.452659606933565,1.7802124023437784,3.857879638671875,12.609390258789091,20.10741424560547,-0.4292755126953125,4.282135009765625,5.2431182861328125,34.45891571044921,5.452053070068359,-22.18389070034027,3.3332481384277273,24.98582458496095,-42.2650728225708,-10.944683253765106,14.184715270996108,0.034327432280406356,0.004095166921615601,0.004095166921615601,-5.550890534015304,31.743167632667383,1.6234675435047812
