,Unnamed: 0,left_eyebrow_18x,left_eyebrow_18y,left_eyebrow_20x,left_eyebrow_20y,left_eyebrow_22x,left_eyebrow_22y,right_eyebrow_23x,right_eyebrow_23y,right_eyebrow_25x,right_eyebrow_25y,right_eyebrow_27x,right_eyebrow_27y,left_eye38_x,left_eye38_y,right_eye45_x,right_eye45_y,left_lip49_x,left_lip49_y,lip_center_upper52_x,lip_center_upper52_y,right_lip55_x,right_lip55_y,lip_center_lower58_x,lip_center_lower58_y,trans_x,trans_y,trans_z,rot_x,rot_y,rot_z
0,0,25.892379760742188,-21.822845458984403,4.5584564208984375,-1.7311859130859375,-15.73874664306642,1.954849243164091,-26.128746032714847,2.4202575683593466,-6.1929473876953125,9.686599731445312,6.7197418212890625,10.196182250976562,8.766586303710938,-0.9945068359375,-0.8809432983398438,0.0637969970703125,39.539253234863274,5.362449645996094,-26.382404059171673,-3.7836990356445312,24.08783721923828,-23.115020751953125,-14.546700894832611,9.655662536621108,0.049376124050468206,0.0009757652878761292,0.0009757652878761292,0.6960358260572699,28.92905111615111,1.23234840098734
