,Unnamed: 0,left_eyebrow_18x,left_eyebrow_18y,left_eyebrow_20x,left_eyebrow_20y,left_eyebrow_22x,left_eyebrow_22y,right_eyebrow_23x,right_eyebrow_23y,right_eyebrow_25x,right_eyebrow_25y,right_eyebrow_27x,right_eyebrow_27y,left_eye38_x,left_eye38_y,right_eye45_x,right_eye45_y,left_lip49_x,left_lip49_y,lip_center_upper52_x,lip_center_upper52_y,right_lip55_x,right_lip55_y,lip_center_lower58_x,lip_center_lower58_y,trans_x,trans_y,trans_z,rot_x,rot_y,rot_z
0,0,4.2844390869140625,-9.928359985351562,11.895095825195327,-2.3771667480468466,8.188392639160156,2.411163330078125,-14.250059127807617,1.3922729492187784,-10.147232055664034,0.6249542236328125,-2.676712036132784,-5.588272094726506,5.847038269042969,0.9521331787109659,-0.788909912109375,1.8921356201171875,-8.154075622558608,-0.49303436279296875,-6.480066061019897,5.9168128967285085,14.302627563476577,-7.662590026855469,-2.019688367843628,1.0385131835937358,0.0005829269066452971,0.001764854416251179,0.001764854416251179,1.684056758390434,20.690234316497094,-0.6403261530620061
