,Unnamed: 0,left_eyebrow_18x,left_eyebrow_18y,left_eyebrow_20x,left_eyebrow_20y,left_eyebrow_22x,left_eyebrow_22y,right_eyebrow_23x,right_eyebrow_23y,right_eyebrow_25x,right_eyebrow_25y,right_eyebrow_27x,right_eyebrow_27y,left_eye38_x,left_eye38_y,right_eye45_x,right_eye45_y,left_lip49_x,left_lip49_y,lip_center_upper52_x,lip_center_upper52_y,right_lip55_x,right_lip55_y,lip_center_lower58_x,lip_center_lower58_y,trans_x,trans_y,trans_z,rot_x,rot_y,rot_z
0,0,9.876739501953125,-28.98670959472659,-8.906318664550781,-20.30908203125,-19.102756500244148,-2.760757446289034,-13.381795883178711,-6.722320556640625,5.226226806640625,2.503021240234375,1.1988677978515625,7.106567382812528,10.872810363769517,4.8480987548828125,2.8821334838867188,7.0252685546875,17.170837402343736,-1.164440155029304,-26.934860467910767,22.101375579833988,21.59368133544922,-45.11391067504883,-17.049797415733337,8.622314453125,0.03057113173417747,-0.0033973827958106995,-0.0033973827958106995,-2.6132342788489527,32.122122944531256,5.099741785016304
