,Unnamed: 0,left_eyebrow_18x,left_eyebrow_18y,left_eyebrow_20x,left_eyebrow_20y,left_eyebrow_22x,left_eyebrow_22y,right_eyebrow_23x,right_eyebrow_23y,right_eyebrow_25x,right_eyebrow_25y,right_eyebrow_27x,right_eyebrow_27y,left_eye38_x,left_eye38_y,right_eye45_x,right_eye45_y,left_lip49_x,left_lip49_y,lip_center_upper52_x,lip_center_upper52_y,right_lip55_x,right_lip55_y,lip_center_lower58_x,lip_center_lower58_y,trans_x,trans_y,trans_z,rot_x,rot_y,rot_z
0,0,3.304428100585909,-13.42242431640625,-6.847229003906278,-13.517227172851562,-12.823787689208984,-1.7272186279296875,-3.26202392578125,-0.353485107421875,1.661056518554716,-2.551910400390625,-2.101150512695284,2.59808349609375,3.921722412109375,3.0019989013671875,3.814369201660142,7.0392303466796875,8.573135375976562,-15.250495910644538,-9.059534549713135,9.387683868408203,25.5341796875,-35.1080265045166,-6.215037405490874,20.322372436523423,-0.0037675303174182773,-0.002862870693206787,-0.002862870693206787,2.119325044871205,21.98976513178213,-1.5924407444071393
