,Unnamed: 0,left_eyebrow_18x,left_eyebrow_18y,left_eyebrow_20x,left_eyebrow_20y,left_eyebrow_22x,left_eyebrow_22y,right_eyebrow_23x,right_eyebrow_23y,right_eyebrow_25x,right_eyebrow_25y,right_eyebrow_27x,right_eyebrow_27y,left_eye38_x,left_eye38_y,right_eye45_x,right_eye45_y,left_lip49_x,left_lip49_y,lip_center_upper52_x,lip_center_upper52_y,right_lip55_x,right_lip55_y,lip_center_lower58_x,lip_center_lower58_y,trans_x,trans_y,trans_z,rot_x,rot_y,rot_z
0,0,27.812149047851562,-28.453521728515597,5.629646301269531,-12.599227905273409,-17.276653289794915,-7.166961669921875,-24.86217498779297,-5.3032989501953125,-2.8006210327148295,8.938369750976591,4.5492706298828125,10.502731323242188,15.498588562011705,13.059158325195312,-3.3844223022460938,12.852432250976562,9.656845092773452,-3.708160400390625,-29.60515546798706,-1.8098011016845703,37.0904159545898,-41.083709716796875,-12.279659271240234,19.437927246093764,0.011492507532238959,0.007087543606758118,0.007087543606758118,3.4494436310890726,46.20885499003768,2.3560189770630653
