,Unnamed: 0,left_eyebrow_18x,left_eyebrow_18y,left_eyebrow_20x,left_eyebrow_20y,left_eyebrow_22x,left_eyebrow_22y,right_eyebrow_23x,right_eyebrow_23y,right_eyebrow_25x,right_eyebrow_25y,right_eyebrow_27x,right_eyebrow_27y,left_eye38_x,left_eye38_y,right_eye45_x,right_eye45_y,left_lip49_x,left_lip49_y,lip_center_upper52_x,lip_center_upper52_y,right_lip55_x,right_lip55_y,lip_center_lower58_x,lip_center_lower58_y,trans_x,trans_y,trans_z,rot_x,rot_y,rot_z
0,0,3.7453002929687216,11.676315307617188,-6.317817687988281,-10.212493896484375,-7.556629180908203,-13.495452880859375,7.510963439941406,-15.310531616210966,10.383583068847656,-12.526962280273438,-3.6415557861328125,13.565505981445312,1.0607757568359375,7.4069976806640625,-1.9341049194335938,5.4425201416015625,-11.141548156738281,-12.650260925292969,-0.006476759910583496,-13.763465881347656,13.492713928222656,-12.378520965576172,0.6312984079122543,21.40493774414064,0.005210859701037408,0.005665764212608337,0.005665764212608337,-8.835884998513643,-1.892597351348751,3.957835370546674
