,Unnamed: 0,left_eyebrow_18x,left_eyebrow_18y,left_eyebrow_20x,left_eyebrow_20y,left_eyebrow_22x,left_eyebrow_22y,right_eyebrow_23x,right_eyebrow_23y,right_eyebrow_25x,right_eyebrow_25y,right_eyebrow_27x,right_eyebrow_27y,left_eye38_x,left_eye38_y,right_eye45_x,right_eye45_y,left_lip49_x,left_lip49_y,lip_center_upper52_x,lip_center_upper52_y,right_lip55_x,right_lip55_y,lip_center_lower58_x,lip_center_lower58_y,trans_x,trans_y,trans_z,rot_x,rot_y,rot_z
0,0,18.88568115234375,-29.58296203613284,-11.916336059570312,-17.194381713867188,-28.36273193359375,2.5640411376953125,-26.885621070861816,-0.8505706787109375,-8.094985961914062,0.2215423583984375,2.337142944335909,6.258148193359403,14.364387512207031,6.0872802734375,-3.02642822265625,8.542327880859375,21.26195526123047,-12.035907745361335,-21.215067863464355,8.623741149902344,37.596031188964815,-39.392683029174805,-10.792858660221098,17.15453338623047,0.009664417244493963,0.002372562885284424,0.002372562885284424,1.5225478395746914,39.121992866207805,0.7279699284481773
