,Unnamed: 0,left_eyebrow_18x,left_eyebrow_18y,left_eyebrow_20x,left_eyebrow_20y,left_eyebrow_22x,left_eyebrow_22y,right_eyebrow_23x,right_eyebrow_23y,right_eyebrow_25x,right_eyebrow_25y,right_eyebrow_27x,right_eyebrow_27y,left_eye38_x,left_eye38_y,right_eye45_x,right_eye45_y,left_lip49_x,left_lip49_y,lip_center_upper52_x,lip_center_upper52_y,right_lip55_x,right_lip55_y,lip_center_lower58_x,lip_center_lower58_y,trans_x,trans_y,trans_z,rot_x,rot_y,rot_z
0,0,16.863449096679688,-31.821136474609347,-15.400238037109347,-26.27839660644534,-27.43707275390625,-12.347885131835938,-15.132743835449226,-12.744674682617188,7.468307495117159,-0.8806610107421591,-1.5318145751953125,12.757934570312472,15.733222961425781,13.505050659179716,1.4599380493164062,11.878326416015625,31.278411865234375,4.111339569091804,-19.82662963867187,6.4361724853515625,30.267898559570312,-38.40743827819824,-9.44829797744751,13.396186828613281,0.03217594404122792,0.007938407361507416,0.007938407361507416,-2.8530787997415956,33.748448811893375,1.025081042329432
