,Unnamed: 0,left_eyebrow_18x,left_eyebrow_18y,left_eyebrow_20x,left_eyebrow_20y,left_eyebrow_22x,left_eyebrow_22y,right_eyebrow_23x,right_eyebrow_23y,right_eyebrow_25x,right_eyebrow_25y,right_eyebrow_27x,right_eyebrow_27y,left_eye38_x,left_eye38_y,right_eye45_x,right_eye45_y,left_lip49_x,left_lip49_y,lip_center_upper52_x,lip_center_upper52_y,right_lip55_x,right_lip55_y,lip_center_lower58_x,lip_center_lower58_y,trans_x,trans_y,trans_z,rot_x,rot_y,rot_z
0,0,16.872314453125057,-18.167312622070312,-4.743408203125,-12.655166625976591,-19.539409637451172,-5.964508056640625,-12.327384948730469,-2.2347412109375,0.4975738525390625,6.629867553710966,1.7789306640625,11.098907470703125,8.560188293457031,4.836578369140625,0.6310272216796733,2.6097259521484375,13.71798706054689,1.1651344299316406,-28.71330428123474,9.540388107299805,26.977912902832017,-30.56536102294922,-19.105363488197327,8.378334045410156,0.023653658339753744,0.008839122951030735,0.008839122951030735,-0.023213751328064913,31.765319553949322,1.969466976988149
