,Unnamed: 0,left_eyebrow_18x,left_eyebrow_18y,left_eyebrow_20x,left_eyebrow_20y,left_eyebrow_22x,left_eyebrow_22y,right_eyebrow_23x,right_eyebrow_23y,right_eyebrow_25x,right_eyebrow_25y,right_eyebrow_27x,right_eyebrow_27y,left_eye38_x,left_eye38_y,right_eye45_x,right_eye45_y,left_lip49_x,left_lip49_y,lip_center_upper52_x,lip_center_upper52_y,right_lip55_x,right_lip55_y,lip_center_lower58_x,lip_center_lower58_y,trans_x,trans_y,trans_z,rot_x,rot_y,rot_z
0,0,10.192565917968778,-12.768280029296875,-0.520263671875,-9.031051635742188,-9.750442504882812,-4.239151000976534,-1.4742012023925781,-1.7952117919921875,-0.27697753906244316,0.9399261474609659,-0.9665985107421875,1.0947418212890625,2.9589996337890625,2.8260650634765625,-0.7832412719726705,3.1573028564453125,-3.555419921875,-5.0622520446777415,-11.691293478012085,8.413145065307617,19.237617492675753,-20.842811584472656,-8.817787766456604,0.7277145385742188,0.005126135190948844,-0.003080591559410095,-0.003080591559410095,-1.0380282443605355,14.65821270049368,-0.24929894656787743
