,Unnamed: 0,left_eyebrow_18x,left_eyebrow_18y,left_eyebrow_20x,left_eyebrow_20y,left_eyebrow_22x,left_eyebrow_22y,right_eyebrow_23x,right_eyebrow_23y,right_eyebrow_25x,right_eyebrow_25y,right_eyebrow_27x,right_eyebrow_27y,left_eye38_x,left_eye38_y,right_eye45_x,right_eye45_y,left_lip49_x,left_lip49_y,lip_center_upper52_x,lip_center_upper52_y,right_lip55_x,right_lip55_y,lip_center_lower58_x,lip_center_lower58_y,trans_x,trans_y,trans_z,rot_x,rot_y,rot_z
0,0,15.172042846679688,-34.02090454101565,-2.9213256835937784,-13.212142944335938,-19.461933135986328,-2.7593231201171875,-16.268995285034183,-3.995574951171875,2.890792846679659,3.379486083984375,3.211212158203125,9.976394653320312,15.854835510253906,4.187347412109375,2.390228271484389,6.190277099609403,24.266601562499986,8.888053894042969,-32.313676834106445,10.683387756347656,16.57335662841797,-32.011735916137695,-19.204582166858017,10.371818542480469,0.01738215086515993,0.009556371718645096,0.009556371718645096,2.8947524470998687,38.01849937154655,3.19145188101767
