,Unnamed: 0,left_eyebrow_18x,left_eyebrow_18y,left_eyebrow_20x,left_eyebrow_20y,left_eyebrow_22x,left_eyebrow_22y,right_eyebrow_23x,right_eyebrow_23y,right_eyebrow_25x,right_eyebrow_25y,right_eyebrow_27x,right_eyebrow_27y,left_eye38_x,left_eye38_y,right_eye45_x,right_eye45_y,left_lip49_x,left_lip49_y,lip_center_upper52_x,lip_center_upper52_y,right_lip55_x,right_lip55_y,lip_center_lower58_x,lip_center_lower58_y,trans_x,trans_y,trans_z,rot_x,rot_y,rot_z
0,0,11.207015991210966,-9.466827392578097,-1.228515625,-6.692672729492159,-9.8310546875,-3.994171142578125,-8.052558898925781,-3.705307006835909,-2.4517898559570312,0.07514953613284092,0.5932464599609375,5.3676300048828125,1.928131103515625,1.6586456298828125,-0.548187255859375,2.5455474853515625,1.7760162353515625,-2.2488861083984446,-11.839177966117859,6.757175445556641,17.3096923828125,-17.485471725463878,-9.598927736282349,7.894447326660156,0.0016306687612086532,-0.008450530469417572,-0.008450530469417572,0.20096820786501812,17.958091946579543,-1.2957891997091622
