,Unnamed: 0,left_eyebrow_18x,left_eyebrow_18y,left_eyebrow_20x,left_eyebrow_20y,left_eyebrow_22x,left_eyebrow_22y,right_eyebrow_23x,right_eyebrow_23y,right_eyebrow_25x,right_eyebrow_25y,right_eyebrow_27x,right_eyebrow_27y,left_eye38_x,left_eye38_y,right_eye45_x,right_eye45_y,left_lip49_x,left_lip49_y,lip_center_upper52_x,lip_center_upper52_y,right_lip55_x,right_lip55_y,lip_center_lower58_x,lip_center_lower58_y,trans_x,trans_y,trans_z,rot_x,rot_y,rot_z
0,0,3.2267761230469034,-2.0488739013671875,-0.6894226074218466,-5.847991943359375,-3.9262542724609304,-3.8929901123046875,1.8870277404785156,-3.272216796875,0.26123046875,-6.490951538085966,-3.448135375976591,-1.9602966308593466,1.86138916015625,1.602264404296875,-0.9575042724609517,1.0832366943359375,-11.130111694335909,-11.31533432006836,-1.5262525081634517,6.713350296020508,9.759437561035142,-10.89915847778321,1.2184232473373413,-0.7251663208007812,-0.000582661770749837,0.00029214099049568176,0.00029214099049568176,0.24735315822763382,1.2621045076238495,0.8087398230925718
