,Unnamed: 0,left_eyebrow_18x,left_eyebrow_18y,left_eyebrow_20x,left_eyebrow_20y,left_eyebrow_22x,left_eyebrow_22y,right_eyebrow_23x,right_eyebrow_23y,right_eyebrow_25x,right_eyebrow_25y,right_eyebrow_27x,right_eyebrow_27y,left_eye38_x,left_eye38_y,right_eye45_x,right_eye45_y,left_lip49_x,left_lip49_y,lip_center_upper52_x,lip_center_upper52_y,right_lip55_x,right_lip55_y,lip_center_lower58_x,lip_center_lower58_y,trans_x,trans_y,trans_z,rot_x,rot_y,rot_z
0,0,0.98712158203125,-0.6583099365234375,0.7247161865234091,-4.456695556640625,-1.5743522644042969,-1.54095458984375,1.7593765258788991,-3.3246765136719034,-0.4288177490234375,-4.5319671630859375,-3.072891235351534,-0.7965087890625,2.777435302734389,1.10589599609375,0.7318878173827983,1.0616455078125,-6.693351745605483,-9.66348648071289,-0.6091262102127073,4.852237701416019,5.755645751953125,-7.625663757324219,-2.7344137728214264,9.03897094726564,-0.0027180640026926994,-0.001508813351392753,-0.001508813351392753,0.4065816333576704,1.5545298615577372,-0.23902575946019478
