,Unnamed: 0,left_eyebrow_18x,left_eyebrow_18y,left_eyebrow_20x,left_eyebrow_20y,left_eyebrow_22x,left_eyebrow_22y,right_eyebrow_23x,right_eyebrow_23y,right_eyebrow_25x,right_eyebrow_25y,right_eyebrow_27x,right_eyebrow_27y,left_eye38_x,left_eye38_y,right_eye45_x,right_eye45_y,left_lip49_x,left_lip49_y,lip_center_upper52_x,lip_center_upper52_y,right_lip55_x,right_lip55_y,lip_center_lower58_x,lip_center_lower58_y,trans_x,trans_y,trans_z,rot_x,rot_y,rot_z
0,0,8.272674560546875,-33.21566772460935,-11.699325561523466,-33.318313598632756,-19.853363037109382,-9.090667724609375,-22.045260429382324,-10.900070190429716,0.0631103515625,0.3545074462890625,-2.7773284912109375,11.279022216796847,20.764236450195327,12.32110595703125,7.087120056152344,12.706680297851534,16.2493896484375,0.7377662658691406,-30.28923368453979,9.272357940673825,24.989295959472656,-48.331443786621094,-12.348735332489014,16.64655303955078,0.006269248202443123,0.013324938714504235,0.013324938714504235,0.8815455603127333,48.46045925983344,1.3467312447150563
