,Unnamed: 0,left_eyebrow_18x,left_eyebrow_18y,left_eyebrow_20x,left_eyebrow_20y,left_eyebrow_22x,left_eyebrow_22y,right_eyebrow_23x,right_eyebrow_23y,right_eyebrow_25x,right_eyebrow_25y,right_eyebrow_27x,right_eyebrow_27y,left_eye38_x,left_eye38_y,right_eye45_x,right_eye45_y,left_lip49_x,left_lip49_y,lip_center_upper52_x,lip_center_upper52_y,right_lip55_x,right_lip55_y,lip_center_lower58_x,lip_center_lower58_y,trans_x,trans_y,trans_z,rot_x,rot_y,rot_z
0,0,0.9933929443359659,0.23683166503903408,-4.0284194946289205,-7.998931884765625,-3.198036193847649,-4.2463226318359375,1.7994651794433594,-7.0343780517578125,4.333122253417969,-5.500350952148494,-0.37451171875,1.0618286132812784,1.0379791259765625,2.925369262695341,1.5188674926757955,2.2456817626953125,-6.38958740234375,-13.45246505737305,0.02808380126953125,0.6968498229980398,5.9969635009765625,-15.047859191894531,-1.744195699691773,1.0740432739257812,-0.0030462942086160183,0.004598774015903473,0.004598774015903473,2.107766362626643,2.387888037208361,-0.22987426836081892
