,Unnamed: 0,left_eyebrow_18x,left_eyebrow_18y,left_eyebrow_20x,left_eyebrow_20y,left_eyebrow_22x,left_eyebrow_22y,right_eyebrow_23x,right_eyebrow_23y,right_eyebrow_25x,right_eyebrow_25y,right_eyebrow_27x,right_eyebrow_27y,left_eye38_x,left_eye38_y,right_eye45_x,right_eye45_y,left_lip49_x,left_lip49_y,lip_center_upper52_x,lip_center_upper52_y,right_lip55_x,right_lip55_y,lip_center_lower58_x,lip_center_lower58_y,trans_x,trans_y,trans_z,rot_x,rot_y,rot_z
0,0,9.737030029296903,-14.021881103515625,0.8732452392578409,-9.062927246093778,-8.99618148803711,-1.5342712402343466,-10.104253768920898,-4.4665985107421875,-1.6416549682617188,0.6924285888671591,2.629653930664034,2.9215850830078125,4.697113037109375,3.4744415283203125,1.0005416870117188,4.579635620117159,10.921447753906236,8.358512878417983,-14.218875646591188,3.1662368774414062,12.140434265136719,-16.527767181396484,-8.780183017253876,-2.6092071533203125,-0.0024726316332817095,-0.024130593985319138,-0.024130593985319138,-5.108373330007283,18.058518728546197,-0.13301445035160864
