,Unnamed: 0,left_eyebrow_18x,left_eyebrow_18y,left_eyebrow_20x,left_eyebrow_20y,left_eyebrow_22x,left_eyebrow_22y,right_eyebrow_23x,right_eyebrow_23y,right_eyebrow_25x,right_eyebrow_25y,right_eyebrow_27x,right_eyebrow_27y,left_eye38_x,left_eye38_y,right_eye45_x,right_eye45_y,left_lip49_x,left_lip49_y,lip_center_upper52_x,lip_center_upper52_y,right_lip55_x,right_lip55_y,lip_center_lower58_x,lip_center_lower58_y,trans_x,trans_y,trans_z,rot_x,rot_y,rot_z
0,0,0.8688201904296875,0.355377197265625,0.14050292968744316,-7.1913604736328125,0.8556976318359375,-2.9022064208984375,0.025882720947265625,-2.598129272460966,2.2680969238281534,-8.898574829101534,-0.577423095703125,1.555908203125,1.5727005004882812,-3.5810394287109375,-0.47687530517575283,-3.5055084228515625,-7.18817138671875,-12.979652404785163,-3.058821141719818,2.7079734802246094,5.617515563964858,-11.467166900634766,-0.5454117776826024,16.744789123535142,-0.00038287648931145646,0.0009938962757587433,0.0009938962757587433,1.6050303749701031,0.690942045447677,-0.06802798755187345
