,Unnamed: 0,left_eyebrow_18x,left_eyebrow_18y,left_eyebrow_20x,left_eyebrow_20y,left_eyebrow_22x,left_eyebrow_22y,right_eyebrow_23x,right_eyebrow_23y,right_eyebrow_25x,right_eyebrow_25y,right_eyebrow_27x,right_eyebrow_27y,left_eye38_x,left_eye38_y,right_eye45_x,right_eye45_y,left_lip49_x,left_lip49_y,lip_center_upper52_x,lip_center_upper52_y,right_lip55_x,right_lip55_y,lip_center_lower58_x,lip_center_lower58_y,trans_x,trans_y,trans_z,rot_x,rot_y,rot_z
0,0,17.82051086425784,-25.883560180664006,-7.564605712890625,-12.230331420898438,-24.892929077148438,-7.307769775390597,-14.455921173095703,-3.3942260742187216,1.068878173828125,8.603347778320341,-0.0870208740234375,13.766082763671875,9.041007995605469,4.0400848388671875,2.7178802490234375,7.99603271484375,21.202186584472656,7.772869110107415,-26.96552836894989,12.146682739257812,19.66582489013672,-32.54199409484864,-13.85136342048645,12.285057067871094,0.012080802349373698,0.005818329751491533,0.005818329751491533,2.633364609382532,36.622031273363476,1.9746558816209707
