,Unnamed: 0,left_eyebrow_18x,left_eyebrow_18y,left_eyebrow_20x,left_eyebrow_20y,left_eyebrow_22x,left_eyebrow_22y,right_eyebrow_23x,right_eyebrow_23y,right_eyebrow_25x,right_eyebrow_25y,right_eyebrow_27x,right_eyebrow_27y,left_eye38_x,left_eye38_y,right_eye45_x,right_eye45_y,left_lip49_x,left_lip49_y,lip_center_upper52_x,lip_center_upper52_y,right_lip55_x,right_lip55_y,lip_center_lower58_x,lip_center_lower58_y,trans_x,trans_y,trans_z,rot_x,rot_y,rot_z
0,0,2.956817626953125,1.676483154296875,-1.72998046875,-7.037506103515597,-3.197559356689453,-5.7744598388671875,4.1512298583984375,-4.5234527587890625,3.3169708251953125,-3.5139923095703125,-1.823822021484375,2.5642242431640625,0.9589309692382812,0.5601348876953125,-1.1671600341796875,1.1702117919921875,-4.519996643066406,-13.678600311279297,1.5950127243995667,-10.506790161132809,11.883964538574219,-16.849044799804688,-0.555402398109436,21.01694488525392,-0.000658262986689806,0.0002266913652420044,0.0002266913652420044,-0.7142958092068366,-0.839293082767425,-1.57504612276392
