,Unnamed: 0,left_eyebrow_18x,left_eyebrow_18y,left_eyebrow_20x,left_eyebrow_20y,left_eyebrow_22x,left_eyebrow_22y,right_eyebrow_23x,right_eyebrow_23y,right_eyebrow_25x,right_eyebrow_25y,right_eyebrow_27x,right_eyebrow_27y,left_eye38_x,left_eye38_y,right_eye45_x,right_eye45_y,left_lip49_x,left_lip49_y,lip_center_upper52_x,lip_center_upper52_y,right_lip55_x,right_lip55_y,lip_center_lower58_x,lip_center_lower58_y,trans_x,trans_y,trans_z,rot_x,rot_y,rot_z
0,0,1.9402313232421875,3.258697509765625,-1.015335083007784,-3.0298919677734375,-1.8641548156738281,-4.140472412109375,1.6289749145507812,-2.05908203125,0.990478515625,-3.885757446289091,-2.3554840087890625,2.585693359375057,1.3689651489257812,-2.4313964843749716,-1.471221923828125,-2.096847534179716,-9.819244384765625,-11.988239288330085,1.2705656290054324,-6.962196350097656,8.444961547851562,-10.320121765136719,1.5556017756462097,24.69438934326172,0.002755008172243832,-0.006547743454575546,-0.006547743454575546,0.5470019789641095,-1.6926383717474884,-0.24895167517238015
