,Unnamed: 0,left_eyebrow_18x,left_eyebrow_18y,left_eyebrow_20x,left_eyebrow_20y,left_eyebrow_22x,left_eyebrow_22y,right_eyebrow_23x,right_eyebrow_23y,right_eyebrow_25x,right_eyebrow_25y,right_eyebrow_27x,right_eyebrow_27y,left_eye38_x,left_eye38_y,right_eye45_x,right_eye45_y,left_lip49_x,left_lip49_y,lip_center_upper52_x,lip_center_upper52_y,right_lip55_x,right_lip55_y,lip_center_lower58_x,lip_center_lower58_y,trans_x,trans_y,trans_z,rot_x,rot_y,rot_z
0,0,5.129714965820341,-3.547225952148466,-5.095626831054659,-8.363128662109375,-9.66009521484375,-1.4221343994140625,-4.29022216796875,-0.3170013427734375,-2.9133377075195312,3.992660522460909,-2.954376220703125,4.192718505859403,3.543151855468736,-3.4561767578124716,3.7274627685546875,0.6832885742187216,2.8780975341797017,-4.94842529296875,-10.577801823616028,-3.021373748779297,19.462799072265625,-18.858409881591797,-6.3835819363594055,26.015525817871108,0.0031676855869591236,-0.03693086840212345,-0.03693086840212345,0.8114408160074088,18.0633508523372,-0.7108493460053142
