,Unnamed: 0,left_eyebrow_18x,left_eyebrow_18y,left_eyebrow_20x,left_eyebrow_20y,left_eyebrow_22x,left_eyebrow_22y,right_eyebrow_23x,right_eyebrow_23y,right_eyebrow_25x,right_eyebrow_25y,right_eyebrow_27x,right_eyebrow_27y,left_eye38_x,left_eye38_y,right_eye45_x,right_eye45_y,left_lip49_x,left_lip49_y,lip_center_upper52_x,lip_center_upper52_y,right_lip55_x,right_lip55_y,lip_center_lower58_x,lip_center_lower58_y,trans_x,trans_y,trans_z,rot_x,rot_y,rot_z
0,0,4.106765747070341,-23.105331420898466,-6.436325073242159,-16.723785400390625,-16.964500427246094,0.7518310546875,-15.64865493774414,1.569931030273409,0.3573455810546875,10.10015869140625,-1.724395751953125,7.189010620117216,17.612472534179688,0.6922760009765625,5.686660766601577,2.2735290527343466,32.26630401611328,3.6310386657714773,-24.67574417591095,3.5160713195800852,24.115226745605455,-32.11324119567871,-10.899082481861115,27.140701293945312,0.019458807539194822,-0.027748366817831993,-0.027748366817831993,3.5349854231199807,35.579825356426106,2.3556937007213095
