,Unnamed: 0,left_eyebrow_18x,left_eyebrow_18y,left_eyebrow_20x,left_eyebrow_20y,left_eyebrow_22x,left_eyebrow_22y,right_eyebrow_23x,right_eyebrow_23y,right_eyebrow_25x,right_eyebrow_25y,right_eyebrow_27x,right_eyebrow_27y,left_eye38_x,left_eye38_y,right_eye45_x,right_eye45_y,left_lip49_x,left_lip49_y,lip_center_upper52_x,lip_center_upper52_y,right_lip55_x,right_lip55_y,lip_center_lower58_x,lip_center_lower58_y,trans_x,trans_y,trans_z,rot_x,rot_y,rot_z
0,0,5.2276611328125,-20.947357177734347,0.75299072265625,-2.5441284179687216,-7.016242980957031,15.426528930664062,-7.045715332031257,12.288192749023438,-1.508209228515625,8.394622802734403,5.0714874267578125,-1.6676330566406534,1.79864501953125,0.9569091796875,-0.656455993652358,1.115325927734375,11.354965209960923,-4.6116180419921875,-13.642657041549684,11.868936538696282,13.98260498046875,-25.153984069824208,-10.144171953201292,30.006423950195312,-0.003942395094782113,-0.03451397269964218,-0.03451397269964218,11.006564343357708,20.73604281706343,-3.0904548209490343
