,Unnamed: 0,left_eyebrow_18x,left_eyebrow_18y,left_eyebrow_20x,left_eyebrow_20y,left_eyebrow_22x,left_eyebrow_22y,right_eyebrow_23x,right_eyebrow_23y,right_eyebrow_25x,right_eyebrow_25y,right_eyebrow_27x,right_eyebrow_27y,left_eye38_x,left_eye38_y,right_eye45_x,right_eye45_y,left_lip49_x,left_lip49_y,lip_center_upper52_x,lip_center_upper52_y,right_lip55_x,right_lip55_y,lip_center_lower58_x,lip_center_lower58_y,trans_x,trans_y,trans_z,rot_x,rot_y,rot_z
0,0,35.72166442871094,-26.228530883789034,-0.036590576171875,-6.9828643798828125,-22.15260696411132,-2.015792846679659,-23.476140975952145,-0.5645599365234375,-3.5102005004882812,9.78814697265625,9.826843261718722,9.428237915039062,9.382553100585938,4.0684356689453125,-1.1454315185546875,7.652984619140653,29.162086486816406,13.280563354492188,-35.77439604699612,-2.1251144409179616,19.997344970703125,-20.163072586059577,-13.103060007095337,-0.6489028930664062,0.02008933713659644,-0.025157131254673004,-0.025157131254673004,-2.682733468610647,36.7463619458394,3.0368259968382714
