,Unnamed: 0,left_eyebrow_18x,left_eyebrow_18y,left_eyebrow_20x,left_eyebrow_20y,left_eyebrow_22x,left_eyebrow_22y,right_eyebrow_23x,right_eyebrow_23y,right_eyebrow_25x,right_eyebrow_25y,right_eyebrow_27x,right_eyebrow_27y,left_eye38_x,left_eye38_y,right_eye45_x,right_eye45_y,left_lip49_x,left_lip49_y,lip_center_upper52_x,lip_center_upper52_y,right_lip55_x,right_lip55_y,lip_center_lower58_x,lip_center_lower58_y,trans_x,trans_y,trans_z,rot_x,rot_y,rot_z
0,0,-3.6298065185546875,4.792068481445284,4.541183471679659,9.380325317382784,12.930841445922852,9.989471435546875,-11.838760375976562,1.7813568115234375,-7.3137664794921875,7.088088989257841,-0.6785736083984091,4.751220703125,2.5617828369140767,-11.318557739257812,-0.30206298828125,-12.842483520507812,0.9884796142578125,4.901416778564453,-8.385469675064087,-13.92935562133789,-1.3073959350585938,7.835975646972649,-6.816469430923461,-4.8126678466796875,-0.0007183619309216738,0.014839526265859597,0.014839526265859597,2.7101645662969567,0.804973647258624,0.4528815217054165
