,Unnamed: 0,left_eyebrow_18x,left_eyebrow_18y,left_eyebrow_20x,left_eyebrow_20y,left_eyebrow_22x,left_eyebrow_22y,right_eyebrow_23x,right_eyebrow_23y,right_eyebrow_25x,right_eyebrow_25y,right_eyebrow_27x,right_eyebrow_27y,left_eye38_x,left_eye38_y,right_eye45_x,right_eye45_y,left_lip49_x,left_lip49_y,lip_center_upper52_x,lip_center_upper52_y,right_lip55_x,right_lip55_y,lip_center_lower58_x,lip_center_lower58_y,trans_x,trans_y,trans_z,rot_x,rot_y,rot_z
0,0,-7.171295166015653,9.128372192382812,5.028205871582031,15.687408447265625,27.182836055755622,15.0994873046875,13.609750747680668,16.03265380859372,0.41819000244139204,3.958938598632841,-13.983154296874972,-20.918319702148466,-9.297355651855469,-6.5528106689453125,-16.11873626708983,-8.775833129882812,4.540863037109375,-24.693271636962898,35.57698392868042,-5.789289474487312,-27.157783508300774,17.65084457397461,18.160827159881592,27.314140319824233,-0.013073770329356197,0.0033918991684913635,0.0033918991684913635,-1.3840940111432287,-49.870807703593286,-3.0859629372874267
