,Unnamed: 0,left_eyebrow_18x,left_eyebrow_18y,left_eyebrow_20x,left_eyebrow_20y,left_eyebrow_22x,left_eyebrow_22y,right_eyebrow_23x,right_eyebrow_23y,right_eyebrow_25x,right_eyebrow_25y,right_eyebrow_27x,right_eyebrow_27y,left_eye38_x,left_eye38_y,right_eye45_x,right_eye45_y,left_lip49_x,left_lip49_y,lip_center_upper52_x,lip_center_upper52_y,right_lip55_x,right_lip55_y,lip_center_lower58_x,lip_center_lower58_y,trans_x,trans_y,trans_z,rot_x,rot_y,rot_z
0,0,1.0803985595703125,2.532562255859375,6.204055786132784,6.6165924072265625,15.083503723144531,7.9689483642578125,-10.977005004882812,6.8333282470703125,-9.732574462890625,1.8699798583984375,-1.1975250244140057,-0.0832061767578125,-3.6522445678710795,-9.02313232421875,-0.5417556762695312,-10.978378295898438,-6.466773986816406,10.19094467163086,-5.2641812562942505,-13.576448440551758,-2.2494049072265625,10.85514831542968,-4.047165513038635,-5.403648376464844,0.00757779600098729,0.024360438808798793,0.024360438808798793,5.329141383854396,-5.2754663115298985,1.1925972445554875
