,Unnamed: 0,left_eyebrow_18x,left_eyebrow_18y,left_eyebrow_20x,left_eyebrow_20y,left_eyebrow_22x,left_eyebrow_22y,right_eyebrow_23x,right_eyebrow_23y,right_eyebrow_25x,right_eyebrow_25y,right_eyebrow_27x,right_eyebrow_27y,left_eye38_x,left_eye38_y,right_eye45_x,right_eye45_y,left_lip49_x,left_lip49_y,lip_center_upper52_x,lip_center_upper52_y,right_lip55_x,right_lip55_y,lip_center_lower58_x,lip_center_lower58_y,trans_x,trans_y,trans_z,rot_x,rot_y,rot_z
0,0,1.085220336914091,5.4580078125,9.02052307128902,9.160964965820312,26.49163246154785,8.588272094726562,-1.2454032897949219,5.9842071533203125,-1.8201751708984375,-0.854034423828125,-5.612060546874972,-10.156753540039034,-5.0087814331054545,-7.722625732421903,-7.138008117675781,-12.819335937499972,-19.19750213623047,0.10136032104492188,5.511244535446167,-9.70248794555664,-8.199317932128906,20.935134887695305,2.6893298625946045,-4.3901214599609375,-0.007978267036378384,0.01599086821079254,0.01599086821079254,1.6220737461081578,-19.595543559933652,-1.1565846999212557
