,Unnamed: 0,left_eyebrow_18x,left_eyebrow_18y,left_eyebrow_20x,left_eyebrow_20y,left_eyebrow_22x,left_eyebrow_22y,right_eyebrow_23x,right_eyebrow_23y,right_eyebrow_25x,right_eyebrow_25y,right_eyebrow_27x,right_eyebrow_27y,left_eye38_x,left_eye38_y,right_eye45_x,right_eye45_y,left_lip49_x,left_lip49_y,lip_center_upper52_x,lip_center_upper52_y,right_lip55_x,right_lip55_y,lip_center_lower58_x,lip_center_lower58_y,trans_x,trans_y,trans_z,rot_x,rot_y,rot_z
0,0,-5.9956512451171875,-1.7246551513671875,-3.926345825195284,-0.0484619140625,-0.6151771545410156,18.811737060546875,7.027702331542969,14.856277465820312,3.8641510009765625,-3.0860137939453125,3.8918914794921875,-4.419265747070284,-4.637428283691406,-5.445831298828153,1.78369140625,-4.543350219726591,18.889198303222656,-6.202606201171875,-1.890329122543335,-11.503833770751946,-12.351066589355469,-4.255901336669915,2.1762076616287236,20.414390563964844,0.001008271239697934,0.007422048598527908,0.007422048598527908,1.458771780200121,-2.482528713723542,-0.655061366190996
