,Unnamed: 0,left_eyebrow_18x,left_eyebrow_18y,left_eyebrow_20x,left_eyebrow_20y,left_eyebrow_22x,left_eyebrow_22y,right_eyebrow_23x,right_eyebrow_23y,right_eyebrow_25x,right_eyebrow_25y,right_eyebrow_27x,right_eyebrow_27y,left_eye38_x,left_eye38_y,right_eye45_x,right_eye45_y,left_lip49_x,left_lip49_y,lip_center_upper52_x,lip_center_upper52_y,right_lip55_x,right_lip55_y,lip_center_lower58_x,lip_center_lower58_y,trans_x,trans_y,trans_z,rot_x,rot_y,rot_z
0,0,-12.54449462890625,-3.97979736328125,2.2579956054687784,10.107635498046875,8.897605895996094,24.24302673339841,14.707298278808594,19.466781616210938,7.2158203125,-0.621734619140625,0.2933807373046591,-18.522781372070284,-6.71490478515625,1.062179565429716,-4.9693756103515625,-0.42718505859375,7.775352478027344,-19.806888580322266,10.833239316940308,-15.523593902587884,-19.443069458007812,1.6153640747070312,10.749663352966309,31.674011230468764,-0.010461290832608938,0.0006320886313915253,0.0006320886313915253,-0.9761553494461197,-23.755580845224213,-2.302573212478406
