,Unnamed: 0,left_eyebrow_18x,left_eyebrow_18y,left_eyebrow_20x,left_eyebrow_20y,left_eyebrow_22x,left_eyebrow_22y,right_eyebrow_23x,right_eyebrow_23y,right_eyebrow_25x,right_eyebrow_25y,right_eyebrow_27x,right_eyebrow_27y,left_eye38_x,left_eye38_y,right_eye45_x,right_eye45_y,left_lip49_x,left_lip49_y,lip_center_upper52_x,lip_center_upper52_y,right_lip55_x,right_lip55_y,lip_center_lower58_x,lip_center_lower58_y,trans_x,trans_y,trans_z,rot_x,rot_y,rot_z
0,0,-11.624633789062557,2.907424926757784,11.255500793457003,14.090133666992188,35.71205615997315,25.879608154296875,12.277606964111328,22.354766845703068,1.535079956054716,5.0985565185546875,-13.949050903320341,-26.389511108398466,-1.8284835815429688,-2.8263702392578125,-15.469680786132812,-10.455657958984403,-3.868957519531236,-27.382675170898438,33.50814235210419,0.09985733032227273,-30.931827545165994,8.276172637939467,15.714483678340912,26.658340454101562,0.0035525280982255936,0.04989183507859707,0.04989183507859707,11.415998935973708,-47.88061027385674,-7.921306842014563
