,Unnamed: 0,left_eyebrow_18x,left_eyebrow_18y,left_eyebrow_20x,left_eyebrow_20y,left_eyebrow_22x,left_eyebrow_22y,right_eyebrow_23x,right_eyebrow_23y,right_eyebrow_25x,right_eyebrow_25y,right_eyebrow_27x,right_eyebrow_27y,left_eye38_x,left_eye38_y,right_eye45_x,right_eye45_y,left_lip49_x,left_lip49_y,lip_center_upper52_x,lip_center_upper52_y,right_lip55_x,right_lip55_y,lip_center_lower58_x,lip_center_lower58_y,trans_x,trans_y,trans_z,rot_x,rot_y,rot_z
0,0,-2.1982879638671875,8.780700683593722,1.1758041381835938,11.066268920898409,13.779766082763668,8.477432250976562,-1.1291732788085866,5.5235443115234375,-3.071121215820284,3.0599212646484375,2.2629241943359375,-0.877197265625,-1.8221435546875,-5.9469757080078125,1.4113769531249858,-3.7064666748046875,-8.24625396728517,-11.665054321289055,-11.07143306732178,-0.4216957092285085,-27.16319274902345,-11.372444152832031,-9.437965869903563,19.94440460205078,-0.0005890596657991409,-0.008602522313594811,-0.008602522313594811,8.263159341002673,-1.2604419768002977,-3.0627018791766636
