,Unnamed: 0,left_eyebrow_18x,left_eyebrow_18y,left_eyebrow_20x,left_eyebrow_20y,left_eyebrow_22x,left_eyebrow_22y,right_eyebrow_23x,right_eyebrow_23y,right_eyebrow_25x,right_eyebrow_25y,right_eyebrow_27x,right_eyebrow_27y,left_eye38_x,left_eye38_y,right_eye45_x,right_eye45_y,left_lip49_x,left_lip49_y,lip_center_upper52_x,lip_center_upper52_y,right_lip55_x,right_lip55_y,lip_center_lower58_x,lip_center_lower58_y,trans_x,trans_y,trans_z,rot_x,rot_y,rot_z
0,0,-2.7358856201171875,-0.49682617187505684,19.898529052734347,15.920852661132841,44.49426710605622,13.80877685546875,11.538131713867188,21.882904052734347,-0.1113433837890625,3.86663818359375,-19.19267272949216,-31.193328857421875,-7.760261535644517,1.9868621826171875,-12.214874267578125,-1.8111114501953125,-10.956535339355455,-31.724731445312514,20.018075466156006,-2.0630226135253906,-25.822742462158203,17.272964477539062,8.69940733909607,22.429519653320312,-0.019917390309274197,0.00951340049505233,0.00951340049505233,3.7380433093564824,-38.72491316391579,-1.6004244922712694
