,Unnamed: 0,left_eyebrow_18x,left_eyebrow_18y,left_eyebrow_20x,left_eyebrow_20y,left_eyebrow_22x,left_eyebrow_22y,right_eyebrow_23x,right_eyebrow_23y,right_eyebrow_25x,right_eyebrow_25y,right_eyebrow_27x,right_eyebrow_27y,left_eye38_x,left_eye38_y,right_eye45_x,right_eye45_y,left_lip49_x,left_lip49_y,lip_center_upper52_x,lip_center_upper52_y,right_lip55_x,right_lip55_y,lip_center_lower58_x,lip_center_lower58_y,trans_x,trans_y,trans_z,rot_x,rot_y,rot_z
0,0,-5.7209014892578125,-0.6278076171875,-7.024108886718736,-1.2304840087890625,-7.154071807861328,5.64166259765625,6.435768127441406,5.750442504882841,6.680763244628878,0.6998596191405966,8.089279174804659,0.8173828125,0.6152420043945312,5.943511962890625,-1.5522613525390625,3.650848388671875,8.208122253417969,-5.76793289184571,0.6067610383033752,-18.250501632690426,-12.146621704101562,-7.915855407714844,2.164018154144287,27.395309448242173,-0.003357594716362656,0.0048567019402980804,0.0048567019402980804,-3.2211113194645202,1.7628498380419502,-0.7094715187801022
