,Unnamed: 0,left_eyebrow_18x,left_eyebrow_18y,left_eyebrow_20x,left_eyebrow_20y,left_eyebrow_22x,left_eyebrow_22y,right_eyebrow_23x,right_eyebrow_23y,right_eyebrow_25x,right_eyebrow_25y,right_eyebrow_27x,right_eyebrow_27y,left_eye38_x,left_eye38_y,right_eye45_x,right_eye45_y,left_lip49_x,left_lip49_y,lip_center_upper52_x,lip_center_upper52_y,right_lip55_x,right_lip55_y,lip_center_lower58_x,lip_center_lower58_y,trans_x,trans_y,trans_z,rot_x,rot_y,rot_z
0,0,-6.594009399414091,0.5321044921875,5.9537353515625,13.513504028320341,17.63912773132325,23.987274169921875,-0.48952484130859375,16.572586059570284,2.780197143554716,6.4730987548828125,1.447784423828125,-7.7542877197265625,-4.1285247802734375,-6.1465606689453125,-4.785850524902344,-11.922485351562528,3.3241348266601562,-15.7432861328125,10.63812530040741,-8.213470458984368,-16.160591125488267,2.5183563232421875,9.741467893123627,23.748176574707045,0.032945875544101,0.03562670946121216,0.03562670946121216,9.448158630987615,-31.72947308782869,-4.930721380365134
