,Unnamed: 0,left_eyebrow_18x,left_eyebrow_18y,left_eyebrow_20x,left_eyebrow_20y,left_eyebrow_22x,left_eyebrow_22y,right_eyebrow_23x,right_eyebrow_23y,right_eyebrow_25x,right_eyebrow_25y,right_eyebrow_27x,right_eyebrow_27y,left_eye38_x,left_eye38_y,right_eye45_x,right_eye45_y,left_lip49_x,left_lip49_y,lip_center_upper52_x,lip_center_upper52_y,right_lip55_x,right_lip55_y,lip_center_lower58_x,lip_center_lower58_y,trans_x,trans_y,trans_z,rot_x,rot_y,rot_z
0,0,-5.291748046875,9.2181396484375,11.570007324218722,16.594268798828153,45.05908077955246,8.710540771484375,12.95846176147461,6.277984619140625,-1.4524993896484375,1.971038818359375,-21.813125610351534,-20.43194580078125,-4.291114807128892,-0.345489501953125,-17.675201416015625,-3.8900146484375,-13.918769836425781,-12.611671447753906,27.887743711471558,5.001667022705071,-30.157089233398438,20.834297180175774,16.98232674598694,0.25774383544921875,-0.03173666587099433,0.021270159631967545,0.021270159631967545,0.6081897531718008,-36.588405414143736,-3.7343276458663683
