,Unnamed: 0,left_eyebrow_18x,left_eyebrow_18y,left_eyebrow_20x,left_eyebrow_20y,left_eyebrow_22x,left_eyebrow_22y,right_eyebrow_23x,right_eyebrow_23y,right_eyebrow_25x,right_eyebrow_25y,right_eyebrow_27x,right_eyebrow_27y,left_eye38_x,left_eye38_y,right_eye45_x,right_eye45_y,left_lip49_x,left_lip49_y,lip_center_upper52_x,lip_center_upper52_y,right_lip55_x,right_lip55_y,lip_center_lower58_x,lip_center_lower58_y,trans_x,trans_y,trans_z,rot_x,rot_y,rot_z
0,0,-19.523345947265597,2.5153656005859375,6.487106323242202,13.972335815429688,27.836355209350582,21.711273193359375,25.879539489746094,23.7886962890625,5.2721099853515625,4.619125366210966,-18.424087524414062,-32.495376586914034,-8.258842468261719,2.6289825439453125,-15.838745117187514,3.271881103515625,6.4207992553710795,-25.74745559692382,32.7267005443573,-17.00211334228515,-41.66448974609375,10.265525817871094,17.35328769683838,27.295890808105483,-0.01648720679804683,-0.01652473583817482,-0.01652473583817482,-5.7356356573332565,-47.358577877143524,-2.828285801170792
