,Unnamed: 0,left_eyebrow_18x,left_eyebrow_18y,left_eyebrow_20x,left_eyebrow_20y,left_eyebrow_22x,left_eyebrow_22y,right_eyebrow_23x,right_eyebrow_23y,right_eyebrow_25x,right_eyebrow_25y,right_eyebrow_27x,right_eyebrow_27y,left_eye38_x,left_eye38_y,right_eye45_x,right_eye45_y,left_lip49_x,left_lip49_y,lip_center_upper52_x,lip_center_upper52_y,right_lip55_x,right_lip55_y,lip_center_lower58_x,lip_center_lower58_y,trans_x,trans_y,trans_z,rot_x,rot_y,rot_z
0,0,-1.851165771484375,5.1797027587890625,12.320243835449176,8.119842529296847,32.14869499206543,9.988906860351562,20.011417388916016,3.5140991210937216,-0.17422485351565342,-13.606292724609403,-21.157989501953097,-25.71887207031247,-3.3183670043945455,2.9792938232421875,-15.1280517578125,-5.1558380126953125,-27.92153167724608,-33.620611190795906,17.852400362491604,-4.998645782470703,-7.255393981933594,11.774978637695327,5.458384156227113,19.935691833496094,-0.008486515376716852,0.0084213986992836,0.0084213986992836,6.717973896594287,-46.82788077745427,-1.9125274152759748
