,Unnamed: 0,left_eyebrow_18x,left_eyebrow_18y,left_eyebrow_20x,left_eyebrow_20y,left_eyebrow_22x,left_eyebrow_22y,right_eyebrow_23x,right_eyebrow_23y,right_eyebrow_25x,right_eyebrow_25y,right_eyebrow_27x,right_eyebrow_27y,left_eye38_x,left_eye38_y,right_eye45_x,right_eye45_y,left_lip49_x,left_lip49_y,lip_center_upper52_x,lip_center_upper52_y,right_lip55_x,right_lip55_y,lip_center_lower58_x,lip_center_lower58_y,trans_x,trans_y,trans_z,rot_x,rot_y,rot_z
0,0,-5.590576171875057,-1.2221221923828125,4.366165161132784,5.468383789062472,7.147918701171882,15.768646240234375,-10.342365264892575,12.304138183593722,-1.1805114746093466,6.6795501708984375,6.6900177001953125,2.0223541259765625,3.48333740234375,-8.3232421875,2.3606338500976562,-8.249877929687528,11.989654541015625,-4.3577117919921875,-1.265275835990905,-9.718029022216793,-8.856552124023423,-7.830417633056641,0.2578694820404052,20.837013244628906,0.025342004839330915,0.03647649474442005,0.03647649474442005,5.178510831669592,1.0976021079440432,-2.5638135948111938
