,Unnamed: 0,left_eyebrow_18x,left_eyebrow_18y,left_eyebrow_20x,left_eyebrow_20y,left_eyebrow_22x,left_eyebrow_22y,right_eyebrow_23x,right_eyebrow_23y,right_eyebrow_25x,right_eyebrow_25y,right_eyebrow_27x,right_eyebrow_27y,left_eye38_x,left_eye38_y,right_eye45_x,right_eye45_y,left_lip49_x,left_lip49_y,lip_center_upper52_x,lip_center_upper52_y,right_lip55_x,right_lip55_y,lip_center_lower58_x,lip_center_lower58_y,trans_x,trans_y,trans_z,rot_x,rot_y,rot_z
0,0,-2.1513671875,-2.2525024414062784,3.735305786132784,3.529632568359375,2.2427825927734375,7.984130859374943,-0.371978759765625,7.758895874023494,-1.7542572021484375,2.7010040283203693,1.5658264160156534,-2.3718566894531534,-2.7318344116210795,-1.8957061767578125,-3.3337326049804688,-4.767730712890625,-1.301216125488267,-7.800586700439453,3.760240316390991,-10.82033920288086,-5.927017211914048,-5.353984832763672,5.656875491142273,24.13343048095703,0.00645665469346568,0.009669214487075806,0.009669214487075806,3.6744689329472253,-5.870420324462131,0.611013486581
