,Unnamed: 0,left_eyebrow_18x,left_eyebrow_18y,left_eyebrow_20x,left_eyebrow_20y,left_eyebrow_22x,left_eyebrow_22y,right_eyebrow_23x,right_eyebrow_23y,right_eyebrow_25x,right_eyebrow_25y,right_eyebrow_27x,right_eyebrow_27y,left_eye38_x,left_eye38_y,right_eye45_x,right_eye45_y,left_lip49_x,left_lip49_y,lip_center_upper52_x,lip_center_upper52_y,right_lip55_x,right_lip55_y,lip_center_lower58_x,lip_center_lower58_y,trans_x,trans_y,trans_z,rot_x,rot_y,rot_z
0,0,-4.917816162109347,4.445419311523409,14.481292724609347,20.640533447265653,37.704023361206055,13.974899291992216,33.33715820312501,15.221939086914062,-3.5223464965820312,5.9667205810546875,-40.10038757324216,-31.878524780273466,-2.4982452392578125,-4.042053222656222,-21.33771514892578,-7.2180633544921875,-2.420227050781264,-17.08833312988282,37.84316122531891,13.417449951171875,-26.319686889648438,21.642292022705078,20.747883319854736,16.934020996093736,-0.021533036255277693,-0.029112350195646272,-0.029112350195646272,7.629335584474353,-44.980497556922934,-0.7076087144628803
