,Unnamed: 0,left_eyebrow_18x,left_eyebrow_18y,left_eyebrow_20x,left_eyebrow_20y,left_eyebrow_22x,left_eyebrow_22y,right_eyebrow_23x,right_eyebrow_23y,right_eyebrow_25x,right_eyebrow_25y,right_eyebrow_27x,right_eyebrow_27y,left_eye38_x,left_eye38_y,right_eye45_x,right_eye45_y,left_lip49_x,left_lip49_y,lip_center_upper52_x,lip_center_upper52_y,right_lip55_x,right_lip55_y,lip_center_lower58_x,lip_center_lower58_y,trans_x,trans_y,trans_z,rot_x,rot_y,rot_z
0,0,-2.575759887695341,9.87101745605463,2.227508544921875,7.7772369384765625,14.553153991699219,5.913635253906222,9.920562744140625,-4.325988769531278,12.933837890625,-7.696670532226534,-3.4593505859375,0.528411865234375,-7.786247253417969,1.6755371093749716,-0.9733428955078125,-4.655517578125,-2.993400573730483,-15.29240798950196,7.243417799472809,4.461997985839837,-12.122947692871094,3.3363418579101562,6.382173240184784,12.2440185546875,-0.013010174734517934,-0.013607010245323181,-0.013607010245323181,-7.572079650945389,-17.689916527159678,-1.4338026874072534
