,Unnamed: 0,left_eyebrow_18x,left_eyebrow_18y,left_eyebrow_20x,left_eyebrow_20y,left_eyebrow_22x,left_eyebrow_22y,right_eyebrow_23x,right_eyebrow_23y,right_eyebrow_25x,right_eyebrow_25y,right_eyebrow_27x,right_eyebrow_27y,left_eye38_x,left_eye38_y,right_eye45_x,right_eye45_y,left_lip49_x,left_lip49_y,lip_center_upper52_x,lip_center_upper52_y,right_lip55_x,right_lip55_y,lip_center_lower58_x,lip_center_lower58_y,trans_x,trans_y,trans_z,rot_x,rot_y,rot_z
0,0,-1.634231567382841,2.215484619140625,5.99175262451169,6.266632080078097,9.583253860473633,10.832366943359347,-4.032308578491211,7.218566894531278,-6.451629638671903,2.8055725097656534,-1.9200897216796875,0.11404418945318184,-1.355316162109375,-7.946762084960909,-0.0648956298828125,-10.655136108398438,3.448394775390625,-5.080963134765625,-4.497379422187805,-6.691518783569336,-1.0660476684570312,2.7188758850097727,-5.990489810705185,11.691192626953125,0.0005044820718467231,-0.0035220347344875336,-0.0035220347344875336,7.628026300844164,-0.7665779060242688,0.14433633297610982
