,Unnamed: 0,left_eyebrow_18x,left_eyebrow_18y,left_eyebrow_20x,left_eyebrow_20y,left_eyebrow_22x,left_eyebrow_22y,right_eyebrow_23x,right_eyebrow_23y,right_eyebrow_25x,right_eyebrow_25y,right_eyebrow_27x,right_eyebrow_27y,left_eye38_x,left_eye38_y,right_eye45_x,right_eye45_y,left_lip49_x,left_lip49_y,lip_center_upper52_x,lip_center_upper52_y,right_lip55_x,right_lip55_y,lip_center_lower58_x,lip_center_lower58_y,trans_x,trans_y,trans_z,rot_x,rot_y,rot_z
0,0,-1.1441497802734375,4.6959228515625,7.052108764648409,13.4951171875,13.584573745727543,7.4365081787109375,9.28658676147461,7.791397094726591,-3.148574829101591,1.78167724609375,-8.763748168945312,-10.160583496093722,-4.9754867553710795,-5.565765380859375,-4.612174987792969,-9.192581176757812,-2.2672195434570312,-16.24880599975586,8.697682499885559,-6.2281894683837855,-2.689697265625,13.659450531005866,5.770201832056046,12.045738220214844,0.011551635572686791,0.007166415452957153,0.007166415452957153,0.6379210674916451,-24.598737382969034,-1.5936978062866558
