,Unnamed: 0,left_eyebrow_18x,left_eyebrow_18y,left_eyebrow_20x,left_eyebrow_20y,left_eyebrow_22x,left_eyebrow_22y,right_eyebrow_23x,right_eyebrow_23y,right_eyebrow_25x,right_eyebrow_25y,right_eyebrow_27x,right_eyebrow_27y,left_eye38_x,left_eye38_y,right_eye45_x,right_eye45_y,left_lip49_x,left_lip49_y,lip_center_upper52_x,lip_center_upper52_y,right_lip55_x,right_lip55_y,lip_center_lower58_x,lip_center_lower58_y,trans_x,trans_y,trans_z,rot_x,rot_y,rot_z
0,0,4.1234893798828125,-2.17572021484375,4.7248382568359375,0.5429382324219034,7.8809661865234375,0.75152587890625,-14.537107467651367,6.565673828124943,-6.5878753662109375,8.268447875976562,4.280609130859375,1.43414306640625,-1.3435897827148438,-7.017684936523409,-0.41210174560546875,-4.9612579345703125,-2.2042617797851562,10.551269531249979,2.374235033988952,-1.5915603637695277,0.95733642578125,-4.645919799804695,3.6496506780385967,-1.140228271484375,0.003449470503255725,0.12290049344301224,0.12290049344301224,2.9116097985655363,2.0016624591977377,179.89736295206973
