,Unnamed: 0,left_eyebrow_18x,left_eyebrow_18y,left_eyebrow_20x,left_eyebrow_20y,left_eyebrow_22x,left_eyebrow_22y,right_eyebrow_23x,right_eyebrow_23y,right_eyebrow_25x,right_eyebrow_25y,right_eyebrow_27x,right_eyebrow_27y,left_eye38_x,left_eye38_y,right_eye45_x,right_eye45_y,left_lip49_x,left_lip49_y,lip_center_upper52_x,lip_center_upper52_y,right_lip55_x,right_lip55_y,lip_center_lower58_x,lip_center_lower58_y,trans_x,trans_y,trans_z,rot_x,rot_y,rot_z
0,0,-9.394119262695341,12.754013061523438,9.409141540527344,10.356460571289091,36.703654766082764,8.394195556640625,27.778976440429688,3.9989471435546875,11.554443359375,-4.5695037841796875,-23.719528198242188,-22.33282470703125,-2.896697998046875,6.3499908447265625,-9.01837158203125,-0.2126922607421875,-9.768150329589858,-22.32069396972657,25.06558567285538,8.89794921875,-29.98577117919922,10.372028350830078,14.731181323528288,11.888092041015625,-0.027835160261020064,0.0015219822525978158,0.0015219822525978158,-9.362839184822079,-36.57446502006472,-3.877843036102461
