,Unnamed: 0,left_eyebrow_18x,left_eyebrow_18y,left_eyebrow_20x,left_eyebrow_20y,left_eyebrow_22x,left_eyebrow_22y,right_eyebrow_23x,right_eyebrow_23y,right_eyebrow_25x,right_eyebrow_25y,right_eyebrow_27x,right_eyebrow_27y,left_eye38_x,left_eye38_y,right_eye45_x,right_eye45_y,left_lip49_x,left_lip49_y,lip_center_upper52_x,lip_center_upper52_y,right_lip55_x,right_lip55_y,lip_center_lower58_x,lip_center_lower58_y,trans_x,trans_y,trans_z,rot_x,rot_y,rot_z
0,0,3.5078887939453125,3.492996215820284,7.2534027099609375,10.496719360351562,16.095760345458984,-0.026824951171875,-2.7106170654296875,6.433410644531222,-2.37506103515625,9.094390869140653,-2.0771942138671875,-5.4533843994140625,-5.479835510253906,-3.1283111572265625,-8.461456298828125,-6.457092285156222,-10.053085327148438,-0.4178733825683594,16.779248356819153,1.6600284576416051,-2.3328704833984375,9.763938903808587,16.84224902093411,2.9907073974609375,-0.013175905449315906,-0.006233707070350647,-0.006233707070350647,-5.085134820527279,-19.252432184684373,-0.5806915595463604
