,Unnamed: 0,left_eyebrow_18x,left_eyebrow_18y,left_eyebrow_20x,left_eyebrow_20y,left_eyebrow_22x,left_eyebrow_22y,right_eyebrow_23x,right_eyebrow_23y,right_eyebrow_25x,right_eyebrow_25y,right_eyebrow_27x,right_eyebrow_27y,left_eye38_x,left_eye38_y,right_eye45_x,right_eye45_y,left_lip49_x,left_lip49_y,lip_center_upper52_x,lip_center_upper52_y,right_lip55_x,right_lip55_y,lip_center_lower58_x,lip_center_lower58_y,trans_x,trans_y,trans_z,rot_x,rot_y,rot_z
0,0,-5.523452758789034,0.5530853271484375,8.512084960937486,18.620925903320312,25.30173945426941,10.335205078125028,26.492534637451175,10.587478637695312,7.210266113281264,6.159240722656222,-22.30572509765625,-29.192276000976562,-3.1545639038085938,2.118820190429716,-15.493186950683594,-0.157928466796875,-17.564292907714844,-29.135665893554688,27.7243447303772,1.6970787048339986,-31.41199493408203,8.603965759277344,13.386427626013756,18.663116455078125,-0.03230262314900756,-0.029436346143484123,-0.029436346143484123,-2.1950220768203255,-36.813494005774956,0.9407318745893054
