,Unnamed: 0,left_eyebrow_18x,left_eyebrow_18y,left_eyebrow_20x,left_eyebrow_20y,left_eyebrow_22x,left_eyebrow_22y,right_eyebrow_23x,right_eyebrow_23y,right_eyebrow_25x,right_eyebrow_25y,right_eyebrow_27x,right_eyebrow_27y,left_eye38_x,left_eye38_y,right_eye45_x,right_eye45_y,left_lip49_x,left_lip49_y,lip_center_upper52_x,lip_center_upper52_y,right_lip55_x,right_lip55_y,lip_center_lower58_x,lip_center_lower58_y,trans_x,trans_y,trans_z,rot_x,rot_y,rot_z
0,0,1.908828735351534,7.84771728515625,13.052963256835938,8.920227050781222,31.46951198577881,-0.21594238281247158,2.1314659118652344,3.681564331054716,3.1082534790039062,4.5569305419921875,-1.973602294921875,-2.5510101318359375,-8.666831970214844,3.5370178222655966,-7.977470397949233,-0.9061126708984659,-9.714637756347685,-7.216075897216804,7.0566301345825195,-7.281818389892578,-18.247161865234375,10.816116333007805,8.255529403686522,1.3936080932617188,9.685187251307065e-05,-0.02692732587456704,-0.02692732587456704,-4.969797523996622,-24.76196695913148,2.9564091131404564
