,Unnamed: 0,left_eyebrow_18x,left_eyebrow_18y,left_eyebrow_20x,left_eyebrow_20y,left_eyebrow_22x,left_eyebrow_22y,right_eyebrow_23x,right_eyebrow_23y,right_eyebrow_25x,right_eyebrow_25y,right_eyebrow_27x,right_eyebrow_27y,left_eye38_x,left_eye38_y,right_eye45_x,right_eye45_y,left_lip49_x,left_lip49_y,lip_center_upper52_x,lip_center_upper52_y,right_lip55_x,right_lip55_y,lip_center_lower58_x,lip_center_lower58_y,trans_x,trans_y,trans_z,rot_x,rot_y,rot_z
0,0,-1.0979461669921875,12.898513793945312,-2.1357498168945455,2.8778533935546875,7.403295516967773,-3.090560913085966,12.020698547363281,-2.5353851318359375,14.922584533691406,-10.181015014648438,1.450439453125,5.4389190673828125,-8.190711975097642,2.696990966796875,-4.3228836059570455,-1.7667694091796875,-12.756866455078125,-14.841438293457031,10.708836078643799,-6.2597007751464915,-13.980751037597656,0.2874298095703054,9.169830799102783,20.895675659179688,-0.0048364747781306505,0.028762323781847957,0.028762323781847957,1.1480702867430246,-16.664496368631312,-0.20881803136150223
