,Unnamed: 0,left_eyebrow_18x,left_eyebrow_18y,left_eyebrow_20x,left_eyebrow_20y,left_eyebrow_22x,left_eyebrow_22y,right_eyebrow_23x,right_eyebrow_23y,right_eyebrow_25x,right_eyebrow_25y,right_eyebrow_27x,right_eyebrow_27y,left_eye38_x,left_eye38_y,right_eye45_x,right_eye45_y,left_lip49_x,left_lip49_y,lip_center_upper52_x,lip_center_upper52_y,right_lip55_x,right_lip55_y,lip_center_lower58_x,lip_center_lower58_y,trans_x,trans_y,trans_z,rot_x,rot_y,rot_z
0,0,-3.8080444335937784,1.5791931152343466,2.4971847534179545,1.932525634765625,12.38257217407227,5.856140136718722,-10.345365524291992,8.190353393554688,0.05404663085938921,0.757110595703125,5.23046875,-0.15107727050778408,-1.4253997802734375,1.1717987060546875,0.24025726318357954,-0.16581726074215908,-2.582427978515625,-8.980403900146484,0.6708495616912842,3.3125343322753835,-0.08626556396485796,-7.659633636474609,1.2587627172470093,14.62286376953125,0.0010709469206631184,-0.006516419351100922,-0.006516419351100922,2.313487810990048,-1.9531093135990396,-0.41076541606764394
