,Unnamed: 0,left_eyebrow_18x,left_eyebrow_18y,left_eyebrow_20x,left_eyebrow_20y,left_eyebrow_22x,left_eyebrow_22y,right_eyebrow_23x,right_eyebrow_23y,right_eyebrow_25x,right_eyebrow_25y,right_eyebrow_27x,right_eyebrow_27y,left_eye38_x,left_eye38_y,right_eye45_x,right_eye45_y,left_lip49_x,left_lip49_y,lip_center_upper52_x,lip_center_upper52_y,right_lip55_x,right_lip55_y,lip_center_lower58_x,lip_center_lower58_y,trans_x,trans_y,trans_z,rot_x,rot_y,rot_z
0,0,-4.462921142578125,3.8238677978515625,-0.48229217529296875,1.21844482421875,13.992099761962887,3.034912109375,21.484407424926758,-0.5699462890625,8.422607421875,-15.471908569335966,-13.457153320312472,-16.718963623046903,-8.897575378417983,6.28173828125,-5.776321411132798,4.2628631591796875,-5.391082763671861,-28.021038055419936,11.136397033929825,1.011333465576179,-14.473808288574219,6.701728820800781,12.82106964290142,10.772666931152344,0.0001261541619896893,-0.02029698342084886,-0.02029698342084886,3.5014911825501804,-30.17803302096234,0.41255770545874926
