,Unnamed: 0,left_eyebrow_18x,left_eyebrow_18y,left_eyebrow_20x,left_eyebrow_20y,left_eyebrow_22x,left_eyebrow_22y,right_eyebrow_23x,right_eyebrow_23y,right_eyebrow_25x,right_eyebrow_25y,right_eyebrow_27x,right_eyebrow_27y,left_eye38_x,left_eye38_y,right_eye45_x,right_eye45_y,left_lip49_x,left_lip49_y,lip_center_upper52_x,lip_center_upper52_y,right_lip55_x,right_lip55_y,lip_center_lower58_x,lip_center_lower58_y,trans_x,trans_y,trans_z,rot_x,rot_y,rot_z
0,0,-8.625778198242188,9.23236083984375,15.665222167968736,9.309631347656222,53.013794898986816,7.8119354248046875,26.805683135986342,13.61871337890625,-3.1934661865234375,0.7347106933594034,-38.640350341796875,-37.77113342285156,-2.6457672119140625,11.902084350585938,-14.578430175781264,7.9049835205078125,-26.102081298828125,-28.554651260375977,29.019014835357666,11.165485382080078,-37.756710052490234,7.523406982421868,13.925889492034912,15.095214843749986,-0.029901821864768863,0.004154473543167114,0.004154473543167114,2.512521088148267,-40.32632727274664,-4.657028417510131
