,Unnamed: 0,left_eyebrow_18x,left_eyebrow_18y,left_eyebrow_20x,left_eyebrow_20y,left_eyebrow_22x,left_eyebrow_22y,right_eyebrow_23x,right_eyebrow_23y,right_eyebrow_25x,right_eyebrow_25y,right_eyebrow_27x,right_eyebrow_27y,left_eye38_x,left_eye38_y,right_eye45_x,right_eye45_y,left_lip49_x,left_lip49_y,lip_center_upper52_x,lip_center_upper52_y,right_lip55_x,right_lip55_y,lip_center_lower58_x,lip_center_lower58_y,trans_x,trans_y,trans_z,rot_x,rot_y,rot_z
0,0,0.5220947265625,-10.89599609375,-0.9890441894530966,-1.4428863525390625,-5.8623046875,12.796356201171875,0.6456832885742259,15.47454833984375,-0.6985931396484375,5.274688720703125,1.764846801757841,-6.4119873046875,1.1088943481445312,-1.762588500976591,0.014312744140625,-1.7889251708984943,0.821990966796875,-6.028816223144531,1.6694223880767822,-8.2408332824707,-1.2360076904296875,-9.672534942626953,3.0149000287055965,25.304344177246094,-0.00215195957571268,0.0029683299362659454,0.0029683299362659454,6.470269303227506,3.0878924703648725,0.9534804421125028
