,Unnamed: 0,left_eyebrow_18x,left_eyebrow_18y,left_eyebrow_20x,left_eyebrow_20y,left_eyebrow_22x,left_eyebrow_22y,right_eyebrow_23x,right_eyebrow_23y,right_eyebrow_25x,right_eyebrow_25y,right_eyebrow_27x,right_eyebrow_27y,left_eye38_x,left_eye38_y,right_eye45_x,right_eye45_y,left_lip49_x,left_lip49_y,lip_center_upper52_x,lip_center_upper52_y,right_lip55_x,right_lip55_y,lip_center_lower58_x,lip_center_lower58_y,trans_x,trans_y,trans_z,rot_x,rot_y,rot_z
0,0,-6.3445587158203125,0.8405303955078125,-2.9635009765625,-4.706253051757784,3.6406784057617188,5.14215087890625,12.82644271850586,5.7237091064453125,5.5423583984375,-15.11865234375,-5.358795166015625,-15.824050903320312,-3.1035614013671875,0.2236480712890625,-1.600311279296875,-0.9380798339844034,-1.7166290283203125,-19.17334747314453,12.889573127031326,-3.4259033203125036,-12.028739929199219,7.309593200683594,5.402401447296143,19.604499816894545,-0.013280698098242283,-0.015382885932922356,-0.015382885932922356,-4.581966719863846,-18.005009239337152,-0.15996105425396223
