,Unnamed: 0,left_eyebrow_18x,left_eyebrow_18y,left_eyebrow_20x,left_eyebrow_20y,left_eyebrow_22x,left_eyebrow_22y,right_eyebrow_23x,right_eyebrow_23y,right_eyebrow_25x,right_eyebrow_25y,right_eyebrow_27x,right_eyebrow_27y,left_eye38_x,left_eye38_y,right_eye45_x,right_eye45_y,left_lip49_x,left_lip49_y,lip_center_upper52_x,lip_center_upper52_y,right_lip55_x,right_lip55_y,lip_center_lower58_x,lip_center_lower58_y,trans_x,trans_y,trans_z,rot_x,rot_y,rot_z
0,0,-3.383544921875,20.67008972167966,-8.04962921142581,8.740676879882812,18.213223457336426,-14.309677124023438,16.711769104003906,-10.5611572265625,5.729278564453125,-6.7123565673828125,-21.272857666015625,-7.3284149169921875,-6.222358703613281,0.971588134765625,-11.21877288818358,0.2885894775390625,-14.143142700195312,-24.438552856445312,40.40732669830322,3.7647895812988352,-20.6959228515625,15.639266967773438,23.972275495529175,10.692771911621094,-0.012069638585671782,-0.008190155029296889,-0.008190155029296889,-4.190058545603225,-45.167453957098814,6.966385499811206
