,Unnamed: 0,left_eyebrow_18x,left_eyebrow_18y,left_eyebrow_20x,left_eyebrow_20y,left_eyebrow_22x,left_eyebrow_22y,right_eyebrow_23x,right_eyebrow_23y,right_eyebrow_25x,right_eyebrow_25y,right_eyebrow_27x,right_eyebrow_27y,left_eye38_x,left_eye38_y,right_eye45_x,right_eye45_y,left_lip49_x,left_lip49_y,lip_center_upper52_x,lip_center_upper52_y,right_lip55_x,right_lip55_y,lip_center_lower58_x,lip_center_lower58_y,trans_x,trans_y,trans_z,rot_x,rot_y,rot_z
0,0,-6.556976318359403,15.349166870117188,2.598892211914091,0.7967071533203125,23.092065811157227,5.028549194335994,-2.3497848510742188,4.46148681640625,5.764633178710909,-9.528717041015597,4.003509521484375,4.6681365966796875,-4.767517089843736,0.525665283203125,-4.373466491699219,-4.580093383789091,-8.864761352539062,-22.585983276367188,5.673238813877106,5.443477630615234,-13.449195861816406,-7.642330169677734,5.949065923690795,16.292320251464844,-0.019263669149950147,-0.01022971794009208,-0.01022971794009208,0.8062658178783109,-11.672826129045628,-1.623980187681763
