,Unnamed: 0,left_eyebrow_18x,left_eyebrow_18y,left_eyebrow_20x,left_eyebrow_20y,left_eyebrow_22x,left_eyebrow_22y,right_eyebrow_23x,right_eyebrow_23y,right_eyebrow_25x,right_eyebrow_25y,right_eyebrow_27x,right_eyebrow_27y,left_eye38_x,left_eye38_y,right_eye45_x,right_eye45_y,left_lip49_x,left_lip49_y,lip_center_upper52_x,lip_center_upper52_y,right_lip55_x,right_lip55_y,lip_center_lower58_x,lip_center_lower58_y,trans_x,trans_y,trans_z,rot_x,rot_y,rot_z
0,0,-16.251419067382784,9.784637451171875,8.795730590820327,3.3622589111328125,42.31883955001831,11.22308349609375,31.165790557861328,11.006271362304688,-2.360290527343764,-6.911407470703125,-37.32217407226565,-38.42352294921875,0.171173095703125,4.7691650390625,-16.461410522460938,4.083724975585966,-8.486000061035142,-23.096595764160153,36.80627179145813,-5.940433502197266,-41.69868469238282,19.233184814453125,12.412479639053345,10.225166320800781,-0.020891467109322555,-0.0017929673194885185,-0.0017929673194885185,-0.4665523336365345,-43.523594641656445,2.9272897304499583
