,Unnamed: 0,left_eyebrow_18x,left_eyebrow_18y,left_eyebrow_20x,left_eyebrow_20y,left_eyebrow_22x,left_eyebrow_22y,right_eyebrow_23x,right_eyebrow_23y,right_eyebrow_25x,right_eyebrow_25y,right_eyebrow_27x,right_eyebrow_27y,left_eye38_x,left_eye38_y,right_eye45_x,right_eye45_y,left_lip49_x,left_lip49_y,lip_center_upper52_x,lip_center_upper52_y,right_lip55_x,right_lip55_y,lip_center_lower58_x,lip_center_lower58_y,trans_x,trans_y,trans_z,rot_x,rot_y,rot_z
0,0,-1.3684844970703125,-0.5002746582031534,7.002136230468722,19.134979248046903,14.220783233642578,12.174865722656222,5.819343566894531,10.966842651367216,1.3727416992187216,11.477432250976534,-3.6403656005859375,-12.065155029296847,-9.171493530273438,2.1078033447265625,-3.1201171875,-1.792938232421875,0.5514373779296875,-13.4729995727539,17.57451242208481,-6.760591506958001,-11.080001831054688,-0.3831138610839915,13.126590967178345,20.02639007568358,-0.011755760526284575,-0.02167584374547006,-0.02167584374547006,1.803649073214023,-27.149289100135658,-7.4856819579906935
