,Unnamed: 0,left_eyebrow_18x,left_eyebrow_18y,left_eyebrow_20x,left_eyebrow_20y,left_eyebrow_22x,left_eyebrow_22y,right_eyebrow_23x,right_eyebrow_23y,right_eyebrow_25x,right_eyebrow_25y,right_eyebrow_27x,right_eyebrow_27y,left_eye38_x,left_eye38_y,right_eye45_x,right_eye45_y,left_lip49_x,left_lip49_y,lip_center_upper52_x,lip_center_upper52_y,right_lip55_x,right_lip55_y,lip_center_lower58_x,lip_center_lower58_y,trans_x,trans_y,trans_z,rot_x,rot_y,rot_z
0,0,-6.304412841796875,0.07920837402349434,9.148384094238295,7.507095336914034,28.588117599487305,14.171691894531222,26.457050323486328,16.01539611816409,0.4809112548828125,4.09759521484375,-29.446121215820312,-31.470932006835938,-2.7157516479492188,6.5159149169921875,-16.8841552734375,-0.6316223144531534,-19.308837890625,-19.418087005615238,20.05576491355896,-4.665800094604489,-17.619522094726562,15.365406036376953,13.179337084293365,23.989372253417983,-0.023749387823045254,0.003645785152912147,0.003645785152912147,8.369272188393934,-36.02935333147411,-0.11277759790921926
