,Unnamed: 0,left_eyebrow_18x,left_eyebrow_18y,left_eyebrow_20x,left_eyebrow_20y,left_eyebrow_22x,left_eyebrow_22y,right_eyebrow_23x,right_eyebrow_23y,right_eyebrow_25x,right_eyebrow_25y,right_eyebrow_27x,right_eyebrow_27y,left_eye38_x,left_eye38_y,right_eye45_x,right_eye45_y,left_lip49_x,left_lip49_y,lip_center_upper52_x,lip_center_upper52_y,right_lip55_x,right_lip55_y,lip_center_lower58_x,lip_center_lower58_y,trans_x,trans_y,trans_z,rot_x,rot_y,rot_z
0,0,-7.035430908203125,6.5703582763671875,5.695144653320341,7.392822265624972,19.63856697082519,9.744796752929716,-4.440395355224609,9.4158935546875,-0.71875,-3.847640991210909,2.69073486328125,-2.1438140869140625,-3.7861251831054545,-3.5318145751953125,-2.4556198120117188,-8.724914550781278,-7.07305908203125,-21.668521881103516,7.669378340244293,3.613189697265625,-14.583724975585938,-8.68009948730468,7.347784757614136,24.86090850830078,-0.02078031119890511,-0.01585030183196067,-0.01585030183196067,3.5892009949312835,-10.955655751113246,-0.2071302202986962
