,Unnamed: 0,left_eyebrow_18x,left_eyebrow_18y,left_eyebrow_20x,left_eyebrow_20y,left_eyebrow_22x,left_eyebrow_22y,right_eyebrow_23x,right_eyebrow_23y,right_eyebrow_25x,right_eyebrow_25y,right_eyebrow_27x,right_eyebrow_27y,left_eye38_x,left_eye38_y,right_eye45_x,right_eye45_y,left_lip49_x,left_lip49_y,lip_center_upper52_x,lip_center_upper52_y,right_lip55_x,right_lip55_y,lip_center_lower58_x,lip_center_lower58_y,trans_x,trans_y,trans_z,rot_x,rot_y,rot_z
0,0,-0.9771728515625,-5.0635986328125,1.2615203857421875,6.2313995361328125,0.4292564392089844,4.0835418701171875,2.262889862060547,1.695343017578125,3.757186889648409,4.334655761718722,2.3212280273437216,-4.13824462890625,1.0338516235351562,7.105850219726534,-4.5596466064453125,4.6953125,3.6983413696289062,-6.116275787353516,2.6105975843966007,-6.3851318359375,-4.024085998535156,-5.5388031005859375,1.800503134727478,8.834033966064446,0.0001415023580193511,0.008720450103282928,0.008720450103282928,6.4462313899216825,-2.1121805594652763,-1.042723002962615
