,Unnamed: 0,left_eyebrow_18x,left_eyebrow_18y,left_eyebrow_20x,left_eyebrow_20y,left_eyebrow_22x,left_eyebrow_22y,right_eyebrow_23x,right_eyebrow_23y,right_eyebrow_25x,right_eyebrow_25y,right_eyebrow_27x,right_eyebrow_27y,left_eye38_x,left_eye38_y,right_eye45_x,right_eye45_y,left_lip49_x,left_lip49_y,lip_center_upper52_x,lip_center_upper52_y,right_lip55_x,right_lip55_y,lip_center_lower58_x,lip_center_lower58_y,trans_x,trans_y,trans_z,rot_x,rot_y,rot_z
0,0,-6.503219604492216,1.62811279296875,0.6042175292969318,1.484237670898466,6.677181243896484,7.995895385742216,-10.76881408691407,9.07965087890625,-3.9455871582031534,1.3029022216796875,5.8795623779296875,1.70849609375,2.390037536621108,-6.114547729492159,2.474548339843764,-4.881210327148494,6.412956237792969,-15.31406021118164,-1.813823163509369,4.135875701904297,-0.7227249145507812,-15.852497100830085,-1.1798715591430666,23.048660278320327,-0.00815764325670898,0.0033838003873825143,0.0033838003873825143,4.798220129538615,7.842260123632485,-0.3309466257425281
