,Unnamed: 0,left_eyebrow_18x,left_eyebrow_18y,left_eyebrow_20x,left_eyebrow_20y,left_eyebrow_22x,left_eyebrow_22y,right_eyebrow_23x,right_eyebrow_23y,right_eyebrow_25x,right_eyebrow_25y,right_eyebrow_27x,right_eyebrow_27y,left_eye38_x,left_eye38_y,right_eye45_x,right_eye45_y,left_lip49_x,left_lip49_y,lip_center_upper52_x,lip_center_upper52_y,right_lip55_x,right_lip55_y,lip_center_lower58_x,lip_center_lower58_y,trans_x,trans_y,trans_z,rot_x,rot_y,rot_z
0,0,-9.006774902343778,7.804229736328125,11.185966491699261,10.367630004882841,38.157278060913086,10.178314208984403,8.965621948242195,12.909027099609375,1.3930816650390057,-4.15380859375,-9.078704833984403,-20.606903076171875,-4.393600463867173,3.252960205078125,-10.835884094238281,-3.582199096679716,-13.437438964843736,-31.477867126464844,17.624175131320953,4.480808258056641,-27.535072326660156,4.736961364746094,9.894041776657104,20.627189636230483,-0.024903220357373353,-0.010857503861188895,-0.010857503861188895,3.0638136964573843,-29.164425190185874,-0.9733835809479934
