,Unnamed: 0,left_eyebrow_18x,left_eyebrow_18y,left_eyebrow_20x,left_eyebrow_20y,left_eyebrow_22x,left_eyebrow_22y,right_eyebrow_23x,right_eyebrow_23y,right_eyebrow_25x,right_eyebrow_25y,right_eyebrow_27x,right_eyebrow_27y,left_eye38_x,left_eye38_y,right_eye45_x,right_eye45_y,left_lip49_x,left_lip49_y,lip_center_upper52_x,lip_center_upper52_y,right_lip55_x,right_lip55_y,lip_center_lower58_x,lip_center_lower58_y,trans_x,trans_y,trans_z,rot_x,rot_y,rot_z
0,0,-3.6047210693359375,-6.106063842773409,-0.04473876953122158,2.7755126953124716,7.136409759521484,13.898681640625,11.16507339477539,14.479156494140625,4.7644500732421875,4.0046234130859375,-7.130172729492159,-19.063446044921903,-3.832183837890625,4.45880126953125,-4.4293212890625,0.19006347656247158,-11.798507690429688,-18.52199935913086,6.975722551345825,-9.015554428100582,-19.336456298828125,-3.3093795776367188,8.057099401950836,32.48876953125,-0.00976349925622344,-0.013009488582611084,-0.013009488582611084,6.302677780690293,-22.191946841608278,1.8641000332584134
