,Unnamed: 0,left_eyebrow_18x,left_eyebrow_18y,left_eyebrow_20x,left_eyebrow_20y,left_eyebrow_22x,left_eyebrow_22y,right_eyebrow_23x,right_eyebrow_23y,right_eyebrow_25x,right_eyebrow_25y,right_eyebrow_27x,right_eyebrow_27y,left_eye38_x,left_eye38_y,right_eye45_x,right_eye45_y,left_lip49_x,left_lip49_y,lip_center_upper52_x,lip_center_upper52_y,right_lip55_x,right_lip55_y,lip_center_lower58_x,lip_center_lower58_y,trans_x,trans_y,trans_z,rot_x,rot_y,rot_z
0,0,-5.333786010742216,13.861083984375,-6.269363403320284,-2.4171142578124716,1.7465324401855398,-1.0614013671874432,-4.705036163330078,1.6423797607421875,0.9132995605468466,1.889144897460966,4.617065429687472,10.2696533203125,-3.6663284301757812,-1.81060791015625,4.806358337402344,0.5754089355468466,9.194412231445312,-9.271339416503906,-0.9190728068351743,-4.849882125854492,-7.995979309082031,-8.206462860107422,0.005806326866149458,14.364517211914062,-0.006947360932826996,0.009037632495164878,0.009037632495164878,-4.092225379280431,6.941546954421263,-2.0241734689175415
