,Unnamed: 0,left_eyebrow_18x,left_eyebrow_18y,left_eyebrow_20x,left_eyebrow_20y,left_eyebrow_22x,left_eyebrow_22y,right_eyebrow_23x,right_eyebrow_23y,right_eyebrow_25x,right_eyebrow_25y,right_eyebrow_27x,right_eyebrow_27y,left_eye38_x,left_eye38_y,right_eye45_x,right_eye45_y,left_lip49_x,left_lip49_y,lip_center_upper52_x,lip_center_upper52_y,right_lip55_x,right_lip55_y,lip_center_lower58_x,lip_center_lower58_y,trans_x,trans_y,trans_z,rot_x,rot_y,rot_z
0,0,-7.568161010742216,-0.3267974853515341,7.740753173828125,8.289154052734403,28.9818480014801,20.630966186523438,35.60091209411621,13.487045288085909,12.200485229492188,-8.099639892578068,-31.88818359375,-39.49848937988284,-11.286453247070312,7.963104248046875,-11.086990356445312,8.757186889648438,-12.96041870117186,-34.70781326293945,34.454946517944336,11.098966598510742,-32.90629577636717,7.634250640869141,21.999798297882077,37.1368408203125,-0.0394070107722655,-0.018953125923872,-0.018953125923872,8.562450452147377,-41.974007067295084,-0.8328155988820634
