,Unnamed: 0,left_eyebrow_18x,left_eyebrow_18y,left_eyebrow_20x,left_eyebrow_20y,left_eyebrow_22x,left_eyebrow_22y,right_eyebrow_23x,right_eyebrow_23y,right_eyebrow_25x,right_eyebrow_25y,right_eyebrow_27x,right_eyebrow_27y,left_eye38_x,left_eye38_y,right_eye45_x,right_eye45_y,left_lip49_x,left_lip49_y,lip_center_upper52_x,lip_center_upper52_y,right_lip55_x,right_lip55_y,lip_center_lower58_x,lip_center_lower58_y,trans_x,trans_y,trans_z,rot_x,rot_y,rot_z
0,0,-3.38330078125,-1.4187774658203125,-1.217864990234375,-4.349349975585966,2.2855262756347656,8.64715576171875,6.111534118652351,11.48893737792963,4.048751831054659,-9.745803833007812,-1.1247558593750284,-6.669143676757841,-7.317840576171875,1.7819671630859375,2.790863037109375,0.9160919189453693,4.3325271606445455,-9.230865478515625,4.119388580322266,-4.060771942138672,-6.6321868896484375,-0.8705368041992116,4.558327674865723,19.442947387695312,0.013938950840383768,0.013094609603285796,0.013094609603285796,7.062198031330538,-8.112443331827913,4.232349964052718
