,Unnamed: 0,left_eyebrow_18x,left_eyebrow_18y,left_eyebrow_20x,left_eyebrow_20y,left_eyebrow_22x,left_eyebrow_22y,right_eyebrow_23x,right_eyebrow_23y,right_eyebrow_25x,right_eyebrow_25y,right_eyebrow_27x,right_eyebrow_27y,left_eye38_x,left_eye38_y,right_eye45_x,right_eye45_y,left_lip49_x,left_lip49_y,lip_center_upper52_x,lip_center_upper52_y,right_lip55_x,right_lip55_y,lip_center_lower58_x,lip_center_lower58_y,trans_x,trans_y,trans_z,rot_x,rot_y,rot_z
0,0,-0.6728820800780966,11.477737426757784,-1.6672821044921875,-3.1533508300780966,5.605985641479489,-12.13330078125,-3.248889923095703,-7.1518707275390625,3.4527816772460795,-5.520050048828125,-0.2597503662109375,11.342514038085909,-2.507102966308608,-2.079620361328125,-2.3248596191405966,-4.432220458984375,-3.5070419311523438,-6.698749542236328,2.2257962226867662,-1.1103134155273366,0.193115234375,-3.3733062744140625,0.9171206951141362,9.477714538574219,0.010112915420904756,-0.004793673753738403,-0.004793673753738403,-4.677905971620477,-6.445580425553709,5.7752396958274845
