,Unnamed: 0,left_eyebrow_18x,left_eyebrow_18y,left_eyebrow_20x,left_eyebrow_20y,left_eyebrow_22x,left_eyebrow_22y,right_eyebrow_23x,right_eyebrow_23y,right_eyebrow_25x,right_eyebrow_25y,right_eyebrow_27x,right_eyebrow_27y,left_eye38_x,left_eye38_y,right_eye45_x,right_eye45_y,left_lip49_x,left_lip49_y,lip_center_upper52_x,lip_center_upper52_y,right_lip55_x,right_lip55_y,lip_center_lower58_x,lip_center_lower58_y,trans_x,trans_y,trans_z,rot_x,rot_y,rot_z
0,0,-2.4719390869140625,10.529220581054688,9.38442230224608,10.680038452148438,20.313446044921875,10.48101806640625,9.596328735351562,5.791290283203153,5.941047668457003,-1.4427490234375,-11.495391845703097,-5.130950927734375,-9.305473327636719,0.6565551757812784,-7.30078125,-6.228378295898409,-15.988273620605469,-17.6733627319336,13.563878297805786,-12.18763542175293,-22.032096862792983,7.268024444580078,11.153390884399414,21.860855102539077,0.01371105294674635,-0.012568660080432892,-0.012568660080432892,4.647442858888676,-46.147985008646785,0.19145864728372963
