,Unnamed: 0,left_eyebrow_18x,left_eyebrow_18y,left_eyebrow_20x,left_eyebrow_20y,left_eyebrow_22x,left_eyebrow_22y,right_eyebrow_23x,right_eyebrow_23y,right_eyebrow_25x,right_eyebrow_25y,right_eyebrow_27x,right_eyebrow_27y,left_eye38_x,left_eye38_y,right_eye45_x,right_eye45_y,left_lip49_x,left_lip49_y,lip_center_upper52_x,lip_center_upper52_y,right_lip55_x,right_lip55_y,lip_center_lower58_x,lip_center_lower58_y,trans_x,trans_y,trans_z,rot_x,rot_y,rot_z
0,0,-2.14080810546875,3.39422607421875,7.1351089477539205,12.713439941406278,16.0369930267334,13.431396484375057,16.06814193725586,10.024993896484375,4.764472961425781,2.6521759033203125,-9.299270629882784,-14.443038940429716,-2.2042999267578125,0.0174713134765625,-8.4637451171875,-3.4709625244140625,-7.263511657714844,-10.697368621826165,11.660553455352783,0.1466979980468679,-7.948631286621094,7.85356140136718,10.878806307911873,0.403717041015625,-0.004870251286774874,-0.014997154474258423,-0.014997154474258423,0.45117822211130765,-24.172445516358255,-0.2561213557536153
