,Unnamed: 0,left_eyebrow_18x,left_eyebrow_18y,left_eyebrow_20x,left_eyebrow_20y,left_eyebrow_22x,left_eyebrow_22y,right_eyebrow_23x,right_eyebrow_23y,right_eyebrow_25x,right_eyebrow_25y,right_eyebrow_27x,right_eyebrow_27y,left_eye38_x,left_eye38_y,right_eye45_x,right_eye45_y,left_lip49_x,left_lip49_y,lip_center_upper52_x,lip_center_upper52_y,right_lip55_x,right_lip55_y,lip_center_lower58_x,lip_center_lower58_y,trans_x,trans_y,trans_z,rot_x,rot_y,rot_z
0,0,-7.543136596679716,5.489715576171875,5.151802062988281,6.5678863525390625,22.903905868530273,9.011291503906222,4.924747467041023,5.941513061523409,6.581092834472628,0.9334259033202841,2.3276519775390625,-8.865768432617159,-5.233428955078111,3.0484924316406534,-4.804405212402344,1.7193756103515625,-3.9091720581054688,-14.9476318359375,6.057120084762573,-15.839397430419922,-22.551223754882812,3.2622299194335938,6.396582841873169,24.147888183593736,0.03624331299215556,0.03418187703937292,0.03418187703937292,-0.034217504727242165,-21.935474770848117,-0.6692911754882593
