,Unnamed: 0,left_eyebrow_18x,left_eyebrow_18y,left_eyebrow_20x,left_eyebrow_20y,left_eyebrow_22x,left_eyebrow_22y,right_eyebrow_23x,right_eyebrow_23y,right_eyebrow_25x,right_eyebrow_25y,right_eyebrow_27x,right_eyebrow_27y,left_eye38_x,left_eye38_y,right_eye45_x,right_eye45_y,left_lip49_x,left_lip49_y,lip_center_upper52_x,lip_center_upper52_y,right_lip55_x,right_lip55_y,lip_center_lower58_x,lip_center_lower58_y,trans_x,trans_y,trans_z,rot_x,rot_y,rot_z
0,0,-2.86944580078125,6.463043212890625,-1.1495513916015625,8.584762573242188,8.803520202636719,6.62677001953125,11.09028625488282,10.195587158203097,6.077758789062457,2.1753692626953125,-3.812362670898409,-6.750350952148466,-5.634071350097656,-2.1170654296875,-4.065742492675781,-7.966552734375,-5.4499359130859375,-17.914779663085938,15.83123964071274,-0.6091270446777344,-21.166519165039062,2.1815147399902344,12.379512906074524,13.687690734863281,-0.009725853218697011,-0.02998751495033503,-0.02998751495033503,-4.306895976869637,-18.731470902915593,-1.332790250624461
