,Unnamed: 0,left_eyebrow_18x,left_eyebrow_18y,left_eyebrow_20x,left_eyebrow_20y,left_eyebrow_22x,left_eyebrow_22y,right_eyebrow_23x,right_eyebrow_23y,right_eyebrow_25x,right_eyebrow_25y,right_eyebrow_27x,right_eyebrow_27y,left_eye38_x,left_eye38_y,right_eye45_x,right_eye45_y,left_lip49_x,left_lip49_y,lip_center_upper52_x,lip_center_upper52_y,right_lip55_x,right_lip55_y,lip_center_lower58_x,lip_center_lower58_y,trans_x,trans_y,trans_z,rot_x,rot_y,rot_z
0,0,-2.9677734375,-7.21630859375,5.4172210693359375,3.0512542724609375,5.231910705566413,16.79779052734375,-12.083730697631829,13.7744140625,-6.101989746093778,2.8923797607421875,3.925567626953125,-3.24853515625,0.3221893310546875,-4.799224853515597,-0.9939956665039062,-7.1901702880859375,11.073898315429688,-3.0548858642578125,3.4824634790420532,-4.187828063964851,-6.147819519042969,-4.700839996337898,4.000434547662735,24.759201049804688,0.00028753839433193207,0.0016779694706201553,0.0016779694706201553,5.6244392623719826,0.07095532088222445,1.6500846614127913
