,Unnamed: 0,left_eyebrow_18x,left_eyebrow_18y,left_eyebrow_20x,left_eyebrow_20y,left_eyebrow_22x,left_eyebrow_22y,right_eyebrow_23x,right_eyebrow_23y,right_eyebrow_25x,right_eyebrow_25y,right_eyebrow_27x,right_eyebrow_27y,left_eye38_x,left_eye38_y,right_eye45_x,right_eye45_y,left_lip49_x,left_lip49_y,lip_center_upper52_x,lip_center_upper52_y,right_lip55_x,right_lip55_y,lip_center_lower58_x,lip_center_lower58_y,trans_x,trans_y,trans_z,rot_x,rot_y,rot_z
0,0,-3.1440887451171875,2.813385009765625,8.438529968261719,6.6755218505859375,15.916727066040039,8.0,-6.557317733764648,4.983444213867159,0.19298553466796875,5.302413940429659,4.2389678955078125,2.0979003906249716,-3.0614547729492188,-1.0671234130859375,-1.1141510009765625,-1.4571990966796875,5.687957763671889,-6.6808547973632955,-2.8489322662353516,-13.802959442138672,-9.763900756835938,-4.31951904296875,0.6811244487762451,15.961631774902315,0.03978841472417116,0.02654603635892272,0.02654603635892272,2.5418040322896394,-6.81898781217602,1.2644952992623693
