,Unnamed: 0,left_eyebrow_18x,left_eyebrow_18y,left_eyebrow_20x,left_eyebrow_20y,left_eyebrow_22x,left_eyebrow_22y,right_eyebrow_23x,right_eyebrow_23y,right_eyebrow_25x,right_eyebrow_25y,right_eyebrow_27x,right_eyebrow_27y,left_eye38_x,left_eye38_y,right_eye45_x,right_eye45_y,left_lip49_x,left_lip49_y,lip_center_upper52_x,lip_center_upper52_y,right_lip55_x,right_lip55_y,lip_center_lower58_x,lip_center_lower58_y,trans_x,trans_y,trans_z,rot_x,rot_y,rot_z
0,0,-3.850082397460966,6.1454925537109375,10.871337890625,8.501388549804659,31.62676191329956,8.894134521484347,5.903553009033203,8.320449829101534,3.9848556518554688,1.656417846679659,-3.0594635009765625,-9.2763671875,-11.276924133300795,2.2159423828125,-9.975227355957031,0.21392822265627842,0.1301727294921875,-15.945163726806648,9.960880041122437,-8.517314910888672,-23.951690673828125,6.349143981933594,11.030802965164186,15.410812377929673,0.04220301378518344,0.024140361580066383,0.024140361580066383,1.1218530632786257,-25.760563698253172,1.6426663342975618
