,Unnamed: 0,left_eyebrow_18x,left_eyebrow_18y,left_eyebrow_20x,left_eyebrow_20y,left_eyebrow_22x,left_eyebrow_22y,right_eyebrow_23x,right_eyebrow_23y,right_eyebrow_25x,right_eyebrow_25y,right_eyebrow_27x,right_eyebrow_27y,left_eye38_x,left_eye38_y,right_eye45_x,right_eye45_y,left_lip49_x,left_lip49_y,lip_center_upper52_x,lip_center_upper52_y,right_lip55_x,right_lip55_y,lip_center_lower58_x,lip_center_lower58_y,trans_x,trans_y,trans_z,rot_x,rot_y,rot_z
0,0,4.019012451171903,-0.8478698730468466,1.172897338867216,11.683990478515625,-4.668907165527344,10.083480834960966,-4.0930633544921875,6.501068115234375,-4.9255523681640625,19.961395263671875,-2.321197509765625,2.9369201660155966,7.871513366699219,-9.808380126953097,2.281066894531264,-8.511566162109375,-4.035003662109389,4.951389312744141,-10.279561996459961,12.036418914794929,4.131904602050781,-4.245861053466804,-9.959455490112305,7.132171630859375,-0.006980616977671162,-0.009298764169216156,-0.009298764169216156,6.949043229771669,16.87018669923762,3.4175968810769213
