,Unnamed: 0,left_eyebrow_18x,left_eyebrow_18y,left_eyebrow_20x,left_eyebrow_20y,left_eyebrow_22x,left_eyebrow_22y,right_eyebrow_23x,right_eyebrow_23y,right_eyebrow_25x,right_eyebrow_25y,right_eyebrow_27x,right_eyebrow_27y,left_eye38_x,left_eye38_y,right_eye45_x,right_eye45_y,left_lip49_x,left_lip49_y,lip_center_upper52_x,lip_center_upper52_y,right_lip55_x,right_lip55_y,lip_center_lower58_x,lip_center_lower58_y,trans_x,trans_y,trans_z,rot_x,rot_y,rot_z
0,0,-1.110260009765625,1.61669921875,10.797912597656264,24.039016723632812,26.939962387084957,14.190582275390597,24.876663208007827,10.5177001953125,2.3130798339843466,-0.2450714111328125,-20.279525756835938,-25.38752746582034,-2.575439453125,-6.869827270507784,-19.105323791503892,-12.912673950195312,-21.18418121337892,-19.208677291870117,20.36844348907471,18.754215240478516,-11.554420471191406,19.269638061523438,13.418572902679445,10.561660766601562,-0.025912890123436227,-0.0016546063125133514,-0.0016546063125133514,10.89671805904898,-36.0781315011267,0.5499858387289227
