,Unnamed: 0,left_eyebrow_18x,left_eyebrow_18y,left_eyebrow_20x,left_eyebrow_20y,left_eyebrow_22x,left_eyebrow_22y,right_eyebrow_23x,right_eyebrow_23y,right_eyebrow_25x,right_eyebrow_25y,right_eyebrow_27x,right_eyebrow_27y,left_eye38_x,left_eye38_y,right_eye45_x,right_eye45_y,left_lip49_x,left_lip49_y,lip_center_upper52_x,lip_center_upper52_y,right_lip55_x,right_lip55_y,lip_center_lower58_x,lip_center_lower58_y,trans_x,trans_y,trans_z,rot_x,rot_y,rot_z
0,0,-4.775787353515625,7.6527862548828125,6.2756500244140625,15.35575866699213,21.415332794189453,9.822799682617159,4.4573974609375,10.590026855468722,-1.3001556396484375,7.0569305419921875,-4.426025390625,-9.086990356445312,-5.577545166015625,-6.616394042968722,-6.4983673095703125,-8.52667236328125,-1.7055511474609233,-18.966773986816406,14.256774663925171,-8.913703918457031,-18.778114318847656,11.029655456542955,10.921067655086517,14.954460144042983,0.03381625353358685,0.02954719401896,0.02954719401896,3.592964217561914,-31.06815903373131,-0.8655972894085955
