,Unnamed: 0,left_eyebrow_18x,left_eyebrow_18y,left_eyebrow_20x,left_eyebrow_20y,left_eyebrow_22x,left_eyebrow_22y,right_eyebrow_23x,right_eyebrow_23y,right_eyebrow_25x,right_eyebrow_25y,right_eyebrow_27x,right_eyebrow_27y,left_eye38_x,left_eye38_y,right_eye45_x,right_eye45_y,left_lip49_x,left_lip49_y,lip_center_upper52_x,lip_center_upper52_y,right_lip55_x,right_lip55_y,lip_center_lower58_x,lip_center_lower58_y,trans_x,trans_y,trans_z,rot_x,rot_y,rot_z
0,0,-0.1200408935546875,-5.015151977539091,5.150222778320284,0.09689331054684658,8.914579391479492,11.085494995117188,-10.387393951416016,9.775817871093722,-4.302398681640653,-0.18176269531247158,3.2681427001953125,-4.7696533203125,-3.3576126098632812,3.3226165771484375,1.764923095703125,3.359375,-1.256622314453125,-10.866744995117188,1.2993528842926025,-3.6926994323730398,-1.6268081665039062,-14.760780334472656,1.45625501871109,33.798736572265625,-0.00040911324322223663,-0.003727395087480538,-0.003727395087480538,4.485825372592261,-0.8839047848168144,-1.535463290274805
