,Unnamed: 0,left_eyebrow_18x,left_eyebrow_18y,left_eyebrow_20x,left_eyebrow_20y,left_eyebrow_22x,left_eyebrow_22y,right_eyebrow_23x,right_eyebrow_23y,right_eyebrow_25x,right_eyebrow_25y,right_eyebrow_27x,right_eyebrow_27y,left_eye38_x,left_eye38_y,right_eye45_x,right_eye45_y,left_lip49_x,left_lip49_y,lip_center_upper52_x,lip_center_upper52_y,right_lip55_x,right_lip55_y,lip_center_lower58_x,lip_center_lower58_y,trans_x,trans_y,trans_z,rot_x,rot_y,rot_z
0,0,-3.0683746337890625,-5.9585723876953125,2.424331665039091,2.2909851074219034,-1.6049880981445241,12.3525390625,0.8909797668457031,4.519485473632841,2.229919433593764,-5.3506927490234375,1.280776977539091,-4.8270111083984375,6.16357421875,-5.987319946289091,-0.9470138549804688,-7.532958984375,2.18841552734375,-16.47389602661132,0.26804709434509233,-2.7634391784667898,-0.8927154541015625,-13.564460754394531,-0.8815232515335085,22.784271240234375,-0.005078018497442826,0.0012382455170154502,0.0012382455170154502,5.763031832619692,3.5093693016114473,0.7009471325554202
