,Unnamed: 0,left_eyebrow_18x,left_eyebrow_18y,left_eyebrow_20x,left_eyebrow_20y,left_eyebrow_22x,left_eyebrow_22y,right_eyebrow_23x,right_eyebrow_23y,right_eyebrow_25x,right_eyebrow_25y,right_eyebrow_27x,right_eyebrow_27y,left_eye38_x,left_eye38_y,right_eye45_x,right_eye45_y,left_lip49_x,left_lip49_y,lip_center_upper52_x,lip_center_upper52_y,right_lip55_x,right_lip55_y,lip_center_lower58_x,lip_center_lower58_y,trans_x,trans_y,trans_z,rot_x,rot_y,rot_z
0,0,-2.007171630859375,-10.270401000976591,1.7744598388671875,10.366287231445312,-0.9790611267089844,18.81781005859375,1.3543357849121165,13.108734130859375,-2.55450439453125,5.846588134765597,0.2879486083984375,-10.303497314453125,-0.22389221191403408,-6.231658935546847,1.88653564453125,-5.8996429443359375,6.840766906738281,-8.128082275390625,0.5098991394042969,-9.32452011108398,-1.7227401733398438,-3.7849807739257812,-1.726548433303833,29.2283935546875,-0.0017169606871902947,0.0020199529826641013,0.0020199529826641013,9.14169977690934,0.6851246986363879,-0.9352722706102313
