,Unnamed: 0,left_eyebrow_18x,left_eyebrow_18y,left_eyebrow_20x,left_eyebrow_20y,left_eyebrow_22x,left_eyebrow_22y,right_eyebrow_23x,right_eyebrow_23y,right_eyebrow_25x,right_eyebrow_25y,right_eyebrow_27x,right_eyebrow_27y,left_eye38_x,left_eye38_y,right_eye45_x,right_eye45_y,left_lip49_x,left_lip49_y,lip_center_upper52_x,lip_center_upper52_y,right_lip55_x,right_lip55_y,lip_center_lower58_x,lip_center_lower58_y,trans_x,trans_y,trans_z,rot_x,rot_y,rot_z
0,0,-9.648971557617188,-3.4616394042969034,15.93627166748044,14.297454833984375,39.58929562568665,29.89215087890625,10.6678695678711,24.188919067382812,-13.047988891601562,2.6488800048828125,-29.93524169921875,-38.59576416015625,-6.380035400390625,-4.3571624755859375,-13.562110900878906,-8.126495361328125,-11.71978759765625,-14.126510620117195,28.96411058306694,7.922109603881832,-41.38453674316406,24.50548553466797,9.46784830093384,6.004325866699219,-0.02872693119570613,-0.007402278482913971,-0.007402278482913971,10.864774289595433,-45.46737241486389,-4.727117324922848
