,Unnamed: 0,left_eyebrow_18x,left_eyebrow_18y,left_eyebrow_20x,left_eyebrow_20y,left_eyebrow_22x,left_eyebrow_22y,right_eyebrow_23x,right_eyebrow_23y,right_eyebrow_25x,right_eyebrow_25y,right_eyebrow_27x,right_eyebrow_27y,left_eye38_x,left_eye38_y,right_eye45_x,right_eye45_y,left_lip49_x,left_lip49_y,lip_center_upper52_x,lip_center_upper52_y,right_lip55_x,right_lip55_y,lip_center_lower58_x,lip_center_lower58_y,trans_x,trans_y,trans_z,rot_x,rot_y,rot_z
0,0,-4.1718597412109375,0.012008666992159078,12.285888671875,18.363067626953153,19.05476188659668,17.920181274414062,3.564697265625,10.125579833984403,0.8605041503905966,0.9507293701171875,-3.6134490966796875,-12.670104980468778,-9.070907592773423,-2.085678100585909,-0.28890228271482954,-3.393356323242216,3.6661529541015625,-7.909057617187486,16.22764754295349,-6.985431671142582,-13.617256164550781,12.287910461425781,12.192411720752716,17.862800598144545,0.037499297875911,0.027388989925384518,0.027388989925384518,5.453239897346045,-28.666621179173674,0.6795129795448076
