,Unnamed: 0,left_eyebrow_18x,left_eyebrow_18y,left_eyebrow_20x,left_eyebrow_20y,left_eyebrow_22x,left_eyebrow_22y,right_eyebrow_23x,right_eyebrow_23y,right_eyebrow_25x,right_eyebrow_25y,right_eyebrow_27x,right_eyebrow_27y,left_eye38_x,left_eye38_y,right_eye45_x,right_eye45_y,left_lip49_x,left_lip49_y,lip_center_upper52_x,lip_center_upper52_y,right_lip55_x,right_lip55_y,lip_center_lower58_x,lip_center_lower58_y,trans_x,trans_y,trans_z,rot_x,rot_y,rot_z
0,0,-9.721221923828125,18.058639526367216,12.761642456054702,1.5292053222656534,47.29712104797363,-4.06390380859375,37.27225112915039,-5.2118682861328125,-3.4433975219726562,-9.037490844726562,-49.42538452148435,-27.814498901367188,1.251007080078125,-0.2384490966796875,-18.922752380371094,-2.701980590820341,-25.39580535888672,-16.644025802612305,26.730441570281982,0.036811828613274145,-27.89995574951172,19.2826690673828,9.678057312965393,6.2472686767578125,-0.007641242118552327,0.01964642107486725,0.01964642107486725,-2.3637961126120226,-47.952852525067044,-4.577150501930097
