,Unnamed: 0,left_eyebrow_18x,left_eyebrow_18y,left_eyebrow_20x,left_eyebrow_20y,left_eyebrow_22x,left_eyebrow_22y,right_eyebrow_23x,right_eyebrow_23y,right_eyebrow_25x,right_eyebrow_25y,right_eyebrow_27x,right_eyebrow_27y,left_eye38_x,left_eye38_y,right_eye45_x,right_eye45_y,left_lip49_x,left_lip49_y,lip_center_upper52_x,lip_center_upper52_y,right_lip55_x,right_lip55_y,lip_center_lower58_x,lip_center_lower58_y,trans_x,trans_y,trans_z,rot_x,rot_y,rot_z
0,0,-2.7506561279296875,-6.0869140625,7.0931472778320455,14.457046508789062,12.074758529663086,19.690444946289062,8.92684173583985,16.10015869140625,2.4556427001953125,1.0455322265624716,-4.0278778076171875,-15.790939331054688,-4.850379943847642,-6.1861572265625,-4.0937042236328125,-10.410110473632812,-0.6849288940429688,-16.61977767944336,9.300508499145508,-7.610565185546875,-5.212791442871094,5.257076263427734,5.1593804359436035,29.869674682617188,-0.010583003982901571,-0.0002977140247821877,-0.0002977140247821877,7.082931325395448,-20.55552382541353,-0.7876935755214205
