,Unnamed: 0,left_eyebrow_18x,left_eyebrow_18y,left_eyebrow_20x,left_eyebrow_20y,left_eyebrow_22x,left_eyebrow_22y,right_eyebrow_23x,right_eyebrow_23y,right_eyebrow_25x,right_eyebrow_25y,right_eyebrow_27x,right_eyebrow_27y,left_eye38_x,left_eye38_y,right_eye45_x,right_eye45_y,left_lip49_x,left_lip49_y,lip_center_upper52_x,lip_center_upper52_y,right_lip55_x,right_lip55_y,lip_center_lower58_x,lip_center_lower58_y,trans_x,trans_y,trans_z,rot_x,rot_y,rot_z
0,0,-1.4489593505859375,6.306488037109375,-0.22132873535159092,0.5866851806640341,3.607257843017578,2.4434509277343466,-3.2316360473632812,4.048904418945284,-0.4870147705078125,-0.03309631347659092,0.95465087890625,5.125244140624972,0.48575592041015625,-3.6543426513671875,-0.06547546386717329,-4.965988159179631,-0.9207687377929688,-3.8683242797851562,0.25079225935041904,-15.388484954833991,-4.6482391357421875,-2.679637908935547,1.8162404969334602,11.637847900390625,0.005019396543502807,0.004884205758571618,0.004884205758571618,0.07505328358785501,-3.1148684589588416,1.32032638900779
