,Unnamed: 0,left_eyebrow_18x,left_eyebrow_18y,left_eyebrow_20x,left_eyebrow_20y,left_eyebrow_22x,left_eyebrow_22y,right_eyebrow_23x,right_eyebrow_23y,right_eyebrow_25x,right_eyebrow_25y,right_eyebrow_27x,right_eyebrow_27y,left_eye38_x,left_eye38_y,right_eye45_x,right_eye45_y,left_lip49_x,left_lip49_y,lip_center_upper52_x,lip_center_upper52_y,right_lip55_x,right_lip55_y,lip_center_lower58_x,lip_center_lower58_y,trans_x,trans_y,trans_z,rot_x,rot_y,rot_z
0,0,-4.062759399414034,-4.228485107421875,4.474472045898409,16.628250122070312,12.908023834228523,26.65840148925784,3.6441001892089915,22.74542236328125,-2.304840087890625,6.394409179687528,0.4188385009765909,-17.661605834960966,-10.544601440429673,-3.8190917968750284,-7.3384857177734375,-5.730804443359375,2.6173629760742188,-12.822742462158203,14.235198229551315,-4.542457580566406,-24.769996643066406,6.547061920166016,6.891703128814697,25.022171020507812,0.0045545208267867565,-0.008889243006706238,-0.008889243006706238,13.642425198991075,-32.33731273545952,-0.5773277520184852
