,Unnamed: 0,left_eyebrow_18x,left_eyebrow_18y,left_eyebrow_20x,left_eyebrow_20y,left_eyebrow_22x,left_eyebrow_22y,right_eyebrow_23x,right_eyebrow_23y,right_eyebrow_25x,right_eyebrow_25y,right_eyebrow_27x,right_eyebrow_27y,left_eye38_x,left_eye38_y,right_eye45_x,right_eye45_y,left_lip49_x,left_lip49_y,lip_center_upper52_x,lip_center_upper52_y,right_lip55_x,right_lip55_y,lip_center_lower58_x,lip_center_lower58_y,trans_x,trans_y,trans_z,rot_x,rot_y,rot_z
0,0,-1.889404296875,1.9802551269530966,12.561508178710909,5.029296875,30.69185972213745,14.90460205078125,-0.2678794860839915,12.484588623046875,1.2925720214843466,-7.499801635742131,-1.938156127929659,-17.0810546875,-8.21408843994142,3.743377685546875,-7.121208190917969,1.4424133300781534,-11.447044372558594,-26.10553741455078,10.956024408340454,2.0601959228515625,-25.16539764404297,-3.878143310546875,5.914713025093079,31.41278076171875,-0.015987665858119726,-0.007210630923509598,-0.007210630923509598,4.604232548870424,-19.911933539425345,-1.876134271564465
