,Unnamed: 0,left_eyebrow_18x,left_eyebrow_18y,left_eyebrow_20x,left_eyebrow_20y,left_eyebrow_22x,left_eyebrow_22y,right_eyebrow_23x,right_eyebrow_23y,right_eyebrow_25x,right_eyebrow_25y,right_eyebrow_27x,right_eyebrow_27y,left_eye38_x,left_eye38_y,right_eye45_x,right_eye45_y,left_lip49_x,left_lip49_y,lip_center_upper52_x,lip_center_upper52_y,right_lip55_x,right_lip55_y,lip_center_lower58_x,lip_center_lower58_y,trans_x,trans_y,trans_z,rot_x,rot_y,rot_z
0,0,-9.341140747070312,2.4126434326171875,-0.4961090087890625,8.291244506835938,2.1491470336914062,10.0794677734375,1.2981834411621023,9.350234985351562,1.9811096191405966,7.945526123046903,1.629501342773466,0.6929168701171591,3.78082275390625,-2.1360778808594034,-0.290374755859375,-2.6878662109375284,13.733268737792969,-5.533149719238281,-1.1270540803670883,-8.903190612792969,-4.431419372558594,0.8902359008789062,-3.799629300832749,-2.289886474609375,-0.0005396592314355075,-0.006197381764650352,-0.006197381764650352,3.318347949420204,0.4223599036521284,0.2376898263717575
