,Unnamed: 0,left_eyebrow_18x,left_eyebrow_18y,left_eyebrow_20x,left_eyebrow_20y,left_eyebrow_22x,left_eyebrow_22y,right_eyebrow_23x,right_eyebrow_23y,right_eyebrow_25x,right_eyebrow_25y,right_eyebrow_27x,right_eyebrow_27y,left_eye38_x,left_eye38_y,right_eye45_x,right_eye45_y,left_lip49_x,left_lip49_y,lip_center_upper52_x,lip_center_upper52_y,right_lip55_x,right_lip55_y,lip_center_lower58_x,lip_center_lower58_y,trans_x,trans_y,trans_z,rot_x,rot_y,rot_z
0,0,-3.113677978515625,-8.044387817382841,25.55902099609375,19.971435546874943,47.1161391735077,29.981155395507784,8.67837142944336,29.32696533203128,-6.546539306640625,2.0146484375,-22.26275634765622,-42.05180358886719,-1.711769104003892,-14.098876953125,-14.15936279296875,-18.198211669921847,-14.6768798828125,-22.460750579833984,20.434773921966553,25.44316864013672,-18.718276977539062,6.773334503173821,17.375494956970215,13.991188049316406,-0.03033669106662274,-0.0023788586258888383,-0.0023788586258888383,7.714659362166287,-37.45450617861003,-3.510787666474713
