,Unnamed: 0,left_eyebrow_18x,left_eyebrow_18y,left_eyebrow_20x,left_eyebrow_20y,left_eyebrow_22x,left_eyebrow_22y,right_eyebrow_23x,right_eyebrow_23y,right_eyebrow_25x,right_eyebrow_25y,right_eyebrow_27x,right_eyebrow_27y,left_eye38_x,left_eye38_y,right_eye45_x,right_eye45_y,left_lip49_x,left_lip49_y,lip_center_upper52_x,lip_center_upper52_y,right_lip55_x,right_lip55_y,lip_center_lower58_x,lip_center_lower58_y,trans_x,trans_y,trans_z,rot_x,rot_y,rot_z
0,0,-9.220443725585909,10.479171752929716,10.636352539062528,11.994857788085909,36.431825757026665,13.138000488281278,7.453952789306641,14.479385375976562,-5.71533203125,0.9209289550781534,-15.270751953125,-22.845626831054688,-1.7985153198242188,-3.157623291015625,-17.872222900390625,-3.428115844726591,-14.7108154296875,-26.006855010986328,26.248578786849976,5.647594451904297,-34.26515579223633,6.876296997070298,13.874072790145874,32.28511047363281,-0.013803761452436447,-0.008591871708631509,-0.008591871708631509,0.8756103143629734,-42.51537911887278,-1.6922753955248513
