,Unnamed: 0,left_eyebrow_18x,left_eyebrow_18y,left_eyebrow_20x,left_eyebrow_20y,left_eyebrow_22x,left_eyebrow_22y,right_eyebrow_23x,right_eyebrow_23y,right_eyebrow_25x,right_eyebrow_25y,right_eyebrow_27x,right_eyebrow_27y,left_eye38_x,left_eye38_y,right_eye45_x,right_eye45_y,left_lip49_x,left_lip49_y,lip_center_upper52_x,lip_center_upper52_y,right_lip55_x,right_lip55_y,lip_center_lower58_x,lip_center_lower58_y,trans_x,trans_y,trans_z,rot_x,rot_y,rot_z
0,0,-2.8605041503906534,8.971160888671875,-2.6852111816406534,1.2171325683594034,4.948795318603519,2.07611083984375,-7.627655029296875,-3.3859863281249716,-1.4165954589843466,0.64288330078125,0.7892913818359375,10.196548461914062,-2.5033340454101562,-1.3444519042969034,4.237556457519517,0.1343994140625,5.391647338867173,-1.8408203125,-1.8540440797805786,-5.898571014404304,-2.8841781616210938,-3.520355224609382,-1.523862361907959,5.391563415527344,-0.005444678186904639,0.006392829120159149,0.006392829120159149,-2.668541663278999,3.893737230793989,-1.0313584925192552
