,Unnamed: 0,left_eyebrow_18x,left_eyebrow_18y,left_eyebrow_20x,left_eyebrow_20y,left_eyebrow_22x,left_eyebrow_22y,right_eyebrow_23x,right_eyebrow_23y,right_eyebrow_25x,right_eyebrow_25y,right_eyebrow_27x,right_eyebrow_27y,left_eye38_x,left_eye38_y,right_eye45_x,right_eye45_y,left_lip49_x,left_lip49_y,lip_center_upper52_x,lip_center_upper52_y,right_lip55_x,right_lip55_y,lip_center_lower58_x,lip_center_lower58_y,trans_x,trans_y,trans_z,rot_x,rot_y,rot_z
0,0,1.2816772460937784,13.674423217773438,6.8194122314453125,11.251617431640625,33.0683298110962,2.13507080078125,18.615936279296882,8.281326293945312,6.655181884765625,3.5342864990234375,-19.974624633789062,-17.288192749023438,-14.38800048828125,6.510116577148494,-11.714820861816406,2.4443359375,-15.001083374023452,-33.715129852294936,27.430973291397095,12.775508880615234,-23.312313079833984,10.01055908203125,20.130890369415283,19.9268798828125,-0.004487115889787674,-0.014004174619913101,-0.014004174619913101,1.1738642806511863,-52.0383251311071,-3.3912660831803105
