,Unnamed: 0,left_eyebrow_18x,left_eyebrow_18y,left_eyebrow_20x,left_eyebrow_20y,left_eyebrow_22x,left_eyebrow_22y,right_eyebrow_23x,right_eyebrow_23y,right_eyebrow_25x,right_eyebrow_25y,right_eyebrow_27x,right_eyebrow_27y,left_eye38_x,left_eye38_y,right_eye45_x,right_eye45_y,left_lip49_x,left_lip49_y,lip_center_upper52_x,lip_center_upper52_y,right_lip55_x,right_lip55_y,lip_center_lower58_x,lip_center_lower58_y,trans_x,trans_y,trans_z,rot_x,rot_y,rot_z
0,0,-0.034759521484375,5.433944702148466,7.6839370727539205,20.8836669921875,23.115429878234863,5.028839111328125,11.005352020263665,3.845123291015625,-4.866256713867216,-5.2663116455078125,-14.958511352539034,-16.67932128906253,-9.877624511718736,3.179641723632784,-4.720832824707031,-0.6327362060546875,-7.2999114990234375,-23.11148834228515,14.13265299797058,-10.94845199584961,-9.545860290527344,7.5577545166015625,11.082566425204277,16.237548828125,0.004511058330535889,-0.02057177573442459,-0.02057177573442459,3.820611498313642,-28.720609798406734,0.3912534153974558
