,Unnamed: 0,left_eyebrow_18x,left_eyebrow_18y,left_eyebrow_20x,left_eyebrow_20y,left_eyebrow_22x,left_eyebrow_22y,right_eyebrow_23x,right_eyebrow_23y,right_eyebrow_25x,right_eyebrow_25y,right_eyebrow_27x,right_eyebrow_27y,left_eye38_x,left_eye38_y,right_eye45_x,right_eye45_y,left_lip49_x,left_lip49_y,lip_center_upper52_x,lip_center_upper52_y,right_lip55_x,right_lip55_y,lip_center_lower58_x,lip_center_lower58_y,trans_x,trans_y,trans_z,rot_x,rot_y,rot_z
0,0,-4.524963378906222,5.0047607421875,2.273284912109389,13.380035400390653,4.489109039306641,10.622848510742188,-4.387641906738281,9.591949462890625,-4.245880126953125,13.811141967773438,0.14347839355471592,3.0676727294921875,-1.2904968261718608,-4.250305175781278,4.578865051269517,-6.026641845703125,13.355537414550767,-6.31169128417968,-1.7354663275182247,-14.344596862792969,-9.007492065429688,-1.5651397705078196,-5.008342623710632,14.303756713867188,-0.001743042608723044,-0.004772499203681946,-0.004772499203681946,-0.061738901104756216,1.949459028132917,-0.6231680277241622
