,Unnamed: 0,left_eyebrow_18x,left_eyebrow_18y,left_eyebrow_20x,left_eyebrow_20y,left_eyebrow_22x,left_eyebrow_22y,right_eyebrow_23x,right_eyebrow_23y,right_eyebrow_25x,right_eyebrow_25y,right_eyebrow_27x,right_eyebrow_27y,left_eye38_x,left_eye38_y,right_eye45_x,right_eye45_y,left_lip49_x,left_lip49_y,lip_center_upper52_x,lip_center_upper52_y,right_lip55_x,right_lip55_y,lip_center_lower58_x,lip_center_lower58_y,trans_x,trans_y,trans_z,rot_x,rot_y,rot_z
0,0,-5.7655792236328125,-4.2732086181640625,15.743072509765625,20.436538696289034,29.129514694213874,25.102706909179688,-5.02320480346679,20.31298828125,-8.506637573242188,10.303466796874972,-5.451263427734347,-19.50630187988284,-2.911956787109361,-14.073516845703125,-2.59686279296875,-15.566345214843722,6.1277313232421875,-11.611682891845703,4.986367702484131,14.307147979736328,-15.479278564453125,17.738094329833977,3.8811254501342773,8.617057800292969,0.003300332027720288,0.12931814789772034,0.12931814789772034,9.034847874338574,-28.824350969972826,179.25395792423262
