,Unnamed: 0,left_eyebrow_18x,left_eyebrow_18y,left_eyebrow_20x,left_eyebrow_20y,left_eyebrow_22x,left_eyebrow_22y,right_eyebrow_23x,right_eyebrow_23y,right_eyebrow_25x,right_eyebrow_25y,right_eyebrow_27x,right_eyebrow_27y,left_eye38_x,left_eye38_y,right_eye45_x,right_eye45_y,left_lip49_x,left_lip49_y,lip_center_upper52_x,lip_center_upper52_y,right_lip55_x,right_lip55_y,lip_center_lower58_x,lip_center_lower58_y,trans_x,trans_y,trans_z,rot_x,rot_y,rot_z
0,0,-7.896438598632784,-7.6056365966796875,20.001464843750014,23.77751159667963,32.7812442779541,31.525848388671875,9.178470611572266,25.467636108398494,-0.443359375,17.70640563964838,-11.325592041015625,-32.82945251464844,-1.212394714355483,-2.4312744140625,-11.805473327636719,-9.634140014648438,-14.902694702148438,-22.948423385620124,14.334183216094972,15.95449447631836,-14.762657165527344,16.246517181396484,11.504317283630371,13.819053649902344,-0.03096821904182434,0.009283017367124557,0.009283017367124557,11.523411482528344,-30.70043287987217,-0.9340464242866435
