,Unnamed: 0,left_eyebrow_18x,left_eyebrow_18y,left_eyebrow_20x,left_eyebrow_20y,left_eyebrow_22x,left_eyebrow_22y,right_eyebrow_23x,right_eyebrow_23y,right_eyebrow_25x,right_eyebrow_25y,right_eyebrow_27x,right_eyebrow_27y,left_eye38_x,left_eye38_y,right_eye45_x,right_eye45_y,left_lip49_x,left_lip49_y,lip_center_upper52_x,lip_center_upper52_y,right_lip55_x,right_lip55_y,lip_center_lower58_x,lip_center_lower58_y,trans_x,trans_y,trans_z,rot_x,rot_y,rot_z
0,0,-11.149108886718722,13.979385375976562,10.88742065429686,19.864242553710966,40.48321223258972,11.769790649414062,16.937789916992188,12.65533447265625,0.33129119873046875,7.953277587890625,-25.81175231933591,-19.329299926757812,-2.925422668457017,0.5315856933593466,-12.199630737304702,-5.7706451416015625,1.5838317871093608,-21.31280517578125,26.906994257122278,0.18454360961914773,-39.911407470703125,10.866706848144524,15.836346983909607,18.65465545654297,-0.021598276449367404,-0.0024410858750343323,-0.0024410858750343323,-3.7559058077832557,-42.75109254176703,-5.378654741486045
