,Unnamed: 0,left_eyebrow_18x,left_eyebrow_18y,left_eyebrow_20x,left_eyebrow_20y,left_eyebrow_22x,left_eyebrow_22y,right_eyebrow_23x,right_eyebrow_23y,right_eyebrow_25x,right_eyebrow_25y,right_eyebrow_27x,right_eyebrow_27y,left_eye38_x,left_eye38_y,right_eye45_x,right_eye45_y,left_lip49_x,left_lip49_y,lip_center_upper52_x,lip_center_upper52_y,right_lip55_x,right_lip55_y,lip_center_lower58_x,lip_center_lower58_y,trans_x,trans_y,trans_z,rot_x,rot_y,rot_z
0,0,-1.383834838867159,4.8791046142578125,6.609497070312528,5.512405395507784,10.107866287231438,9.399826049804688,-8.352087020874023,10.311660766601562,-5.213768005371108,2.6029205322265625,4.0922088623046875,4.5030670166015625,-1.765373229980483,-6.901077270507841,-0.7446517944335938,-5.01953125,1.3395690917968608,-6.784927368164055,0.4580149650573726,-6.309259414672848,-0.7462310791015625,-8.407070159912116,6.400949001312256,31.85849761962892,0.00862314784899354,-0.014653354883193977,-0.014653354883193977,3.900338497157858,-6.468208798301034,1.3211502775840387
