,Unnamed: 0,left_eyebrow_18x,left_eyebrow_18y,left_eyebrow_20x,left_eyebrow_20y,left_eyebrow_22x,left_eyebrow_22y,right_eyebrow_23x,right_eyebrow_23y,right_eyebrow_25x,right_eyebrow_25y,right_eyebrow_27x,right_eyebrow_27y,left_eye38_x,left_eye38_y,right_eye45_x,right_eye45_y,left_lip49_x,left_lip49_y,lip_center_upper52_x,lip_center_upper52_y,right_lip55_x,right_lip55_y,lip_center_lower58_x,lip_center_lower58_y,trans_x,trans_y,trans_z,rot_x,rot_y,rot_z
0,0,-4.5699005126953125,-0.7360992431640341,14.579315185546875,24.366561889648438,34.61503028869629,19.289413452148438,23.588191986083977,12.071807861328153,-7.083152770996122,1.692962646484375,-26.067703247070284,-35.54718017578125,-7.282264709472656,4.652893066406222,-16.680862426757812,1.5348205566405966,-9.715049743652358,-26.626377105712894,26.654757261276245,-1.1533241271972656,-26.881317138671875,6.795131683349609,18.568308994174004,18.373558044433594,-0.016476059332489967,-0.007567398250102997,-0.007567398250102997,12.641311602659343,-37.20197682999363,-5.285929619560397
