,Unnamed: 0,left_eyebrow_18x,left_eyebrow_18y,left_eyebrow_20x,left_eyebrow_20y,left_eyebrow_22x,left_eyebrow_22y,right_eyebrow_23x,right_eyebrow_23y,right_eyebrow_25x,right_eyebrow_25y,right_eyebrow_27x,right_eyebrow_27y,left_eye38_x,left_eye38_y,right_eye45_x,right_eye45_y,left_lip49_x,left_lip49_y,lip_center_upper52_x,lip_center_upper52_y,right_lip55_x,right_lip55_y,lip_center_lower58_x,lip_center_lower58_y,trans_x,trans_y,trans_z,rot_x,rot_y,rot_z
0,0,1.751556396484375,1.6197509765625284,5.1133270263671875,6.685516357421847,9.316146850585938,4.854888916015625,-3.4867515563964844,7.3472900390625,-3.907424926757784,7.170074462890597,-1.5340118408203125,-2.023208618164091,-4.425628662109375,-6.862136840820341,1.286712646484375,-5.33209228515625,-1.2610397338867188,-4.432285308837905,0.0013496726751327237,15.772201538085938,3.7990188598632812,-0.8450241088867188,1.4180377125740053,-2.5685501098632812,-0.0019654774805530906,0.001904703676700592,0.001904703676700592,5.580489865570544,-0.7387005872119838,-1.241952597984365
