,Unnamed: 0,left_eyebrow_18x,left_eyebrow_18y,left_eyebrow_20x,left_eyebrow_20y,left_eyebrow_22x,left_eyebrow_22y,right_eyebrow_23x,right_eyebrow_23y,right_eyebrow_25x,right_eyebrow_25y,right_eyebrow_27x,right_eyebrow_27y,left_eye38_x,left_eye38_y,right_eye45_x,right_eye45_y,left_lip49_x,left_lip49_y,lip_center_upper52_x,lip_center_upper52_y,right_lip55_x,right_lip55_y,lip_center_lower58_x,lip_center_lower58_y,trans_x,trans_y,trans_z,rot_x,rot_y,rot_z
0,0,-6.415802001953153,0.6976470947265341,13.370124816894503,18.25372314453128,34.75934563577175,10.0955810546875,20.853660583496094,4.6024627685546875,-1.6829528808593466,-2.87225341796875,-31.524002075195312,-29.37445068359378,-7.313987731933594,10.194686889648438,-15.53280639648439,7.3152313232421875,-12.072807312011719,-26.16118621826172,23.950776696205136,3.5959129333496094,-28.87789535522461,18.357646942138672,14.467632532119751,20.42281341552733,-0.02098729246063158,0.018645785748958588,0.018645785748958588,0.4228919047407462,-41.080995714326065,-2.7571520318900733
