,Unnamed: 0,left_eyebrow_18x,left_eyebrow_18y,left_eyebrow_20x,left_eyebrow_20y,left_eyebrow_22x,left_eyebrow_22y,right_eyebrow_23x,right_eyebrow_23y,right_eyebrow_25x,right_eyebrow_25y,right_eyebrow_27x,right_eyebrow_27y,left_eye38_x,left_eye38_y,right_eye45_x,right_eye45_y,left_lip49_x,left_lip49_y,lip_center_upper52_x,lip_center_upper52_y,right_lip55_x,right_lip55_y,lip_center_lower58_x,lip_center_lower58_y,trans_x,trans_y,trans_z,rot_x,rot_y,rot_z
0,0,-3.88525390625,4.119720458984347,12.338066101074219,18.817306518554688,29.086012840270996,11.396575927734375,-4.367053985595703,12.540893554687472,-5.630661010742216,7.3911895751953125,-7.7115325927734375,-13.525039672851562,-6.985679626464844,-5.5201568603515625,-2.3909683227539062,-7.5672607421875,-4.583984375,-13.136238098144531,10.15523874759674,0.5613594055175781,-10.66656494140625,14.785503387451165,7.014260172843931,13.399330139160156,-0.005330871557816863,-0.004422701895236969,-0.004422701895236969,4.3551087169503635,-18.795714213797986,1.021385648139769
