,Unnamed: 0,left_eyebrow_18x,left_eyebrow_18y,left_eyebrow_20x,left_eyebrow_20y,left_eyebrow_22x,left_eyebrow_22y,right_eyebrow_23x,right_eyebrow_23y,right_eyebrow_25x,right_eyebrow_25y,right_eyebrow_27x,right_eyebrow_27y,left_eye38_x,left_eye38_y,right_eye45_x,right_eye45_y,left_lip49_x,left_lip49_y,lip_center_upper52_x,lip_center_upper52_y,right_lip55_x,right_lip55_y,lip_center_lower58_x,lip_center_lower58_y,trans_x,trans_y,trans_z,rot_x,rot_y,rot_z
0,0,-1.7791137695312784,3.7148590087890625,8.200157165527344,21.58290100097659,13.58056259155273,19.5374755859375,1.6232261657714844,17.695755004882812,-8.297454833984375,13.863418579101562,-5.99664306640625,-7.154327392578125,-3.9291152954101705,-9.614990234375,-0.4841918945312642,-11.193679809570312,1.4534454345703125,-8.958770751953125,4.927773475646973,6.807415008544929,-5.9262161254882955,7.974704742431641,3.100743293762207,10.90457916259767,-0.007649873150512576,-0.03729782998561859,-0.03729782998561859,6.339239133641131,-10.946279236513424,-3.747435231346061
