,Unnamed: 0,left_eyebrow_18x,left_eyebrow_18y,left_eyebrow_20x,left_eyebrow_20y,left_eyebrow_22x,left_eyebrow_22y,right_eyebrow_23x,right_eyebrow_23y,right_eyebrow_25x,right_eyebrow_25y,right_eyebrow_27x,right_eyebrow_27y,left_eye38_x,left_eye38_y,right_eye45_x,right_eye45_y,left_lip49_x,left_lip49_y,lip_center_upper52_x,lip_center_upper52_y,right_lip55_x,right_lip55_y,lip_center_lower58_x,lip_center_lower58_y,trans_x,trans_y,trans_z,rot_x,rot_y,rot_z
0,0,-4.004516601562472,6.1549530029296875,4.022605895996094,8.37347412109375,11.658655166625977,0.5726776123046875,13.790756225585945,4.1327972412109375,1.6866607666015625,0.09768676757809658,-11.814834594726562,-12.109298706054659,-6.9480133056640625,0.352874755859375,-4.438018798828111,2.1123046875,1.1555252075195312,-8.483306884765625,12.290140867233276,-3.145824432373054,-4.150657653808594,19.934040069580078,11.786927074193954,-3.3742218017578125,-0.008112992392852902,-0.011444874107837691,-0.011444874107837691,-7.052264243046617,-23.304605294672257,0.7361010365209024
