,Unnamed: 0,left_eyebrow_18x,left_eyebrow_18y,left_eyebrow_20x,left_eyebrow_20y,left_eyebrow_22x,left_eyebrow_22y,right_eyebrow_23x,right_eyebrow_23y,right_eyebrow_25x,right_eyebrow_25y,right_eyebrow_27x,right_eyebrow_27y,left_eye38_x,left_eye38_y,right_eye45_x,right_eye45_y,left_lip49_x,left_lip49_y,lip_center_upper52_x,lip_center_upper52_y,right_lip55_x,right_lip55_y,lip_center_lower58_x,lip_center_lower58_y,trans_x,trans_y,trans_z,rot_x,rot_y,rot_z
0,0,-6.005157470703125,2.686141967773409,4.423225402832031,12.805786132812528,11.214263916015618,16.928421020507812,-13.328914642333984,12.598480224609403,-8.226074218749972,11.689239501953153,-2.1727447509765625,-0.5523681640624716,3.4783859252929688,-1.6072235107421875,3.7137680053710938,0.13900756835940342,11.588485717773438,0.5139274597167898,2.1299316883087163,-5.59691047668457,4.9933319091796875,7.321418762207024,-0.23676228523254395,25.16408538818358,-0.013651262037456039,-0.01198934763669967,-0.01198934763669967,2.5424603882397645,15.57375799387987,0.122514682703458
