,Unnamed: 0,left_eyebrow_18x,left_eyebrow_18y,left_eyebrow_20x,left_eyebrow_20y,left_eyebrow_22x,left_eyebrow_22y,right_eyebrow_23x,right_eyebrow_23y,right_eyebrow_25x,right_eyebrow_25y,right_eyebrow_27x,right_eyebrow_27y,left_eye38_x,left_eye38_y,right_eye45_x,right_eye45_y,left_lip49_x,left_lip49_y,lip_center_upper52_x,lip_center_upper52_y,right_lip55_x,right_lip55_y,lip_center_lower58_x,lip_center_lower58_y,trans_x,trans_y,trans_z,rot_x,rot_y,rot_z
0,0,-0.4947052001953409,4.366088867187472,7.612022399902344,8.950744628906222,13.21834564208985,1.7474365234374716,5.094596862792969,1.889144897460909,-5.062759399414077,2.102020263671875,-17.51454162597659,-14.290191650390597,1.2595748901367188,-0.8506317138671875,-2.578216552734375,-1.722198486328125,-18.058364868164062,-5.582073211669922,13.234591007232666,9.282217025756829,2.3714447021484375,13.692272186279297,10.633392333984375,5.446380615234361,-0.014751470182090998,-0.0128098763525486,-0.0128098763525486,1.890422900727513,-16.26077235075769,-2.3085461318829115
