,Unnamed: 0,left_eyebrow_18x,left_eyebrow_18y,left_eyebrow_20x,left_eyebrow_20y,left_eyebrow_22x,left_eyebrow_22y,right_eyebrow_23x,right_eyebrow_23y,right_eyebrow_25x,right_eyebrow_25y,right_eyebrow_27x,right_eyebrow_27y,left_eye38_x,left_eye38_y,right_eye45_x,right_eye45_y,left_lip49_x,left_lip49_y,lip_center_upper52_x,lip_center_upper52_y,right_lip55_x,right_lip55_y,lip_center_lower58_x,lip_center_lower58_y,trans_x,trans_y,trans_z,rot_x,rot_y,rot_z
0,0,-0.2554168701171875,5.0491485595703125,-1.501296997070341,2.127426147460966,-0.6540145874023509,-3.0661010742187784,3.3912620544433594,-3.827896118164034,3.4572143554687784,2.1582489013671875,-1.4102172851562784,3.3520965576171875,-1.5600433349609375,1.6971893310546875,1.2796173095702983,1.544921875,1.7836761474609375,5.131130218505859,0.9477057456970215,-7.422237396240234,-5.8790283203125,6.816707611083977,-0.22444629669189453,-9.228263854980469,0.0006697587668895721,0.0024532079696655273,0.0024532079696655273,-3.365109359539912,-0.6231725192229689,-1.0820084040369173
