,Unnamed: 0,left_eyebrow_18x,left_eyebrow_18y,left_eyebrow_20x,left_eyebrow_20y,left_eyebrow_22x,left_eyebrow_22y,right_eyebrow_23x,right_eyebrow_23y,right_eyebrow_25x,right_eyebrow_25y,right_eyebrow_27x,right_eyebrow_27y,left_eye38_x,left_eye38_y,right_eye45_x,right_eye45_y,left_lip49_x,left_lip49_y,lip_center_upper52_x,lip_center_upper52_y,right_lip55_x,right_lip55_y,lip_center_lower58_x,lip_center_lower58_y,trans_x,trans_y,trans_z,rot_x,rot_y,rot_z
0,0,-4.03497314453125,11.6497802734375,10.222129821777358,19.573455810546903,38.8867130279541,13.837432861328125,15.887168884277344,10.406967163085966,-3.529937744140568,-0.07742309570309658,-25.219039916992216,-19.349472045898438,-10.3414306640625,4.9935302734375,-9.862495422363281,-2.292877197265625,-3.8830108642578125,-15.71290588378907,38.61668014526367,7.345151901245124,-19.37067413330078,26.92789459228515,26.47857260704041,22.152282714843736,-0.005892149172723293,0.001955002546310425,0.001955002546310425,5.268737810266874,-50.87682191339336,-3.0222999084538094
