,Unnamed: 0,left_eyebrow_18x,left_eyebrow_18y,left_eyebrow_20x,left_eyebrow_20y,left_eyebrow_22x,left_eyebrow_22y,right_eyebrow_23x,right_eyebrow_23y,right_eyebrow_25x,right_eyebrow_25y,right_eyebrow_27x,right_eyebrow_27y,left_eye38_x,left_eye38_y,right_eye45_x,right_eye45_y,left_lip49_x,left_lip49_y,lip_center_upper52_x,lip_center_upper52_y,right_lip55_x,right_lip55_y,lip_center_lower58_x,lip_center_lower58_y,trans_x,trans_y,trans_z,rot_x,rot_y,rot_z
0,0,-0.5522613525390909,10.882202148437472,15.046188354492188,21.5614013671875,32.704893589019775,6.235565185546875,24.794265747070312,10.504745483398438,-0.1048583984375,6.247894287109318,-29.6661376953125,-25.486679077148466,-8.9781494140625,2.3230438232421875,-11.4508056640625,-0.573944091796875,-21.11373138427733,-20.68354034423828,31.907678604125977,9.811321258544922,-27.561485290527344,20.027122497558594,23.687546253204346,10.180633544921875,-0.01312559936195612,-0.014375720173120499,-0.014375720173120499,-2.76738321213068,-43.627905075513404,-3.596761200954373
