,Unnamed: 0,left_eyebrow_18x,left_eyebrow_18y,left_eyebrow_20x,left_eyebrow_20y,left_eyebrow_22x,left_eyebrow_22y,right_eyebrow_23x,right_eyebrow_23y,right_eyebrow_25x,right_eyebrow_25y,right_eyebrow_27x,right_eyebrow_27y,left_eye38_x,left_eye38_y,right_eye45_x,right_eye45_y,left_lip49_x,left_lip49_y,lip_center_upper52_x,lip_center_upper52_y,right_lip55_x,right_lip55_y,lip_center_lower58_x,lip_center_lower58_y,trans_x,trans_y,trans_z,rot_x,rot_y,rot_z
0,0,-2.8737945556640625,3.1223602294921875,-0.2739105224609375,4.8481597900390625,5.604759216308594,2.7655029296875,-3.3589019775390696,3.3771667480469034,-2.170997619628892,2.0498046875,1.204818725585909,1.441741943359375,-1.7252578735351562,-4.6932373046875,-2.24810791015625,-7.768875122070284,0.24771881103515625,1.0737342834472727,1.7781406193971634,-1.10552978515625,-4.4781723022460795,4.367687225341797,0.30969464778900146,-3.5848922729492188,0.006208777544088662,7.427111268043518e-05,7.427111268043518e-05,2.0545015428420332,-4.76428240399734,0.8948617727691364
