,Unnamed: 0,left_eyebrow_18x,left_eyebrow_18y,left_eyebrow_20x,left_eyebrow_20y,left_eyebrow_22x,left_eyebrow_22y,right_eyebrow_23x,right_eyebrow_23y,right_eyebrow_25x,right_eyebrow_25y,right_eyebrow_27x,right_eyebrow_27y,left_eye38_x,left_eye38_y,right_eye45_x,right_eye45_y,left_lip49_x,left_lip49_y,lip_center_upper52_x,lip_center_upper52_y,right_lip55_x,right_lip55_y,lip_center_lower58_x,lip_center_lower58_y,trans_x,trans_y,trans_z,rot_x,rot_y,rot_z
0,0,-8.392440795898438,13.372909545898409,6.321235656738281,12.935470581054688,28.88590717315674,0.8934478759765625,23.155033111572273,6.15509033203125,9.281021118164062,-2.4637756347656534,-18.608078002929716,-17.580413818359318,-7.098449707031264,0.5699310302734375,-19.148117065429673,2.7227935791015625,-0.6226577758789062,-19.460533142089844,36.192831754684455,-4.586585998535163,-30.971755981445327,35.712162017822266,27.656390994787216,3.0535888671875,-0.029020371614024043,0.00433004647493361,0.00433004647493361,-7.901983477395749,-38.91611359892449,0.9117229093499537
