,Unnamed: 0,left_eyebrow_18x,left_eyebrow_18y,left_eyebrow_20x,left_eyebrow_20y,left_eyebrow_22x,left_eyebrow_22y,right_eyebrow_23x,right_eyebrow_23y,right_eyebrow_25x,right_eyebrow_25y,right_eyebrow_27x,right_eyebrow_27y,left_eye38_x,left_eye38_y,right_eye45_x,right_eye45_y,left_lip49_x,left_lip49_y,lip_center_upper52_x,lip_center_upper52_y,right_lip55_x,right_lip55_y,lip_center_lower58_x,lip_center_lower58_y,trans_x,trans_y,trans_z,rot_x,rot_y,rot_z
0,0,-10.375747680664062,10.141937255859403,7.075355529785156,14.5029296875,38.33736753463745,2.413909912109375,20.30229187011718,9.658706665039091,-7.351509094238281,2.2882537841796875,-32.79425048828128,-27.98193359375,-1.134376525878892,-0.3573760986328125,-19.079627990722656,-0.0548858642578125,-5.170722961425781,-21.37799835205078,44.730113223195076,10.586326599121094,-28.16933441162108,20.592578887939453,27.91112494468689,7.55126953125,-0.022756561054848135,0.010951142758131027,0.010951142758131027,3.1920586915939224,-47.1860363209138,-4.214277810380755
