,Unnamed: 0,left_eyebrow_18x,left_eyebrow_18y,left_eyebrow_20x,left_eyebrow_20y,left_eyebrow_22x,left_eyebrow_22y,right_eyebrow_23x,right_eyebrow_23y,right_eyebrow_25x,right_eyebrow_25y,right_eyebrow_27x,right_eyebrow_27y,left_eye38_x,left_eye38_y,right_eye45_x,right_eye45_y,left_lip49_x,left_lip49_y,lip_center_upper52_x,lip_center_upper52_y,right_lip55_x,right_lip55_y,lip_center_lower58_x,lip_center_lower58_y,trans_x,trans_y,trans_z,rot_x,rot_y,rot_z
0,0,-5.449996948242216,4.065689086914091,12.512184143066435,22.40673828125,47.54205560684204,5.715011596679659,32.37942123413086,13.870941162109347,-6.65496826171875,10.67781066894537,-45.92308044433591,-30.36181640625,-2.6812896728515625,7.593200683593722,-24.579872131347656,4.658966064453097,-10.839660644531236,-20.770782470703118,28.959181308746338,15.672935485839844,-36.28679275512696,9.267841339111328,30.06005072593689,22.98662567138672,-0.028959644958376884,-0.02194635570049286,-0.02194635570049286,9.142051526671988,-39.81662746442261,-11.243770809799267
