,Unnamed: 0,left_eyebrow_18x,left_eyebrow_18y,left_eyebrow_20x,left_eyebrow_20y,left_eyebrow_22x,left_eyebrow_22y,right_eyebrow_23x,right_eyebrow_23y,right_eyebrow_25x,right_eyebrow_25y,right_eyebrow_27x,right_eyebrow_27y,left_eye38_x,left_eye38_y,right_eye45_x,right_eye45_y,left_lip49_x,left_lip49_y,lip_center_upper52_x,lip_center_upper52_y,right_lip55_x,right_lip55_y,lip_center_lower58_x,lip_center_lower58_y,trans_x,trans_y,trans_z,rot_x,rot_y,rot_z
0,0,-2.308502197265625,2.861083984375057,-2.5606231689453125,3.564651489257841,0.9681205749511719,0.015838623046875,-0.29494476318358664,1.0760955810546875,-2.5518722534179688,5.518463134765653,-1.1666870117188068,0.4289398193359659,4.9622039794921875,-4.1273345947265625,-1.993370056152358,-3.086868286132841,-3.2540054321289062,-1.711444854736321,-2.357357084751129,3.104480743408203,0.7503204345703125,1.1937294006347656,-1.273287832736969,1.838676452636733,-0.0008809249848127365,-0.011399827897548676,-0.011399827897548676,1.52414344569946,0.26439973633506675,-0.8071757893758105
