,Unnamed: 0,left_eyebrow_18x,left_eyebrow_18y,left_eyebrow_20x,left_eyebrow_20y,left_eyebrow_22x,left_eyebrow_22y,right_eyebrow_23x,right_eyebrow_23y,right_eyebrow_25x,right_eyebrow_25y,right_eyebrow_27x,right_eyebrow_27y,left_eye38_x,left_eye38_y,right_eye45_x,right_eye45_y,left_lip49_x,left_lip49_y,lip_center_upper52_x,lip_center_upper52_y,right_lip55_x,right_lip55_y,lip_center_lower58_x,lip_center_lower58_y,trans_x,trans_y,trans_z,rot_x,rot_y,rot_z
0,0,0.8545379638671875,-6.854736328124943,11.725265502929688,16.090896606445312,12.62210464477539,13.990203857421875,16.94890594482422,13.580123901367188,-0.9224243164062216,8.23681640625,-13.955612182617188,-25.81178283691409,-0.8692169189453125,-1.529922485351591,-11.409721374511719,-1.401718139648409,-7.965126037597642,-14.693119049072259,20.05981194972992,13.53760719299316,1.7699890136718608,11.481708526611328,16.161872625350956,11.408821105957031,-0.004008155781775713,-0.04655459150671959,-0.04655459150671959,5.243913337152168,-29.037537576915838,2.2045987608500726
