,Unnamed: 0,left_eyebrow_18x,left_eyebrow_18y,left_eyebrow_20x,left_eyebrow_20y,left_eyebrow_22x,left_eyebrow_22y,right_eyebrow_23x,right_eyebrow_23y,right_eyebrow_25x,right_eyebrow_25y,right_eyebrow_27x,right_eyebrow_27y,left_eye38_x,left_eye38_y,right_eye45_x,right_eye45_y,left_lip49_x,left_lip49_y,lip_center_upper52_x,lip_center_upper52_y,right_lip55_x,right_lip55_y,lip_center_lower58_x,lip_center_lower58_y,trans_x,trans_y,trans_z,rot_x,rot_y,rot_z
0,0,2.7611694335937784,1.382003784179716,1.0157470703125568,9.124969482421875,3.3197174072265625,-2.836898803710966,-6.8827476501464915,0.1904449462890625,-4.621299743652344,12.077026367187528,-1.9202270507812216,3.408615112304716,2.2019271850585938,-0.05879211425786934,1.211883544921875,0.5602569580078125,-0.2259826660156108,-0.8704261779785085,-1.820530891418457,3.484325408935547,3.1505966186523153,-2.985210418701172,3.441567659378052,3.2963943481445312,-0.003998049884103239,-0.012016445398330688,-0.012016445398330688,-0.6271343968147671,-1.2024240899246372,-4.682403626683528
