,Unnamed: 0,left_eyebrow_18x,left_eyebrow_18y,left_eyebrow_20x,left_eyebrow_20y,left_eyebrow_22x,left_eyebrow_22y,right_eyebrow_23x,right_eyebrow_23y,right_eyebrow_25x,right_eyebrow_25y,right_eyebrow_27x,right_eyebrow_27y,left_eye38_x,left_eye38_y,right_eye45_x,right_eye45_y,left_lip49_x,left_lip49_y,lip_center_upper52_x,lip_center_upper52_y,right_lip55_x,right_lip55_y,lip_center_lower58_x,lip_center_lower58_y,trans_x,trans_y,trans_z,rot_x,rot_y,rot_z
0,0,2.093887329101591,-3.59033203125,4.3798904418945455,3.4775695800780966,2.2951202392578125,6.455810546875,-2.839229583740238,7.577423095703125,-2.388282775878892,5.7764434814453125,0.1642303466796875,1.0012817382812784,-0.3378143310546875,-2.3600769042969034,-1.7014999389648438,-2.720458984375,0.102081298828125,-2.9273681640625,-0.16687244176864624,7.087028503417976,5.313407897949219,-6.38902664184571,-0.33777594566345215,6.831260681152344,0.00046790181659162,-0.01597516611218453,-0.01597516611218453,5.421218157843532,1.1569029391419918,3.248452197609507
