,Unnamed: 0,left_eyebrow_18x,left_eyebrow_18y,left_eyebrow_20x,left_eyebrow_20y,left_eyebrow_22x,left_eyebrow_22y,right_eyebrow_23x,right_eyebrow_23y,right_eyebrow_25x,right_eyebrow_25y,right_eyebrow_27x,right_eyebrow_27y,left_eye38_x,left_eye38_y,right_eye45_x,right_eye45_y,left_lip49_x,left_lip49_y,lip_center_upper52_x,lip_center_upper52_y,right_lip55_x,right_lip55_y,lip_center_lower58_x,lip_center_lower58_y,trans_x,trans_y,trans_z,rot_x,rot_y,rot_z
0,0,-1.2861022949218466,3.96099853515625,6.0757598876953125,8.118133544921875,10.838508605957031,3.90740966796875,7.969444274902351,-1.5092315673828125,-1.2910766601562216,-5.832687377929659,-13.211044311523409,-10.817474365234375,0.7989120483398295,-1.049407958984375,-5.0110015869140625,-1.126220703125,-15.518325805664062,-14.21438217163086,15.107129454612732,2.4636669158935582,6.459297180175781,8.6861572265625,14.80772876739502,10.062751770019531,-0.010539741721004248,-0.012137036770582199,-0.012137036770582199,6.016031938065847,-21.294777785458475,-0.29196371619486333
