,Unnamed: 0,left_eyebrow_18x,left_eyebrow_18y,left_eyebrow_20x,left_eyebrow_20y,left_eyebrow_22x,left_eyebrow_22y,right_eyebrow_23x,right_eyebrow_23y,right_eyebrow_25x,right_eyebrow_25y,right_eyebrow_27x,right_eyebrow_27y,left_eye38_x,left_eye38_y,right_eye45_x,right_eye45_y,left_lip49_x,left_lip49_y,lip_center_upper52_x,lip_center_upper52_y,right_lip55_x,right_lip55_y,lip_center_lower58_x,lip_center_lower58_y,trans_x,trans_y,trans_z,rot_x,rot_y,rot_z
0,0,-0.4459686279296875,-1.0617065429687216,0.669677734375,0.802032470703125,1.909111022949233,1.0891418457030966,-1.2039337158203125,-1.073440551757784,-1.3188323974609375,-1.28436279296875,-2.267440795898466,0.28594970703125,0.2603759765624716,1.7236480712890625,0.4034729003906392,-0.12637329101559658,-4.214691162109361,-1.6131019592285227,-0.37105774879455566,5.188999176025391,1.8001403808593892,1.2211265563964773,-2.0810837745666495,1.4263458251953125,0.001716121332719922,-0.0023240670561790397,-0.0023240670561790397,1.2522230313113827,1.0011091533269854,1.9871870038397192
