,Unnamed: 0,left_eyebrow_18x,left_eyebrow_18y,left_eyebrow_20x,left_eyebrow_20y,left_eyebrow_22x,left_eyebrow_22y,right_eyebrow_23x,right_eyebrow_23y,right_eyebrow_25x,right_eyebrow_25y,right_eyebrow_27x,right_eyebrow_27y,left_eye38_x,left_eye38_y,right_eye45_x,right_eye45_y,left_lip49_x,left_lip49_y,lip_center_upper52_x,lip_center_upper52_y,right_lip55_x,right_lip55_y,lip_center_lower58_x,lip_center_lower58_y,trans_x,trans_y,trans_z,rot_x,rot_y,rot_z
0,0,-1.4741668701171875,1.647491455078125,0.92608642578125,1.930435180664034,9.384086608886719,-2.0091247558594034,-3.4232025146484375,2.504806518554716,-6.880615234374986,4.348358154296903,-3.7436676025390625,-4.643188476562528,-0.4454193115234375,1.13763427734375,-0.6423797607421875,4.0761871337890625,-1.2403411865234375,-1.7763309478759766,9.495868682861328,4.225847244262692,-9.790260314941406,3.6639633178710938,4.73917388916016,-8.285514831542969,-0.011744290590286255,0.000665023922920227,0.000665023922920227,-2.654261200171341,-1.930954113869312,-0.6450267416397898
