,Unnamed: 0,left_eyebrow_18x,left_eyebrow_18y,left_eyebrow_20x,left_eyebrow_20y,left_eyebrow_22x,left_eyebrow_22y,right_eyebrow_23x,right_eyebrow_23y,right_eyebrow_25x,right_eyebrow_25y,right_eyebrow_27x,right_eyebrow_27y,left_eye38_x,left_eye38_y,right_eye45_x,right_eye45_y,left_lip49_x,left_lip49_y,lip_center_upper52_x,lip_center_upper52_y,right_lip55_x,right_lip55_y,lip_center_lower58_x,lip_center_lower58_y,trans_x,trans_y,trans_z,rot_x,rot_y,rot_z
0,0,-5.615814208984375,9.6475830078125,13.241683959960938,13.475784301757784,32.48920536041259,4.733123779296875,21.61356735229493,3.92236328125,-3.330978393554716,-3.829315185546875,-31.249481201171847,-25.265060424804688,-0.22509765625,-1.5476226806640625,-11.753524780273438,-1.6315155029296875,-19.877113342285156,-25.87792205810547,39.46612203121186,6.644626617431641,-7.863121032714844,19.85894012451172,27.971849441528324,8.81109619140625,-0.03325572004541755,0.0003861114382743766,0.0003861114382743766,5.156239682356441,-41.101308125237665,-3.048074701043452
