,Unnamed: 0,left_eyebrow_18x,left_eyebrow_18y,left_eyebrow_20x,left_eyebrow_20y,left_eyebrow_22x,left_eyebrow_22y,right_eyebrow_23x,right_eyebrow_23y,right_eyebrow_25x,right_eyebrow_25y,right_eyebrow_27x,right_eyebrow_27y,left_eye38_x,left_eye38_y,right_eye45_x,right_eye45_y,left_lip49_x,left_lip49_y,lip_center_upper52_x,lip_center_upper52_y,right_lip55_x,right_lip55_y,lip_center_lower58_x,lip_center_lower58_y,trans_x,trans_y,trans_z,rot_x,rot_y,rot_z
0,0,-7.594085693359318,13.861038208007812,10.068115234375,16.71235656738284,41.80514907836914,4.347198486328153,16.658973693847656,9.185012817382812,-1.485031127929659,6.559768676757841,-29.801284790039062,-20.74131774902341,-7.16156005859375,-3.3862762451171875,-12.2437744140625,0.5158538818359375,-0.709846496582017,-18.89205551147461,53.768814742565155,5.219032287597656,-38.486442565917955,31.509078979492188,30.92890453338623,0.09064483642578125,-0.04037627956131473,-0.017654336988925955,-0.017654336988925955,-1.42987050944057,-41.86772043841316,0.6627801458895797
