,Unnamed: 0,left_eyebrow_18x,left_eyebrow_18y,left_eyebrow_20x,left_eyebrow_20y,left_eyebrow_22x,left_eyebrow_22y,right_eyebrow_23x,right_eyebrow_23y,right_eyebrow_25x,right_eyebrow_25y,right_eyebrow_27x,right_eyebrow_27y,left_eye38_x,left_eye38_y,right_eye45_x,right_eye45_y,left_lip49_x,left_lip49_y,lip_center_upper52_x,lip_center_upper52_y,right_lip55_x,right_lip55_y,lip_center_lower58_x,lip_center_lower58_y,trans_x,trans_y,trans_z,rot_x,rot_y,rot_z
0,0,-0.7853393554687784,0.3120727539062784,5.2386474609375,15.08221435546875,5.2224159240722585,10.355117797851534,-6.287799835205078,9.624008178710966,-4.042472839355469,15.357925415039062,0.7595672607421875,0.5787200927734091,1.141876220703125,-7.789291381835909,-1.3560638427734375,-7.750244140625,-0.7445526123047017,-0.052005767822265625,0.46999335289001465,1.9216651916503906,-0.8415603637695455,0.5273475646972727,1.093405842781067,14.307594299316406,-0.0008784829406067728,-0.003568582236766815,-0.003568582236766815,8.273613119720935,0.38598386476985436,-0.4015538442602662
