,Unnamed: 0,left_eyebrow_18x,left_eyebrow_18y,left_eyebrow_20x,left_eyebrow_20y,left_eyebrow_22x,left_eyebrow_22y,right_eyebrow_23x,right_eyebrow_23y,right_eyebrow_25x,right_eyebrow_25y,right_eyebrow_27x,right_eyebrow_27y,left_eye38_x,left_eye38_y,right_eye45_x,right_eye45_y,left_lip49_x,left_lip49_y,lip_center_upper52_x,lip_center_upper52_y,right_lip55_x,right_lip55_y,lip_center_lower58_x,lip_center_lower58_y,trans_x,trans_y,trans_z,rot_x,rot_y,rot_z
0,0,-3.2940063476562216,2.216522216796875,3.3581695556640767,17.07989501953125,13.109477996826172,7.063873291015625,5.165496826171875,5.1663055419921875,-4.363067626953153,2.8307647705078125,-10.708038330078125,-14.354766845703125,-0.6430816650390767,-0.4725952148437216,-2.1290283203125,-0.7294921875,-6.135032653808608,-11.7271728515625,12.804515600204468,4.38636398315429,-4.988838195800753,11.613445281982422,11.308502793312073,9.038307189941406,-0.02007449371740222,-0.03223261237144469,-0.03223261237144469,2.3520445846459888,-19.341733573224722,-5.416951798305082
