,Unnamed: 0,left_eyebrow_18x,left_eyebrow_18y,left_eyebrow_20x,left_eyebrow_20y,left_eyebrow_22x,left_eyebrow_22y,right_eyebrow_23x,right_eyebrow_23y,right_eyebrow_25x,right_eyebrow_25y,right_eyebrow_27x,right_eyebrow_27y,left_eye38_x,left_eye38_y,right_eye45_x,right_eye45_y,left_lip49_x,left_lip49_y,lip_center_upper52_x,lip_center_upper52_y,right_lip55_x,right_lip55_y,lip_center_lower58_x,lip_center_lower58_y,trans_x,trans_y,trans_z,rot_x,rot_y,rot_z
0,0,0.457122802734375,7.3581085205078125,7.2719879150390625,1.7257537841796307,29.46443462371826,-9.857009887695312,28.554122924804688,-8.30572509765625,-7.252265930175753,-14.299926757812557,-40.62351989746094,-27.045089721679688,-1.6708679199218608,6.020050048828125,-15.222923278808594,5.032699584960966,-19.58892822265625,-21.318389892578125,43.06339907646179,7.8104400634765625,-6.6208572387695455,11.492134094238281,31.953967809677117,3.6109390258789062,-0.0230563806835562,-0.012768663465976687,-0.012768663465976687,1.9722105263864194,-42.004118083061364,-2.2326078786665495
