,Unnamed: 0,left_eyebrow_18x,left_eyebrow_18y,left_eyebrow_20x,left_eyebrow_20y,left_eyebrow_22x,left_eyebrow_22y,right_eyebrow_23x,right_eyebrow_23y,right_eyebrow_25x,right_eyebrow_25y,right_eyebrow_27x,right_eyebrow_27y,left_eye38_x,left_eye38_y,right_eye45_x,right_eye45_y,left_lip49_x,left_lip49_y,lip_center_upper52_x,lip_center_upper52_y,right_lip55_x,right_lip55_y,lip_center_lower58_x,lip_center_lower58_y,trans_x,trans_y,trans_z,rot_x,rot_y,rot_z
0,0,2.3497772216796875,-5.3286590576171875,8.489738464355469,14.328750610351562,8.409339904785156,17.056671142578125,-9.692092895507812,15.428070068359375,-8.29684448242186,13.1873779296875,-0.8884124755859091,-2.893417358398466,1.7820434570312358,-5.54833984375,-3.0998764038085795,-7.108642578124972,-3.778221130371108,-0.24225997924805398,-0.5490555763244633,10.835243225097656,5.405891418457031,-1.8046417236328125,1.5113095045089722,3.0600433349609517,0.0008868274744600051,-0.03158372640609741,-0.03158372640609741,8.564403083339517,0.09442255589132387,1.1006761157463292
