,Unnamed: 0,left_eyebrow_18x,left_eyebrow_18y,left_eyebrow_20x,left_eyebrow_20y,left_eyebrow_22x,left_eyebrow_22y,right_eyebrow_23x,right_eyebrow_23y,right_eyebrow_25x,right_eyebrow_25y,right_eyebrow_27x,right_eyebrow_27y,left_eye38_x,left_eye38_y,right_eye45_x,right_eye45_y,left_lip49_x,left_lip49_y,lip_center_upper52_x,lip_center_upper52_y,right_lip55_x,right_lip55_y,lip_center_lower58_x,lip_center_lower58_y,trans_x,trans_y,trans_z,rot_x,rot_y,rot_z
0,0,-5.16729736328125,6.281188964843693,10.363677978515625,12.755874633789091,39.933509826660156,10.45526123046875,16.06653594970703,15.8447265625,-4.191070556640625,1.2129211425780966,-32.39933776855469,-28.922256469726562,1.0198440551757812,-4.1994781494140625,-18.50075531005858,-5.932296752929716,-23.085220336914062,-20.434368133544922,32.38450056686997,15.009654998779297,-25.068008422851562,17.697032928466797,19.690985679626465,9.334297180175781,-0.020290147513151165,-0.033624984323978424,-0.033624984323978424,8.992527287368496,-45.95632969409539,-1.0716176540614257
