,Unnamed: 0,left_eyebrow_18x,left_eyebrow_18y,left_eyebrow_20x,left_eyebrow_20y,left_eyebrow_22x,left_eyebrow_22y,right_eyebrow_23x,right_eyebrow_23y,right_eyebrow_25x,right_eyebrow_25y,right_eyebrow_27x,right_eyebrow_27y,left_eye38_x,left_eye38_y,right_eye45_x,right_eye45_y,left_lip49_x,left_lip49_y,lip_center_upper52_x,lip_center_upper52_y,right_lip55_x,right_lip55_y,lip_center_lower58_x,lip_center_lower58_y,trans_x,trans_y,trans_z,rot_x,rot_y,rot_z
0,0,-3.9030151367187784,7.6905670166015625,-0.17382049560545454,2.9781188964844034,10.420219421386722,-5.4419708251953125,6.469081878662102,-4.615081787109375,2.5996704101562784,-8.222930908203097,-7.6258087158203125,-8.409439086914062,0.6233978271484375,3.60186767578125,-6.754920959472656,1.6048736572265625,-18.540504455566392,-22.00261688232422,13.062082290649414,0.30885505676269176,-0.26116943359375,6.089324951171868,4.7513386607170105,11.722015380859375,-0.007731890073046088,-0.025888398289680467,-0.025888398289680467,-3.712151768535901,-20.813825694334763,-0.3513491114472864
