,Unnamed: 0,left_eyebrow_18x,left_eyebrow_18y,left_eyebrow_20x,left_eyebrow_20y,left_eyebrow_22x,left_eyebrow_22y,right_eyebrow_23x,right_eyebrow_23y,right_eyebrow_25x,right_eyebrow_25y,right_eyebrow_27x,right_eyebrow_27y,left_eye38_x,left_eye38_y,right_eye45_x,right_eye45_y,left_lip49_x,left_lip49_y,lip_center_upper52_x,lip_center_upper52_y,right_lip55_x,right_lip55_y,lip_center_lower58_x,lip_center_lower58_y,trans_x,trans_y,trans_z,rot_x,rot_y,rot_z
0,0,-5.5263671875,9.660324096679716,12.562294006347656,18.457199096679716,39.306875705718994,10.13555908203125,21.62895965576172,11.402252197265625,-0.7530364990234091,6.064682006835966,-32.870819091796875,-21.53527832031253,-1.6140823364257812,-2.7610778808593466,-18.677734374999986,-8.24957275390625,-13.141494750976562,-14.516540527343757,39.389723300933845,15.830398559570312,-27.302597045898423,22.695106506347656,24.842550277709964,9.333480834960952,-0.020518030505627394,-0.04538467898964882,-0.04538467898964882,1.1096597639655386,-41.98755013219315,1.6656635099741663
