,Unnamed: 0,left_eyebrow_18x,left_eyebrow_18y,left_eyebrow_20x,left_eyebrow_20y,left_eyebrow_22x,left_eyebrow_22y,right_eyebrow_23x,right_eyebrow_23y,right_eyebrow_25x,right_eyebrow_25y,right_eyebrow_27x,right_eyebrow_27y,left_eye38_x,left_eye38_y,right_eye45_x,right_eye45_y,left_lip49_x,left_lip49_y,lip_center_upper52_x,lip_center_upper52_y,right_lip55_x,right_lip55_y,lip_center_lower58_x,lip_center_lower58_y,trans_x,trans_y,trans_z,rot_x,rot_y,rot_z
0,0,-1.8737640380859375,0.21626281738278408,8.204788208007812,13.106628417968722,10.753684997558587,14.854873657226562,-9.398307800292969,17.1240234375,-9.269485473632812,10.438873291015625,-0.021240234375,-2.799057006835966,0.05493927001954546,-4.187957763671875,2.843963623046889,-0.9532623291015625,-1.7676162719726562,8.436225891113281,-0.8596774339675908,6.449352264404304,-1.9644546508789062,11.14878845214843,-1.5883562564849854,-1.2279663085937358,-0.0031188232824206352,-0.0030671991407871246,-0.0030671991407871246,7.184228525022362,3.7630528884032795,1.086643213771846
