,Unnamed: 0,left_eyebrow_18x,left_eyebrow_18y,left_eyebrow_20x,left_eyebrow_20y,left_eyebrow_22x,left_eyebrow_22y,right_eyebrow_23x,right_eyebrow_23y,right_eyebrow_25x,right_eyebrow_25y,right_eyebrow_27x,right_eyebrow_27y,left_eye38_x,left_eye38_y,right_eye45_x,right_eye45_y,left_lip49_x,left_lip49_y,lip_center_upper52_x,lip_center_upper52_y,right_lip55_x,right_lip55_y,lip_center_lower58_x,lip_center_lower58_y,trans_x,trans_y,trans_z,rot_x,rot_y,rot_z
0,0,0.9565277099609659,7.411071777343778,0.28680419921875,-3.550811767578125,6.252128601074219,-7.26171875,1.7215538024902344,-11.214981079101562,1.162750244140625,-9.780563354492188,-5.9265594482421875,1.907928466796875,1.388031005859375,0.4788665771484375,-6.088211059570327,0.6290130615234375,-14.174713134765625,-6.79515075683593,-0.08828377723693848,2.124610900878899,8.650291442871094,2.3826255798339773,0.37128306925296783,1.26873779296875,0.00786588923074305,-0.002936922013759613,-0.002936922013759613,-2.193007578938893,-9.655258262075389,-0.6014466004646484
