,Unnamed: 0,left_eyebrow_18x,left_eyebrow_18y,left_eyebrow_20x,left_eyebrow_20y,left_eyebrow_22x,left_eyebrow_22y,right_eyebrow_23x,right_eyebrow_23y,right_eyebrow_25x,right_eyebrow_25y,right_eyebrow_27x,right_eyebrow_27y,left_eye38_x,left_eye38_y,right_eye45_x,right_eye45_y,left_lip49_x,left_lip49_y,lip_center_upper52_x,lip_center_upper52_y,right_lip55_x,right_lip55_y,lip_center_lower58_x,lip_center_lower58_y,trans_x,trans_y,trans_z,rot_x,rot_y,rot_z
0,0,-2.20831298828125,7.2083587646484375,3.7869338989257812,8.355361938476562,12.940479278564453,1.2853088378906534,10.358448028564453,2.8227996826171875,2.17181396484375,1.565216064453125,-10.496185302734375,-8.29296875,-2.3517074584960795,-2.0910491943359375,-4.718757629394531,-4.119537353515653,-3.923362731933608,-9.953720092773445,16.005918025970463,2.64058876037598,-2.734390258789034,10.07096099853515,15.010042667388916,9.55609130859375,-0.0124244405888021,-0.026517035206779838,-0.026517035206779838,-1.5448709844551203,-20.937551069105247,0.17581915770484868
