,Unnamed: 0,left_eyebrow_18x,left_eyebrow_18y,left_eyebrow_20x,left_eyebrow_20y,left_eyebrow_22x,left_eyebrow_22y,right_eyebrow_23x,right_eyebrow_23y,right_eyebrow_25x,right_eyebrow_25y,right_eyebrow_27x,right_eyebrow_27y,left_eye38_x,left_eye38_y,right_eye45_x,right_eye45_y,left_lip49_x,left_lip49_y,lip_center_upper52_x,lip_center_upper52_y,right_lip55_x,right_lip55_y,lip_center_lower58_x,lip_center_lower58_y,trans_x,trans_y,trans_z,rot_x,rot_y,rot_z
0,0,-3.1474609375,13.596984863281222,-0.1961517333984375,4.7155303955078125,19.419527053833008,-5.029815673828125,20.637020111083984,-7.742431640624972,0.289306640625,-8.479949951171875,-23.5765380859375,-16.099746704101562,-3.2299880981445312,1.7876739501953125,-10.339607238769531,4.0642852783203125,-22.3341064453125,-20.93852996826172,22.68894535303116,4.7783203125,2.5345077514648438,15.85235595703125,16.302557736635205,2.8383331298828125,-0.0018653883598744878,-0.015751875936985016,-0.015751875936985016,-0.43090157248570293,-38.19165933854347,-0.7684453384758958
