,Unnamed: 0,left_eyebrow_18x,left_eyebrow_18y,left_eyebrow_20x,left_eyebrow_20y,left_eyebrow_22x,left_eyebrow_22y,right_eyebrow_23x,right_eyebrow_23y,right_eyebrow_25x,right_eyebrow_25y,right_eyebrow_27x,right_eyebrow_27y,left_eye38_x,left_eye38_y,right_eye45_x,right_eye45_y,left_lip49_x,left_lip49_y,lip_center_upper52_x,lip_center_upper52_y,right_lip55_x,right_lip55_y,lip_center_lower58_x,lip_center_lower58_y,trans_x,trans_y,trans_z,rot_x,rot_y,rot_z
0,0,-1.0746459960937784,7.477996826171875,-1.495040893554659,3.4627685546875,4.528358459472656,-6.600433349609375,-3.1028671264648366,-7.169219970703182,1.890182495117159,1.601898193359375,0.5742034912109375,6.96197509765625,-0.552764892578125,1.8319854736328125,-0.5711441040039205,1.7796783447265057,1.5276107788085938,1.064861297607429,-1.8765946626663208,-3.0849647521972656,-0.002975463867201711,2.529773712158203,0.057803958654403687,1.1295318603515483,0.00278603029437363,-0.004003651440143592,-0.004003651440143592,-3.08272491132011,-3.513846704887964,-0.03936675475115248
