,Unnamed: 0,left_eyebrow_18x,left_eyebrow_18y,left_eyebrow_20x,left_eyebrow_20y,left_eyebrow_22x,left_eyebrow_22y,right_eyebrow_23x,right_eyebrow_23y,right_eyebrow_25x,right_eyebrow_25y,right_eyebrow_27x,right_eyebrow_27y,left_eye38_x,left_eye38_y,right_eye45_x,right_eye45_y,left_lip49_x,left_lip49_y,lip_center_upper52_x,lip_center_upper52_y,right_lip55_x,right_lip55_y,lip_center_lower58_x,lip_center_lower58_y,trans_x,trans_y,trans_z,rot_x,rot_y,rot_z
0,0,-11.763610839843722,9.714172363281278,15.673980712890625,12.142745971679688,47.459553480148315,1.9893951416015625,21.654273986816406,8.931396484375,-11.215232849121094,9.184509277343778,-43.825210571289034,-26.968490600585966,5.801177978515625,3.852142333984375,-16.82684326171875,2.779449462890625,-5.561515808105469,-11.791408538818374,45.52406072616577,9.695055007934574,-37.294799804687486,9.52598571777343,22.67515230178833,17.111343383789077,-0.04133410612121225,-0.011904203100129962,-0.011904203100129962,1.43727394187514,-37.66818456132621,-4.1380462018312345
