,Unnamed: 0,left_eyebrow_18x,left_eyebrow_18y,left_eyebrow_20x,left_eyebrow_20y,left_eyebrow_22x,left_eyebrow_22y,right_eyebrow_23x,right_eyebrow_23y,right_eyebrow_25x,right_eyebrow_25y,right_eyebrow_27x,right_eyebrow_27y,left_eye38_x,left_eye38_y,right_eye45_x,right_eye45_y,left_lip49_x,left_lip49_y,lip_center_upper52_x,lip_center_upper52_y,right_lip55_x,right_lip55_y,lip_center_lower58_x,lip_center_lower58_y,trans_x,trans_y,trans_z,rot_x,rot_y,rot_z
0,0,-0.6107940673827841,3.4307098388671875,1.0256042480468892,0.9021759033202841,6.55613708496093,0.55535888671875,-5.722782135009773,1.6667785644530966,-1.301239013671875,2.80401611328125,0.7182006835937784,2.9057006835937216,0.11074829101563921,-4.236373901367216,0.9200286865234375,-4.100616455078125,-0.10787200927734375,1.495056152343743,-0.9460201263427734,0.11013603210449574,-0.195556640625,0.305591583251946,-1.94997239112854,2.4189300537109375,-0.0018026607576757672,-0.007873994996771216,-0.007873994996771216,1.4217143817685303,1.8722062933622752,0.13827609556585774
