,Unnamed: 0,left_eyebrow_18x,left_eyebrow_18y,left_eyebrow_20x,left_eyebrow_20y,left_eyebrow_22x,left_eyebrow_22y,right_eyebrow_23x,right_eyebrow_23y,right_eyebrow_25x,right_eyebrow_25y,right_eyebrow_27x,right_eyebrow_27y,left_eye38_x,left_eye38_y,right_eye45_x,right_eye45_y,left_lip49_x,left_lip49_y,lip_center_upper52_x,lip_center_upper52_y,right_lip55_x,right_lip55_y,lip_center_lower58_x,lip_center_lower58_y,trans_x,trans_y,trans_z,rot_x,rot_y,rot_z
0,0,-7.764709472656278,10.80126953125,-5.6362380981445455,5.4378204345703125,11.71452522277832,-5.904815673828153,5.076435089111328,-9.211944580078097,-2.1580963134765767,-5.950714111328125,-11.601364135742188,-4.544479370117159,3.316192626953139,2.5029449462890625,-4.1153717041015625,0.257965087890625,-5.940170288085952,-15.658531188964844,19.20741558074951,4.277635574340824,4.574745178222642,9.166294097900384,16.94465184211731,-6.672752380371094,-0.006953154341317715,-0.03338349610567093,-0.03338349610567093,-4.930562096711799,-23.966449851317563,-1.9374877386855975
