,Unnamed: 0,left_eyebrow_18x,left_eyebrow_18y,left_eyebrow_20x,left_eyebrow_20y,left_eyebrow_22x,left_eyebrow_22y,right_eyebrow_23x,right_eyebrow_23y,right_eyebrow_25x,right_eyebrow_25y,right_eyebrow_27x,right_eyebrow_27y,left_eye38_x,left_eye38_y,right_eye45_x,right_eye45_y,left_lip49_x,left_lip49_y,lip_center_upper52_x,lip_center_upper52_y,right_lip55_x,right_lip55_y,lip_center_lower58_x,lip_center_lower58_y,trans_x,trans_y,trans_z,rot_x,rot_y,rot_z
0,0,-2.944915771484375,5.749893188476506,2.0328292846679545,9.286392211914034,9.212421417236328,-2.5320587158203125,0.0776214599609304,5.8321533203125,-6.437507629394531,5.2750701904296875,-3.940032958984375,-3.003997802734375,-3.121162414550753,-0.2163238525390625,-2.9746932983398295,-0.51214599609375,-2.1074905395507812,-5.532379150390632,8.259017586708069,4.7523040771484375,-1.1657485961914062,5.33415222167968,3.5739738941192627,0.4502716064453267,0.02562668919563293,-0.007855519652366638,-0.007855519652366638,2.7015040176969483,-14.354304496269911,13.937434371572603
