,Unnamed: 0,left_eyebrow_18x,left_eyebrow_18y,left_eyebrow_20x,left_eyebrow_20y,left_eyebrow_22x,left_eyebrow_22y,right_eyebrow_23x,right_eyebrow_23y,right_eyebrow_25x,right_eyebrow_25y,right_eyebrow_27x,right_eyebrow_27y,left_eye38_x,left_eye38_y,right_eye45_x,right_eye45_y,left_lip49_x,left_lip49_y,lip_center_upper52_x,lip_center_upper52_y,right_lip55_x,right_lip55_y,lip_center_lower58_x,lip_center_lower58_y,trans_x,trans_y,trans_z,rot_x,rot_y,rot_z
0,0,0.947662353515625,4.265899658203125,1.9456787109375,16.535598754882812,7.105537414550781,5.127685546874943,-3.8036537170410227,-1.473541259765625,-1.892898559570284,8.290878295898438,-1.2509918212890625,1.587677001953125,-2.6950225830078125,-3.584320068359375,0.7621612548828125,-0.6973419189453125,2.6765594482421875,7.2452392578125,0.9698061943054197,-5.125732421875,-2.1202239990234375,8.677524566650398,0.7924157679080961,-0.755096435546875,0.0026991125196218495,-0.009932592511177063,-0.009932592511177063,2.349086658103828,-4.349310516354849,-0.6911158982041516
