,Unnamed: 0,left_eyebrow_18x,left_eyebrow_18y,left_eyebrow_20x,left_eyebrow_20y,left_eyebrow_22x,left_eyebrow_22y,right_eyebrow_23x,right_eyebrow_23y,right_eyebrow_25x,right_eyebrow_25y,right_eyebrow_27x,right_eyebrow_27y,left_eye38_x,left_eye38_y,right_eye45_x,right_eye45_y,left_lip49_x,left_lip49_y,lip_center_upper52_x,lip_center_upper52_y,right_lip55_x,right_lip55_y,lip_center_lower58_x,lip_center_lower58_y,trans_x,trans_y,trans_z,rot_x,rot_y,rot_z
0,0,-11.076492309570341,14.265472412109403,-7.4223709106445455,8.926254272460938,22.520880699157715,-3.8898010253906534,20.493099212646484,-9.129669189453125,8.24505615234375,-11.851593017578125,-16.123001098632812,-13.38446044921875,1.871818542480483,4.073944091796875,-14.338462829589844,1.26898193359375,-9.250480651855483,-27.47140884399414,35.56194782257081,6.753063201904297,-12.90457916259767,10.90775299072265,25.54835343360901,3.3285903930664062,-0.03427478356752545,-0.03038608282804489,-0.03038608282804489,-5.260790480921562,-40.29885264067678,-1.82757039108212
