,Unnamed: 0,left_eyebrow_18x,left_eyebrow_18y,left_eyebrow_20x,left_eyebrow_20y,left_eyebrow_22x,left_eyebrow_22y,right_eyebrow_23x,right_eyebrow_23y,right_eyebrow_25x,right_eyebrow_25y,right_eyebrow_27x,right_eyebrow_27y,left_eye38_x,left_eye38_y,right_eye45_x,right_eye45_y,left_lip49_x,left_lip49_y,lip_center_upper52_x,lip_center_upper52_y,right_lip55_x,right_lip55_y,lip_center_lower58_x,lip_center_lower58_y,trans_x,trans_y,trans_z,rot_x,rot_y,rot_z
0,0,-0.3530731201171875,7.268569946289091,2.9827804565429403,13.491287231445312,8.69289779663086,2.552337646484375,7.541534423828132,2.9441528320312784,-4.294380187988281,5.8838653564453125,-10.608413696289062,-6.967163085937443,-1.9471511840820312,0.804534912109375,-3.8943405151367045,0.9920501708984375,-7.847282409667969,-2.0139617919921875,13.4032883644104,5.027793884277344,-1.345420837402358,17.208946228027344,14.141232550144196,10.156806945800767,-0.014546425314620135,-0.0242813341319561,-0.0242813341319561,-1.0189470557030411,-21.270515643366622,-0.7122906416852957
