,Unnamed: 0,left_eyebrow_18x,left_eyebrow_18y,left_eyebrow_20x,left_eyebrow_20y,left_eyebrow_22x,left_eyebrow_22y,right_eyebrow_23x,right_eyebrow_23y,right_eyebrow_25x,right_eyebrow_25y,right_eyebrow_27x,right_eyebrow_27y,left_eye38_x,left_eye38_y,right_eye45_x,right_eye45_y,left_lip49_x,left_lip49_y,lip_center_upper52_x,lip_center_upper52_y,right_lip55_x,right_lip55_y,lip_center_lower58_x,lip_center_lower58_y,trans_x,trans_y,trans_z,rot_x,rot_y,rot_z
0,0,-5.0403289794921875,1.8407745361328125,20.22789764404294,18.802886962890625,51.35105514526367,6.528076171874943,26.708370208740227,10.168670654296875,-14.65453338623044,10.527893066406278,-55.68836975097656,-28.825637817382812,2.245155334472642,-1.6350250244140625,-20.392822265625,4.0486907958984375,-5.9853439331054545,-2.7097091674804688,47.48738956451416,3.8453102111816406,-34.74459838867187,22.50261688232422,28.094704151153564,12.022850036621094,-0.03395274234935641,-0.010709650814533234,-0.010709650814533234,7.573928382504095,-46.23963135345602,-6.086037395534238
