,Unnamed: 0,left_eyebrow_18x,left_eyebrow_18y,left_eyebrow_20x,left_eyebrow_20y,left_eyebrow_22x,left_eyebrow_22y,right_eyebrow_23x,right_eyebrow_23y,right_eyebrow_25x,right_eyebrow_25y,right_eyebrow_27x,right_eyebrow_27y,left_eye38_x,left_eye38_y,right_eye45_x,right_eye45_y,left_lip49_x,left_lip49_y,lip_center_upper52_x,lip_center_upper52_y,right_lip55_x,right_lip55_y,lip_center_lower58_x,lip_center_lower58_y,trans_x,trans_y,trans_z,rot_x,rot_y,rot_z
0,0,-3.352874755859375,10.166900634765625,-1.0340270996093466,8.015289306640625,13.476982116699219,-4.561935424804659,8.093448638916023,-6.680068969726591,6.402923583984347,-4.0237884521484375,-10.245834350585938,-4.4298553466796875,-3.742401123046889,4.3475341796875,-6.558738708496094,1.621078491210909,-1.7444534301757812,-9.811302185058594,17.257383465766907,-0.610260009765625,-4.374008178710952,13.877647399902344,17.87077894806862,4.959747314453111,-0.004352205665782095,-0.0189063809812069,-0.0189063809812069,-0.5799641393726294,-27.451289634040307,0.6367014674690574
