,Unnamed: 0,left_eyebrow_18x,left_eyebrow_18y,left_eyebrow_20x,left_eyebrow_20y,left_eyebrow_22x,left_eyebrow_22y,right_eyebrow_23x,right_eyebrow_23y,right_eyebrow_25x,right_eyebrow_25y,right_eyebrow_27x,right_eyebrow_27y,left_eye38_x,left_eye38_y,right_eye45_x,right_eye45_y,left_lip49_x,left_lip49_y,lip_center_upper52_x,lip_center_upper52_y,right_lip55_x,right_lip55_y,lip_center_lower58_x,lip_center_lower58_y,trans_x,trans_y,trans_z,rot_x,rot_y,rot_z
0,0,4.960372924804716,-0.124267578125,6.457252502441406,7.6642913818359375,5.953807830810547,1.97381591796875,-6.008167266845696,3.6493225097655966,-4.946868896484375,6.9500732421875,-1.657562255859375,-0.47099304199213066,-1.7020339965820455,-4.056213378906222,-5.02264404296875,-2.953033447265625,-4.5811538696289205,4.396282196044922,1.6917596906423569,2.8168601989746094,5.341697692871094,0.7503280639648509,3.579910159111023,-6.8086776733398295,0.004013099824078381,0.04184059798717499,0.04184059798717499,5.056242692120589,-2.2817868721415784,0.01681819072362703
