,Unnamed: 0,left_eyebrow_18x,left_eyebrow_18y,left_eyebrow_20x,left_eyebrow_20y,left_eyebrow_22x,left_eyebrow_22y,right_eyebrow_23x,right_eyebrow_23y,right_eyebrow_25x,right_eyebrow_25y,right_eyebrow_27x,right_eyebrow_27y,left_eye38_x,left_eye38_y,right_eye45_x,right_eye45_y,left_lip49_x,left_lip49_y,lip_center_upper52_x,lip_center_upper52_y,right_lip55_x,right_lip55_y,lip_center_lower58_x,lip_center_lower58_y,trans_x,trans_y,trans_z,rot_x,rot_y,rot_z
0,0,-2.5377807617187216,7.350433349609347,12.33206176757811,7.580108642578125,36.25990009307861,-3.852828979492159,32.654731750488274,2.5903167724609375,-6.139602661132798,-1.3425598144530966,-50.564727783203125,-24.41954040527341,-0.8352737426757812,0.9860076904296875,-18.5445556640625,1.6925048828125,-3.7971649169922017,-6.432647705078132,55.06286489963531,10.682403564453125,-34.830665588378906,14.216667175292969,32.332457304000854,16.01532745361328,-0.03233387949876487,-0.012868445366621017,-0.012868445366621017,-0.9877106677574727,-47.58209381299751,-3.6525347435705946
