,Unnamed: 0,left_eyebrow_18x,left_eyebrow_18y,left_eyebrow_20x,left_eyebrow_20y,left_eyebrow_22x,left_eyebrow_22y,right_eyebrow_23x,right_eyebrow_23y,right_eyebrow_25x,right_eyebrow_25y,right_eyebrow_27x,right_eyebrow_27y,left_eye38_x,left_eye38_y,right_eye45_x,right_eye45_y,left_lip49_x,left_lip49_y,lip_center_upper52_x,lip_center_upper52_y,right_lip55_x,right_lip55_y,lip_center_lower58_x,lip_center_lower58_y,trans_x,trans_y,trans_z,rot_x,rot_y,rot_z
0,0,0.085479736328125,1.92938232421875,8.684585571289077,14.854263305664006,17.4854793548584,2.4476623535156534,24.18958282470703,-3.220001220703125,4.9543304443359375,-3.348175048828125,-27.216949462890625,-19.06427001953128,-0.09867858886717329,6.1178741455078125,-10.592140197753906,-0.6094055175781534,-20.270301818847656,-17.667232513427727,31.128549814224243,8.761848449707031,-8.842727661132812,9.018333435058594,27.154094219207764,9.934928894042983,-0.02702627063263208,0.0015039648860692978,0.0015039648860692978,1.8735602669250158,-38.955840868291304,2.609536892771762
