,Unnamed: 0,left_eyebrow_18x,left_eyebrow_18y,left_eyebrow_20x,left_eyebrow_20y,left_eyebrow_22x,left_eyebrow_22y,right_eyebrow_23x,right_eyebrow_23y,right_eyebrow_25x,right_eyebrow_25y,right_eyebrow_27x,right_eyebrow_27y,left_eye38_x,left_eye38_y,right_eye45_x,right_eye45_y,left_lip49_x,left_lip49_y,lip_center_upper52_x,lip_center_upper52_y,right_lip55_x,right_lip55_y,lip_center_lower58_x,lip_center_lower58_y,trans_x,trans_y,trans_z,rot_x,rot_y,rot_z
0,0,2.098892211914091,-2.8230133056640625,7.28399658203125,12.29716491699213,5.04205322265625,6.733276367187528,13.34786605834961,1.9647369384765625,-3.6862411499023438,1.5669250488281534,-19.228225708007812,-13.930572509765653,-0.23217010498045454,3.6376190185546875,-0.5283279418945312,-0.5704956054687784,-16.702339172363267,-13.101577758789062,12.786418199539185,4.899566650390625,3.2186813354492188,5.952274322509766,15.412961483001709,6.787101745605483,-0.007726020296104252,-0.014886671677231789,-0.014886671677231789,3.9667019327670987,-20.95900467188253,2.1147000671277323
