,Unnamed: 0,left_eyebrow_18x,left_eyebrow_18y,left_eyebrow_20x,left_eyebrow_20y,left_eyebrow_22x,left_eyebrow_22y,right_eyebrow_23x,right_eyebrow_23y,right_eyebrow_25x,right_eyebrow_25y,right_eyebrow_27x,right_eyebrow_27y,left_eye38_x,left_eye38_y,right_eye45_x,right_eye45_y,left_lip49_x,left_lip49_y,lip_center_upper52_x,lip_center_upper52_y,right_lip55_x,right_lip55_y,lip_center_lower58_x,lip_center_lower58_y,trans_x,trans_y,trans_z,rot_x,rot_y,rot_z
0,0,0.4184722900390909,-6.365203857421847,4.155281066894517,1.5293426513671875,8.217306137084961,4.8272552490234375,3.72650146484375,2.728179931640625,-4.287498474121108,-2.9470367431640625,-12.296905517578125,-16.752777099609403,3.664886474609375,1.8029327392578125,-0.6261215209960795,-1.663177490234375,-14.071022033691406,-2.124736785888672,8.34799861907959,-1.9598007202148438,6.607086181640625,12.464675903320312,7.39990770816803,-9.450965881347656,-0.018755094846710566,-0.028097596019506454,-0.028097596019506454,-1.0216388224031903,-9.028226265303616,1.4200819121723711
