,Unnamed: 0,left_eyebrow_18x,left_eyebrow_18y,left_eyebrow_20x,left_eyebrow_20y,left_eyebrow_22x,left_eyebrow_22y,right_eyebrow_23x,right_eyebrow_23y,right_eyebrow_25x,right_eyebrow_25y,right_eyebrow_27x,right_eyebrow_27y,left_eye38_x,left_eye38_y,right_eye45_x,right_eye45_y,left_lip49_x,left_lip49_y,lip_center_upper52_x,lip_center_upper52_y,right_lip55_x,right_lip55_y,lip_center_lower58_x,lip_center_lower58_y,trans_x,trans_y,trans_z,rot_x,rot_y,rot_z
0,0,1.1114044189453125,1.766082763671875,8.209548950195312,15.644912719726591,12.149551391601555,8.252166748046875,11.317493438720703,8.485595703124972,-3.2088317871094034,11.460617065429659,-17.291961669921875,-16.313674926757784,-3.9359893798828267,-2.4503326416015625,-4.0595245361328125,-1.9534454345703125,-6.4328689575195455,-5.064014434814453,18.137110352516174,-6.020195007324219,-7.727439880371094,19.475200653076172,15.76310658454895,-0.5312957763671733,-0.02213305304758251,-0.016445070505142212,-0.016445070505142212,-0.8610327805267792,-21.134223119117294,-1.084390784643929
