,Unnamed: 0,left_eyebrow_18x,left_eyebrow_18y,left_eyebrow_20x,left_eyebrow_20y,left_eyebrow_22x,left_eyebrow_22y,right_eyebrow_23x,right_eyebrow_23y,right_eyebrow_25x,right_eyebrow_25y,right_eyebrow_27x,right_eyebrow_27y,left_eye38_x,left_eye38_y,right_eye45_x,right_eye45_y,left_lip49_x,left_lip49_y,lip_center_upper52_x,lip_center_upper52_y,right_lip55_x,right_lip55_y,lip_center_lower58_x,lip_center_lower58_y,trans_x,trans_y,trans_z,rot_x,rot_y,rot_z
0,0,-10.749267578125,9.635421752929688,5.522254943847656,1.6024627685546875,33.12494134902954,11.84454345703125,25.700275421142578,12.0543212890625,-3.7471618652343466,2.351348876953125,-26.53636169433591,-28.44218444824216,0.0523223876953125,-1.435150146484375,-16.565162658691406,-0.4086303710937216,0.30995941162109375,-22.064769744873054,43.0473775267601,7.82861328125,-27.53982543945311,19.732826232910156,30.628273248672485,16.40906524658203,-0.04228971284828731,0.004179298877716078,0.004179298877716078,0.037399652268170325,-40.98304406579763,-6.338304346043577
