,Unnamed: 0,left_eyebrow_18x,left_eyebrow_18y,left_eyebrow_20x,left_eyebrow_20y,left_eyebrow_22x,left_eyebrow_22y,right_eyebrow_23x,right_eyebrow_23y,right_eyebrow_25x,right_eyebrow_25y,right_eyebrow_27x,right_eyebrow_27y,left_eye38_x,left_eye38_y,right_eye45_x,right_eye45_y,left_lip49_x,left_lip49_y,lip_center_upper52_x,lip_center_upper52_y,right_lip55_x,right_lip55_y,lip_center_lower58_x,lip_center_lower58_y,trans_x,trans_y,trans_z,rot_x,rot_y,rot_z
0,0,-6.2914276123046875,9.272613525390653,3.189208984375,10.421066284179716,25.116729736328132,-2.72259521484375,22.071151733398438,0.9393310546875,1.021804809570341,-6.7273101806640625,-27.043228149414034,-18.51029968261716,-5.4141387939453125,0.08491516113284092,-20.001121520996094,-0.471649169921875,3.1143417358398438,-15.88430404663086,46.543262004852295,7.783123016357422,-7.681617736816406,19.762069702148438,32.56727695465088,8.023979187011719,-0.0156425922177732,-0.004478406161069863,-0.004478406161069863,1.3918975137336846,-48.11733999439938,-0.7235316919999173
