,Unnamed: 0,left_eyebrow_18x,left_eyebrow_18y,left_eyebrow_20x,left_eyebrow_20y,left_eyebrow_22x,left_eyebrow_22y,right_eyebrow_23x,right_eyebrow_23y,right_eyebrow_25x,right_eyebrow_25y,right_eyebrow_27x,right_eyebrow_27y,left_eye38_x,left_eye38_y,right_eye45_x,right_eye45_y,left_lip49_x,left_lip49_y,lip_center_upper52_x,lip_center_upper52_y,right_lip55_x,right_lip55_y,lip_center_lower58_x,lip_center_lower58_y,trans_x,trans_y,trans_z,rot_x,rot_y,rot_z
0,0,-0.0408477783203125,6.852508544921875,1.8160552978515625,15.909027099609318,7.274871826171875,0.81353759765625,10.970348358154297,2.535140991210966,-1.1846847534179972,1.4852294921875284,-11.729064941406222,-7.7207489013671875,-8.695716857910156,2.1068420410156534,-9.966598510742188,-1.037994384765625,-2.5092086791992188,-14.645668029785156,18.233783543109894,5.147796630859375,-4.062156677246094,12.922237396240227,13.844257593154907,1.9551010131835938,0.01600281661376357,-0.009017813950777054,-0.009017813950777054,3.5896282289977877,-36.963957842721015,0.5056574802354659
