,Unnamed: 0,left_eyebrow_18x,left_eyebrow_18y,left_eyebrow_20x,left_eyebrow_20y,left_eyebrow_22x,left_eyebrow_22y,right_eyebrow_23x,right_eyebrow_23y,right_eyebrow_25x,right_eyebrow_25y,right_eyebrow_27x,right_eyebrow_27y,left_eye38_x,left_eye38_y,right_eye45_x,right_eye45_y,left_lip49_x,left_lip49_y,lip_center_upper52_x,lip_center_upper52_y,right_lip55_x,right_lip55_y,lip_center_lower58_x,lip_center_lower58_y,trans_x,trans_y,trans_z,rot_x,rot_y,rot_z
0,0,-6.276107788085994,10.353713989257784,13.88720703125,7.3103485107421875,43.89540106058121,-1.7844848632812784,19.788177490234375,3.53729248046875,-9.183792114257812,2.793762207031193,-50.926223754882784,-23.870269775390597,-1.2687149047851562,0.9594573974609375,-10.544090270996094,0.83447265625,-5.799560546875,-3.669303894042976,41.05873703956604,10.858024597167962,-34.04804229736329,21.702846527099602,27.04315960407257,9.47482299804686,-0.044415857875719666,-0.010022148489952087,-0.010022148489952087,-7.389441223464328,-40.500425428576875,-6.273241636546816
