,Unnamed: 0,left_eyebrow_18x,left_eyebrow_18y,left_eyebrow_20x,left_eyebrow_20y,left_eyebrow_22x,left_eyebrow_22y,right_eyebrow_23x,right_eyebrow_23y,right_eyebrow_25x,right_eyebrow_25y,right_eyebrow_27x,right_eyebrow_27y,left_eye38_x,left_eye38_y,right_eye45_x,right_eye45_y,left_lip49_x,left_lip49_y,lip_center_upper52_x,lip_center_upper52_y,right_lip55_x,right_lip55_y,lip_center_lower58_x,lip_center_lower58_y,trans_x,trans_y,trans_z,rot_x,rot_y,rot_z
0,0,3.9033050537109375,-0.3889312744140909,-0.8008575439453125,-0.0457763671875,-3.9501190185546875,-4.957412719726591,5.8129730224609375,-5.0166015625,0.3046569824218892,-1.4775085449218466,-6.042312622070369,-0.8427734375,-3.5230484008789062,7.173583984375,-0.979331970214858,5.588989257812528,-4.2590713500976705,-0.22058868408203125,0.6789106130599976,0.7852916717529297,6.259063720703111,1.9685249328613281,1.7712779641151428,-6.098518371582031,0.0026591147689032373,-0.00431331992149353,-0.00431331992149353,-2.5545891284192845,-2.4056936668336615,0.716067566548523
