,Unnamed: 0,left_eyebrow_18x,left_eyebrow_18y,left_eyebrow_20x,left_eyebrow_20y,left_eyebrow_22x,left_eyebrow_22y,right_eyebrow_23x,right_eyebrow_23y,right_eyebrow_25x,right_eyebrow_25y,right_eyebrow_27x,right_eyebrow_27y,left_eye38_x,left_eye38_y,right_eye45_x,right_eye45_y,left_lip49_x,left_lip49_y,lip_center_upper52_x,lip_center_upper52_y,right_lip55_x,right_lip55_y,lip_center_lower58_x,lip_center_lower58_y,trans_x,trans_y,trans_z,rot_x,rot_y,rot_z
0,0,0.4792175292969034,-0.05216979980465908,-5.7537765502929545,-0.006744384765625,-6.7743377685546875,-2.1719055175781534,7.026752471923835,-2.149520874023409,4.555755615234375,-2.955078125,-2.270965576171875,-0.15118408203122158,-0.59295654296875,2.911727905273409,-3.3927764892578125,0.7213897705078125,2.321197509765625,2.8976173400878906,1.943286657333374,-2.587657928466797,1.1083297729492188,5.259025573730469,3.6884132437407966,-5.587020874023423,0.007562041515484453,-0.01007262617349626,-0.01007262617349626,-2.985963925775332,-7.66628909831955,0.414757949703075
