,Unnamed: 0,left_eyebrow_18x,left_eyebrow_18y,left_eyebrow_20x,left_eyebrow_20y,left_eyebrow_22x,left_eyebrow_22y,right_eyebrow_23x,right_eyebrow_23y,right_eyebrow_25x,right_eyebrow_25y,right_eyebrow_27x,right_eyebrow_27y,left_eye38_x,left_eye38_y,right_eye45_x,right_eye45_y,left_lip49_x,left_lip49_y,lip_center_upper52_x,lip_center_upper52_y,right_lip55_x,right_lip55_y,lip_center_lower58_x,lip_center_lower58_y,trans_x,trans_y,trans_z,rot_x,rot_y,rot_z
0,0,-0.7008666992187216,8.584274291992216,8.529190063476562,12.539993286132812,17.42576217651368,-2.854263305664034,-14.648605346679688,-2.8748474121094034,-6.862838745117216,2.9360961914062216,-4.7151336669921875,-0.23648071289065342,-3.1204986572265625,0.553955078125,1.1067504882812642,-0.598663330078125,-1.7293243408202983,-5.878677368164055,13.366195797920227,-1.4347305297851562,-3.9001693725585938,10.115703582763658,11.35109743475914,-10.817100524902344,-0.018982713096193038,-0.0133814737200737,-0.0133814737200737,-5.375433550866126,-14.799201801951787,0.08793822577713262
