,Unnamed: 0,left_eyebrow_18x,left_eyebrow_18y,left_eyebrow_20x,left_eyebrow_20y,left_eyebrow_22x,left_eyebrow_22y,right_eyebrow_23x,right_eyebrow_23y,right_eyebrow_25x,right_eyebrow_25y,right_eyebrow_27x,right_eyebrow_27y,left_eye38_x,left_eye38_y,right_eye45_x,right_eye45_y,left_lip49_x,left_lip49_y,lip_center_upper52_x,lip_center_upper52_y,right_lip55_x,right_lip55_y,lip_center_lower58_x,lip_center_lower58_y,trans_x,trans_y,trans_z,rot_x,rot_y,rot_z
0,0,-8.292266845703097,12.353927612304688,0.4550018310546875,10.539855957031278,20.718027114868164,-2.3395996093749716,20.40119171142578,-2.1879119873046875,4.3399505615234375,-2.0784301757812216,-18.115631103515625,-16.042755126953153,-6.454612731933594,4.4018402099609375,-11.771224975585938,4.273040771484403,1.934906005859375,-19.338077545166023,37.9186949133873,-1.9929237365722656,-13.179359436035156,22.170734405517578,24.506472527980804,4.983436584472656,-0.01665772614069283,0.0005473643541336129,0.0005473643541336129,-0.6380658811535186,-43.48245540216562,-2.7753599855851205
