,Unnamed: 0,left_eyebrow_18x,left_eyebrow_18y,left_eyebrow_20x,left_eyebrow_20y,left_eyebrow_22x,left_eyebrow_22y,right_eyebrow_23x,right_eyebrow_23y,right_eyebrow_25x,right_eyebrow_25y,right_eyebrow_27x,right_eyebrow_27y,left_eye38_x,left_eye38_y,right_eye45_x,right_eye45_y,left_lip49_x,left_lip49_y,lip_center_upper52_x,lip_center_upper52_y,right_lip55_x,right_lip55_y,lip_center_lower58_x,lip_center_lower58_y,trans_x,trans_y,trans_z,rot_x,rot_y,rot_z
0,0,6.2014923095703125,-0.5456390380859375,6.0159149169921875,14.683502197265597,0.37413406372071023,9.580596923828097,-0.10996246337890625,11.329971313476562,-3.9654998779296875,14.170394897460938,-4.8292083740234375,1.0960235595703125,-1.7227401733398438,5.1074066162109375,2.201904296875,3.6980438232421875,6.39453125,21.822860717773423,1.0682801008224487,8.865432739257812,4.348358154296875,20.338943481445312,4.063217908143997,19.82681274414061,0.013621832709759477,-0.01928004622459411,-0.01928004622459411,0.7564643558702588,-15.446809503015551,-0.8947382867202709
