,Unnamed: 0,left_eyebrow_18x,left_eyebrow_18y,left_eyebrow_20x,left_eyebrow_20y,left_eyebrow_22x,left_eyebrow_22y,right_eyebrow_23x,right_eyebrow_23y,right_eyebrow_25x,right_eyebrow_25y,right_eyebrow_27x,right_eyebrow_27y,left_eye38_x,left_eye38_y,right_eye45_x,right_eye45_y,left_lip49_x,left_lip49_y,lip_center_upper52_x,lip_center_upper52_y,right_lip55_x,right_lip55_y,lip_center_lower58_x,lip_center_lower58_y,trans_x,trans_y,trans_z,rot_x,rot_y,rot_z
0,0,-7.351196289062528,5.44024658203125,5.739959716796847,6.6297607421875,31.33645439147949,-0.98468017578125,16.723339080810547,2.6342620849609375,-4.280952453613281,2.39764404296875,-34.9844970703125,-25.981170654296847,3.6691970825195312,0.3975830078125,-12.207130432128906,2.2563781738281534,-4.763389587402344,-9.946159362792969,42.04568791389465,9.37311935424804,-20.573562622070312,17.11066436767578,28.52737653255463,-2.7630767822265625,-0.024572854512371123,0.0013073459267616341,0.0013073459267616341,-0.870982978345578,-38.096395602965686,-1.5506136612456194
