,Unnamed: 0,left_eyebrow_18x,left_eyebrow_18y,left_eyebrow_20x,left_eyebrow_20y,left_eyebrow_22x,left_eyebrow_22y,right_eyebrow_23x,right_eyebrow_23y,right_eyebrow_25x,right_eyebrow_25y,right_eyebrow_27x,right_eyebrow_27y,left_eye38_x,left_eye38_y,right_eye45_x,right_eye45_y,left_lip49_x,left_lip49_y,lip_center_upper52_x,lip_center_upper52_y,right_lip55_x,right_lip55_y,lip_center_lower58_x,lip_center_lower58_y,trans_x,trans_y,trans_z,rot_x,rot_y,rot_z
0,0,-1.0435485839844034,9.880157470703097,7.362892150878906,10.748016357421875,17.788755416870114,0.9995269775390341,4.914115905761712,3.3202667236328125,-2.5653305053710938,6.481185913085909,-15.356262207031193,-8.458282470703097,-6.3890457153320455,-1.73699951171875,-3.0788040161132812,-3.2873077392578125,-3.9099502563476705,-5.444602966308601,16.65826630592346,-3.8864364624023438,-8.018974304199219,21.27246475219726,12.863287091255188,7.772071838378892,-0.008924043038859963,-0.013011880218982697,-0.013011880218982697,-5.320121376001696,-26.837146944440793,-1.5781003468618418
