,Unnamed: 0,left_eyebrow_18x,left_eyebrow_18y,left_eyebrow_20x,left_eyebrow_20y,left_eyebrow_22x,left_eyebrow_22y,right_eyebrow_23x,right_eyebrow_23y,right_eyebrow_25x,right_eyebrow_25y,right_eyebrow_27x,right_eyebrow_27y,left_eye38_x,left_eye38_y,right_eye45_x,right_eye45_y,left_lip49_x,left_lip49_y,lip_center_upper52_x,lip_center_upper52_y,right_lip55_x,right_lip55_y,lip_center_lower58_x,lip_center_lower58_y,trans_x,trans_y,trans_z,rot_x,rot_y,rot_z
0,0,0.19483947753903408,5.336791992187528,-4.0624923706054545,6.16180419921875,-0.267547607421875,-2.2716522216796875,26.959011077880866,-3.4110107421874716,8.884490966796875,-3.2041168212890625,-16.846267700195284,-11.422805786132812,-2.500091552734361,4.640563964843722,-5.383323669433594,1.5267486572265625,-8.15261840820311,-10.173179626464844,13.862183332443236,-1.3746299743652344,-4.270957946777344,14.308940887451172,15.18795071169734,-4.0780868530273295,-0.005867896834388375,-0.012367315590381622,-0.012367315590381622,-2.6315712857197804,-30.306214012256067,0.027869549845194408
