,Unnamed: 0,left_eyebrow_18x,left_eyebrow_18y,left_eyebrow_20x,left_eyebrow_20y,left_eyebrow_22x,left_eyebrow_22y,right_eyebrow_23x,right_eyebrow_23y,right_eyebrow_25x,right_eyebrow_25y,right_eyebrow_27x,right_eyebrow_27y,left_eye38_x,left_eye38_y,right_eye45_x,right_eye45_y,left_lip49_x,left_lip49_y,lip_center_upper52_x,lip_center_upper52_y,right_lip55_x,right_lip55_y,lip_center_lower58_x,lip_center_lower58_y,trans_x,trans_y,trans_z,rot_x,rot_y,rot_z
0,0,-2.480453491210966,5.4647674560546875,9.685798645019531,14.680099487304688,34.276100158691406,6.2256927490234375,24.90230560302733,8.326385498046875,4.6390533447265625,3.1468811035155966,-21.6875,-24.909164428710938,-8.60903930664064,6.9690093994140625,-19.432273864746094,4.4847869873046875,-9.835273742675781,-16.81817626953125,37.44876279681921,16.654525756835945,-23.728683471679688,11.339649200439453,30.10680866241455,2.251953125,-0.007964189630001783,-0.012019030749797821,-0.012019030749797821,0.6973109657631333,-43.131861055872456,1.0669338386633094
