,Unnamed: 0,left_eyebrow_18x,left_eyebrow_18y,left_eyebrow_20x,left_eyebrow_20y,left_eyebrow_22x,left_eyebrow_22y,right_eyebrow_23x,right_eyebrow_23y,right_eyebrow_25x,right_eyebrow_25y,right_eyebrow_27x,right_eyebrow_27y,left_eye38_x,left_eye38_y,right_eye45_x,right_eye45_y,left_lip49_x,left_lip49_y,lip_center_upper52_x,lip_center_upper52_y,right_lip55_x,right_lip55_y,lip_center_lower58_x,lip_center_lower58_y,trans_x,trans_y,trans_z,rot_x,rot_y,rot_z
0,0,1.3023681640624716,2.75323486328125,1.9368743896484375,7.095169067382784,8.947628021240234,-0.128082275390625,7.3704833984375,2.216140747070341,-4.3853302001953125,2.756134033203125,-13.23504638671875,-13.475891113281193,-1.3484039306640483,-0.8378448486328125,-4.8829498291015625,0.4771881103515909,-12.537750244140625,-6.369964599609382,15.847548723220822,2.793159484863274,0.6057586669921875,11.527275085449233,14.930334448814392,-4.981361389160156,-0.003065019729547203,-0.007774420082569115,-0.007774420082569115,-1.5011619000576282,-18.524335613060142,1.0060833222677268
