,Unnamed: 0,left_eyebrow_18x,left_eyebrow_18y,left_eyebrow_20x,left_eyebrow_20y,left_eyebrow_22x,left_eyebrow_22y,right_eyebrow_23x,right_eyebrow_23y,right_eyebrow_25x,right_eyebrow_25y,right_eyebrow_27x,right_eyebrow_27y,left_eye38_x,left_eye38_y,right_eye45_x,right_eye45_y,left_lip49_x,left_lip49_y,lip_center_upper52_x,lip_center_upper52_y,right_lip55_x,right_lip55_y,lip_center_lower58_x,lip_center_lower58_y,trans_x,trans_y,trans_z,rot_x,rot_y,rot_z
0,0,3.091278076171875,3.2339630126953125,1.2864685058593892,6.59002685546875,3.2057762145996094,-6.3624267578125,18.580459594726555,-6.55328369140625,1.0753555297851705,-2.7152252197265625,-20.55340576171878,-13.490142822265597,-6.264793395996108,7.8271026611328125,-2.2360076904296875,6.3877105712890625,-7.0990753173828125,-11.715137481689453,19.948763251304623,4.733335494995114,7.264282226562514,12.094123840332031,18.039562523365024,-1.579261779785142,-0.0052152154967188835,-0.007227644324302687,-0.007227644324302687,-1.8639327830757484,-28.301830924833475,-0.741551448093153
