,Unnamed: 0,left_eyebrow_18x,left_eyebrow_18y,left_eyebrow_20x,left_eyebrow_20y,left_eyebrow_22x,left_eyebrow_22y,right_eyebrow_23x,right_eyebrow_23y,right_eyebrow_25x,right_eyebrow_25y,right_eyebrow_27x,right_eyebrow_27y,left_eye38_x,left_eye38_y,right_eye45_x,right_eye45_y,left_lip49_x,left_lip49_y,lip_center_upper52_x,lip_center_upper52_y,right_lip55_x,right_lip55_y,lip_center_lower58_x,lip_center_lower58_y,trans_x,trans_y,trans_z,rot_x,rot_y,rot_z
0,0,-6.881942749023494,12.304718017578125,1.9628295898437216,17.320388793945312,24.218833923339844,-1.8058319091796875,25.679340362548828,-2.8607788085937216,3.09197998046875,4.814041137695369,-33.524093627929716,-13.382476806640597,-0.13574981689453125,3.840850830078125,-14.681297302246094,0.2877197265625,-5.390487670898452,-8.88947677612304,45.26512300968171,7.059394836425781,-25.316909790039062,18.837677001953125,34.33776140213013,9.032707214355455,-0.008153286267770454,0.015873614698648453,0.015873614698648453,3.712462382201885,-40.95344537674891,-4.092146146965075
