,Unnamed: 0,left_eyebrow_18x,left_eyebrow_18y,left_eyebrow_20x,left_eyebrow_20y,left_eyebrow_22x,left_eyebrow_22y,right_eyebrow_23x,right_eyebrow_23y,right_eyebrow_25x,right_eyebrow_25y,right_eyebrow_27x,right_eyebrow_27y,left_eye38_x,left_eye38_y,right_eye45_x,right_eye45_y,left_lip49_x,left_lip49_y,lip_center_upper52_x,lip_center_upper52_y,right_lip55_x,right_lip55_y,lip_center_lower58_x,lip_center_lower58_y,trans_x,trans_y,trans_z,rot_x,rot_y,rot_z
0,0,-14.278060913085938,8.125625610351534,5.256324768066406,5.1216583251953125,37.08311891555786,-4.418746948242159,20.08979034423828,4.6963043212890625,-11.275993347167969,4.230682373046875,-44.08338928222656,-27.424819946289062,3.5104446411132812,6.396224975585966,-13.990066528320312,8.200424194335938,6.161361694335923,-7.8230323791503835,52.604222059249885,8.987876892089844,-34.546360015869155,9.840988159179688,26.932377576828006,12.91531372070314,-0.009649820625782013,0.00043890252709388733,0.00043890252709388733,-2.07764568242325,-43.86397442042726,-3.982629443951822
