,Unnamed: 0,left_eyebrow_18x,left_eyebrow_18y,left_eyebrow_20x,left_eyebrow_20y,left_eyebrow_22x,left_eyebrow_22y,right_eyebrow_23x,right_eyebrow_23y,right_eyebrow_25x,right_eyebrow_25y,right_eyebrow_27x,right_eyebrow_27y,left_eye38_x,left_eye38_y,right_eye45_x,right_eye45_y,left_lip49_x,left_lip49_y,lip_center_upper52_x,lip_center_upper52_y,right_lip55_x,right_lip55_y,lip_center_lower58_x,lip_center_lower58_y,trans_x,trans_y,trans_z,rot_x,rot_y,rot_z
0,0,3.9416656494140625,1.3029174804687216,5.820381164550753,5.96502685546875,5.173954010009766,5.473785400390625,-3.4745216369628906,5.130462646484375,-2.476928710937486,5.909454345703153,-0.8545837402343466,1.9103546142578125,1.2489013671875,-9.952865600585938,-3.6648330688476562,-8.783584594726562,-4.0384979248046875,6.383266448974609,0.47721004486083984,0.23408126831055398,0.8979187011718892,4.184913635253906,0.49730229377746604,1.9683151245117188,-0.0008336361497640627,-0.008568830788135529,-0.008568830788135529,3.3508387851402555,-0.2847933389888677,0.9959066312808665
