,Unnamed: 0,left_eyebrow_18x,left_eyebrow_18y,left_eyebrow_20x,left_eyebrow_20y,left_eyebrow_22x,left_eyebrow_22y,right_eyebrow_23x,right_eyebrow_23y,right_eyebrow_25x,right_eyebrow_25y,right_eyebrow_27x,right_eyebrow_27y,left_eye38_x,left_eye38_y,right_eye45_x,right_eye45_y,left_lip49_x,left_lip49_y,lip_center_upper52_x,lip_center_upper52_y,right_lip55_x,right_lip55_y,lip_center_lower58_x,lip_center_lower58_y,trans_x,trans_y,trans_z,rot_x,rot_y,rot_z
0,0,-6.716705322265625,14.619506835937472,9.544776916503906,15.333328247070284,40.06880712509155,-5.6928253173828125,35.08407974243163,-7.068252563476591,8.167465209960938,-0.18064880371090908,-38.8541564941406,-19.741943359374943,-5.363739013671875,4.04150390625,-21.886428833007812,6.990234375,-9.746635437011719,-8.892250061035163,41.00015437602997,-5.952606201171882,-29.2425537109375,28.65142059326172,30.87561821937561,2.9923858642577983,-0.01845814334228635,-0.029325928539037704,-0.029325928539037704,-10.716366472692783,-46.56146734305124,-3.8022480188006758
