,Unnamed: 0,left_eyebrow_18x,left_eyebrow_18y,left_eyebrow_20x,left_eyebrow_20y,left_eyebrow_22x,left_eyebrow_22y,right_eyebrow_23x,right_eyebrow_23y,right_eyebrow_25x,right_eyebrow_25y,right_eyebrow_27x,right_eyebrow_27y,left_eye38_x,left_eye38_y,right_eye45_x,right_eye45_y,left_lip49_x,left_lip49_y,lip_center_upper52_x,lip_center_upper52_y,right_lip55_x,right_lip55_y,lip_center_lower58_x,lip_center_lower58_y,trans_x,trans_y,trans_z,rot_x,rot_y,rot_z
0,0,-1.539688110351534,13.115692138671875,0.1960601806640625,17.06890869140622,15.542787551879883,-2.7374420166015625,10.773075103759759,-7.719528198242216,5.423126220703153,0.7094268798828125,-9.649856567382784,-4.259979248046818,-11.196296691894545,1.3067779541015625,-3.9432754516601562,2.71685791015625,-3.3092117309570455,-4.5476531982421875,12.028023600578308,-7.584842681884773,-11.198760986328125,22.869178771972656,15.892825365066528,-2.030975341796875,0.00535748852416873,-0.028121929615736015,-0.028121929615736015,-8.259921361640389,-29.196380155540826,-0.5372756320522606
