,Unnamed: 0,left_eyebrow_18x,left_eyebrow_18y,left_eyebrow_20x,left_eyebrow_20y,left_eyebrow_22x,left_eyebrow_22y,right_eyebrow_23x,right_eyebrow_23y,right_eyebrow_25x,right_eyebrow_25y,right_eyebrow_27x,right_eyebrow_27y,left_eye38_x,left_eye38_y,right_eye45_x,right_eye45_y,left_lip49_x,left_lip49_y,lip_center_upper52_x,lip_center_upper52_y,right_lip55_x,right_lip55_y,lip_center_lower58_x,lip_center_lower58_y,trans_x,trans_y,trans_z,rot_x,rot_y,rot_z
0,0,0.16479492187497158,0.6107177734374716,1.5550003051757812,3.711212158203125,1.4990501403808665,1.4354248046874716,1.0939216613769531,3.5244293212890625,0.6000137329101562,4.334350585937472,-0.0009765625,-0.638214111328125,-3.764343261718764,0.37727355957036934,-1.6831512451171875,0.1676177978515625,3.1256027221679545,1.8630409240722727,1.0408482551574703,-5.084735870361321,-3.103485107421889,3.5643081665039062,2.4076344966888428,-2.3945236206054545,0.00601004296913743,-0.00499165803194046,-0.00499165803194046,-0.993516304309316,-5.7106789573871195,-0.2157322721625969
