,Unnamed: 0,left_eyebrow_18x,left_eyebrow_18y,left_eyebrow_20x,left_eyebrow_20y,left_eyebrow_22x,left_eyebrow_22y,right_eyebrow_23x,right_eyebrow_23y,right_eyebrow_25x,right_eyebrow_25y,right_eyebrow_27x,right_eyebrow_27y,left_eye38_x,left_eye38_y,right_eye45_x,right_eye45_y,left_lip49_x,left_lip49_y,lip_center_upper52_x,lip_center_upper52_y,right_lip55_x,right_lip55_y,lip_center_lower58_x,lip_center_lower58_y,trans_x,trans_y,trans_z,rot_x,rot_y,rot_z
0,0,-1.496749877929659,11.2835693359375,-3.403854370117216,4.068374633789034,1.0365791320800781,-6.908447265625028,-1.1006050109863281,-5.482513427734375,1.3860092163085938,5.800628662109375,-2.8407592773437784,9.639801025390625,1.7355117797851705,-1.285232543945284,3.321128845214858,-0.231842041015625,3.0332183837890625,6.051044464111328,0.6777794882655144,-7.222816467285149,3.8242645263672017,7.456520080566406,-2.0887060761451726,-12.898757934570312,-0.004528684774413704,-0.010129995644092563,-0.010129995644092563,-5.77656535939337,2.1112287585385503,-0.5804650226533219
