,Unnamed: 0,left_eyebrow_18x,left_eyebrow_18y,left_eyebrow_20x,left_eyebrow_20y,left_eyebrow_22x,left_eyebrow_22y,right_eyebrow_23x,right_eyebrow_23y,right_eyebrow_25x,right_eyebrow_25y,right_eyebrow_27x,right_eyebrow_27y,left_eye38_x,left_eye38_y,right_eye45_x,right_eye45_y,left_lip49_x,left_lip49_y,lip_center_upper52_x,lip_center_upper52_y,right_lip55_x,right_lip55_y,lip_center_lower58_x,lip_center_lower58_y,trans_x,trans_y,trans_z,rot_x,rot_y,rot_z
0,0,-5.18231201171875,12.134719848632784,6.473846435546903,14.98359680175787,22.406497955322266,1.0639190673828125,6.933677673339844,-2.6947479248046875,-4.336151123046875,-2.925643920898409,-18.178619384765625,-13.093185424804688,-3.481666564941392,-1.6171417236328125,-1.9929962158203125,-0.0553131103515625,-5.913970947265611,-9.304824829101562,34.66742804646491,-2.7459335327148438,-4.6305999755859375,26.64423751831054,25.875456690788273,3.9899749755859375,-0.02126524673076347,0.005346354097127914,0.005346354097127914,-2.834112541670958,-34.50942475226182,-2.0891503187203644
