,Unnamed: 0,left_eyebrow_18x,left_eyebrow_18y,left_eyebrow_20x,left_eyebrow_20y,left_eyebrow_22x,left_eyebrow_22y,right_eyebrow_23x,right_eyebrow_23y,right_eyebrow_25x,right_eyebrow_25y,right_eyebrow_27x,right_eyebrow_27y,left_eye38_x,left_eye38_y,right_eye45_x,right_eye45_y,left_lip49_x,left_lip49_y,lip_center_upper52_x,lip_center_upper52_y,right_lip55_x,right_lip55_y,lip_center_lower58_x,lip_center_lower58_y,trans_x,trans_y,trans_z,rot_x,rot_y,rot_z
0,0,-4.004119873046875,14.773590087890653,3.3060760498046875,20.197052001953097,26.438283920288086,-2.498214721679659,22.18841552734375,2.3108367919921875,1.5987014770507812,3.530563354492159,-22.16162109375,-18.62583923339841,-7.04351806640625,4.296325683593778,-14.74654388427733,3.091400146484375,-9.290519714355469,-17.65970230102539,40.47251831740141,0.06310272216797586,-32.51473999023436,38.1192626953125,23.383464097976685,-4.868125915527344,-0.028483078349381685,-0.013197904452681545,-0.013197904452681545,-9.559157940850127,-36.523776621356184,-3.3289578982453687
