,Unnamed: 0,left_eyebrow_18x,left_eyebrow_18y,left_eyebrow_20x,left_eyebrow_20y,left_eyebrow_22x,left_eyebrow_22y,right_eyebrow_23x,right_eyebrow_23y,right_eyebrow_25x,right_eyebrow_25y,right_eyebrow_27x,right_eyebrow_27y,left_eye38_x,left_eye38_y,right_eye45_x,right_eye45_y,left_lip49_x,left_lip49_y,lip_center_upper52_x,lip_center_upper52_y,right_lip55_x,right_lip55_y,lip_center_lower58_x,lip_center_lower58_y,trans_x,trans_y,trans_z,rot_x,rot_y,rot_z
0,0,2.3582916259765625,1.7564392089843466,3.323684692382841,5.470870971679716,6.4355506896972585,-0.15765380859375,-13.268512725830085,-0.9974365234375284,-6.437950134277344,5.3665771484375,0.5690612792968466,4.2129058837890625,1.1803359985351705,-0.964935302734375,3.4330520629882812,0.41925048828125,-3.3511276245117188,13.14630126953125,-3.5635699927806854,-3.459980010986328,0.6634521484375,3.1994132995605398,-5.176669239997865,-0.9795455932617188,-0.00944929925026372,-0.002811834216117859,-0.002811834216117859,-1.5324350763153842,12.643477076316351,1.0912907660053355
