,Unnamed: 0,left_eyebrow_18x,left_eyebrow_18y,left_eyebrow_20x,left_eyebrow_20y,left_eyebrow_22x,left_eyebrow_22y,right_eyebrow_23x,right_eyebrow_23y,right_eyebrow_25x,right_eyebrow_25y,right_eyebrow_27x,right_eyebrow_27y,left_eye38_x,left_eye38_y,right_eye45_x,right_eye45_y,left_lip49_x,left_lip49_y,lip_center_upper52_x,lip_center_upper52_y,right_lip55_x,right_lip55_y,lip_center_lower58_x,lip_center_lower58_y,trans_x,trans_y,trans_z,rot_x,rot_y,rot_z
0,0,0.320343017578125,-0.3826446533203409,2.9141311645507812,7.540283203125,3.1506996154785156,6.110443115234403,-5.8865509033203125,8.846084594726591,-5.917961120605469,9.793106079101562,0.8993530273437216,-0.4519958496094034,0.9016571044921733,-1.901702880859375,-1.2282562255859375,-2.08209228515625,-1.8411560058593892,1.3048210144042969,0.8173208236694336,-2.888164520263672,-3.6847381591797017,2.2994003295898438,2.7899225875735283,33.00981140136716,-0.0015933876857161526,-0.0128866545855999,-0.0128866545855999,5.620059708809789,3.826410440412794,4.872987427376218
