,Unnamed: 0,left_eyebrow_18x,left_eyebrow_18y,left_eyebrow_20x,left_eyebrow_20y,left_eyebrow_22x,left_eyebrow_22y,right_eyebrow_23x,right_eyebrow_23y,right_eyebrow_25x,right_eyebrow_25y,right_eyebrow_27x,right_eyebrow_27y,left_eye38_x,left_eye38_y,right_eye45_x,right_eye45_y,left_lip49_x,left_lip49_y,lip_center_upper52_x,lip_center_upper52_y,right_lip55_x,right_lip55_y,lip_center_lower58_x,lip_center_lower58_y,trans_x,trans_y,trans_z,rot_x,rot_y,rot_z
0,0,-1.270553588867159,6.888031005859347,5.420234680175824,9.454284667968778,12.67502212524414,0.1523895263671875,-7.5000457763671875,-1.55035400390625,-6.3226089477539205,0.02142333984375,-3.015823364257841,-0.43267822265625,-1.1959915161132812,-1.051513671875,0.7251663208007812,-0.973114013671875,-4.670654296875,2.0680503845214915,13.130182296037672,-6.838768005371094,-1.7892456054687642,13.334903717041009,8.832072138786316,-2.1737747192382812,-0.00330780033254996,-0.003858078271150589,-0.003858078271150589,-1.1035414488663133,-16.36378621017731,1.0240250720315296
