,Unnamed: 0,left_eyebrow_18x,left_eyebrow_18y,left_eyebrow_20x,left_eyebrow_20y,left_eyebrow_22x,left_eyebrow_22y,right_eyebrow_23x,right_eyebrow_23y,right_eyebrow_25x,right_eyebrow_25y,right_eyebrow_27x,right_eyebrow_27y,left_eye38_x,left_eye38_y,right_eye45_x,right_eye45_y,left_lip49_x,left_lip49_y,lip_center_upper52_x,lip_center_upper52_y,right_lip55_x,right_lip55_y,lip_center_lower58_x,lip_center_lower58_y,trans_x,trans_y,trans_z,rot_x,rot_y,rot_z
0,0,-3.8142395019530966,6.296112060546875,1.9232864379882386,14.507156372070312,20.248100280761722,6.87939453125,12.96902847290039,10.104187011718778,1.5715332031249858,4.121307373046875,-6.9966888427734375,-19.721023559570284,-6.1339569091796875,0.27764892578125,-11.998809814453125,2.306991577148409,-3.3738861083984517,-15.02724838256836,30.061763912439346,4.29792404174804,-21.45085906982422,23.052066802978516,23.782570719718937,2.3819122314453125,-0.019948250614106655,-0.014694213867187493,-0.014694213867187493,0.12503567472754362,-38.398847830098255,-1.8801281567605788
