,Unnamed: 0,left_eyebrow_18x,left_eyebrow_18y,left_eyebrow_20x,left_eyebrow_20y,left_eyebrow_22x,left_eyebrow_22y,right_eyebrow_23x,right_eyebrow_23y,right_eyebrow_25x,right_eyebrow_25y,right_eyebrow_27x,right_eyebrow_27y,left_eye38_x,left_eye38_y,right_eye45_x,right_eye45_y,left_lip49_x,left_lip49_y,lip_center_upper52_x,lip_center_upper52_y,right_lip55_x,right_lip55_y,lip_center_lower58_x,lip_center_lower58_y,trans_x,trans_y,trans_z,rot_x,rot_y,rot_z
0,0,-3.4659729003906534,5.15069580078125,7.933349609375,18.451431274414006,16.803449630737305,14.467727661132812,-2.7110824584960938,13.997024536132812,-5.4632339477539205,10.393341064453153,-4.90985107421875,-6.599380493164034,-2.72406005859375,-6.978088378906222,-3.125457763671861,-5.8898162841796875,4.964927673339844,1.5473556518554688,13.180521726608276,0.22739982604980113,-8.827293395996094,16.565181732177727,12.0378098487854,13.05991363525392,-0.0011825440451502809,-0.03401233255863189,-0.03401233255863189,6.188398098859501,-23.681239569604514,0.4406871360812835
