,Unnamed: 0,left_eyebrow_18x,left_eyebrow_18y,left_eyebrow_20x,left_eyebrow_20y,left_eyebrow_22x,left_eyebrow_22y,right_eyebrow_23x,right_eyebrow_23y,right_eyebrow_25x,right_eyebrow_25y,right_eyebrow_27x,right_eyebrow_27y,left_eye38_x,left_eye38_y,right_eye45_x,right_eye45_y,left_lip49_x,left_lip49_y,lip_center_upper52_x,lip_center_upper52_y,right_lip55_x,right_lip55_y,lip_center_lower58_x,lip_center_lower58_y,trans_x,trans_y,trans_z,rot_x,rot_y,rot_z
0,0,3.3533020019531534,-2.410629272460966,4.580154418945327,1.653427124023409,1.417205810546882,3.469390869140625,0.11749267578125,4.512680053710909,-4.521553039550781,3.8360137939453125,-4.2365570068359375,-2.1282806396484375,-7.2183074951171875,1.4718170166015625,1.7029876708984375,-1.3048400878905966,3.7669601440429688,-2.4488677978515625,1.0098949670791626,-19.9897403717041,-1.8788833618164062,-0.8589744567870952,1.357820153236389,13.135765075683594,0.008555538021028042,0.002232510596513755,0.002232510596513755,-0.2659189532620796,-8.684205123696096,0.6755806358221539
