,Unnamed: 0,left_eyebrow_18x,left_eyebrow_18y,left_eyebrow_20x,left_eyebrow_20y,left_eyebrow_22x,left_eyebrow_22y,right_eyebrow_23x,right_eyebrow_23y,right_eyebrow_25x,right_eyebrow_25y,right_eyebrow_27x,right_eyebrow_27y,left_eye38_x,left_eye38_y,right_eye45_x,right_eye45_y,left_lip49_x,left_lip49_y,lip_center_upper52_x,lip_center_upper52_y,right_lip55_x,right_lip55_y,lip_center_lower58_x,lip_center_lower58_y,trans_x,trans_y,trans_z,rot_x,rot_y,rot_z
0,0,-5.148529052734403,6.7031402587890625,1.6825027465820455,5.7753448486328125,12.146701812744155,5.214920043945284,-14.397340774536126,6.2115020751953125,-2.9041824340820312,6.097045898437472,4.8198699951171875,7.634613037109403,-3.203918457031264,-6.574707031249972,2.1742019653320312,-6.0775146484375,14.258827209472642,0.028594970703125,1.262730598449707,-18.601905822753906,-12.67364501953125,-1.0159454345703196,1.611109375953674,19.188537597656264,0.004309701384045184,-0.0017027445137500763,-0.0017027445137500763,0.03711867184514883,-6.209798657445159,-0.038050079809720305
