,Unnamed: 0,left_eyebrow_18x,left_eyebrow_18y,left_eyebrow_20x,left_eyebrow_20y,left_eyebrow_22x,left_eyebrow_22y,right_eyebrow_23x,right_eyebrow_23y,right_eyebrow_25x,right_eyebrow_25y,right_eyebrow_27x,right_eyebrow_27y,left_eye38_x,left_eye38_y,right_eye45_x,right_eye45_y,left_lip49_x,left_lip49_y,lip_center_upper52_x,lip_center_upper52_y,right_lip55_x,right_lip55_y,lip_center_lower58_x,lip_center_lower58_y,trans_x,trans_y,trans_z,rot_x,rot_y,rot_z
0,0,-7.55755615234375,4.604705810546875,-6.58331298828125,0.2087554931640625,-4.006214141845703,2.8292236328125,1.6987838745117188,0.2509918212890341,2.088600158691392,0.0884857177734375,2.2537078857421875,2.4256744384765625,-1.8983535766601562,0.3958740234375,1.6639251708984375,0.615234375,9.959091186523438,-7.953639984130859,-0.9464223384857176,-13.652599334716797,-4.9354400634765625,-2.0084762573242188,-2.0185442566871643,11.654113769531264,0.005116987973451614,-0.012589413672685623,-0.012589413672685623,-0.7278084119279216,-6.767346395765056,-2.441394645840433
