,Unnamed: 0,left_eyebrow_18x,left_eyebrow_18y,left_eyebrow_20x,left_eyebrow_20y,left_eyebrow_22x,left_eyebrow_22y,right_eyebrow_23x,right_eyebrow_23y,right_eyebrow_25x,right_eyebrow_25y,right_eyebrow_27x,right_eyebrow_27y,left_eye38_x,left_eye38_y,right_eye45_x,right_eye45_y,left_lip49_x,left_lip49_y,lip_center_upper52_x,lip_center_upper52_y,right_lip55_x,right_lip55_y,lip_center_lower58_x,lip_center_lower58_y,trans_x,trans_y,trans_z,rot_x,rot_y,rot_z
0,0,17.0308837890625,-22.007003784179688,-4.432632446289091,6.073104858398494,-21.453227996826172,12.3189697265625,-28.15217638015747,10.487518310546903,-2.9001312255859375,17.30236816406253,5.877853393554716,8.951202392578097,17.477203369140625,2.0447235107421875,4.336196899414034,1.4250030517578125,35.07616806030272,11.003726959228516,-31.512668490409855,-7.399702072143548,10.65309906005858,-24.764877319335938,-23.289110779762265,19.977401733398423,0.02646429860033095,-0.005830008536577218,-0.005830008536577218,0.2552234363499539,34.90581586049878,2.51891027611483
