,Unnamed: 0,left_eyebrow_18x,left_eyebrow_18y,left_eyebrow_20x,left_eyebrow_20y,left_eyebrow_22x,left_eyebrow_22y,right_eyebrow_23x,right_eyebrow_23y,right_eyebrow_25x,right_eyebrow_25y,right_eyebrow_27x,right_eyebrow_27y,left_eye38_x,left_eye38_y,right_eye45_x,right_eye45_y,left_lip49_x,left_lip49_y,lip_center_upper52_x,lip_center_upper52_y,right_lip55_x,right_lip55_y,lip_center_lower58_x,lip_center_lower58_y,trans_x,trans_y,trans_z,rot_x,rot_y,rot_z
0,0,-1.323944091796875,-0.15057373046877842,1.365371704101591,-5.00006103515625,4.226894378662109,6.243682861328097,-3.6941070556640625,10.175933837890682,-1.783096313476591,0.049163818359375,3.6462402343750284,-0.006210327148465922,-4.2811126708984375,-4.951477050781222,3.0713653564453267,-3.8569183349609375,5.5967941284179545,-1.2239875793457031,1.8327934741973877,-3.1881332397460938,-9.692008972167969,-3.4917831420898438,1.394902229309082,-0.23751068115234375,0.0012095505371689796,0.006231628358364105,0.006231628358364105,10.392276082973199,0.8902243475921099,1.078305264347665
