,Unnamed: 0,left_eyebrow_18x,left_eyebrow_18y,left_eyebrow_20x,left_eyebrow_20y,left_eyebrow_22x,left_eyebrow_22y,right_eyebrow_23x,right_eyebrow_23y,right_eyebrow_25x,right_eyebrow_25y,right_eyebrow_27x,right_eyebrow_27y,left_eye38_x,left_eye38_y,right_eye45_x,right_eye45_y,left_lip49_x,left_lip49_y,lip_center_upper52_x,lip_center_upper52_y,right_lip55_x,right_lip55_y,lip_center_lower58_x,lip_center_lower58_y,trans_x,trans_y,trans_z,rot_x,rot_y,rot_z
0,0,0.0978240966796875,-7.4639892578125,-2.595428466796875,0.3153686523437784,-4.6700401306152415,8.118026733398438,-13.038892745971683,6.2217559814453125,-4.513236999511719,6.01593017578125,0.6620330810547159,1.9525909423828125,9.164497375488281,0.44964599609375,2.8494415283202983,-0.6092529296875,7.411476135253892,-1.8840980529785156,-12.915368914604187,-7.363151550292965,7.821647644042983,-10.509109497070312,-13.744577050209045,19.1900634765625,0.02012398489750922,-0.018374305218458162,-0.018374305218458162,2.0635893121714854,15.88947050019319,1.27515083701594
