,Unnamed: 0,left_eyebrow_18x,left_eyebrow_18y,left_eyebrow_20x,left_eyebrow_20y,left_eyebrow_22x,left_eyebrow_22y,right_eyebrow_23x,right_eyebrow_23y,right_eyebrow_25x,right_eyebrow_25y,right_eyebrow_27x,right_eyebrow_27y,left_eye38_x,left_eye38_y,right_eye45_x,right_eye45_y,left_lip49_x,left_lip49_y,lip_center_upper52_x,lip_center_upper52_y,right_lip55_x,right_lip55_y,lip_center_lower58_x,lip_center_lower58_y,trans_x,trans_y,trans_z,rot_x,rot_y,rot_z
0,0,1.2086334228515625,-5.4056854248046875,-7.556396484375,-6.243469238281278,-10.289325714111328,2.8487091064453125,-7.591587066650391,1.2137451171875,4.587188720703111,3.488677978515625,4.2359619140625,7.442398071289034,1.181854248046875,2.971923828125,6.927749633789077,0.2718505859375,22.361167907714844,3.2999038696289062,-16.97068691253662,-13.53374862670898,3.3798141479492188,-11.446151733398438,-12.334169924259186,12.377868652343764,0.013648247346282005,-0.017945423722267144,-0.017945423722267144,-2.5291700500720724,16.88895682966401,-1.7693442519405238
