,Unnamed: 0,left_eyebrow_18x,left_eyebrow_18y,left_eyebrow_20x,left_eyebrow_20y,left_eyebrow_22x,left_eyebrow_22y,right_eyebrow_23x,right_eyebrow_23y,right_eyebrow_25x,right_eyebrow_25y,right_eyebrow_27x,right_eyebrow_27y,left_eye38_x,left_eye38_y,right_eye45_x,right_eye45_y,left_lip49_x,left_lip49_y,lip_center_upper52_x,lip_center_upper52_y,right_lip55_x,right_lip55_y,lip_center_lower58_x,lip_center_lower58_y,trans_x,trans_y,trans_z,rot_x,rot_y,rot_z
0,0,29.294723510742188,-27.990463256835938,4.883880615234432,0.7635345458984659,-23.57547378540039,5.903411865234347,-22.947265625,9.706283569335966,1.054901123046875,19.442962646484375,12.879959106445312,6.830184936523409,14.642051696777344,3.9971923828125,5.1085205078125,4.172134399414091,28.05541229248047,19.021617889404297,-40.38457727432251,-18.29538345336914,10.674690246582031,-23.476369857788086,-19.674416065216068,32.36038208007814,0.020429124124348157,0.027944225817918774,0.027944225817918774,9.953611048374304,46.860339038937546,-0.29063486613145484
