,Unnamed: 0,left_eyebrow_18x,left_eyebrow_18y,left_eyebrow_20x,left_eyebrow_20y,left_eyebrow_22x,left_eyebrow_22y,right_eyebrow_23x,right_eyebrow_23y,right_eyebrow_25x,right_eyebrow_25y,right_eyebrow_27x,right_eyebrow_27y,left_eye38_x,left_eye38_y,right_eye45_x,right_eye45_y,left_lip49_x,left_lip49_y,lip_center_upper52_x,lip_center_upper52_y,right_lip55_x,right_lip55_y,lip_center_lower58_x,lip_center_lower58_y,trans_x,trans_y,trans_z,rot_x,rot_y,rot_z
0,0,28.84027099609375,-41.084274291992216,-0.8440017700195455,-13.931686401367216,-25.898704528808587,1.660354614257784,-29.176819801330566,-2.6590118408203125,7.303558349609361,2.569381713867216,14.706604003906278,7.294982910156222,13.808319091796875,5.530975341796875,-6.232009887695298,3.1245269775390625,50.18467330932617,14.70809555053711,-33.51087832450867,8.460630416870114,5.0296478271484375,-12.346309661865234,-7.274396896362305,25.611335754394517,0.022502364590764046,0.0012668557465076447,0.0012668557465076447,4.128103025849227,40.150846814671986,2.812740868910308
