,Unnamed: 0,left_eyebrow_18x,left_eyebrow_18y,left_eyebrow_20x,left_eyebrow_20y,left_eyebrow_22x,left_eyebrow_22y,right_eyebrow_23x,right_eyebrow_23y,right_eyebrow_25x,right_eyebrow_25y,right_eyebrow_27x,right_eyebrow_27y,left_eye38_x,left_eye38_y,right_eye45_x,right_eye45_y,left_lip49_x,left_lip49_y,lip_center_upper52_x,lip_center_upper52_y,right_lip55_x,right_lip55_y,lip_center_lower58_x,lip_center_lower58_y,trans_x,trans_y,trans_z,rot_x,rot_y,rot_z
0,0,-3.475341796875,4.735321044921875,-9.9925537109375,2.2756805419921875,-7.060646057128906,0.09324645996096592,-9.77219200134277,-1.425704956054659,1.7615737915039205,4.661407470703097,3.12939453125,12.353637695312528,4.416481018066406,-2.616058349609375,6.462913513183608,0.8097381591796875,18.846160888671875,2.0531120300292898,-10.56699275970459,-17.9737491607666,6.809066772460923,-9.198867797851562,-12.485316514968872,23.986328125,0.017404685495421294,-0.026452209800481796,-0.026452209800481796,-8.005532231712692,16.138068061034264,0.5477092266950823
