,Unnamed: 0,left_eyebrow_18x,left_eyebrow_18y,left_eyebrow_20x,left_eyebrow_20y,left_eyebrow_22x,left_eyebrow_22y,right_eyebrow_23x,right_eyebrow_23y,right_eyebrow_25x,right_eyebrow_25y,right_eyebrow_27x,right_eyebrow_27y,left_eye38_x,left_eye38_y,right_eye45_x,right_eye45_y,left_lip49_x,left_lip49_y,lip_center_upper52_x,lip_center_upper52_y,right_lip55_x,right_lip55_y,lip_center_lower58_x,lip_center_lower58_y,trans_x,trans_y,trans_z,rot_x,rot_y,rot_z
0,0,-3.9701385498046875,7.562240600585909,-3.1634140014648438,6.6468353271484375,5.437055587768555,1.220855712890625,-1.7930870056152344,2.605850219726591,-0.6323547363281108,2.9803771972655966,1.2235412597656534,3.636398315429716,-4.5037307739257955,0.5163726806640625,3.1195526123046875,0.9398651123047159,8.121597290039062,-4.850177764892585,-0.36774730682373047,-18.77936363220215,-3.448570251464858,-0.3632469177246094,-3.3658440113067627,21.97638702392578,0.002509343670681119,-0.0027434267103672097,-0.0027434267103672097,-2.9789310228767363,-2.022809584717986,0.511444058681666
