,Unnamed: 0,left_eyebrow_18x,left_eyebrow_18y,left_eyebrow_20x,left_eyebrow_20y,left_eyebrow_22x,left_eyebrow_22y,right_eyebrow_23x,right_eyebrow_23y,right_eyebrow_25x,right_eyebrow_25y,right_eyebrow_27x,right_eyebrow_27y,left_eye38_x,left_eye38_y,right_eye45_x,right_eye45_y,left_lip49_x,left_lip49_y,lip_center_upper52_x,lip_center_upper52_y,right_lip55_x,right_lip55_y,lip_center_lower58_x,lip_center_lower58_y,trans_x,trans_y,trans_z,rot_x,rot_y,rot_z
0,0,15.013824462890625,-31.331008911132784,-2.4673004150390625,-8.057708740234375,-15.771308898925781,4.8520050048828125,-31.044295787811286,6.149307250976534,-2.8497314453125,16.66972351074216,3.3929443359375,14.652893066406222,8.325431823730469,-1.0452880859374716,11.801467895507812,2.2746734619140625,28.400321960449233,13.087860107421868,-29.72579264640808,1.8142890930175781,5.721900939941406,-42.51352500915527,-12.801693677902222,33.37517547607422,0.026613014284521334,-0.037551812827587135,-0.037551812827587135,-4.152588428504554,42.886855086995254,0.24861388579629207
