,Unnamed: 0,left_eyebrow_18x,left_eyebrow_18y,left_eyebrow_20x,left_eyebrow_20y,left_eyebrow_22x,left_eyebrow_22y,right_eyebrow_23x,right_eyebrow_23y,right_eyebrow_25x,right_eyebrow_25y,right_eyebrow_27x,right_eyebrow_27y,left_eye38_x,left_eye38_y,right_eye45_x,right_eye45_y,left_lip49_x,left_lip49_y,lip_center_upper52_x,lip_center_upper52_y,right_lip55_x,right_lip55_y,lip_center_lower58_x,lip_center_lower58_y,trans_x,trans_y,trans_z,rot_x,rot_y,rot_z
0,0,5.1455230712890625,-2.02099609375,5.762359619140625,0.7980651855469034,7.0724945068359375,3.07464599609375,-9.54023742675782,5.1120147705078125,-5.425636291503935,5.184799194335966,0.6771392822265625,1.800399780273409,1.9143295288085938,-8.723159790039062,-1.6703720092773438,-7.6011505126953125,-9.424606323242188,-5.088397979736321,-1.7829327583312984,2.6056861877441406,10.572959899902358,-14.42404556274414,3.785937309265136,28.369766235351562,-0.0040067806839942915,-0.011491615325212486,-0.011491615325212486,6.69548667400514,3.246618770911728,-1.062376440379242
