,Unnamed: 0,left_eyebrow_18x,left_eyebrow_18y,left_eyebrow_20x,left_eyebrow_20y,left_eyebrow_22x,left_eyebrow_22y,right_eyebrow_23x,right_eyebrow_23y,right_eyebrow_25x,right_eyebrow_25y,right_eyebrow_27x,right_eyebrow_27y,left_eye38_x,left_eye38_y,right_eye45_x,right_eye45_y,left_lip49_x,left_lip49_y,lip_center_upper52_x,lip_center_upper52_y,right_lip55_x,right_lip55_y,lip_center_lower58_x,lip_center_lower58_y,trans_x,trans_y,trans_z,rot_x,rot_y,rot_z
0,0,14.304244995117159,-34.32655334472656,-7.0336761474609375,-4.991821289062472,-20.513622283935547,8.563796997070312,-44.13710641860962,9.229690551757812,-14.115135192871108,24.960952758789062,3.7659606933594034,9.063934326171903,27.245697021484375,-5.808166503906222,7.4244384765625,1.6380004882812784,38.165691375732436,13.17374038696289,-28.612547874450687,18.734067916870117,16.98397827148436,-38.378904342651374,-11.336901406757534,23.51691436767578,0.022839187178760764,-0.04685312137007713,-0.04685312137007713,9.068983552219528,44.631753409997444,-1.114889980823897
