,Unnamed: 0,left_eyebrow_18x,left_eyebrow_18y,left_eyebrow_20x,left_eyebrow_20y,left_eyebrow_22x,left_eyebrow_22y,right_eyebrow_23x,right_eyebrow_23y,right_eyebrow_25x,right_eyebrow_25y,right_eyebrow_27x,right_eyebrow_27y,left_eye38_x,left_eye38_y,right_eye45_x,right_eye45_y,left_lip49_x,left_lip49_y,lip_center_upper52_x,lip_center_upper52_y,right_lip55_x,right_lip55_y,lip_center_lower58_x,lip_center_lower58_y,trans_x,trans_y,trans_z,rot_x,rot_y,rot_z
0,0,10.008636474609375,-13.121597290039062,-1.4666748046875,-4.419418334960909,-14.312294006347663,2.004852294921875,-1.8843231201171875,1.9818115234375,-0.21527099609377842,3.153488159179716,-1.1872100830078125,-1.3547973632812216,2.3904800415039062,5.434295654296875,0.9282684326171875,5.561325073242159,8.363945007324219,-7.791316986083984,-6.448606371879578,-9.890625,21.65406036376953,-25.079051971435547,-7.236671209335327,27.48650360107422,0.016667129704728723,-0.002270597964525216,-0.002270597964525216,3.6180036183384883,13.644906196970744,1.028329224869129
