,Unnamed: 0,left_eyebrow_18x,left_eyebrow_18y,left_eyebrow_20x,left_eyebrow_20y,left_eyebrow_22x,left_eyebrow_22y,right_eyebrow_23x,right_eyebrow_23y,right_eyebrow_25x,right_eyebrow_25y,right_eyebrow_27x,right_eyebrow_27y,left_eye38_x,left_eye38_y,right_eye45_x,right_eye45_y,left_lip49_x,left_lip49_y,lip_center_upper52_x,lip_center_upper52_y,right_lip55_x,right_lip55_y,lip_center_lower58_x,lip_center_lower58_y,trans_x,trans_y,trans_z,rot_x,rot_y,rot_z
0,0,2.1342620849609375,4.85601806640625,-2.251480102539091,6.8079833984375,1.0420188903808665,2.880615234375,-10.091550827026364,3.311737060546875,-0.2407684326171875,17.266464233398438,4.045928955078125,10.909210205078125,1.9198455810546875,-3.9768981933594034,0.72723388671875,-0.897216796875,5.6802291870117045,-7.015750885009773,-4.506814956665038,-8.502460479736328,6.3105621337890625,-20.986339569091797,-5.544133186340332,27.193756103515653,0.01017516478896141,-0.03300204500555992,-0.03300204500555992,0.9248377466787407,18.407028965080784,1.3289076817213126
