,Unnamed: 0,left_eyebrow_18x,left_eyebrow_18y,left_eyebrow_20x,left_eyebrow_20y,left_eyebrow_22x,left_eyebrow_22y,right_eyebrow_23x,right_eyebrow_23y,right_eyebrow_25x,right_eyebrow_25y,right_eyebrow_27x,right_eyebrow_27y,left_eye38_x,left_eye38_y,right_eye45_x,right_eye45_y,left_lip49_x,left_lip49_y,lip_center_upper52_x,lip_center_upper52_y,right_lip55_x,right_lip55_y,lip_center_lower58_x,lip_center_lower58_y,trans_x,trans_y,trans_z,rot_x,rot_y,rot_z
0,0,20.366867065429688,-37.11058044433594,-3.4637603759765625,-19.676086425781193,-22.377498626708984,2.0608673095703125,-34.38090229034424,0.4919891357421875,-8.259132385253935,15.343292236328153,1.73480224609375,12.483840942382812,18.329734802246094,-4.3176422119140625,5.5665740966796875,-0.21014404296875,23.776268005371094,13.89422607421875,-24.81786394119263,11.284904479980469,30.073974609375,-45.21517372131348,-7.988432884216309,24.494758605957017,0.025480129290372126,0.0011780671775340965,0.0011780671775340965,11.259125584474189,46.66362636134006,1.9562656002348262
