,Unnamed: 0,left_eyebrow_18x,left_eyebrow_18y,left_eyebrow_20x,left_eyebrow_20y,left_eyebrow_22x,left_eyebrow_22y,right_eyebrow_23x,right_eyebrow_23y,right_eyebrow_25x,right_eyebrow_25y,right_eyebrow_27x,right_eyebrow_27y,left_eye38_x,left_eye38_y,right_eye45_x,right_eye45_y,left_lip49_x,left_lip49_y,lip_center_upper52_x,lip_center_upper52_y,right_lip55_x,right_lip55_y,lip_center_lower58_x,lip_center_lower58_y,trans_x,trans_y,trans_z,rot_x,rot_y,rot_z
0,0,2.237106323242159,6.921234130859375,0.28619384765625,6.0703582763671875,3.0666542053222656,0.403045654296875,11.37924575805664,-1.6071472167969034,3.8230133056640483,4.360946655273409,-12.101608276367216,-3.4013977050780966,-5.602409362792983,2.210479736328125,-2.3315963745117188,-1.820999145507784,-12.130599975585952,-10.618350982666016,9.67890667915344,-4.699831008911133,-6.0073699951171875,5.506721496582031,3.3498938083648673,12.940269470214858,-0.0023563271388411505,-0.005085792392492294,-0.005085792392492294,-1.654818127179973,-17.108219618961222,2.1384235633740545
