,Unnamed: 0,left_eyebrow_18x,left_eyebrow_18y,left_eyebrow_20x,left_eyebrow_20y,left_eyebrow_22x,left_eyebrow_22y,right_eyebrow_23x,right_eyebrow_23y,right_eyebrow_25x,right_eyebrow_25y,right_eyebrow_27x,right_eyebrow_27y,left_eye38_x,left_eye38_y,right_eye45_x,right_eye45_y,left_lip49_x,left_lip49_y,lip_center_upper52_x,lip_center_upper52_y,right_lip55_x,right_lip55_y,lip_center_lower58_x,lip_center_lower58_y,trans_x,trans_y,trans_z,rot_x,rot_y,rot_z
0,0,17.42163085937497,-17.060043334960938,7.745811462402344,-1.8524017333984375,-7.891666412353516,1.8468322753906534,-13.251407623291016,1.782379150390625,-2.798759460449247,3.734725952148409,0.99395751953125,3.2359313964844034,-1.8277282714843892,5.5472412109375,6.844078063964844,5.623718261718778,5.836357116699219,6.515846252441406,-19.90259718894958,-3.0666370391845703,15.215278625488281,-17.608184814453125,-15.066128969192505,12.299514770507827,0.015301450155675413,-0.029057446867227554,-0.029057446867227554,-1.0934245867194052,42.93053177794038,3.26280259098779
