,Unnamed: 0,left_eyebrow_18x,left_eyebrow_18y,left_eyebrow_20x,left_eyebrow_20y,left_eyebrow_22x,left_eyebrow_22y,right_eyebrow_23x,right_eyebrow_23y,right_eyebrow_25x,right_eyebrow_25y,right_eyebrow_27x,right_eyebrow_27y,left_eye38_x,left_eye38_y,right_eye45_x,right_eye45_y,left_lip49_x,left_lip49_y,lip_center_upper52_x,lip_center_upper52_y,right_lip55_x,right_lip55_y,lip_center_lower58_x,lip_center_lower58_y,trans_x,trans_y,trans_z,rot_x,rot_y,rot_z
0,0,7.375534057617159,-3.4291229248046875,-0.05924224853514204,-0.6155548095703125,-2.5658531188964844,5.856903076171875,-15.39962005615235,4.2763214111328125,-7.031944274902344,12.664306640625,1.3551788330078125,8.3963623046875,1.0060424804687358,-5.2599029541015625,5.2987060546875,-3.034332275390625,11.340881347656264,1.010944366455071,-13.302040815353394,-9.089431762695312,7.516571044921861,-22.976024627685554,-8.239031553268433,30.70850372314453,0.007224826607853174,-0.0429464802145958,-0.0429464802145958,-4.308781738588554,23.648331763704434,-1.267022813024811
