,Unnamed: 0,left_eyebrow_18x,left_eyebrow_18y,left_eyebrow_20x,left_eyebrow_20y,left_eyebrow_22x,left_eyebrow_22y,right_eyebrow_23x,right_eyebrow_23y,right_eyebrow_25x,right_eyebrow_25y,right_eyebrow_27x,right_eyebrow_27y,left_eye38_x,left_eye38_y,right_eye45_x,right_eye45_y,left_lip49_x,left_lip49_y,lip_center_upper52_x,lip_center_upper52_y,right_lip55_x,right_lip55_y,lip_center_lower58_x,lip_center_lower58_y,trans_x,trans_y,trans_z,rot_x,rot_y,rot_z
0,0,4.5320587158203125,-1.15191650390625,0.5598678588867188,1.8280029296875,-3.882953643798828,4.3180694580078125,0.9382438659667969,3.99798583984375,-2.5170364379882812,7.100311279296847,-2.1655883789062784,0.3529815673828409,-2.2605667114257955,-0.61981201171875,3.6117019653320312,0.4318389892578409,-2.7918853759765625,-1.6758842468261648,-5.5331244468688965,-5.361061096191403,1.843048095703125,-5.415302276611328,-6.409389495849609,11.758178710937528,-0.0066191521473228905,-0.028697986155748367,-0.028697986155748367,0.9573892475287589,9.533238935150871,2.054364467003537
