,Unnamed: 0,left_eyebrow_18x,left_eyebrow_18y,left_eyebrow_20x,left_eyebrow_20y,left_eyebrow_22x,left_eyebrow_22y,right_eyebrow_23x,right_eyebrow_23y,right_eyebrow_25x,right_eyebrow_25y,right_eyebrow_27x,right_eyebrow_27y,left_eye38_x,left_eye38_y,right_eye45_x,right_eye45_y,left_lip49_x,left_lip49_y,lip_center_upper52_x,lip_center_upper52_y,right_lip55_x,right_lip55_y,lip_center_lower58_x,lip_center_lower58_y,trans_x,trans_y,trans_z,rot_x,rot_y,rot_z
0,0,-4.3544769287109375,3.5279998779296307,-1.3264770507812216,-0.452362060546875,4.301544189453132,8.975952148437443,-1.6669578552246094,11.82110595703125,1.0313568115234233,3.680099487304659,4.088348388671847,2.1480255126953125,-2.3318862915039062,-3.1762695312500284,4.085334777832017,-3.26123046875,9.310417175292969,3.0221519470214844,4.041539311408997,-5.286991119384769,-7.965972900390611,5.415004730224609,3.6364870071411133,-1.74957275390625,0.002900352235883475,-0.0009670257568359375,-0.0009670257568359375,4.621044612899224,-2.519077394379876,0.11972820022612285
