,Unnamed: 0,left_eyebrow_18x,left_eyebrow_18y,left_eyebrow_20x,left_eyebrow_20y,left_eyebrow_22x,left_eyebrow_22y,right_eyebrow_23x,right_eyebrow_23y,right_eyebrow_25x,right_eyebrow_25y,right_eyebrow_27x,right_eyebrow_27y,left_eye38_x,left_eye38_y,right_eye45_x,right_eye45_y,left_lip49_x,left_lip49_y,lip_center_upper52_x,lip_center_upper52_y,right_lip55_x,right_lip55_y,lip_center_lower58_x,lip_center_lower58_y,trans_x,trans_y,trans_z,rot_x,rot_y,rot_z
0,0,-3.9447021484375284,1.0758056640624716,3.951370239257841,9.005233764648438,12.182003021240234,12.424942016601562,-6.566184997558594,18.163925170898438,-3.144485473632841,10.507904052734375,5.92279052734375,-0.7470550537109091,-6.038253784179702,-10.524078369140653,-0.9016189575195312,-11.839630126953097,9.417991638183594,-4.818050384521477,0.995529055595398,-11.144727706909173,-14.05740356445311,-5.946300506591797,0.8632781505584717,25.911659240722656,0.0021063335007056594,-0.003446727991104126,-0.003446727991104126,8.177536579276335,-5.807022977889054,-3.524724134084086
