,Unnamed: 0,left_eyebrow_18x,left_eyebrow_18y,left_eyebrow_20x,left_eyebrow_20y,left_eyebrow_22x,left_eyebrow_22y,right_eyebrow_23x,right_eyebrow_23y,right_eyebrow_25x,right_eyebrow_25y,right_eyebrow_27x,right_eyebrow_27y,left_eye38_x,left_eye38_y,right_eye45_x,right_eye45_y,left_lip49_x,left_lip49_y,lip_center_upper52_x,lip_center_upper52_y,right_lip55_x,right_lip55_y,lip_center_lower58_x,lip_center_lower58_y,trans_x,trans_y,trans_z,rot_x,rot_y,rot_z
0,0,6.002853393554716,-13.76446533203125,4.012825012207003,3.8398590087890625,-2.881084442138679,7.058609008789091,-15.472761154174801,8.661361694335909,-5.947059631347656,11.256439208984375,2.9972229003906534,0.8812103271484091,4.484184265136733,-3.3271942138671875,2.69818115234375,-2.316909790039034,9.685470581054688,11.032543182373047,-10.68214750289917,3.1885948181152344,8.048721313476562,-10.854148864746094,-7.800500750541687,8.074607849121094,0.016753035131841898,-0.02230776473879815,-0.02230776473879815,1.2207208631266044,17.139529023882265,0.6847011601273965
