,Unnamed: 0,left_eyebrow_18x,left_eyebrow_18y,left_eyebrow_20x,left_eyebrow_20y,left_eyebrow_22x,left_eyebrow_22y,right_eyebrow_23x,right_eyebrow_23y,right_eyebrow_25x,right_eyebrow_25y,right_eyebrow_27x,right_eyebrow_27y,left_eye38_x,left_eye38_y,right_eye45_x,right_eye45_y,left_lip49_x,left_lip49_y,lip_center_upper52_x,lip_center_upper52_y,right_lip55_x,right_lip55_y,lip_center_lower58_x,lip_center_lower58_y,trans_x,trans_y,trans_z,rot_x,rot_y,rot_z
0,0,32.57643127441406,-44.5589294433594,5.026115417480483,1.0608978271484375,-34.40119552612305,12.08404541015625,-29.206310272216797,6.3546295166015625,-2.9286117553710938,11.644119262695284,3.74163818359375,10.26397705078125,19.786247253417955,2.686019897460909,10.119209289550781,1.269439697265625,41.89475631713867,26.557613372802734,-42.24199855327607,15.924383163452152,-4.382125854492202,-19.62325668334961,-15.667257189750671,19.162948608398438,0.03191985373996431,-0.018298309296369546,-0.018298309296369546,-1.5735183087551774,47.96369613928653,3.7285721922102235
