,Unnamed: 0,left_eyebrow_18x,left_eyebrow_18y,left_eyebrow_20x,left_eyebrow_20y,left_eyebrow_22x,left_eyebrow_22y,right_eyebrow_23x,right_eyebrow_23y,right_eyebrow_25x,right_eyebrow_25y,right_eyebrow_27x,right_eyebrow_27y,left_eye38_x,left_eye38_y,right_eye45_x,right_eye45_y,left_lip49_x,left_lip49_y,lip_center_upper52_x,lip_center_upper52_y,right_lip55_x,right_lip55_y,lip_center_lower58_x,lip_center_lower58_y,trans_x,trans_y,trans_z,rot_x,rot_y,rot_z
0,0,8.374816894531278,-4.5092315673828125,-2.7582015991210938,6.8654937744140625,-8.295310974121087,3.579742431640625,-14.677829742431644,2.096481323242216,-2.059722900390625,11.942550659179716,2.3264007568359375,13.151794433593722,3.98272705078125,-3.93670654296875,3.3577804565429688,-0.556640625,13.603805541992188,-13.487030029296875,-11.195019662380219,0.43638992309571734,15.924400329589844,-31.144672393798825,-5.407116651535036,31.774314880371094,0.017737433372531086,-0.030882079154253013,-0.030882079154253013,2.6198442924118845,16.667756968345273,-0.7823585344344883
