,Unnamed: 0,left_eyebrow_18x,left_eyebrow_18y,left_eyebrow_20x,left_eyebrow_20y,left_eyebrow_22x,left_eyebrow_22y,right_eyebrow_23x,right_eyebrow_23y,right_eyebrow_25x,right_eyebrow_25y,right_eyebrow_27x,right_eyebrow_27y,left_eye38_x,left_eye38_y,right_eye45_x,right_eye45_y,left_lip49_x,left_lip49_y,lip_center_upper52_x,lip_center_upper52_y,right_lip55_x,right_lip55_y,lip_center_lower58_x,lip_center_lower58_y,trans_x,trans_y,trans_z,rot_x,rot_y,rot_z
0,0,14.512573242187472,-21.525833129882812,3.8997116088867188,4.563919067382841,-6.2709808349609375,18.6956787109375,-24.054977416992188,22.520172119140597,-4.145805358886719,19.396331787109375,10.505569458007841,-0.142913818359375,-0.05962371826171875,1.1919097900390625,8.909683227539034,7.507720947265625,22.7653045654297,13.97122573852539,-36.02118253707886,5.050510406494141,-7.825157165527344,-11.912162780761719,-26.885124444961548,10.28607177734375,0.027377160498872403,-0.02724684216082096,-0.02724684216082096,-0.025649426992689683,32.24546609623049,0.7048218066902141
