,Unnamed: 0,left_eyebrow_18x,left_eyebrow_18y,left_eyebrow_20x,left_eyebrow_20y,left_eyebrow_22x,left_eyebrow_22y,right_eyebrow_23x,right_eyebrow_23y,right_eyebrow_25x,right_eyebrow_25y,right_eyebrow_27x,right_eyebrow_27y,left_eye38_x,left_eye38_y,right_eye45_x,right_eye45_y,left_lip49_x,left_lip49_y,lip_center_upper52_x,lip_center_upper52_y,right_lip55_x,right_lip55_y,lip_center_lower58_x,lip_center_lower58_y,trans_x,trans_y,trans_z,rot_x,rot_y,rot_z
0,0,32.129684448242216,-32.2286376953125,-7.920677185058594,-4.9404449462890625,-33.25707626342773,-0.2392120361328125,-42.2149069160223,0.3027954101562216,-4.772491455078125,11.509170532226562,6.956787109375,18.42424011230466,12.364295959472656,-0.358734130859375,2.811798095703125,4.6156005859375,45.54887771606445,-8.853019714355462,-27.138568818569187,4.516971588134773,19.16179656982422,-40.62162208557129,-9.83019232749939,28.150115966796875,0.035006823076400906,-0.024046469479799278,-0.024046469479799278,3.639797771678066,38.30835661655098,0.18946348038410332
