,Unnamed: 0,left_eyebrow_18x,left_eyebrow_18y,left_eyebrow_20x,left_eyebrow_20y,left_eyebrow_22x,left_eyebrow_22y,right_eyebrow_23x,right_eyebrow_23y,right_eyebrow_25x,right_eyebrow_25y,right_eyebrow_27x,right_eyebrow_27y,left_eye38_x,left_eye38_y,right_eye45_x,right_eye45_y,left_lip49_x,left_lip49_y,lip_center_upper52_x,lip_center_upper52_y,right_lip55_x,right_lip55_y,lip_center_lower58_x,lip_center_lower58_y,trans_x,trans_y,trans_z,rot_x,rot_y,rot_z
0,0,9.715484619140653,-13.58294677734375,-0.6984100341796733,9.153106689453153,-13.949188232421882,12.736648559570312,-14.345932006835938,12.468460083007812,-4.341651916503892,18.69026184082034,3.7403411865234375,6.835357666015625,6.571151733398423,-3.421127319335966,5.713462829589844,-2.0393676757812784,11.076889038085938,13.992778778076172,-21.77553927898407,-4.403745651245114,4.226905822753892,-16.571144104003906,-8.758560061454773,19.837913513183594,0.0058216401157551445,-0.02205942943692208,-0.02205942943692208,-1.802639712579683,31.30736272338966,1.3097067024248115
