,Unnamed: 0,left_eyebrow_18x,left_eyebrow_18y,left_eyebrow_20x,left_eyebrow_20y,left_eyebrow_22x,left_eyebrow_22y,right_eyebrow_23x,right_eyebrow_23y,right_eyebrow_25x,right_eyebrow_25y,right_eyebrow_27x,right_eyebrow_27y,left_eye38_x,left_eye38_y,right_eye45_x,right_eye45_y,left_lip49_x,left_lip49_y,lip_center_upper52_x,lip_center_upper52_y,right_lip55_x,right_lip55_y,lip_center_lower58_x,lip_center_lower58_y,trans_x,trans_y,trans_z,rot_x,rot_y,rot_z
0,0,26.19183349609372,-17.64788818359375,-11.755874633789062,-7.082672119140597,-34.66114044189453,-3.6653747558594034,-18.19182014465332,-8.363082885742188,1.7374725341796875,-1.961883544921875,4.880264282226534,10.314163208007812,17.403297424316392,-1.025924682617159,1.555671691894517,1.1121063232421875,31.969573974609375,-5.152065277099609,-28.96641206741333,-12.787092208862312,10.923423767089844,-30.73852348327637,-21.111474812030792,26.06377410888672,0.0319492663256824,-0.013746745884418488,-0.013746745884418488,-1.1196944062392662,42.85600156022508,-1.305171276757929
