,Unnamed: 0,left_eyebrow_18x,left_eyebrow_18y,left_eyebrow_20x,left_eyebrow_20y,left_eyebrow_22x,left_eyebrow_22y,right_eyebrow_23x,right_eyebrow_23y,right_eyebrow_25x,right_eyebrow_25y,right_eyebrow_27x,right_eyebrow_27y,left_eye38_x,left_eye38_y,right_eye45_x,right_eye45_y,left_lip49_x,left_lip49_y,lip_center_upper52_x,lip_center_upper52_y,right_lip55_x,right_lip55_y,lip_center_lower58_x,lip_center_lower58_y,trans_x,trans_y,trans_z,rot_x,rot_y,rot_z
0,0,-0.878631591796875,-1.0030364990234375,0.6393585205078267,10.667144775390625,-1.1128387451171875,10.953567504882812,-2.5488815307617188,11.6551513671875,-2.0170745849609375,13.395721435546847,2.600326538085909,0.066802978515625,2.282386779785142,-5.663681030273466,1.631385803222642,-3.1742401123046875,3.509002685546875,0.06543350219727273,-3.696065306663513,-6.148967742919918,-7.593154907226577,-5.005523681640625,0.06927955150604248,15.110557556152344,-0.003654418767837341,-0.002942930907011039,-0.002942930907011039,3.6943710615522685,5.161504536460527,1.5275638226109942
