,Unnamed: 0,left_eyebrow_18x,left_eyebrow_18y,left_eyebrow_20x,left_eyebrow_20y,left_eyebrow_22x,left_eyebrow_22y,right_eyebrow_23x,right_eyebrow_23y,right_eyebrow_25x,right_eyebrow_25y,right_eyebrow_27x,right_eyebrow_27y,left_eye38_x,left_eye38_y,right_eye45_x,right_eye45_y,left_lip49_x,left_lip49_y,lip_center_upper52_x,lip_center_upper52_y,right_lip55_x,right_lip55_y,lip_center_lower58_x,lip_center_lower58_y,trans_x,trans_y,trans_z,rot_x,rot_y,rot_z
0,0,-6.5583038330078125,16.261520385742216,-7.8328399658203125,-4.7700958251953125,8.165542602539062,-9.042755126953153,-3.4383506774902344,-5.3132476806640625,0.1473541259765625,-5.6216278076171875,-0.993743896484375,5.3705596923828125,3.0834808349609375,-5.273681640625,-2.6115646362304688,-3.9270782470703125,-9.122650146484375,-2.930828094482422,2.7854071855545044,-11.37234115600586,-0.7030029296875,10.318763732910156,1.3390743732452393,4.646507263183594,0.0054973006481304765,0.008928373456001282,0.008928373456001282,-5.92622587635776,-5.038807455569935,-0.3144918825536962
