,Unnamed: 0,left_eyebrow_18x,left_eyebrow_18y,left_eyebrow_20x,left_eyebrow_20y,left_eyebrow_22x,left_eyebrow_22y,right_eyebrow_23x,right_eyebrow_23y,right_eyebrow_25x,right_eyebrow_25y,right_eyebrow_27x,right_eyebrow_27y,left_eye38_x,left_eye38_y,right_eye45_x,right_eye45_y,left_lip49_x,left_lip49_y,lip_center_upper52_x,lip_center_upper52_y,right_lip55_x,right_lip55_y,lip_center_lower58_x,lip_center_lower58_y,trans_x,trans_y,trans_z,rot_x,rot_y,rot_z
0,0,11.716690063476562,-11.328598022460938,6.488800048828097,2.6405181884765625,-2.3950843811035227,3.1880950927734375,-26.284605026245117,10.501785278320284,-6.119972229003906,17.765304565429716,1.8854827880859375,14.811752319335938,8.467613220214844,-1.009521484375,9.494392395019545,-3.810546875,15.809494018554688,16.75961685180664,-25.341509491205215,-5.750125885009766,11.017356872558594,-18.787349700927734,-17.034694917500023,26.544357299804688,0.02175936894491315,-0.009315948933362968,-0.009315948933362968,-0.3407178978871226,39.86927454429849,7.039400930109771
