,Unnamed: 0,left_eyebrow_18x,left_eyebrow_18y,left_eyebrow_20x,left_eyebrow_20y,left_eyebrow_22x,left_eyebrow_22y,right_eyebrow_23x,right_eyebrow_23y,right_eyebrow_25x,right_eyebrow_25y,right_eyebrow_27x,right_eyebrow_27y,left_eye38_x,left_eye38_y,right_eye45_x,right_eye45_y,left_lip49_x,left_lip49_y,lip_center_upper52_x,lip_center_upper52_y,right_lip55_x,right_lip55_y,lip_center_lower58_x,lip_center_lower58_y,trans_x,trans_y,trans_z,rot_x,rot_y,rot_z
0,0,-5.5282745361328125,3.070816040039034,2.3019866943359375,9.11614990234375,13.351375579833984,3.7664489746094034,-5.628749847412109,13.019851684570312,-0.6370697021484375,13.338348388671903,7.431854248046875,0.448638916015625,-5.187774658203125,-5.001190185546875,-3.177429199218736,-4.7992706298828125,12.359657287597656,-3.361427307128899,-1.738703012466431,-13.727354049682614,-16.538002014160156,-1.2684478759765625,1.677571877837181,27.078964233398438,0.00433936039917171,-0.0132821686565876,-0.0132821686565876,3.038666983610403,-4.593321482781498,0.32301075929667333
