,Unnamed: 0,left_eyebrow_18x,left_eyebrow_18y,left_eyebrow_20x,left_eyebrow_20y,left_eyebrow_22x,left_eyebrow_22y,right_eyebrow_23x,right_eyebrow_23y,right_eyebrow_25x,right_eyebrow_25y,right_eyebrow_27x,right_eyebrow_27y,left_eye38_x,left_eye38_y,right_eye45_x,right_eye45_y,left_lip49_x,left_lip49_y,lip_center_upper52_x,lip_center_upper52_y,right_lip55_x,right_lip55_y,lip_center_lower58_x,lip_center_lower58_y,trans_x,trans_y,trans_z,rot_x,rot_y,rot_z
0,0,-1.006011962890625,0.15570068359377842,-0.16741180419921875,-2.531143188476534,0.11895370483399148,-1.49005126953125,0.5471267700195241,-1.7772369384765625,1.2479400634765625,-3.565933227539034,0.23057556152349434,-0.5236358642578125,-0.9159088134765483,7.2898406982421875,1.2283248901367188,6.13232421875,-5.183158874511719,-7.4030303955078125,-0.7311928272247314,-13.204072952270504,4.407684326171875,-5.982143402099609,-0.7912558019161224,20.756240844726562,0.0015547160292044282,-0.0007171295583248138,-0.0007171295583248138,-0.640940354076788,-0.7196113547139535,0.5038186173496938
