,Unnamed: 0,left_eyebrow_18x,left_eyebrow_18y,left_eyebrow_20x,left_eyebrow_20y,left_eyebrow_22x,left_eyebrow_22y,right_eyebrow_23x,right_eyebrow_23y,right_eyebrow_25x,right_eyebrow_25y,right_eyebrow_27x,right_eyebrow_27y,left_eye38_x,left_eye38_y,right_eye45_x,right_eye45_y,left_lip49_x,left_lip49_y,lip_center_upper52_x,lip_center_upper52_y,right_lip55_x,right_lip55_y,lip_center_lower58_x,lip_center_lower58_y,trans_x,trans_y,trans_z,rot_x,rot_y,rot_z
0,0,9.784637451171875,-2.84857177734375,1.62969970703125,-6.266143798828125,-4.942131042480469,-6.257263183593778,-13.409448623657227,-2.9505920410156534,-0.30319976806640625,6.909088134765597,5.2299041748046875,9.592636108398466,2.8361358642577983,-0.6753692626953125,2.4751510620117188,1.1832733154296875,0.18799591064454546,7.144447326660156,-15.639446496963501,3.0907154083251918,5.171928405761733,-15.345748901367188,-13.306063890457153,-2.536033630371108,0.005155359744094312,-0.03196746110916138,-0.03196746110916138,-2.9280105178233025,22.167857702846366,-1.2148421332191432
