,Unnamed: 0,left_eyebrow_18x,left_eyebrow_18y,left_eyebrow_20x,left_eyebrow_20y,left_eyebrow_22x,left_eyebrow_22y,right_eyebrow_23x,right_eyebrow_23y,right_eyebrow_25x,right_eyebrow_25y,right_eyebrow_27x,right_eyebrow_27y,left_eye38_x,left_eye38_y,right_eye45_x,right_eye45_y,left_lip49_x,left_lip49_y,lip_center_upper52_x,lip_center_upper52_y,right_lip55_x,right_lip55_y,lip_center_lower58_x,lip_center_lower58_y,trans_x,trans_y,trans_z,rot_x,rot_y,rot_z
0,0,46.314849853515625,-20.525375366210938,9.596321105957045,-2.2701416015625,-23.495216369628906,-1.8581390380859375,-40.67178010940552,-2.0781707763671875,-7.345184326171875,8.289245605468778,12.020492553710938,9.757080078124972,13.1572265625,2.979232788085966,2.1622695922851705,8.891998291015625,28.0723648071289,19.751914978027344,-35.1470068693161,-1.5636444091796875,3.364562988281236,-6.934165954589837,-24.632879719138145,2.8087539672851562,0.02940042778209317,-0.0010342933237552643,-0.0010342933237552643,2.631738455909482,45.13755259866539,3.7772300803074694
