,Unnamed: 0,left_eyebrow_18x,left_eyebrow_18y,left_eyebrow_20x,left_eyebrow_20y,left_eyebrow_22x,left_eyebrow_22y,right_eyebrow_23x,right_eyebrow_23y,right_eyebrow_25x,right_eyebrow_25y,right_eyebrow_27x,right_eyebrow_27y,left_eye38_x,left_eye38_y,right_eye45_x,right_eye45_y,left_lip49_x,left_lip49_y,lip_center_upper52_x,lip_center_upper52_y,right_lip55_x,right_lip55_y,lip_center_lower58_x,lip_center_lower58_y,trans_x,trans_y,trans_z,rot_x,rot_y,rot_z
0,0,35.0413513183594,-18.077316284179688,2.222434997558608,2.1303100585937784,-23.66954803466797,1.9531555175780966,-37.17294597625733,2.6584167480468466,-6.772613525390639,13.595886230468722,13.836883544921875,13.566879272460909,16.29498291015625,2.1566162109375,-3.8039398193359233,1.058868408203125,39.13362503051758,11.525547027587884,-41.55922007560729,7.469289779663086,-3.4361038208007812,-14.632980346679688,-24.244019627571106,13.163383483886719,0.040149696986190975,-0.012338845408521591,-0.012338845408521591,1.4630260044377907,41.25318103183065,1.3363053158897715
