,Unnamed: 0,left_eyebrow_18x,left_eyebrow_18y,left_eyebrow_20x,left_eyebrow_20y,left_eyebrow_22x,left_eyebrow_22y,right_eyebrow_23x,right_eyebrow_23y,right_eyebrow_25x,right_eyebrow_25y,right_eyebrow_27x,right_eyebrow_27y,left_eye38_x,left_eye38_y,right_eye45_x,right_eye45_y,left_lip49_x,left_lip49_y,lip_center_upper52_x,lip_center_upper52_y,right_lip55_x,right_lip55_y,lip_center_lower58_x,lip_center_lower58_y,trans_x,trans_y,trans_z,rot_x,rot_y,rot_z
0,0,-0.1325531005859375,-21.525222778320284,-8.828414916992216,-16.7802734375,-9.066680908203132,-3.1006164550781534,-21.655906677246094,-4.093154907226534,2.240875244140625,10.311538696289091,0.6946563720703409,10.7261962890625,18.956703186035156,3.0760040283203125,5.464668273925781,4.76983642578125,31.118019104003906,22.188968658447266,-26.016382336616516,-0.5041046142578054,12.815513610839858,-27.618368148803707,-11.60181736946106,9.611984252929688,0.018332552746869624,0.011061813682317748,0.011061813682317748,-3.0386546367027667,33.89834178156494,1.9213764326735578
