,Unnamed: 0,left_eyebrow_18x,left_eyebrow_18y,left_eyebrow_20x,left_eyebrow_20y,left_eyebrow_22x,left_eyebrow_22y,right_eyebrow_23x,right_eyebrow_23y,right_eyebrow_25x,right_eyebrow_25y,right_eyebrow_27x,right_eyebrow_27y,left_eye38_x,left_eye38_y,right_eye45_x,right_eye45_y,left_lip49_x,left_lip49_y,lip_center_upper52_x,lip_center_upper52_y,right_lip55_x,right_lip55_y,lip_center_lower58_x,lip_center_lower58_y,trans_x,trans_y,trans_z,rot_x,rot_y,rot_z
0,0,3.79864501953125,-0.041900634765625,8.328674316406222,3.7327728271484375,6.793052673339844,6.070343017578125,-19.00543975830078,9.659210205078153,-3.5635757446289062,18.083236694335966,4.376953125,15.002716064453125,-0.8177566528320455,-4.689605712890625,9.03055572509767,-7.954833984375,12.953041076660156,13.075748443603516,-14.709766060113907,-11.225911140441896,-2.5426025390625,-9.180419921875,-11.0606424883008,21.9153594970703,0.011702128220349554,-0.02407431602478028,-0.02407431602478028,-1.817433875705676,20.2279913714146,3.510038296822162
