,Unnamed: 0,left_eyebrow_18x,left_eyebrow_18y,left_eyebrow_20x,left_eyebrow_20y,left_eyebrow_22x,left_eyebrow_22y,right_eyebrow_23x,right_eyebrow_23y,right_eyebrow_25x,right_eyebrow_25y,right_eyebrow_27x,right_eyebrow_27y,left_eye38_x,left_eye38_y,right_eye45_x,right_eye45_y,left_lip49_x,left_lip49_y,lip_center_upper52_x,lip_center_upper52_y,right_lip55_x,right_lip55_y,lip_center_lower58_x,lip_center_lower58_y,trans_x,trans_y,trans_z,rot_x,rot_y,rot_z
0,0,7.004623413085966,-8.672790527343693,-1.35589599609375,-4.386123657226534,-8.972976684570305,-1.5213623046875284,-6.9296226501464915,-2.3312530517578125,1.7877044677734375,1.889022827148466,1.8306274414062784,5.5888824462890625,2.1968765258789062,8.788345336914062,4.7024078369140625,6.95721435546875,5.408332824707031,0.46039581298828125,-14.054971814155579,-11.595708847045898,15.065582275390625,-16.059818267822266,-8.847593069076538,21.514625549316406,0.018061476992443204,-0.023493692278862,-0.023493692278862,-4.608873192054414,15.748275259800982,0.777202884581172
