,Unnamed: 0,left_eyebrow_18x,left_eyebrow_18y,left_eyebrow_20x,left_eyebrow_20y,left_eyebrow_22x,left_eyebrow_22y,right_eyebrow_23x,right_eyebrow_23y,right_eyebrow_25x,right_eyebrow_25y,right_eyebrow_27x,right_eyebrow_27y,left_eye38_x,left_eye38_y,right_eye45_x,right_eye45_y,left_lip49_x,left_lip49_y,lip_center_upper52_x,lip_center_upper52_y,right_lip55_x,right_lip55_y,lip_center_lower58_x,lip_center_lower58_y,trans_x,trans_y,trans_z,rot_x,rot_y,rot_z
0,0,5.65777587890625,-14.774780273437472,6.540596008300781,1.129669189453125,-3.7831153869628977,14.390625,-15.015495300292969,15.59912109375,-4.121421813964844,10.474365234375028,7.747283935546875,1.3047943115234375,0.23345184326171875,3.8491668701171875,5.466560363769517,3.1854400634765625,18.424972534179688,-0.28515625,-19.26736068725586,1.7775459289550852,4.505348205566406,-18.709033966064446,-15.585208654403687,23.83777618408203,0.0008059702813625301,-0.026107102632522583,-0.026107102632522583,6.344496322076185,27.078580829723837,-2.940290931049731
