,Unnamed: 0,left_eyebrow_18x,left_eyebrow_18y,left_eyebrow_20x,left_eyebrow_20y,left_eyebrow_22x,left_eyebrow_22y,right_eyebrow_23x,right_eyebrow_23y,right_eyebrow_25x,right_eyebrow_25y,right_eyebrow_27x,right_eyebrow_27y,left_eye38_x,left_eye38_y,right_eye45_x,right_eye45_y,left_lip49_x,left_lip49_y,lip_center_upper52_x,lip_center_upper52_y,right_lip55_x,right_lip55_y,lip_center_lower58_x,lip_center_lower58_y,trans_x,trans_y,trans_z,rot_x,rot_y,rot_z
0,0,-3.4337768554687784,2.656402587890682,-8.671478271484375,-8.79779052734375,-1.6204681396484375,-4.794342041015625,-9.49809455871582,-3.65655517578125,-1.134368896484375,4.318695068359375,1.86981201171875,6.1810302734375,7.9546051025390625,-4.36602783203125,1.9250946044921875,0.809539794921875,6.649833679199219,9.656757354736328,-7.210881352424622,-7.796564102172848,10.0247802734375,-4.891075134277344,-4.368473291397095,4.914375305175781,0.00908422248903662,0.0036130398511886666,0.0036130398511886666,-5.386482327714835,14.630357929691117,-1.3175554279937791
