,Unnamed: 0,left_eyebrow_18x,left_eyebrow_18y,left_eyebrow_20x,left_eyebrow_20y,left_eyebrow_22x,left_eyebrow_22y,right_eyebrow_23x,right_eyebrow_23y,right_eyebrow_25x,right_eyebrow_25y,right_eyebrow_27x,right_eyebrow_27y,left_eye38_x,left_eye38_y,right_eye45_x,right_eye45_y,left_lip49_x,left_lip49_y,lip_center_upper52_x,lip_center_upper52_y,right_lip55_x,right_lip55_y,lip_center_lower58_x,lip_center_lower58_y,trans_x,trans_y,trans_z,rot_x,rot_y,rot_z
0,0,5.0922698974609375,-12.670959472656278,0.5926055908202841,4.718292236328125,-2.562309265136726,8.983657836914091,-15.588039398193366,15.835922241210909,-4.737525939941378,18.710128784179688,6.905334472656278,2.0202026367187784,0.2754058837890625,-3.371368408203125,3.6668548583984375,-3.843994140625,24.94280242919922,7.61279296875,-15.0007905960083,-13.253923416137695,-4.8968048095703125,-12.344558715820312,-5.348695412278175,26.07275390625,0.008473359979689121,-0.031043510884046555,-0.031043510884046555,2.0759929141378897,24.824055180683583,-0.783678851583336
