,Unnamed: 0,left_eyebrow_18x,left_eyebrow_18y,left_eyebrow_20x,left_eyebrow_20y,left_eyebrow_22x,left_eyebrow_22y,right_eyebrow_23x,right_eyebrow_23y,right_eyebrow_25x,right_eyebrow_25y,right_eyebrow_27x,right_eyebrow_27y,left_eye38_x,left_eye38_y,right_eye45_x,right_eye45_y,left_lip49_x,left_lip49_y,lip_center_upper52_x,lip_center_upper52_y,right_lip55_x,right_lip55_y,lip_center_lower58_x,lip_center_lower58_y,trans_x,trans_y,trans_z,rot_x,rot_y,rot_z
0,0,-1.867279052734375,9.447891235351562,2.3351974487304403,3.4696502685546875,8.861640930175781,2.3057098388671875,-11.467159271240234,9.535491943359375,0.8069152832031534,11.049819946289091,7.9960784912109375,15.06982421875,-6.484886169433608,-4.5776214599609375,0.9330749511718892,-10.567733764648409,11.727493286132812,3.066192626953125,3.9866860806941986,-12.924270629882812,-13.963264465332031,-0.5624542236328125,3.386188976466656,19.3018798828125,0.004208267200738192,-0.002951212227344513,-0.002951212227344513,-2.2045871347866512,-2.1288377723788865,3.0147088970388616
