,Unnamed: 0,left_eyebrow_18x,left_eyebrow_18y,left_eyebrow_20x,left_eyebrow_20y,left_eyebrow_22x,left_eyebrow_22y,right_eyebrow_23x,right_eyebrow_23y,right_eyebrow_25x,right_eyebrow_25y,right_eyebrow_27x,right_eyebrow_27y,left_eye38_x,left_eye38_y,right_eye45_x,right_eye45_y,left_lip49_x,left_lip49_y,lip_center_upper52_x,lip_center_upper52_y,right_lip55_x,right_lip55_y,lip_center_lower58_x,lip_center_lower58_y,trans_x,trans_y,trans_z,rot_x,rot_y,rot_z
0,0,33.566879272460966,-35.2455139160156,-8.526153564453153,-21.26979064941412,-28.277816772460938,2.8614501953124716,-41.9791841506958,-0.5559082031249432,-1.9018630981445312,2.113754272460909,11.016082763671875,8.815139770507784,13.212051391601562,2.8993377685546875,6.957572937011719,5.5257720947265625,64.82054519653322,20.801124572753906,-34.07829546928406,10.762130737304695,-5.156570434570298,-17.54159164428711,-13.508474946022034,14.654144287109375,0.047833142802119255,-0.024402696639299386,-0.024402696639299386,-5.219340589171388,41.89175194322317,-4.080953902389986
