,Unnamed: 0,left_eyebrow_18x,left_eyebrow_18y,left_eyebrow_20x,left_eyebrow_20y,left_eyebrow_22x,left_eyebrow_22y,right_eyebrow_23x,right_eyebrow_23y,right_eyebrow_25x,right_eyebrow_25y,right_eyebrow_27x,right_eyebrow_27y,left_eye38_x,left_eye38_y,right_eye45_x,right_eye45_y,left_lip49_x,left_lip49_y,lip_center_upper52_x,lip_center_upper52_y,right_lip55_x,right_lip55_y,lip_center_lower58_x,lip_center_lower58_y,trans_x,trans_y,trans_z,rot_x,rot_y,rot_z
0,0,48.259307861328125,-44.00918579101565,12.386497497558608,-6.6949005126953125,-28.29283905029297,9.847335815429716,-59.39365482330322,11.030212402343722,-15.149696350097656,4.8822784423828125,16.03211975097659,8.342117309570312,16.062049865722656,-3.9837799072265625,-1.076568603515625,0.052001953125,44.749370574951165,24.269149780273438,-27.67412731051445,11.287673950195312,21.569961547851562,-20.771566390991207,-4.568602502346039,8.47171783447267,0.04407131811603904,-0.014823701232671738,-0.014823701232671738,8.693107676520286,39.26850889063642,0.5849750850744435
