,Unnamed: 0,left_eyebrow_18x,left_eyebrow_18y,left_eyebrow_20x,left_eyebrow_20y,left_eyebrow_22x,left_eyebrow_22y,right_eyebrow_23x,right_eyebrow_23y,right_eyebrow_25x,right_eyebrow_25y,right_eyebrow_27x,right_eyebrow_27y,left_eye38_x,left_eye38_y,right_eye45_x,right_eye45_y,left_lip49_x,left_lip49_y,lip_center_upper52_x,lip_center_upper52_y,right_lip55_x,right_lip55_y,lip_center_lower58_x,lip_center_lower58_y,trans_x,trans_y,trans_z,rot_x,rot_y,rot_z
0,0,8.230361938476591,-17.418350219726562,-5.0428009033203125,-2.58929443359375,-23.319599151611328,14.615707397460966,10.102718353271484,22.32756042480466,3.5265731811523295,4.8236846923828125,7.3358917236328125,-3.8666839599609375,2.8667373657226562,-1.9498748779296875,1.8240127563476705,0.88653564453125,17.7085723876953,-1.3966217041015554,-12.686962246894836,-9.674659729003906,4.50238037109375,-21.965984344482422,-10.47573208808899,36.147132873535156,0.0044096714118495575,-0.01999033614993096,-0.01999033614993096,4.448608232712576,20.50385870256602,0.6432134010599925
