,Unnamed: 0,left_eyebrow_18x,left_eyebrow_18y,left_eyebrow_20x,left_eyebrow_20y,left_eyebrow_22x,left_eyebrow_22y,right_eyebrow_23x,right_eyebrow_23y,right_eyebrow_25x,right_eyebrow_25y,right_eyebrow_27x,right_eyebrow_27y,left_eye38_x,left_eye38_y,right_eye45_x,right_eye45_y,left_lip49_x,left_lip49_y,lip_center_upper52_x,lip_center_upper52_y,right_lip55_x,right_lip55_y,lip_center_lower58_x,lip_center_lower58_y,trans_x,trans_y,trans_z,rot_x,rot_y,rot_z
0,0,-4.075698852539034,-0.07873535156247158,-3.2635803222656534,2.7626953125,-0.8467597961425781,8.276000976562472,1.6039199829101562,11.647171020507841,-0.36962127685546875,9.345703125,7.3423004150390625,0.13414001464840908,-3.160552978515625,-3.5450897216796875,3.1026840209960938,1.9960784912109375,13.99991607666017,-5.674991607666016,-1.622682809829712,-11.186145782470703,-12.412406921386719,-12.858570098876953,0.27482724189758323,16.6002197265625,-0.0036784792318940163,-0.010989844799041748,-0.010989844799041748,5.336033809584303,0.21330970792820825,-3.2157497741566328
