,Unnamed: 0,left_eyebrow_18x,left_eyebrow_18y,left_eyebrow_20x,left_eyebrow_20y,left_eyebrow_22x,left_eyebrow_22y,right_eyebrow_23x,right_eyebrow_23y,right_eyebrow_25x,right_eyebrow_25y,right_eyebrow_27x,right_eyebrow_27y,left_eye38_x,left_eye38_y,right_eye45_x,right_eye45_y,left_lip49_x,left_lip49_y,lip_center_upper52_x,lip_center_upper52_y,right_lip55_x,right_lip55_y,lip_center_lower58_x,lip_center_lower58_y,trans_x,trans_y,trans_z,rot_x,rot_y,rot_z
0,0,21.49751281738284,-18.142608642578153,-17.700599670410142,-16.809356689453125,-31.190006256103516,-3.4420013427734375,-21.940431594848633,-5.078674316406222,4.173210144042983,3.016464233398466,8.047134399414062,15.154525756835938,15.357688903808594,9.578384399414062,12.465385437011719,12.097854614257812,35.377681732177734,20.534706115722656,-25.703997969627377,3.346393585205071,12.13827514648439,-30.025409698486328,-13.292697131633757,-3.9772186279296733,0.020314259221777323,0.026324182748794556,0.026324182748794556,-10.537137987620588,35.58743501220072,0.4978685677100459
