,Unnamed: 0,left_eyebrow_18x,left_eyebrow_18y,left_eyebrow_20x,left_eyebrow_20y,left_eyebrow_22x,left_eyebrow_22y,right_eyebrow_23x,right_eyebrow_23y,right_eyebrow_25x,right_eyebrow_25y,right_eyebrow_27x,right_eyebrow_27y,left_eye38_x,left_eye38_y,right_eye45_x,right_eye45_y,left_lip49_x,left_lip49_y,lip_center_upper52_x,lip_center_upper52_y,right_lip55_x,right_lip55_y,lip_center_lower58_x,lip_center_lower58_y,trans_x,trans_y,trans_z,rot_x,rot_y,rot_z
0,0,-3.203353881835909,7.0234375,1.0564346313476562,5.986190795898409,5.775917053222649,7.692337036132841,-7.31635665893554,4.06622314453125,-2.8444366455078267,4.0239410400390625,1.2653656005859375,4.0771942138671875,-0.5994415283203125,-10.863861083984403,3.2426071166992188,-7.348190307617216,10.763160705566406,-4.470928192138672,0.983253002166748,-18.316570281982425,-3.6623611450195312,-4.2471466064453125,-1.8476084172725677,20.314102172851562,0.0004400564939714968,-0.006931651383638375,-0.006931651383638375,2.124796698611548,0.032409053656447195,0.02927670050322939
