,Unnamed: 0,left_eyebrow_18x,left_eyebrow_18y,left_eyebrow_20x,left_eyebrow_20y,left_eyebrow_22x,left_eyebrow_22y,right_eyebrow_23x,right_eyebrow_23y,right_eyebrow_25x,right_eyebrow_25y,right_eyebrow_27x,right_eyebrow_27y,left_eye38_x,left_eye38_y,right_eye45_x,right_eye45_y,left_lip49_x,left_lip49_y,lip_center_upper52_x,lip_center_upper52_y,right_lip55_x,right_lip55_y,lip_center_lower58_x,lip_center_lower58_y,trans_x,trans_y,trans_z,rot_x,rot_y,rot_z
0,0,6.316513061523494,0.0901947021484375,-3.2570114135741903,1.9812011718749716,-4.606842041015625,6.16351318359375,-12.741464614868164,3.7591705322265625,-2.9937286376952983,8.714553833007812,-0.4240264892578125,8.367904663085938,6.45208740234375,-8.507720947265653,8.987129211425781,-3.0443725585937216,12.302528381347656,4.564895629882827,-13.110230684280397,-15.287651062011719,3.1150741577148438,-11.888858795166016,-15.23095440864563,22.27086639404297,0.0068425232311710715,-0.013235930353403084,-0.013235930353403084,-2.1531430931296347,24.747493964986713,-0.9346575193811549
