,Unnamed: 0,left_eyebrow_18x,left_eyebrow_18y,left_eyebrow_20x,left_eyebrow_20y,left_eyebrow_22x,left_eyebrow_22y,right_eyebrow_23x,right_eyebrow_23y,right_eyebrow_25x,right_eyebrow_25y,right_eyebrow_27x,right_eyebrow_27y,left_eye38_x,left_eye38_y,right_eye45_x,right_eye45_y,left_lip49_x,left_lip49_y,lip_center_upper52_x,lip_center_upper52_y,right_lip55_x,right_lip55_y,lip_center_lower58_x,lip_center_lower58_y,trans_x,trans_y,trans_z,rot_x,rot_y,rot_z
0,0,4.938400268554716,-8.205642700195284,-6.7976226806640625,0.0216064453125,-12.648273468017578,7.793258666992131,-10.862707138061523,12.153060913085994,-0.8507308959960938,11.33171081542963,5.57421875,6.484008789062472,3.7796096801757812,-2.6656951904296875,7.609046936035156,2.764923095703125,25.984642028808608,4.851665496826172,-11.86751914024353,-8.880279541015625,0.67803955078125,-18.050495147705078,-10.106588006019592,20.71771240234375,0.01144403126090765,-0.04020394757390022,-0.04020394757390022,-0.44024839737855537,20.426396685712707,-3.8630873601398372
