,Unnamed: 0,left_eyebrow_18x,left_eyebrow_18y,left_eyebrow_20x,left_eyebrow_20y,left_eyebrow_22x,left_eyebrow_22y,right_eyebrow_23x,right_eyebrow_23y,right_eyebrow_25x,right_eyebrow_25y,right_eyebrow_27x,right_eyebrow_27y,left_eye38_x,left_eye38_y,right_eye45_x,right_eye45_y,left_lip49_x,left_lip49_y,lip_center_upper52_x,lip_center_upper52_y,right_lip55_x,right_lip55_y,lip_center_lower58_x,lip_center_lower58_y,trans_x,trans_y,trans_z,rot_x,rot_y,rot_z
0,0,3.879776000976591,-8.192306518554688,-1.3912429809570312,0.7582855224609659,-2.7886123657226634,7.456176757812528,-8.806396484374993,-0.89630126953125,5.511436462402344,7.789779663085994,5.878173828125,7.276824951171875,-0.901344299316392,5.590301513671847,2.45269775390625,5.870315551757841,12.741310119628906,-1.0988388061523438,-7.015136301517487,-0.068389892578125,11.843299865722656,-19.392986297607422,-2.227414011955262,21.12151336669922,0.021611605072394013,-0.029454898089170435,-0.029454898089170435,-1.9311568815338802,9.284534033661304,-2.715402582488979
