,Unnamed: 0,left_eyebrow_18x,left_eyebrow_18y,left_eyebrow_20x,left_eyebrow_20y,left_eyebrow_22x,left_eyebrow_22y,right_eyebrow_23x,right_eyebrow_23y,right_eyebrow_25x,right_eyebrow_25y,right_eyebrow_27x,right_eyebrow_27y,left_eye38_x,left_eye38_y,right_eye45_x,right_eye45_y,left_lip49_x,left_lip49_y,lip_center_upper52_x,lip_center_upper52_y,right_lip55_x,right_lip55_y,lip_center_lower58_x,lip_center_lower58_y,trans_x,trans_y,trans_z,rot_x,rot_y,rot_z
0,0,0.5501098632812216,0.4066314697265625,-3.6655807495117188,1.036376953125,-7.430820465087891,0.547821044921875,6.630775451660156,0.52581787109375,2.2307052612304688,3.4154510498046875,2.216033935546875,1.4825897216796875,-1.1892471313476562,1.7417602539062784,0.5156402587890625,3.318328857421875,5.628425598144531,-5.122261047363281,-2.0020488500595093,-11.15557861328125,-2.5157012939453125,-10.697235107421875,2.315877810120582,18.391464233398438,-0.003300480078905821,-0.009680747985839844,-0.009680747985839844,-1.3127058267229241,2.3390904260644714,-0.027333133481132588
