,Unnamed: 0,left_eyebrow_18x,left_eyebrow_18y,left_eyebrow_20x,left_eyebrow_20y,left_eyebrow_22x,left_eyebrow_22y,right_eyebrow_23x,right_eyebrow_23y,right_eyebrow_25x,right_eyebrow_25y,right_eyebrow_27x,right_eyebrow_27y,left_eye38_x,left_eye38_y,right_eye45_x,right_eye45_y,left_lip49_x,left_lip49_y,lip_center_upper52_x,lip_center_upper52_y,right_lip55_x,right_lip55_y,lip_center_lower58_x,lip_center_lower58_y,trans_x,trans_y,trans_z,rot_x,rot_y,rot_z
0,0,6.3719482421875,-5.9449005126953125,-1.4860305786132812,-7.546112060546875,-9.118927001953125,-5.7053680419921875,9.233905792236328,-7.6054229736328125,2.1698608398437216,-6.371734619140653,-2.1124420166015625,-4.449966430664034,-1.241447448730483,5.926910400390625,1.3182907104492188,8.934951782226562,-1.9262008666992472,-2.5712661743164062,0.5775167942047119,-6.264358520507809,0.20452880859375,-7.893821716308601,2.8572498559951782,1.9129104614257812,-0.0003881941083818674,0.000746414065361023,0.000746414065361023,-4.751108526945345,-2.230999042463133,-1.216052719281667
