,Unnamed: 0,left_eyebrow_18x,left_eyebrow_18y,left_eyebrow_20x,left_eyebrow_20y,left_eyebrow_22x,left_eyebrow_22y,right_eyebrow_23x,right_eyebrow_23y,right_eyebrow_25x,right_eyebrow_25y,right_eyebrow_27x,right_eyebrow_27y,left_eye38_x,left_eye38_y,right_eye45_x,right_eye45_y,left_lip49_x,left_lip49_y,lip_center_upper52_x,lip_center_upper52_y,right_lip55_x,right_lip55_y,lip_center_lower58_x,lip_center_lower58_y,trans_x,trans_y,trans_z,rot_x,rot_y,rot_z
0,0,-2.68994140625,-3.3864593505859375,5.8456954956054545,5.164947509765625,7.264354705810547,17.91778564453128,-5.290798187255859,11.99090576171875,-2.5482711791992188,6.135284423828125,2.7024841308593466,-3.1306762695312784,-2.5123291015625,2.2086334228515625,1.2671279907226562,-0.288665771484375,2.183319091796875,-16.87221908569336,-4.620896637439728,5.039337158203125,-0.6868438720703125,-17.046302795410156,-2.0945544838905334,6.507926940917969,-0.0006382204592227927,-0.011248975992202759,-0.011248975992202759,7.628656441700489,0.46305063199793306,0.6917626214541244
