,Unnamed: 0,left_eyebrow_18x,left_eyebrow_18y,left_eyebrow_20x,left_eyebrow_20y,left_eyebrow_22x,left_eyebrow_22y,right_eyebrow_23x,right_eyebrow_23y,right_eyebrow_25x,right_eyebrow_25y,right_eyebrow_27x,right_eyebrow_27y,left_eye38_x,left_eye38_y,right_eye45_x,right_eye45_y,left_lip49_x,left_lip49_y,lip_center_upper52_x,lip_center_upper52_y,right_lip55_x,right_lip55_y,lip_center_lower58_x,lip_center_lower58_y,trans_x,trans_y,trans_z,rot_x,rot_y,rot_z
0,0,15.370101928710966,-31.70440673828125,-1.2671356201171875,0.0788116455078125,-20.849685668945312,19.325347900390597,-33.688270568847656,14.532974243164034,-6.462188720703125,14.337036132812472,4.9324188232421875,6.896636962890625,11.123092651367188,1.5607299804687216,9.24212646484375,6.4052734375,46.28592300415039,-1.6359024047851634,-26.54089641571045,6.019664764404297,10.983322143554688,-33.89589500427246,-15.768936693668365,9.217559814453125,0.012827862054109573,-0.011083260178565979,-0.011083260178565979,4.195728616252862,41.27812506889197,1.3657720527081398
