,Unnamed: 0,left_eyebrow_18x,left_eyebrow_18y,left_eyebrow_20x,left_eyebrow_20y,left_eyebrow_22x,left_eyebrow_22y,right_eyebrow_23x,right_eyebrow_23y,right_eyebrow_25x,right_eyebrow_25y,right_eyebrow_27x,right_eyebrow_27y,left_eye38_x,left_eye38_y,right_eye45_x,right_eye45_y,left_lip49_x,left_lip49_y,lip_center_upper52_x,lip_center_upper52_y,right_lip55_x,right_lip55_y,lip_center_lower58_x,lip_center_lower58_y,trans_x,trans_y,trans_z,rot_x,rot_y,rot_z
0,0,24.306289672851562,-19.579116821289062,0.2515106201172159,-1.161148071289034,-17.390384674072273,2.592926025390625,-29.912229537963874,-2.9134979248046875,-4.118629455566435,8.106246948242188,6.5009307861328125,9.76506042480463,12.626815795898438,2.370239257812557,-0.5118713378906392,0.394317626953125,26.51166534423828,8.67652893066407,-37.38671875,1.1575508117675781,10.937522888183594,-18.986358642578125,-24.183586597442623,7.301750183105469,0.028404096927260983,0.003415040671825402,0.003415040671825402,-2.9383576553776427,35.014345592229965,1.497223299491806
