,Unnamed: 0,left_eyebrow_18x,left_eyebrow_18y,left_eyebrow_20x,left_eyebrow_20y,left_eyebrow_22x,left_eyebrow_22y,right_eyebrow_23x,right_eyebrow_23y,right_eyebrow_25x,right_eyebrow_25y,right_eyebrow_27x,right_eyebrow_27y,left_eye38_x,left_eye38_y,right_eye45_x,right_eye45_y,left_lip49_x,left_lip49_y,lip_center_upper52_x,lip_center_upper52_y,right_lip55_x,right_lip55_y,lip_center_lower58_x,lip_center_lower58_y,trans_x,trans_y,trans_z,rot_x,rot_y,rot_z
0,0,14.782363891601562,-30.78308105468747,2.286773681640639,-11.420761108398438,-10.733913421630852,0.5221099853515625,-27.70163631439209,3.534927368164091,-1.9559555053710938,19.801284790039062,0.8207855224609375,11.392105102539062,16.5885772705078,0.33404541015625,9.301254272460938,5.423919677734375,30.078788757324233,21.641746520996094,-34.11343336105347,6.136877059936523,13.032646179199205,-32.408765792846694,-15.385339736938477,13.21207427978517,0.005033437162637705,-0.0012141838669776847,-0.0012141838669776847,6.181306032417646,54.34169002293009,2.631188929527577
