,Unnamed: 0,left_eyebrow_18x,left_eyebrow_18y,left_eyebrow_20x,left_eyebrow_20y,left_eyebrow_22x,left_eyebrow_22y,right_eyebrow_23x,right_eyebrow_23y,right_eyebrow_25x,right_eyebrow_25y,right_eyebrow_27x,right_eyebrow_27y,left_eye38_x,left_eye38_y,right_eye45_x,right_eye45_y,left_lip49_x,left_lip49_y,lip_center_upper52_x,lip_center_upper52_y,right_lip55_x,right_lip55_y,lip_center_lower58_x,lip_center_lower58_y,trans_x,trans_y,trans_z,rot_x,rot_y,rot_z
0,0,5.649749755859375,-6.75811767578125,6.523185729980469,-5.297821044921875,2.250316619873047,-1.88037109375,-22.346006393432617,-5.66668701171875,-1.5032806396484375,1.159103393554716,5.296432495117216,12.966400146484403,1.6624908447265767,2.308166503906307,9.145278930664062,1.62371826171875,12.427482604980455,8.512351989746094,-15.421586275100708,-16.391794204711914,4.898818969726577,-18.998558044433594,-9.472580313682556,12.251777648925753,-0.007519211154431104,0.004166429862380028,0.004166429862380028,-1.8440548463746294,31.318616769914215,-0.6984878954404372
