,Unnamed: 0,left_eyebrow_18x,left_eyebrow_18y,left_eyebrow_20x,left_eyebrow_20y,left_eyebrow_22x,left_eyebrow_22y,right_eyebrow_23x,right_eyebrow_23y,right_eyebrow_25x,right_eyebrow_25y,right_eyebrow_27x,right_eyebrow_27y,left_eye38_x,left_eye38_y,right_eye45_x,right_eye45_y,left_lip49_x,left_lip49_y,lip_center_upper52_x,lip_center_upper52_y,right_lip55_x,right_lip55_y,lip_center_lower58_x,lip_center_lower58_y,trans_x,trans_y,trans_z,rot_x,rot_y,rot_z
0,0,-1.2770996093750284,6.9662628173828125,1.662109375,-5.9288482666015625,6.825000762939453,-4.887573242187528,-12.292709350585938,-6.9464111328125,-2.2930526733398295,-4.6392974853515625,1.3318328857421875,7.349502563476591,-4.402061462402344,0.1360931396484375,5.82891845703125,0.4599456787109091,5.443237304687486,-2.192859649658203,-0.8833377361297607,-18.048477172851566,-0.5404815673828125,-7.164237976074219,-0.2872472181916237,8.739173889160142,-0.008284129668027163,0.008385099470615387,0.008385099470615387,-3.4459270535219133,7.773235663989341,-2.094285614685681
