,Unnamed: 0,left_eyebrow_18x,left_eyebrow_18y,left_eyebrow_20x,left_eyebrow_20y,left_eyebrow_22x,left_eyebrow_22y,right_eyebrow_23x,right_eyebrow_23y,right_eyebrow_25x,right_eyebrow_25y,right_eyebrow_27x,right_eyebrow_27y,left_eye38_x,left_eye38_y,right_eye45_x,right_eye45_y,left_lip49_x,left_lip49_y,lip_center_upper52_x,lip_center_upper52_y,right_lip55_x,right_lip55_y,lip_center_lower58_x,lip_center_lower58_y,trans_x,trans_y,trans_z,rot_x,rot_y,rot_z
0,0,18.936965942382784,-32.09153747558594,-10.066551208496094,-19.254318237304688,-29.751834869384766,-3.7883605957030966,-18.287506103515625,-4.6754302978515625,6.25275421142581,5.1290130615234375,8.272811889648438,12.818115234375,13.23590087890625,4.744735717773466,2.005729675292983,6.7009735107421875,45.71223449707031,12.475051879882812,-33.75628554821014,1.198284149169929,2.5699615478515767,-28.007970809936527,-13.534544333815573,21.626953125,0.03507770737633109,-0.009772688150405884,-0.009772688150405884,-1.2318044140163458,41.97897582942345,3.6974975452430234
