,Unnamed: 0,left_eyebrow_18x,left_eyebrow_18y,left_eyebrow_20x,left_eyebrow_20y,left_eyebrow_22x,left_eyebrow_22y,right_eyebrow_23x,right_eyebrow_23y,right_eyebrow_25x,right_eyebrow_25y,right_eyebrow_27x,right_eyebrow_27y,left_eye38_x,left_eye38_y,right_eye45_x,right_eye45_y,left_lip49_x,left_lip49_y,lip_center_upper52_x,lip_center_upper52_y,right_lip55_x,right_lip55_y,lip_center_lower58_x,lip_center_lower58_y,trans_x,trans_y,trans_z,rot_x,rot_y,rot_z
0,0,-2.4974060058594034,2.5857238769530966,-2.2691040039062784,-0.7569580078124716,1.1746025085449219,6.065673828124972,-1.9729690551757812,4.591918945312528,1.44287109375,0.04170227050778408,3.0270538330078125,2.662506103515625,-2.01861572265625,-2.11712646484375,2.662536621093736,-0.6166839599609659,7.822746276855469,-1.2645492553710938,-0.08464707806706429,0.29435348510741477,-8.456008911132812,-1.1194076538085938,1.3083709329366684,2.53387451171875,-0.0007197707891464233,-0.0134131871163845,-0.0134131871163845,2.196269443177406,-0.11763584816501194,-1.3114512480299845
