,Unnamed: 0,left_eyebrow_18x,left_eyebrow_18y,left_eyebrow_20x,left_eyebrow_20y,left_eyebrow_22x,left_eyebrow_22y,right_eyebrow_23x,right_eyebrow_23y,right_eyebrow_25x,right_eyebrow_25y,right_eyebrow_27x,right_eyebrow_27y,left_eye38_x,left_eye38_y,right_eye45_x,right_eye45_y,left_lip49_x,left_lip49_y,lip_center_upper52_x,lip_center_upper52_y,right_lip55_x,right_lip55_y,lip_center_lower58_x,lip_center_lower58_y,trans_x,trans_y,trans_z,rot_x,rot_y,rot_z
0,0,12.512069702148409,-5.062347412109375,-1.305130004882841,-5.865814208984375,-9.79820251464843,2.589523315429659,-12.66791725158691,3.770553588867159,-1.334686279296875,12.087890625,1.2407989501953125,8.388900756835938,7.567993164062486,-6.3314666748046875,9.017082214355469,-1.302581787109375,9.291145324707045,2.4026603698730398,-20.000403881073,-8.223085403442383,9.662940979003892,-20.65513992309571,-12.64244556427002,24.816238403320327,-0.024538732133805752,-0.053045570850372314,-0.053045570850372314,2.778670558662272,40.25757803658561,-1.0684081614100651
