,Unnamed: 0,left_eyebrow_18x,left_eyebrow_18y,left_eyebrow_20x,left_eyebrow_20y,left_eyebrow_22x,left_eyebrow_22y,right_eyebrow_23x,right_eyebrow_23y,right_eyebrow_25x,right_eyebrow_25y,right_eyebrow_27x,right_eyebrow_27y,left_eye38_x,left_eye38_y,right_eye45_x,right_eye45_y,left_lip49_x,left_lip49_y,lip_center_upper52_x,lip_center_upper52_y,right_lip55_x,right_lip55_y,lip_center_lower58_x,lip_center_lower58_y,trans_x,trans_y,trans_z,rot_x,rot_y,rot_z
0,0,26.813186645507812,-25.374313354492188,-3.062789916992216,-0.8215637207030966,-20.671791076660156,5.3003082275390625,-32.566816329956055,0.9000549316406818,-4.7931976318359375,13.147979736328097,5.946380615234403,10.269744873046875,11.691055297851562,5.7528076171875,4.352966308593736,3.270370483398409,32.712554931640625,13.167552947998047,-26.300239544361826,1.609405517578118,7.8511199951171875,-20.26214790344238,-15.939089551568031,2.0118637084960938,0.05820569023489952,-0.009555369615554803,-0.009555369615554803,-1.9435333453690737,35.772564121206855,1.1946434828156591
