,Unnamed: 0,left_eyebrow_18x,left_eyebrow_18y,left_eyebrow_20x,left_eyebrow_20y,left_eyebrow_22x,left_eyebrow_22y,right_eyebrow_23x,right_eyebrow_23y,right_eyebrow_25x,right_eyebrow_25y,right_eyebrow_27x,right_eyebrow_27y,left_eye38_x,left_eye38_y,right_eye45_x,right_eye45_y,left_lip49_x,left_lip49_y,lip_center_upper52_x,lip_center_upper52_y,right_lip55_x,right_lip55_y,lip_center_lower58_x,lip_center_lower58_y,trans_x,trans_y,trans_z,rot_x,rot_y,rot_z
0,0,11.988006591796847,-5.214828491210966,4.249885559082031,-3.19561767578125,-3.3946342468261648,2.4064483642578125,-14.801151275634766,5.02374267578125,-3.9175872802734375,13.490493774414062,0.967376708984375,8.31439208984375,3.9822921752929545,-4.41259765625,10.505462646484375,2.05865478515625,10.021232604980483,9.33719635009767,-17.689878940582275,-7.045442581176754,12.435111999511719,-16.612304687500007,-10.899912357330322,12.70392608642581,-0.022767692804336548,-0.0071595050394535065,-0.0071595050394535065,4.292413622565579,39.45736536703708,-1.1191582638461293
