,Unnamed: 0,left_eyebrow_18x,left_eyebrow_18y,left_eyebrow_20x,left_eyebrow_20y,left_eyebrow_22x,left_eyebrow_22y,right_eyebrow_23x,right_eyebrow_23y,right_eyebrow_25x,right_eyebrow_25y,right_eyebrow_27x,right_eyebrow_27y,left_eye38_x,left_eye38_y,right_eye45_x,right_eye45_y,left_lip49_x,left_lip49_y,lip_center_upper52_x,lip_center_upper52_y,right_lip55_x,right_lip55_y,lip_center_lower58_x,lip_center_lower58_y,trans_x,trans_y,trans_z,rot_x,rot_y,rot_z
0,0,7.0374755859375,-11.55023193359375,1.2554626464843466,3.7472229003905966,-6.320682525634766,10.169586181640597,-2.8769493103027344,10.995208740234375,0.7756805419921591,7.049407958984375,4.2960052490234375,0.1338043212890625,-1.6129379272460938,-4.331741333007841,2.2768630981445455,-4.16790771484375,12.455528259277344,1.3318595886230469,-7.285041809082031,-14.080638885498047,-3.9733200073242188,-14.916770935058594,-4.49648613948375,0.6187820434570312,0.007974992855452001,-0.0017840377986431122,-0.0017840377986431122,6.744067308417628,11.387880928569176,-0.25530053916544926
