,Unnamed: 0,left_eyebrow_18x,left_eyebrow_18y,left_eyebrow_20x,left_eyebrow_20y,left_eyebrow_22x,left_eyebrow_22y,right_eyebrow_23x,right_eyebrow_23y,right_eyebrow_25x,right_eyebrow_25y,right_eyebrow_27x,right_eyebrow_27y,left_eye38_x,left_eye38_y,right_eye45_x,right_eye45_y,left_lip49_x,left_lip49_y,lip_center_upper52_x,lip_center_upper52_y,right_lip55_x,right_lip55_y,lip_center_lower58_x,lip_center_lower58_y,trans_x,trans_y,trans_z,rot_x,rot_y,rot_z
0,0,20.672119140625,-20.942764282226562,-1.4953155517578125,-4.6756744384765625,-21.34756088256836,2.5113525390624716,-17.42321968078613,-0.20925903320318184,-0.759735107421875,11.20404052734375,7.663558959960966,6.2971649169921875,12.906051635742188,3.9820098876953125,2.6061248779296875,2.31341552734375,17.29320526123047,7.391349792480469,-39.93641734123231,2.9226741790771484,8.941688537597656,-19.58863067626953,-22.3346688747406,16.906242370605483,0.01714204717427492,-0.03603072464466096,-0.03603072464466096,-3.7585541244570475,40.54856677027202,0.4353036020716634
