,Unnamed: 0,left_eyebrow_18x,left_eyebrow_18y,left_eyebrow_20x,left_eyebrow_20y,left_eyebrow_22x,left_eyebrow_22y,right_eyebrow_23x,right_eyebrow_23y,right_eyebrow_25x,right_eyebrow_25y,right_eyebrow_27x,right_eyebrow_27y,left_eye38_x,left_eye38_y,right_eye45_x,right_eye45_y,left_lip49_x,left_lip49_y,lip_center_upper52_x,lip_center_upper52_y,right_lip55_x,right_lip55_y,lip_center_lower58_x,lip_center_lower58_y,trans_x,trans_y,trans_z,rot_x,rot_y,rot_z
0,0,2.3173217773437784,-0.5654144287109375,-4.6788330078125,-5.8431243896484375,-7.861293792724609,2.0253448486328125,-3.2908554077148366,2.7897491455078125,2.500732421875,5.413848876953125,3.1209716796875,7.269989013671875,3.423851013183608,-2.769638061523409,8.697090148925781,3.0303039550780966,11.969268798828125,-7.218658447265625,-14.552310466766357,-6.324705123901374,1.8590850830077983,-19.90572738647461,-11.311928272247314,29.202346801757812,-0.011584832158405334,-0.013929292559623732,-0.013929292559623732,2.1236954919137476,31.394042953910414,-1.1610947236729539
