,Unnamed: 0,left_eyebrow_18x,left_eyebrow_18y,left_eyebrow_20x,left_eyebrow_20y,left_eyebrow_22x,left_eyebrow_22y,right_eyebrow_23x,right_eyebrow_23y,right_eyebrow_25x,right_eyebrow_25y,right_eyebrow_27x,right_eyebrow_27y,left_eye38_x,left_eye38_y,right_eye45_x,right_eye45_y,left_lip49_x,left_lip49_y,lip_center_upper52_x,lip_center_upper52_y,right_lip55_x,right_lip55_y,lip_center_lower58_x,lip_center_lower58_y,trans_x,trans_y,trans_z,rot_x,rot_y,rot_z
0,0,5.557846069335909,-9.749160766601562,-2.7990875244140625,-3.258514404296818,-10.361431121826172,5.7512359619140625,-6.455463409423835,6.151931762695341,-2.60748291015625,6.83758544921875,-2.8417053222656534,0.45523071289068184,4.1172027587890625,-3.5099029541015625,4.86395263671875,-1.907440185546875,14.346748352050781,1.8092460632324219,-10.657372951507568,-5.612245559692383,17.702239990234375,-13.129703521728516,-7.008491873741151,22.247337341308608,0.005781679879873991,-0.015470955520868301,-0.015470955520868301,-3.292942903330637,17.03238953332697,0.445453458758015
