,Unnamed: 0,left_eyebrow_18x,left_eyebrow_18y,left_eyebrow_20x,left_eyebrow_20y,left_eyebrow_22x,left_eyebrow_22y,right_eyebrow_23x,right_eyebrow_23y,right_eyebrow_25x,right_eyebrow_25y,right_eyebrow_27x,right_eyebrow_27y,left_eye38_x,left_eye38_y,right_eye45_x,right_eye45_y,left_lip49_x,left_lip49_y,lip_center_upper52_x,lip_center_upper52_y,right_lip55_x,right_lip55_y,lip_center_lower58_x,lip_center_lower58_y,trans_x,trans_y,trans_z,rot_x,rot_y,rot_z
0,0,10.207656860351534,-11.9481201171875,1.2689361572265625,-1.3654937744140625,-10.475376129150398,2.8724517822265625,-4.8670806884765625,2.330581665039034,-1.0975875854492188,7.010208129882784,2.3190612792969034,3.266830444335966,1.3614959716796875,1.387420654296875,4.770530700683608,1.62823486328125,7.703216552734375,3.9858474731445312,-17.764416456222534,-4.57845497131348,6.0595855712890625,-13.807823181152337,-15.27065634727478,14.949028015136719,0.001436314545571804,-0.03512547910213471,-0.03512547910213471,-2.47659301299699,22.509964638606395,-0.9211680359100941
