,Unnamed: 0,left_eyebrow_18x,left_eyebrow_18y,left_eyebrow_20x,left_eyebrow_20y,left_eyebrow_22x,left_eyebrow_22y,right_eyebrow_23x,right_eyebrow_23y,right_eyebrow_25x,right_eyebrow_25y,right_eyebrow_27x,right_eyebrow_27y,left_eye38_x,left_eye38_y,right_eye45_x,right_eye45_y,left_lip49_x,left_lip49_y,lip_center_upper52_x,lip_center_upper52_y,right_lip55_x,right_lip55_y,lip_center_lower58_x,lip_center_lower58_y,trans_x,trans_y,trans_z,rot_x,rot_y,rot_z
0,0,44.0061950683594,-27.493972778320312,-5.322463989257827,-10.062164306640625,-30.880584716796868,-2.8465728759765625,-54.955841064453125,-8.004425048828125,-9.98416137695314,10.212158203124972,5.350372314453153,19.4625244140625,23.624542236328125,4.065322875976591,13.260528564453125,6.278472900390625,43.20442199707031,32.46553039550781,-35.81611359119416,-5.57231521606446,14.104049682617188,-19.021493911743164,-19.882512569427494,9.610412597656264,0.023043946828693155,-0.029302917420864105,-0.029302917420864105,-14.001624064269716,45.82559521114695,1.0652078730406824
