,Unnamed: 0,left_eyebrow_18x,left_eyebrow_18y,left_eyebrow_20x,left_eyebrow_20y,left_eyebrow_22x,left_eyebrow_22y,right_eyebrow_23x,right_eyebrow_23y,right_eyebrow_25x,right_eyebrow_25y,right_eyebrow_27x,right_eyebrow_27y,left_eye38_x,left_eye38_y,right_eye45_x,right_eye45_y,left_lip49_x,left_lip49_y,lip_center_upper52_x,lip_center_upper52_y,right_lip55_x,right_lip55_y,lip_center_lower58_x,lip_center_lower58_y,trans_x,trans_y,trans_z,rot_x,rot_y,rot_z
0,0,14.434234619140625,-16.587722778320312,-1.2995147705078267,-1.877914428710966,-9.156742095947259,4.8843841552734375,-24.635282516479492,7.3721160888671875,-6.733345031738281,5.79705810546875,5.026214599609347,6.199127197265625,9.48974609375,-9.779479980468722,-0.5016326904296875,-5.421295166015625,17.293426513671875,-2.659564971923828,-12.833041906356815,-5.782390594482422,11.89633178710936,-20.848278045654304,-9.9976304769516,4.595184326171875,0.004662056919187307,-0.018098060041666017,-0.018098060041666017,4.152450555446936,16.980669136173354,-1.9827991112982397
