,Unnamed: 0,left_eyebrow_18x,left_eyebrow_18y,left_eyebrow_20x,left_eyebrow_20y,left_eyebrow_22x,left_eyebrow_22y,right_eyebrow_23x,right_eyebrow_23y,right_eyebrow_25x,right_eyebrow_25y,right_eyebrow_27x,right_eyebrow_27y,left_eye38_x,left_eye38_y,right_eye45_x,right_eye45_y,left_lip49_x,left_lip49_y,lip_center_upper52_x,lip_center_upper52_y,right_lip55_x,right_lip55_y,lip_center_lower58_x,lip_center_lower58_y,trans_x,trans_y,trans_z,rot_x,rot_y,rot_z
0,0,0.34130859375,1.9233856201171875,-0.0173187255859375,-6.9714813232421875,4.018436431884766,-3.1540222167969034,-15.749368667602539,-0.7757110595703125,-2.624023437499986,1.5597381591796875,5.6100311279296875,13.060379028320312,0.7919158935546875,-1.65887451171875,3.090316772460909,-1.0604705810546875,12.01279449462892,5.6886444091796875,-10.66305422782898,-14.496391296386719,4.896530151367173,-10.805377960205078,-8.59485924243927,20.894622802734375,0.006881464505568147,-0.010631989687681198,-0.010631989687681198,-5.197639292761145,16.74567004565648,0.34571187676394155
