,Unnamed: 0,left_eyebrow_18x,left_eyebrow_18y,left_eyebrow_20x,left_eyebrow_20y,left_eyebrow_22x,left_eyebrow_22y,right_eyebrow_23x,right_eyebrow_23y,right_eyebrow_25x,right_eyebrow_25y,right_eyebrow_27x,right_eyebrow_27y,left_eye38_x,left_eye38_y,right_eye45_x,right_eye45_y,left_lip49_x,left_lip49_y,lip_center_upper52_x,lip_center_upper52_y,right_lip55_x,right_lip55_y,lip_center_lower58_x,lip_center_lower58_y,trans_x,trans_y,trans_z,rot_x,rot_y,rot_z
0,0,8.130950927734347,-11.716995239257784,2.17431640625,-6.4470062255859375,-0.27301025390625,8.620193481445312,-25.34597396850586,11.487945556640625,-9.243492126464844,9.5361328125,6.994537353515625,5.306747436523466,3.1461639404296875,-9.978836059570312,3.0899124145507812,-7.528182983398466,5.097511291503906,14.87759780883789,-10.127879381179808,4.512275695800781,9.050041198730469,-17.104591369628906,-0.5580915212631226,12.11212921142581,-0.00033545447513461113,-0.029043573886156082,-0.029043573886156082,6.972042628310834,21.807247686459725,-0.39107491108391557
