,Unnamed: 0,left_eyebrow_18x,left_eyebrow_18y,left_eyebrow_20x,left_eyebrow_20y,left_eyebrow_22x,left_eyebrow_22y,right_eyebrow_23x,right_eyebrow_23y,right_eyebrow_25x,right_eyebrow_25y,right_eyebrow_27x,right_eyebrow_27y,left_eye38_x,left_eye38_y,right_eye45_x,right_eye45_y,left_lip49_x,left_lip49_y,lip_center_upper52_x,lip_center_upper52_y,right_lip55_x,right_lip55_y,lip_center_lower58_x,lip_center_lower58_y,trans_x,trans_y,trans_z,rot_x,rot_y,rot_z
0,0,0.870635986328125,-2.26953125,-7.351013183593722,-8.486785888671875,-8.964820861816406,0.71185302734375,-3.612468719482422,3.8227081298828125,-0.2829132080078125,6.7552032470703125,1.6998291015624716,4.522171020507869,4.389183044433594,-3.8519287109375,5.7433319091796875,1.452499389648409,12.446876525878906,1.481616973876946,-10.867400288581848,5.1861572265625,5.227638244628892,-14.159461975097656,-8.837357819080353,8.307159423828125,0.008059035521000624,-0.010473428294062621,-0.010473428294062621,-0.5873639400710153,15.547074122569907,-1.4682344316731188
