,Unnamed: 0,left_eyebrow_18x,left_eyebrow_18y,left_eyebrow_20x,left_eyebrow_20y,left_eyebrow_22x,left_eyebrow_22y,right_eyebrow_23x,right_eyebrow_23y,right_eyebrow_25x,right_eyebrow_25y,right_eyebrow_27x,right_eyebrow_27y,left_eye38_x,left_eye38_y,right_eye45_x,right_eye45_y,left_lip49_x,left_lip49_y,lip_center_upper52_x,lip_center_upper52_y,right_lip55_x,right_lip55_y,lip_center_lower58_x,lip_center_lower58_y,trans_x,trans_y,trans_z,rot_x,rot_y,rot_z
0,0,-2.768951416015625,-14.580368041992159,15.796195983886719,16.065826416015625,18.85796546936035,28.574615478515625,-25.1928997039795,24.618499755859347,-11.960807800292969,19.555389404296875,9.537078857421875,-3.249710083007841,-0.2714080810546875,-9.402420043945312,1.8223114013671733,-10.070205688476562,14.312637329101562,14.485084533691392,-17.67211413383484,1.0756149291992188,-12.492355346679673,-0.46532440185546164,-15.024794816970825,19.64289093017578,-0.004600539570674299,-0.022102423012256622,-0.022102423012256622,11.184792460101043,25.57443025639505,-0.07852001049271962
