,Unnamed: 0,left_eyebrow_18x,left_eyebrow_18y,left_eyebrow_20x,left_eyebrow_20y,left_eyebrow_22x,left_eyebrow_22y,right_eyebrow_23x,right_eyebrow_23y,right_eyebrow_25x,right_eyebrow_25y,right_eyebrow_27x,right_eyebrow_27y,left_eye38_x,left_eye38_y,right_eye45_x,right_eye45_y,left_lip49_x,left_lip49_y,lip_center_upper52_x,lip_center_upper52_y,right_lip55_x,right_lip55_y,lip_center_lower58_x,lip_center_lower58_y,trans_x,trans_y,trans_z,rot_x,rot_y,rot_z
0,0,1.2798309326171875,-2.956024169921875,-2.4481964111328125,-8.4495849609375,-1.664539337158196,-4.326232910156222,-1.7707672119140554,-1.2851409912109375,0.07420349121090908,-7.6357574462890625,-0.0011444091796875,-2.114486694335909,0.8233261108398438,0.2382049560546875,-1.6485061645507812,-1.0599822998046875,-7.5351104736328125,-7.656147003173828,2.607835292816162,14.102005004882812,8.897071838378906,-10.408763885498047,2.667696237564087,-4.778984069824219,8.056266233325005e-05,0.020531095564365387,0.020531095564365387,2.309609368360112,-0.5768134072535124,-0.8850592550122529
