,Unnamed: 0,left_eyebrow_18x,left_eyebrow_18y,left_eyebrow_20x,left_eyebrow_20y,left_eyebrow_22x,left_eyebrow_22y,right_eyebrow_23x,right_eyebrow_23y,right_eyebrow_25x,right_eyebrow_25y,right_eyebrow_27x,right_eyebrow_27y,left_eye38_x,left_eye38_y,right_eye45_x,right_eye45_y,left_lip49_x,left_lip49_y,lip_center_upper52_x,lip_center_upper52_y,right_lip55_x,right_lip55_y,lip_center_lower58_x,lip_center_lower58_y,trans_x,trans_y,trans_z,rot_x,rot_y,rot_z
0,0,1.868026733398466,5.983871459960966,-4.1287994384765625,-12.231903076171875,-1.2114715576171875,-10.5704345703125,3.0004844665527344,-10.5447998046875,6.2805023193359375,-14.240966796875057,-2.704803466796875,5.71343994140625,1.3792953491210938,1.882980346679659,-2.4071807861328125,2.344223022460966,-10.29177856445311,-22.665367126464837,-1.0440855026245113,-0.5109367370605398,9.082847595214858,-22.691036224365227,-1.0228126943111417,17.42926025390625,0.027291344478726387,0.029301095753908157,0.029301095753908157,-2.192733269583184,1.370382194341536,-0.2413456914940486
