,Unnamed: 0,left_eyebrow_18x,left_eyebrow_18y,left_eyebrow_20x,left_eyebrow_20y,left_eyebrow_22x,left_eyebrow_22y,right_eyebrow_23x,right_eyebrow_23y,right_eyebrow_25x,right_eyebrow_25y,right_eyebrow_27x,right_eyebrow_27y,left_eye38_x,left_eye38_y,right_eye45_x,right_eye45_y,left_lip49_x,left_lip49_y,lip_center_upper52_x,lip_center_upper52_y,right_lip55_x,right_lip55_y,lip_center_lower58_x,lip_center_lower58_y,trans_x,trans_y,trans_z,rot_x,rot_y,rot_z
0,0,15.349456787109375,-32.13893127441409,-4.569183349609403,-32.836212158203125,-13.657331466674801,-10.634780883789034,-19.44877052307129,-9.710296630859375,-0.6196594238281108,-2.380020141601591,-4.4398956298828125,11.815872192382812,12.211235046386719,8.96783447265625,5.607627868652344,10.374664306640625,17.65821075439453,7.814888000488281,-20.699374675750732,5.377647399902337,34.34351348876953,-46.55458450317383,-7.723186731338501,18.943084716796875,0.017056111246347427,0.010665506124496453,0.010665506124496453,-1.495841495937342,41.27499065799876,1.7845148579195311
