,Unnamed: 0,left_eyebrow_18x,left_eyebrow_18y,left_eyebrow_20x,left_eyebrow_20y,left_eyebrow_22x,left_eyebrow_22y,right_eyebrow_23x,right_eyebrow_23y,right_eyebrow_25x,right_eyebrow_25y,right_eyebrow_27x,right_eyebrow_27y,left_eye38_x,left_eye38_y,right_eye45_x,right_eye45_y,left_lip49_x,left_lip49_y,lip_center_upper52_x,lip_center_upper52_y,right_lip55_x,right_lip55_y,lip_center_lower58_x,lip_center_lower58_y,trans_x,trans_y,trans_z,rot_x,rot_y,rot_z
0,0,1.5848846435546875,0.5537872314453409,-1.679275512695284,-10.547607421875057,0.8729667663574219,-6.412704467773409,-0.12220382690429688,-5.274627685546903,-0.58416748046875,-9.156143188476534,-3.0615081787109375,-1.3925170898437784,0.7338409423828267,0.8545532226562216,-1.3133239746093892,0.7595672607421875,-9.817329406738281,-9.662986755371087,3.6918525099754333,4.0413818359375,8.581130981445298,-7.261207580566406,1.528524398803711,1.0723342895507812,0.003168109804391861,-0.005682669579982758,-0.005682669579982758,-3.071587290496827,-1.3889545251905384,1.6938266843385992
