,Unnamed: 0,left_eyebrow_18x,left_eyebrow_18y,left_eyebrow_20x,left_eyebrow_20y,left_eyebrow_22x,left_eyebrow_22y,right_eyebrow_23x,right_eyebrow_23y,right_eyebrow_25x,right_eyebrow_25y,right_eyebrow_27x,right_eyebrow_27y,left_eye38_x,left_eye38_y,right_eye45_x,right_eye45_y,left_lip49_x,left_lip49_y,lip_center_upper52_x,lip_center_upper52_y,right_lip55_x,right_lip55_y,lip_center_lower58_x,lip_center_lower58_y,trans_x,trans_y,trans_z,rot_x,rot_y,rot_z
0,0,2.7897186279296875,-0.1928253173828125,-1.3347015380859375,-6.590118408203068,-1.7702827453613281,-5.759857177734375,0.5886726379394531,-5.013473510742216,0.09712219238278408,-7.9561920166015625,-1.7919158935546875,-0.8035736083984375,2.8815231323242188,1.006103515625,-0.10324859619142046,2.647659301757841,-11.615974426269531,-12.038299560546868,-1.9370510578155522,10.825401306152344,8.897789001464844,-13.757637023925781,-0.633320540189743,7.013038635253906,-0.0007652710191905499,-0.003226514905691147,-0.003226514905691147,-4.809631820846872,0.6585219091425815,-0.7194689611932183
