,Unnamed: 0,left_eyebrow_18x,left_eyebrow_18y,left_eyebrow_20x,left_eyebrow_20y,left_eyebrow_22x,left_eyebrow_22y,right_eyebrow_23x,right_eyebrow_23y,right_eyebrow_25x,right_eyebrow_25y,right_eyebrow_27x,right_eyebrow_27y,left_eye38_x,left_eye38_y,right_eye45_x,right_eye45_y,left_lip49_x,left_lip49_y,lip_center_upper52_x,lip_center_upper52_y,right_lip55_x,right_lip55_y,lip_center_lower58_x,lip_center_lower58_y,trans_x,trans_y,trans_z,rot_x,rot_y,rot_z
0,0,0.9661712646484375,-2.41876220703125,0.15008544921875,-10.225616455078125,0.0544281005859375,-4.98150634765625,0.8609123229980469,-5.926727294921875,1.1632156372070312,-10.881301879882812,-1.9129943847655966,-3.638702392578125,3.4857101440429688,2.063323974609375,-0.997581481933608,2.9567108154296875,-11.30580902099608,-15.339252471923828,-2.729345917701721,9.82220458984375,9.5362548828125,-15.20065689086914,-2.391256332397461,-1.2820434570312358,2.6770983822643757e-05,0.0053270794451236655,0.0053270794451236655,2.233415475554991,1.1336016290437547,0.11615605538199802
