,Unnamed: 0,left_eyebrow_18x,left_eyebrow_18y,left_eyebrow_20x,left_eyebrow_20y,left_eyebrow_22x,left_eyebrow_22y,right_eyebrow_23x,right_eyebrow_23y,right_eyebrow_25x,right_eyebrow_25y,right_eyebrow_27x,right_eyebrow_27y,left_eye38_x,left_eye38_y,right_eye45_x,right_eye45_y,left_lip49_x,left_lip49_y,lip_center_upper52_x,lip_center_upper52_y,right_lip55_x,right_lip55_y,lip_center_lower58_x,lip_center_lower58_y,trans_x,trans_y,trans_z,rot_x,rot_y,rot_z
0,0,13.902420043945312,-34.073074340820284,-8.65338134765625,-11.688644409179688,-25.520954132080085,0.008331298828125,-25.988506317138665,-2.744873046875,-3.843643188476591,8.2957763671875,-0.1918792724609375,6.350784301757869,15.945388793945312,3.654998779296875,4.784515380859375,6.443939208984375,30.19823455810547,12.16785049438478,-22.759342193603516,9.004619598388672,23.288871765136705,-35.812119483947754,-10.73517906665802,11.51971435546875,0.023174219764769077,0.008885953575372689,0.008885953575372689,-0.48985265343854234,34.757991033733255,0.4404719880660999
