,Unnamed: 0,left_eyebrow_18x,left_eyebrow_18y,left_eyebrow_20x,left_eyebrow_20y,left_eyebrow_22x,left_eyebrow_22y,right_eyebrow_23x,right_eyebrow_23y,right_eyebrow_25x,right_eyebrow_25y,right_eyebrow_27x,right_eyebrow_27y,left_eye38_x,left_eye38_y,right_eye45_x,right_eye45_y,left_lip49_x,left_lip49_y,lip_center_upper52_x,lip_center_upper52_y,right_lip55_x,right_lip55_y,lip_center_lower58_x,lip_center_lower58_y,trans_x,trans_y,trans_z,rot_x,rot_y,rot_z
0,0,7.512084960937528,-16.450958251953097,-9.020004272460938,-11.876922607421875,-14.064937591552734,-0.175628662109375,-12.724655151367188,-1.4044952392578125,-6.943878173828125,1.35601806640625,1.823654174804716,-0.04940795898440342,4.7100830078125,5.523712158203125,0.8457412719726562,4.221435546875,0.21421051025390625,0.6504821777343821,-6.196076929569244,6.634033203125,19.03533172607419,-21.836948394775384,-7.851804494857788,4.193077087402344,0.01522986451163888,-0.009700659662485116,-0.009700659662485116,-1.601630001761999,17.49985447613197,3.3459439974437846
