,Unnamed: 0,left_eyebrow_18x,left_eyebrow_18y,left_eyebrow_20x,left_eyebrow_20y,left_eyebrow_22x,left_eyebrow_22y,right_eyebrow_23x,right_eyebrow_23y,right_eyebrow_25x,right_eyebrow_25y,right_eyebrow_27x,right_eyebrow_27y,left_eye38_x,left_eye38_y,right_eye45_x,right_eye45_y,left_lip49_x,left_lip49_y,lip_center_upper52_x,lip_center_upper52_y,right_lip55_x,right_lip55_y,lip_center_lower58_x,lip_center_lower58_y,trans_x,trans_y,trans_z,rot_x,rot_y,rot_z
0,0,8.1572265625,-11.064102172851591,-5.537803649902344,-13.01513671875,-15.733161926269531,-1.6865997314453125,-12.626041412353512,1.41912841796875,-1.0672149658203267,3.0012207031250284,1.2299194335937216,4.8520050048828125,5.335441589355469,-4.6396026611328125,5.8421249389648295,2.3931121826171875,10.604049682617188,-4.933235168457031,-8.283600330352783,3.3967208862304688,21.98737335205078,-27.175636291503906,-4.9003167152404785,11.881729125976562,0.006432840600609779,-0.004316546022891998,-0.004316546022891998,1.5885271315060363,19.9566481249173,0.3967449173058215
