,Unnamed: 0,left_eyebrow_18x,left_eyebrow_18y,left_eyebrow_20x,left_eyebrow_20y,left_eyebrow_22x,left_eyebrow_22y,right_eyebrow_23x,right_eyebrow_23y,right_eyebrow_25x,right_eyebrow_25y,right_eyebrow_27x,right_eyebrow_27y,left_eye38_x,left_eye38_y,right_eye45_x,right_eye45_y,left_lip49_x,left_lip49_y,lip_center_upper52_x,lip_center_upper52_y,right_lip55_x,right_lip55_y,lip_center_lower58_x,lip_center_lower58_y,trans_x,trans_y,trans_z,rot_x,rot_y,rot_z
0,0,16.17401123046875,-25.036666870117188,-15.929214477539034,-28.800704956054688,-19.382946014404297,-7.966156005859375,-20.262775421142578,-9.493408203125,4.863708496093778,-0.999298095703125,7.780487060546903,14.277877807617188,14.258132934570312,6.952667236328125,3.4829864501952983,7.7595367431640625,13.33432006835936,2.5028533935547017,-21.95438289642334,-6.2128448486328125,18.22840118408203,-46.34385299682616,-10.358004808425903,25.12905883789064,0.0241534560918808,0.008993495255708701,0.008993495255708701,-6.780589669585303,36.431029500679884,2.4667839205456827
