,Unnamed: 0,left_eyebrow_18x,left_eyebrow_18y,left_eyebrow_20x,left_eyebrow_20y,left_eyebrow_22x,left_eyebrow_22y,right_eyebrow_23x,right_eyebrow_23y,right_eyebrow_25x,right_eyebrow_25y,right_eyebrow_27x,right_eyebrow_27y,left_eye38_x,left_eye38_y,right_eye45_x,right_eye45_y,left_lip49_x,left_lip49_y,lip_center_upper52_x,lip_center_upper52_y,right_lip55_x,right_lip55_y,lip_center_lower58_x,lip_center_lower58_y,trans_x,trans_y,trans_z,rot_x,rot_y,rot_z
0,0,3.5538482666015625,2.378143310546875,-6.565338134765653,-14.321441650390597,-4.969875335693359,-10.284149169921875,1.9766616821289134,-8.257049560546847,2.7036285400390625,-8.998580932617188,-3.2756805419921875,1.6770019531250284,1.9554061889648438,1.266082763671875,-0.7454147338867045,3.8322601318359375,-5.859954833984375,-11.76715087890625,-0.21717745065689087,-9.862543106079098,13.509170532226562,-14.084781646728516,-0.921245217323303,20.361488342285156,-0.0011199167929589748,0.01872205734252929,0.01872205734252929,-4.482549649248993,1.5229909987834551,0.004218892616957071
