,Unnamed: 0,left_eyebrow_18x,left_eyebrow_18y,left_eyebrow_20x,left_eyebrow_20y,left_eyebrow_22x,left_eyebrow_22y,right_eyebrow_23x,right_eyebrow_23y,right_eyebrow_25x,right_eyebrow_25y,right_eyebrow_27x,right_eyebrow_27y,left_eye38_x,left_eye38_y,right_eye45_x,right_eye45_y,left_lip49_x,left_lip49_y,lip_center_upper52_x,lip_center_upper52_y,right_lip55_x,right_lip55_y,lip_center_lower58_x,lip_center_lower58_y,trans_x,trans_y,trans_z,rot_x,rot_y,rot_z
0,0,11.299423217773409,-12.404708862304688,-7.647804260253906,-26.365997314453125,-13.647876739501953,-4.9680938720703125,-15.431180953979492,3.7492675781249716,2.626678466796875,-4.117996215820284,1.9484405517578125,9.247528076171903,3.7283477783203125,-0.7736968994140625,1.0013198852539062,4.307891845703125,14.867317199707031,-12.40707778930664,-8.607894420623781,7.279872894287109,29.073020935058608,-32.19091796875,-4.560159206390381,18.636070251464844,0.004367933608591558,-0.012178581207990632,-0.012178581207990632,4.977799854331088,22.021702656591646,-1.5555233839129863
