,Unnamed: 0,left_eyebrow_18x,left_eyebrow_18y,left_eyebrow_20x,left_eyebrow_20y,left_eyebrow_22x,left_eyebrow_22y,right_eyebrow_23x,right_eyebrow_23y,right_eyebrow_25x,right_eyebrow_25y,right_eyebrow_27x,right_eyebrow_27y,left_eye38_x,left_eye38_y,right_eye45_x,right_eye45_y,left_lip49_x,left_lip49_y,lip_center_upper52_x,lip_center_upper52_y,right_lip55_x,right_lip55_y,lip_center_lower58_x,lip_center_lower58_y,trans_x,trans_y,trans_z,rot_x,rot_y,rot_z
0,0,33.10528564453128,-41.12281799316409,-3.8016510009765625,-21.796157836914062,-23.351299285888686,0.2599029541015625,-46.527491331100464,-4.085205078125,-8.253036499023438,-3.635284423828125,5.972991943359375,3.171066284179716,20.763999938964844,9.898880004882784,4.944725036621094,13.251052856445341,35.04771804809571,1.2991104125976634,-34.806450843811035,11.256900787353523,23.61895751953125,-46.11484241485595,-13.198489308357237,20.8477783203125,0.055868228897452354,0.047603342682123184,0.047603342682123184,6.909894700337587,48.32117506996081,4.299210214279238
