,Unnamed: 0,left_eyebrow_18x,left_eyebrow_18y,left_eyebrow_20x,left_eyebrow_20y,left_eyebrow_22x,left_eyebrow_22y,right_eyebrow_23x,right_eyebrow_23y,right_eyebrow_25x,right_eyebrow_25y,right_eyebrow_27x,right_eyebrow_27y,left_eye38_x,left_eye38_y,right_eye45_x,right_eye45_y,left_lip49_x,left_lip49_y,lip_center_upper52_x,lip_center_upper52_y,right_lip55_x,right_lip55_y,lip_center_lower58_x,lip_center_lower58_y,trans_x,trans_y,trans_z,rot_x,rot_y,rot_z
0,0,19.465362548828125,-32.757827758789034,-14.306922912597685,-26.475036621093693,-28.098316192626953,-3.2953643798828125,-28.376145362854004,0.8724670410156534,1.1515197753906534,3.381149291992216,1.8887786865234375,11.747909545898438,10.450958251953125,-1.9741058349609375,6.8602142333984375,6.8779754638671875,34.43108367919922,16.056354522705078,-18.27294397354126,13.16775894165039,25.112289428710923,-33.83288288116455,-9.94344425201416,7.695793151855469,0.014683988876640797,0.007997151464223862,0.007997151464223862,2.4566696826992223,37.31941020232238,1.6421169077703759
