,Unnamed: 0,left_eyebrow_18x,left_eyebrow_18y,left_eyebrow_20x,left_eyebrow_20y,left_eyebrow_22x,left_eyebrow_22y,right_eyebrow_23x,right_eyebrow_23y,right_eyebrow_25x,right_eyebrow_25y,right_eyebrow_27x,right_eyebrow_27y,left_eye38_x,left_eye38_y,right_eye45_x,right_eye45_y,left_lip49_x,left_lip49_y,lip_center_upper52_x,lip_center_upper52_y,right_lip55_x,right_lip55_y,lip_center_lower58_x,lip_center_lower58_y,trans_x,trans_y,trans_z,rot_x,rot_y,rot_z
0,0,31.726287841796875,-29.963882446289062,-3.2718505859375,-5.754730224609403,-28.06482315063476,1.0361785888671875,-35.26415920257568,-0.5576019287109375,-10.837692260742188,6.706573486328125,3.266143798828125,4.766983032226591,18.36541748046875,4.2412567138671875,-0.8547210693359517,5.4709930419921875,23.646568298339844,11.320602416992195,-28.811185836791992,14.682140350341797,29.521156311035142,-25.186229705810547,-18.612712025642395,7.027557373046875,0.02983206603676081,0.02725929394364356,0.02725929394364356,-1.0207000275269402,34.276060919778665,1.7183820276277217
