,Unnamed: 0,left_eyebrow_18x,left_eyebrow_18y,left_eyebrow_20x,left_eyebrow_20y,left_eyebrow_22x,left_eyebrow_22y,right_eyebrow_23x,right_eyebrow_23y,right_eyebrow_25x,right_eyebrow_25y,right_eyebrow_27x,right_eyebrow_27y,left_eye38_x,left_eye38_y,right_eye45_x,right_eye45_y,left_lip49_x,left_lip49_y,lip_center_upper52_x,lip_center_upper52_y,right_lip55_x,right_lip55_y,lip_center_lower58_x,lip_center_lower58_y,trans_x,trans_y,trans_z,rot_x,rot_y,rot_z
0,0,19.50012207031247,-38.10171508789065,-10.775283813476562,-22.1158447265625,-27.608882904052727,-7.5062713623046875,-28.178363800048825,-7.605499267578125,-3.950698852539091,5.347564697265625,-1.7861175537109375,10.7822265625,22.601600646972656,11.49267578125,5.422988891601577,8.934677124023438,29.741592407226562,22.455028533935547,-31.480770111083984,4.240417480468757,20.82366943359375,-35.09884452819824,-14.497756123542786,14.145942687988281,0.0308402655646205,0.02752823196351527,0.02752823196351527,-4.320543222769926,39.57931741497021,3.343130409192132
