,Unnamed: 0,left_eyebrow_18x,left_eyebrow_18y,left_eyebrow_20x,left_eyebrow_20y,left_eyebrow_22x,left_eyebrow_22y,right_eyebrow_23x,right_eyebrow_23y,right_eyebrow_25x,right_eyebrow_25y,right_eyebrow_27x,right_eyebrow_27y,left_eye38_x,left_eye38_y,right_eye45_x,right_eye45_y,left_lip49_x,left_lip49_y,lip_center_upper52_x,lip_center_upper52_y,right_lip55_x,right_lip55_y,lip_center_lower58_x,lip_center_lower58_y,trans_x,trans_y,trans_z,rot_x,rot_y,rot_z
0,0,0.2482757568359375,-1.52545166015625,-3.5734405517578125,-6.331787109375,-1.2535018920898366,-1.850738525390625,-1.0096511840820241,-1.5166778564453125,-0.58306884765625,-6.6170196533203125,-2.107391357421875,-2.7540893554687216,3.1994476318359375,0.930999755859375,-1.9403991699218608,1.35430908203125,-8.942184448242188,-16.492145538330078,1.9033029079437256,1.6725196838378977,9.850120544433594,-15.718158721923828,0.2579271793365481,13.26177978515625,-0.00042081112042069435,0.003187321126461022,0.003187321126461022,3.9535894009900634,-0.0318387759248987,-0.6669640897342977
