,Unnamed: 0,left_eyebrow_18x,left_eyebrow_18y,left_eyebrow_20x,left_eyebrow_20y,left_eyebrow_22x,left_eyebrow_22y,right_eyebrow_23x,right_eyebrow_23y,right_eyebrow_25x,right_eyebrow_25y,right_eyebrow_27x,right_eyebrow_27y,left_eye38_x,left_eye38_y,right_eye45_x,right_eye45_y,left_lip49_x,left_lip49_y,lip_center_upper52_x,lip_center_upper52_y,right_lip55_x,right_lip55_y,lip_center_lower58_x,lip_center_lower58_y,trans_x,trans_y,trans_z,rot_x,rot_y,rot_z
0,0,3.81988525390625,-1.681610107421875,-1.873504638671875,-10.044281005859403,-0.5274848937988139,-4.1414947509765625,-4.281440734863274,-1.401275634765625,0.42474365234375,-7.600341796875,-1.75543212890625,0.3871002197265909,2.9621200561523438,1.3131103515625,-3.571746826171861,0.7440338134765625,-14.566062927246094,-17.736213684082024,2.85502290725708,4.185497283935547,15.973274230957031,-22.626905441284183,1.0583832859992983,14.831748962402358,-0.0003156079910695553,0.0213085226714611,0.0213085226714611,6.685376481376638,0.6585711327939295,-0.34822666610257613
