,Unnamed: 0,left_eyebrow_18x,left_eyebrow_18y,left_eyebrow_20x,left_eyebrow_20y,left_eyebrow_22x,left_eyebrow_22y,right_eyebrow_23x,right_eyebrow_23y,right_eyebrow_25x,right_eyebrow_25y,right_eyebrow_27x,right_eyebrow_27y,left_eye38_x,left_eye38_y,right_eye45_x,right_eye45_y,left_lip49_x,left_lip49_y,lip_center_upper52_x,lip_center_upper52_y,right_lip55_x,right_lip55_y,lip_center_lower58_x,lip_center_lower58_y,trans_x,trans_y,trans_z,rot_x,rot_y,rot_z
0,0,8.247177124023438,-0.7670135498047159,-1.6673355102539062,-14.348388671874972,-3.2881641387939347,-12.533309936523409,4.945751190185547,-10.114196777343722,2.4419708251953267,-12.184112548828153,-7.963165283203125,-2.1180572509765625,2.953392028808608,4.822418212890625,-2.683441162109389,6.2533111572265625,-19.445426940917955,-16.76051330566407,-1.9898805618286133,-0.11999130249024148,21.81932830810547,-19.84334945678711,0.6080541610717773,13.808547973632812,-0.00426395726390183,-0.00035635009407997825,-0.00035635009407997825,-3.3311381467044825,3.5643256110603723,-0.2865783187763844
