,Unnamed: 0,left_eyebrow_18x,left_eyebrow_18y,left_eyebrow_20x,left_eyebrow_20y,left_eyebrow_22x,left_eyebrow_22y,right_eyebrow_23x,right_eyebrow_23y,right_eyebrow_25x,right_eyebrow_25y,right_eyebrow_27x,right_eyebrow_27y,left_eye38_x,left_eye38_y,right_eye45_x,right_eye45_y,left_lip49_x,left_lip49_y,lip_center_upper52_x,lip_center_upper52_y,right_lip55_x,right_lip55_y,lip_center_lower58_x,lip_center_lower58_y,trans_x,trans_y,trans_z,rot_x,rot_y,rot_z
0,0,4.4011077880859375,-1.7988891601562216,1.231857299804659,-15.677169799804716,0.179351806640625,-7.774887084960966,3.0724105834960938,-7.4229278564453125,1.339797973632841,-15.658981323242188,-5.9897003173828125,-1.45660400390625,0.9439086914062642,2.7904205322265625,-1.2361221313476705,0.412994384765625,-21.99810028076172,-18.05078887939453,-2.792585462331772,7.352588653564453,19.26755523681642,-13.47181320190429,-1.4370527267456057,9.517845153808594,-0.008981716819107534,-0.12743470072746277,-0.12743470072746277,-2.683241788187141,-0.6588722020518738,-180.10793168294558
