,Unnamed: 0,left_eyebrow_18x,left_eyebrow_18y,left_eyebrow_20x,left_eyebrow_20y,left_eyebrow_22x,left_eyebrow_22y,right_eyebrow_23x,right_eyebrow_23y,right_eyebrow_25x,right_eyebrow_25y,right_eyebrow_27x,right_eyebrow_27y,left_eye38_x,left_eye38_y,right_eye45_x,right_eye45_y,left_lip49_x,left_lip49_y,lip_center_upper52_x,lip_center_upper52_y,right_lip55_x,right_lip55_y,lip_center_lower58_x,lip_center_lower58_y,trans_x,trans_y,trans_z,rot_x,rot_y,rot_z
0,0,11.997406005859375,-16.741256713867216,1.1869049072265625,-0.4077911376953125,-9.849185943603516,7.132843017578125,-18.21721649169922,2.8575439453125,-6.021614074707003,7.275238037109375,-0.5119171142577841,3.3629150390625,9.525001525878906,-5.033828735351591,2.5846099853515625,0.2089691162109375,5.8493499755859375,-5.51441955566407,-7.76095724105835,5.175952911376953,21.502975463867188,-25.6368350982666,-4.486458599567413,16.931900024414062,0.016786400228738785,-0.008926860988140106,-0.008926860988140106,2.8921220969662147,16.313048622237396,-0.02074525439072694
