,Unnamed: 0,left_eyebrow_18x,left_eyebrow_18y,left_eyebrow_20x,left_eyebrow_20y,left_eyebrow_22x,left_eyebrow_22y,right_eyebrow_23x,right_eyebrow_23y,right_eyebrow_25x,right_eyebrow_25y,right_eyebrow_27x,right_eyebrow_27y,left_eye38_x,left_eye38_y,right_eye45_x,right_eye45_y,left_lip49_x,left_lip49_y,lip_center_upper52_x,lip_center_upper52_y,right_lip55_x,right_lip55_y,lip_center_lower58_x,lip_center_lower58_y,trans_x,trans_y,trans_z,rot_x,rot_y,rot_z
0,0,15.405929565429688,-35.949295043945284,-7.9799957275390625,-15.001663208007812,-22.993583679199222,-1.749557495117216,-24.75243377685547,-7.164184570312472,-1.55194091796875,2.4734497070312216,2.7712707519531534,8.207412719726591,12.287940979003906,9.073257446289062,2.8695068359374716,6.417999267578125,23.790687561035156,10.58325958251951,-26.038032054901123,16.503387451171882,21.81671905517578,-39.16814422607422,-13.028671145439148,4.757911682128906,0.03921215143054724,-0.02291218936443328,-0.02291218936443328,-5.021939039328482,33.437481954586694,0.5426469764058881
