,Unnamed: 0,left_eyebrow_18x,left_eyebrow_18y,left_eyebrow_20x,left_eyebrow_20y,left_eyebrow_22x,left_eyebrow_22y,right_eyebrow_23x,right_eyebrow_23y,right_eyebrow_25x,right_eyebrow_25y,right_eyebrow_27x,right_eyebrow_27y,left_eye38_x,left_eye38_y,right_eye45_x,right_eye45_y,left_lip49_x,left_lip49_y,lip_center_upper52_x,lip_center_upper52_y,right_lip55_x,right_lip55_y,lip_center_lower58_x,lip_center_lower58_y,trans_x,trans_y,trans_z,rot_x,rot_y,rot_z
0,0,1.6744842529296875,-2.3459167480468466,-3.3940582275390625,-13.515853881835938,-1.85418701171875,-6.2929229736328125,-1.0454635620117188,-5.8680877685546875,-0.14120483398434658,-10.243896484375,-2.208724975585909,-2.6564178466796875,5.557655334472656,2.7259979248046875,-1.2640762329101562,2.9728393554687216,-15.747146606445312,-18.874427795410156,-1.8054710030555725,5.193964004516605,13.979766845703125,-20.41374969482422,-2.9182670637965202,22.224090576171875,-0.0036148656217847015,0.00023318827152252197,0.00023318827152252197,0.6783727079523785,3.552220807790546,-0.29490523318144857
