,Unnamed: 0,left_eyebrow_18x,left_eyebrow_18y,left_eyebrow_20x,left_eyebrow_20y,left_eyebrow_22x,left_eyebrow_22y,right_eyebrow_23x,right_eyebrow_23y,right_eyebrow_25x,right_eyebrow_25y,right_eyebrow_27x,right_eyebrow_27y,left_eye38_x,left_eye38_y,right_eye45_x,right_eye45_y,left_lip49_x,left_lip49_y,lip_center_upper52_x,lip_center_upper52_y,right_lip55_x,right_lip55_y,lip_center_lower58_x,lip_center_lower58_y,trans_x,trans_y,trans_z,rot_x,rot_y,rot_z
0,0,24.745819091796875,-30.926864624023438,-21.0247039794922,-27.22621154785162,-31.00968742370606,-6.06719970703125,-32.35824275016785,-14.398803710937528,-3.83294677734375,-0.5127563476562784,0.5325164794921875,12.759246826171875,16.195709228515625,8.646530151367216,9.996864318847642,9.113128662109375,21.930870056152344,12.551765441894531,-26.365257024765018,26.130420684814453,23.465911865234375,-46.06868934631348,-16.354532480239865,16.02975463867189,0.04482619883492589,-0.028911232948303237,-0.028911232948303237,-10.626645237810102,32.34607900633913,1.4495741045982289
