,Unnamed: 0,left_eyebrow_18x,left_eyebrow_18y,left_eyebrow_20x,left_eyebrow_20y,left_eyebrow_22x,left_eyebrow_22y,right_eyebrow_23x,right_eyebrow_23y,right_eyebrow_25x,right_eyebrow_25y,right_eyebrow_27x,right_eyebrow_27y,left_eye38_x,left_eye38_y,right_eye45_x,right_eye45_y,left_lip49_x,left_lip49_y,lip_center_upper52_x,lip_center_upper52_y,right_lip55_x,right_lip55_y,lip_center_lower58_x,lip_center_lower58_y,trans_x,trans_y,trans_z,rot_x,rot_y,rot_z
0,0,12.198120117187472,-11.769577026367216,-11.432960510253935,-16.250411987304688,-17.328567504882823,-5.7178802490234375,-7.524168014526367,-6.711181640625028,2.2420043945312784,-0.07153320312497158,0.815521240234375,6.05120849609375,5.0122833251953125,3.318374633789091,1.9635009765625,7.421463012695341,9.105590820312514,-3.110137939453132,-6.003646612167358,4.7629852294921875,20.49395751953125,-32.38217163085939,-4.730169534683228,17.87723541259767,0.0046555871376767755,-0.01966138184070587,-0.01966138184070587,-0.7986163442685628,22.076012808543567,-0.83838230611552
