,Unnamed: 0,left_eyebrow_18x,left_eyebrow_18y,left_eyebrow_20x,left_eyebrow_20y,left_eyebrow_22x,left_eyebrow_22y,right_eyebrow_23x,right_eyebrow_23y,right_eyebrow_25x,right_eyebrow_25y,right_eyebrow_27x,right_eyebrow_27y,left_eye38_x,left_eye38_y,right_eye45_x,right_eye45_y,left_lip49_x,left_lip49_y,lip_center_upper52_x,lip_center_upper52_y,right_lip55_x,right_lip55_y,lip_center_lower58_x,lip_center_lower58_y,trans_x,trans_y,trans_z,rot_x,rot_y,rot_z
0,0,23.813247680664062,-38.442092895507784,-0.4352111816406534,-21.787231445312557,-23.12133026123047,-1.496261596679716,-23.894810676574707,-9.608795166015625,-2.212890625,-3.3229980468749716,-6.072311401367159,10.162200927734347,15.193695068359375,12.057418823242188,7.232879638671875,3.13775634765625,4.1173095703125,7.931121826171875,-28.217646449804306,17.049144744873047,30.209915161132812,-44.13625717163086,-17.51690173149109,16.577621459960938,0.031641543377190835,-0.11750844120979309,-0.11750844120979309,-3.0019271761185813,32.16293836163717,-177.41540879719645
