,Unnamed: 0,left_eyebrow_18x,left_eyebrow_18y,left_eyebrow_20x,left_eyebrow_20y,left_eyebrow_22x,left_eyebrow_22y,right_eyebrow_23x,right_eyebrow_23y,right_eyebrow_25x,right_eyebrow_25y,right_eyebrow_27x,right_eyebrow_27y,left_eye38_x,left_eye38_y,right_eye45_x,right_eye45_y,left_lip49_x,left_lip49_y,lip_center_upper52_x,lip_center_upper52_y,right_lip55_x,right_lip55_y,lip_center_lower58_x,lip_center_lower58_y,trans_x,trans_y,trans_z,rot_x,rot_y,rot_z
0,0,13.321380615234375,-16.064056396484347,0.5756225585937216,-17.522857666015625,-11.006637573242188,-3.214065551757841,-8.356538772583004,-5.8067779541015625,-3.5044784545898438,-6.642684936523466,-5.118698120117159,1.0895996093750284,3.5227813720703125,6.3162841796875,4.725746154785156,3.8743133544921875,-10.992225646972656,-4.352825164794922,-14.336004108190536,8.524677276611328,28.27976226806642,-26.131732940673828,-11.237028837203981,12.695442199707031,0.012197787407785654,-0.13314958661794662,-0.13314958661794662,-3.5685399561639892,14.499156222483133,-179.63378810118604
