,Unnamed: 0,left_eyebrow_18x,left_eyebrow_18y,left_eyebrow_20x,left_eyebrow_20y,left_eyebrow_22x,left_eyebrow_22y,right_eyebrow_23x,right_eyebrow_23y,right_eyebrow_25x,right_eyebrow_25y,right_eyebrow_27x,right_eyebrow_27y,left_eye38_x,left_eye38_y,right_eye45_x,right_eye45_y,left_lip49_x,left_lip49_y,lip_center_upper52_x,lip_center_upper52_y,right_lip55_x,right_lip55_y,lip_center_lower58_x,lip_center_lower58_y,trans_x,trans_y,trans_z,rot_x,rot_y,rot_z
0,0,10.255874633789091,-11.434280395507812,-9.197463989257812,-18.771697998046847,-15.083602905273438,-8.666275024414062,-13.45787429809571,-4.139663696289034,-3.6331939697265625,-2.13018798828125,-0.9071044921874716,5.3318023681640625,10.733406066894531,2.7203369140625,2.8176727294921875,5.622924804687472,0.05387115478515625,-7.7616424560546875,-9.579709112644196,7.8166904449462855,29.770446777343736,-32.00199508666992,-9.268852233886719,19.398109436035142,0.014115533325821161,-0.008842192590236664,-0.008842192590236664,-3.750263613423305,18.681975416080213,-0.049824585952603195
