,Unnamed: 0,left_eyebrow_18x,left_eyebrow_18y,left_eyebrow_20x,left_eyebrow_20y,left_eyebrow_22x,left_eyebrow_22y,right_eyebrow_23x,right_eyebrow_23y,right_eyebrow_25x,right_eyebrow_25y,right_eyebrow_27x,right_eyebrow_27y,left_eye38_x,left_eye38_y,right_eye45_x,right_eye45_y,left_lip49_x,left_lip49_y,lip_center_upper52_x,lip_center_upper52_y,right_lip55_x,right_lip55_y,lip_center_lower58_x,lip_center_lower58_y,trans_x,trans_y,trans_z,rot_x,rot_y,rot_z
0,0,0.9221649169922159,0.5519714355469034,-3.219688415527358,-11.298751831054688,-2.42871284484864,-7.11041259765625,4.848159790039059,-9.37359619140625,1.8321456909179688,-10.550735473632812,-2.866668701171875,-1.6947784423828125,1.540985107421875,3.4165954589844034,-1.984184265136733,5.508819580078153,-7.658576965332031,-18.193099975585938,1.3114171028137216,11.424751281738281,11.122299194335938,-16.621265411376953,1.1712146401405334,9.491722106933594,-0.00023411796428263187,-0.01251036673784256,-0.01251036673784256,-18.85772585721142,0.3284015807832894,0.5822067387023668
