,Unnamed: 0,left_eyebrow_18x,left_eyebrow_18y,left_eyebrow_20x,left_eyebrow_20y,left_eyebrow_22x,left_eyebrow_22y,right_eyebrow_23x,right_eyebrow_23y,right_eyebrow_25x,right_eyebrow_25y,right_eyebrow_27x,right_eyebrow_27y,left_eye38_x,left_eye38_y,right_eye45_x,right_eye45_y,left_lip49_x,left_lip49_y,lip_center_upper52_x,lip_center_upper52_y,right_lip55_x,right_lip55_y,lip_center_lower58_x,lip_center_lower58_y,trans_x,trans_y,trans_z,rot_x,rot_y,rot_z
0,0,41.35404968261719,-43.35820007324216,-2.8207397460937216,-20.816650390625,-28.885250091552734,-0.03173828125,-54.017597675323486,-5.2686309814453125,-17.22039031982422,-8.552261352539062,1.5647735595703125,8.069076538085938,21.281967163085938,9.913192749023438,-0.85015869140625,12.451416015624972,26.716064453125,-2.7116432189941406,-36.39327436685562,18.808721542358402,34.986732482910156,-35.640485763549805,-16.634207725524902,28.052108764648423,0.023109220433980227,0.011970188468694687,0.011970188468694687,-1.1515531718314893,40.404062136689085,2.493907995897734
