,Unnamed: 0,left_eyebrow_18x,left_eyebrow_18y,left_eyebrow_20x,left_eyebrow_20y,left_eyebrow_22x,left_eyebrow_22y,right_eyebrow_23x,right_eyebrow_23y,right_eyebrow_25x,right_eyebrow_25y,right_eyebrow_27x,right_eyebrow_27y,left_eye38_x,left_eye38_y,right_eye45_x,right_eye45_y,left_lip49_x,left_lip49_y,lip_center_upper52_x,lip_center_upper52_y,right_lip55_x,right_lip55_y,lip_center_lower58_x,lip_center_lower58_y,trans_x,trans_y,trans_z,rot_x,rot_y,rot_z
0,0,0.1562652587890625,-1.079544067382841,3.2164840698242188,-3.7652587890625284,3.1145191192626953,0.9818572998046875,-1.0579910278320384,-0.15689086914059658,-1.8470306396484375,-5.019989013671875,-0.367156982421875,-1.321075439453125,0.40244293212890625,-0.1812744140625,0.37015533447265625,-1.272750854492216,-3.7182159423827983,-11.279731750488281,1.2538884431123734,8.85030746459961,2.095977783203125,-10.115287780761719,0.16406595706939686,7.1675643920898295,0.0014574999804608524,0.0009124204516410828,0.0009124204516410828,3.9809462414068353,-1.0872772114477423,-0.35606007014786467
