,Unnamed: 0,left_eyebrow_18x,left_eyebrow_18y,left_eyebrow_20x,left_eyebrow_20y,left_eyebrow_22x,left_eyebrow_22y,right_eyebrow_23x,right_eyebrow_23y,right_eyebrow_25x,right_eyebrow_25y,right_eyebrow_27x,right_eyebrow_27y,left_eye38_x,left_eye38_y,right_eye45_x,right_eye45_y,left_lip49_x,left_lip49_y,lip_center_upper52_x,lip_center_upper52_y,right_lip55_x,right_lip55_y,lip_center_lower58_x,lip_center_lower58_y,trans_x,trans_y,trans_z,rot_x,rot_y,rot_z
0,0,4.596878051757784,-0.4136505126953125,-2.5555114746094034,-7.9395904541015625,-4.022315979003906,-8.508865356445341,4.778535842895508,-8.62579345703125,2.1956481933594034,-6.1865081787109375,-5.6435546875,0.4481201171875,0.43059539794921875,5.422119140624943,-1.2529449462890625,5.271331787109375,-13.180610656738267,-18.110458374023438,-0.7647135555744171,-3.8803462982177663,12.968696594238267,-15.893962860107422,-1.3919326663017277,24.41555786132814,-0.0012380247499095276,0.00263204425573349,0.00263204425573349,-1.772635311023902,1.9573113652082794,0.43407326004029145
