,Unnamed: 0,left_eyebrow_18x,left_eyebrow_18y,left_eyebrow_20x,left_eyebrow_20y,left_eyebrow_22x,left_eyebrow_22y,right_eyebrow_23x,right_eyebrow_23y,right_eyebrow_25x,right_eyebrow_25y,right_eyebrow_27x,right_eyebrow_27y,left_eye38_x,left_eye38_y,right_eye45_x,right_eye45_y,left_lip49_x,left_lip49_y,lip_center_upper52_x,lip_center_upper52_y,right_lip55_x,right_lip55_y,lip_center_lower58_x,lip_center_lower58_y,trans_x,trans_y,trans_z,rot_x,rot_y,rot_z
0,0,20.382827758789062,-31.212966918945312,-15.302932739257812,-27.39953613281253,-27.70880889892579,-12.058853149414091,-27.476579666137695,-7.730697631835909,-2.60198974609375,3.090423583984375,-1.0290985107421875,10.75830078125,19.156326293945312,3.4239959716796875,7.811729431152344,5.039093017578097,26.349166870117188,14.448734283447266,-20.326841354370117,19.735675811767578,20.179794311523438,-38.80863952636719,-10.253424167633057,4.92889404296875,0.024251528549939394,-0.00855959951877594,-0.00855959951877594,-0.4683043954865306,34.521990228753616,0.062389986495624106
