,Unnamed: 0,left_eyebrow_18x,left_eyebrow_18y,left_eyebrow_20x,left_eyebrow_20y,left_eyebrow_22x,left_eyebrow_22y,right_eyebrow_23x,right_eyebrow_23y,right_eyebrow_25x,right_eyebrow_25y,right_eyebrow_27x,right_eyebrow_27y,left_eye38_x,left_eye38_y,right_eye45_x,right_eye45_y,left_lip49_x,left_lip49_y,lip_center_upper52_x,lip_center_upper52_y,right_lip55_x,right_lip55_y,lip_center_lower58_x,lip_center_lower58_y,trans_x,trans_y,trans_z,rot_x,rot_y,rot_z
0,0,42.25416564941406,-39.93281555175781,-5.3791656494140625,-26.962493896484318,-28.595985412597656,-3.3482666015624716,-38.98924118280411,-4.744842529296875,-4.5975189208984375,-0.9271545410155966,4.5591278076171875,5.819137573242216,16.09278106689453,6.317230224609347,-0.19651031494139204,13.349884033203125,15.012565612792969,21.780246734619134,-23.622847318649296,12.88868713378907,27.612136840820312,-29.849773406982422,-5.380633473396302,21.99498748779297,0.025375150144100186,0.007502295076847076,0.007502295076847076,7.2873862011873,33.85791772059225,1.75463816827285
