,Unnamed: 0,left_eyebrow_18x,left_eyebrow_18y,left_eyebrow_20x,left_eyebrow_20y,left_eyebrow_22x,left_eyebrow_22y,right_eyebrow_23x,right_eyebrow_23y,right_eyebrow_25x,right_eyebrow_25y,right_eyebrow_27x,right_eyebrow_27y,left_eye38_x,left_eye38_y,right_eye45_x,right_eye45_y,left_lip49_x,left_lip49_y,lip_center_upper52_x,lip_center_upper52_y,right_lip55_x,right_lip55_y,lip_center_lower58_x,lip_center_lower58_y,trans_x,trans_y,trans_z,rot_x,rot_y,rot_z
0,0,11.360061645507841,-9.585800170898438,-4.388229370117159,-13.380447387695312,-11.968925476074219,-4.150665283203153,-11.204175949096673,-5.765838623046903,1.073638916015625,-0.0229949951171875,1.6018066406249432,11.77984619140625,4.970825195312486,2.6868438720703125,5.926826477050781,2.5798645019530966,0.9506988525390767,-0.9872322082519531,-10.534786701202393,-3.014425277709961,15.295608520507827,-28.859987258911133,-4.840838193893433,18.704750061035142,0.012892144135548733,-0.017209693789482124,-0.017209693789482124,-1.8716972732049828,19.712482830897457,0.6779755581121425
