,Unnamed: 0,left_eyebrow_18x,left_eyebrow_18y,left_eyebrow_20x,left_eyebrow_20y,left_eyebrow_22x,left_eyebrow_22y,right_eyebrow_23x,right_eyebrow_23y,right_eyebrow_25x,right_eyebrow_25y,right_eyebrow_27x,right_eyebrow_27y,left_eye38_x,left_eye38_y,right_eye45_x,right_eye45_y,left_lip49_x,left_lip49_y,lip_center_upper52_x,lip_center_upper52_y,right_lip55_x,right_lip55_y,lip_center_lower58_x,lip_center_lower58_y,trans_x,trans_y,trans_z,rot_x,rot_y,rot_z
0,0,0.3532714843750284,-0.21330261230465908,-0.06858825683590908,0.03570556640630684,-0.43355560302734375,0.921722412109375,4.504764556884766,-1.639389038085909,2.5589447021484375,-2.8993988037109943,-2.886260986328125,-0.9531402587890341,-0.32459259033204546,2.1701507568359375,-0.7079620361328125,1.471878051757784,-2.0647735595703125,-7.860061645507798,-2.6368227005004883,0.86920166015625,0.999046325683608,-4.279266357421889,-0.078776955604553,4.070014953613281,0.0027883234433829784,-0.00558549165725708,-0.00558549165725708,-0.7152505506474398,-1.5734620877954066,0.954204740275501
