,Unnamed: 0,left_eyebrow_18x,left_eyebrow_18y,left_eyebrow_20x,left_eyebrow_20y,left_eyebrow_22x,left_eyebrow_22y,right_eyebrow_23x,right_eyebrow_23y,right_eyebrow_25x,right_eyebrow_25y,right_eyebrow_27x,right_eyebrow_27y,left_eye38_x,left_eye38_y,right_eye45_x,right_eye45_y,left_lip49_x,left_lip49_y,lip_center_upper52_x,lip_center_upper52_y,right_lip55_x,right_lip55_y,lip_center_lower58_x,lip_center_lower58_y,trans_x,trans_y,trans_z,rot_x,rot_y,rot_z
0,0,25.514816284179688,-32.9229431152344,-8.657600402832003,-10.659118652343693,-37.10548210144043,-0.179412841796875,-29.69826591014862,5.315048217773466,-8.606666564941378,13.979583740234318,1.8426361083984943,6.363525390625,16.840911865234375,16.6060791015625,11.242439270019531,15.31109619140625,21.673934936523438,1.579540252685554,-23.609761238098145,4.769723892211914,26.83319854736328,-47.54158306121827,-18.118345022201538,27.93054962158203,0.03783589415252209,-0.010127708315849304,-0.010127708315849304,10.730815149828617,42.060116563897964,0.9886320423386656
