,Unnamed: 0,left_eyebrow_18x,left_eyebrow_18y,left_eyebrow_20x,left_eyebrow_20y,left_eyebrow_22x,left_eyebrow_22y,right_eyebrow_23x,right_eyebrow_23y,right_eyebrow_25x,right_eyebrow_25y,right_eyebrow_27x,right_eyebrow_27y,left_eye38_x,left_eye38_y,right_eye45_x,right_eye45_y,left_lip49_x,left_lip49_y,lip_center_upper52_x,lip_center_upper52_y,right_lip55_x,right_lip55_y,lip_center_lower58_x,lip_center_lower58_y,trans_x,trans_y,trans_z,rot_x,rot_y,rot_z
0,0,28.923843383789034,-40.682891845703125,-8.998733520507841,-14.715164184570256,-35.169883728027344,-1.905136108398466,-27.999916076660156,-2.6022186279296875,-6.288696289062457,9.300521850585938,2.144897460937443,2.2504272460937216,23.67535400390625,16.185134887695284,5.2764892578125,12.034683227539062,22.05988311767578,7.399868011474609,-36.25655138492584,5.007560729980476,21.712722778320312,-37.91740036010742,-13.00666517019272,23.5262451171875,0.024557243028539233,0.003440387547016144,0.003440387547016144,3.1611186531591655,43.238267699606276,3.2478395095871684
