,Unnamed: 0,left_eyebrow_18x,left_eyebrow_18y,left_eyebrow_20x,left_eyebrow_20y,left_eyebrow_22x,left_eyebrow_22y,right_eyebrow_23x,right_eyebrow_23y,right_eyebrow_25x,right_eyebrow_25y,right_eyebrow_27x,right_eyebrow_27y,left_eye38_x,left_eye38_y,right_eye45_x,right_eye45_y,left_lip49_x,left_lip49_y,lip_center_upper52_x,lip_center_upper52_y,right_lip55_x,right_lip55_y,lip_center_lower58_x,lip_center_lower58_y,trans_x,trans_y,trans_z,rot_x,rot_y,rot_z
0,0,3.6564331054687784,7.076416015625,-4.921821594238281,-2.52740478515625,-7.8718719482421875,-3.631378173828125,1.0678730010986328,-0.5473022460937216,2.8875885009765625,2.038864135742159,-0.11885070800778408,10.347427368164091,-4.175262451171875,2.412841796875,4.712059020996094,1.837249755859375,1.2798843383789205,-2.5995330810546875,1.6146082878112789,-0.716522216796875,2.033103942871108,-9.80976867675782,-2.2237942218780518,8.729438781738281,0.0006005051545798779,-0.011404231190681458,-0.011404231190681458,-0.8861116408342209,5.009671475444749,2.373663871387045
