,Unnamed: 0,left_eyebrow_18x,left_eyebrow_18y,left_eyebrow_20x,left_eyebrow_20y,left_eyebrow_22x,left_eyebrow_22y,right_eyebrow_23x,right_eyebrow_23y,right_eyebrow_25x,right_eyebrow_25y,right_eyebrow_27x,right_eyebrow_27y,left_eye38_x,left_eye38_y,right_eye45_x,right_eye45_y,left_lip49_x,left_lip49_y,lip_center_upper52_x,lip_center_upper52_y,right_lip55_x,right_lip55_y,lip_center_lower58_x,lip_center_lower58_y,trans_x,trans_y,trans_z,rot_x,rot_y,rot_z
0,0,4.5574798583984375,-2.2655487060546875,3.6993255615234375,-13.459136962890682,2.6146583557128906,-5.0005645751953125,2.638755798339851,-5.109268188476591,2.884689331054716,-8.437271118164006,-1.6372833251953125,-1.443267822265625,0.598541259765625,3.5866851806640057,-1.6425323486328125,5.101333618164091,-14.373001098632812,-11.851619720458991,-0.9124699831008911,-7.448040008544922,11.635665893554688,-15.124061584472656,0.07025194168090843,19.29443359375,0.004528387915343046,0.003743208944797523,0.003743208944797523,-0.4733101937369959,-6.420453369853657,-1.042290969602003
