,Unnamed: 0,left_eyebrow_18x,left_eyebrow_18y,left_eyebrow_20x,left_eyebrow_20y,left_eyebrow_22x,left_eyebrow_22y,right_eyebrow_23x,right_eyebrow_23y,right_eyebrow_25x,right_eyebrow_25y,right_eyebrow_27x,right_eyebrow_27y,left_eye38_x,left_eye38_y,right_eye45_x,right_eye45_y,left_lip49_x,left_lip49_y,lip_center_upper52_x,lip_center_upper52_y,right_lip55_x,right_lip55_y,lip_center_lower58_x,lip_center_lower58_y,trans_x,trans_y,trans_z,rot_x,rot_y,rot_z
0,0,14.100112915039091,-31.407699584960938,-13.713333129882784,-7.837966918945369,-25.832469940185547,5.2646942138671875,-26.529449462890625,-6.672622680664091,-0.9153442382812216,8.168228149414006,-0.8136138916015625,9.849563598632812,26.136207580566406,8.549819946289034,10.644111633300781,5.1887054443359375,49.98349380493164,23.104446411132812,-37.63918018341064,8.832210540771491,4.555816650390625,-27.390037536621094,-23.872164189815518,7.525299072265625,0.010554461739957333,-0.027662482112646103,-0.027662482112646103,-4.89585024305216,49.60621423226802,0.02688535481004395
