,Unnamed: 0,left_eyebrow_18x,left_eyebrow_18y,left_eyebrow_20x,left_eyebrow_20y,left_eyebrow_22x,left_eyebrow_22y,right_eyebrow_23x,right_eyebrow_23y,right_eyebrow_25x,right_eyebrow_25y,right_eyebrow_27x,right_eyebrow_27y,left_eye38_x,left_eye38_y,right_eye45_x,right_eye45_y,left_lip49_x,left_lip49_y,lip_center_upper52_x,lip_center_upper52_y,right_lip55_x,right_lip55_y,lip_center_lower58_x,lip_center_lower58_y,trans_x,trans_y,trans_z,rot_x,rot_y,rot_z
0,0,7.683441162109375,-6.3054046630859375,0.9261245727539062,-7.195022583007869,-6.352144241333001,-0.46270751953125,-2.559261322021488,-2.9719085693359375,0.6277999877929688,-0.9647979736328409,-0.7080993652343466,1.2956848144531534,2.1913223266601562,1.075592041015625,1.4740676879882812,2.0413055419921875,-2.9698104858398438,-2.656005859375,-13.010539174079897,15.262611389160156,14.663093566894531,-17.327220916748047,-10.137827038764954,14.854362487792969,0.009221268759574741,-0.022801049053668976,-0.022801049053668976,1.5488745553355185,18.27397977896873,-0.9823323874331953
