,Unnamed: 0,left_eyebrow_18x,left_eyebrow_18y,left_eyebrow_20x,left_eyebrow_20y,left_eyebrow_22x,left_eyebrow_22y,right_eyebrow_23x,right_eyebrow_23y,right_eyebrow_25x,right_eyebrow_25y,right_eyebrow_27x,right_eyebrow_27y,left_eye38_x,left_eye38_y,right_eye45_x,right_eye45_y,left_lip49_x,left_lip49_y,lip_center_upper52_x,lip_center_upper52_y,right_lip55_x,right_lip55_y,lip_center_lower58_x,lip_center_lower58_y,trans_x,trans_y,trans_z,rot_x,rot_y,rot_z
0,0,-0.161865234375,-5.57623291015625,0.23384857177735796,-9.930572509765597,1.0814609527587926,0.4481353759765909,2.4555397033691406,2.940139770507784,-2.7494049072265625,-7.6213836669921875,-3.062896728515625,-7.9959564208984375,1.6622390747070312,-0.1713104248046875,-1.0595550537109375,0.100738525390625,-3.7495574951171733,-12.798965454101577,-1.2607681751251225,9.449079513549808,7.451622009277358,-11.66110610961914,-0.450986385345459,7.619865417480469,-0.0008836999186314639,0.0031348280608654022,0.0031348280608654022,4.560379821919182,1.2037022209641202,-0.49047261440706524
