,Unnamed: 0,left_eyebrow_18x,left_eyebrow_18y,left_eyebrow_20x,left_eyebrow_20y,left_eyebrow_22x,left_eyebrow_22y,right_eyebrow_23x,right_eyebrow_23y,right_eyebrow_25x,right_eyebrow_25y,right_eyebrow_27x,right_eyebrow_27y,left_eye38_x,left_eye38_y,right_eye45_x,right_eye45_y,left_lip49_x,left_lip49_y,lip_center_upper52_x,lip_center_upper52_y,right_lip55_x,right_lip55_y,lip_center_lower58_x,lip_center_lower58_y,trans_x,trans_y,trans_z,rot_x,rot_y,rot_z
0,0,5.993408203125,1.804214477539091,-2.7437210083007812,-10.867523193359432,-9.245538711547852,-2.77008056640625,2.627368927001953,-1.9455108642578125,2.7639770507812784,-9.230041503906364,-2.8605957031249716,3.557815551757784,-1.0965042114257812,6.321441650390625,3.0746994018554688,7.432708740234375,-9.094429016113281,-13.739082336425781,0.7574789524078369,0.8161449432373047,10.96878814697267,-23.52351379394532,-2.605800151824951,28.25392913818358,-0.0027385856374166906,-0.0017291456460952759,-0.0017291456460952759,5.945351083519286,5.164612034293015,0.7190210033023763
