,Unnamed: 0,left_eyebrow_18x,left_eyebrow_18y,left_eyebrow_20x,left_eyebrow_20y,left_eyebrow_22x,left_eyebrow_22y,right_eyebrow_23x,right_eyebrow_23y,right_eyebrow_25x,right_eyebrow_25y,right_eyebrow_27x,right_eyebrow_27y,left_eye38_x,left_eye38_y,right_eye45_x,right_eye45_y,left_lip49_x,left_lip49_y,lip_center_upper52_x,lip_center_upper52_y,right_lip55_x,right_lip55_y,lip_center_lower58_x,lip_center_lower58_y,trans_x,trans_y,trans_z,rot_x,rot_y,rot_z
0,0,12.3035888671875,-19.5477294921875,-3.7881851196289062,-13.572296142578068,-20.812028884887695,0.90008544921875,-8.555429458618164,2.446258544921875,-3.2807922363280966,3.2615966796874716,-1.416473388671875,-0.0463714599609375,3.0227432250976562,11.07806396484375,6.7827911376953125,13.497940063476562,5.2008209228515625,-2.153453826904297,-10.70196533203125,1.9781055450439453,22.960289001464844,-34.77525329589844,-11.901488065719604,29.624122619628906,0.009889595210552217,-0.01537543535232544,-0.01537543535232544,9.24362258892994,23.28887004356893,-0.4129257730956519
