,Unnamed: 0,left_eyebrow_18x,left_eyebrow_18y,left_eyebrow_20x,left_eyebrow_20y,left_eyebrow_22x,left_eyebrow_22y,right_eyebrow_23x,right_eyebrow_23y,right_eyebrow_25x,right_eyebrow_25y,right_eyebrow_27x,right_eyebrow_27y,left_eye38_x,left_eye38_y,right_eye45_x,right_eye45_y,left_lip49_x,left_lip49_y,lip_center_upper52_x,lip_center_upper52_y,right_lip55_x,right_lip55_y,lip_center_lower58_x,lip_center_lower58_y,trans_x,trans_y,trans_z,rot_x,rot_y,rot_z
0,0,11.393875122070284,-9.729171752929688,-4.453346252441392,-10.9742431640625,-15.480403900146477,1.5575866699218466,-12.624135971069336,2.43475341796875,-4.565093994140625,1.777099609375,-1.7605133056640625,4.361297607421875,7.1065521240234375,-6.2331390380859375,3.3351821899414062,-1.1710357666015625,9.526023864746094,-11.031673431396484,-11.64793062210083,9.61941909790039,20.826210021972685,-22.356996536254883,-6.849151194095612,5.7412567138671875,0.013327327091246843,-0.009663969278335571,-0.009663969278335571,3.1469051195807047,14.707130495692828,-0.7855631379233756
