,Unnamed: 0,left_eyebrow_18x,left_eyebrow_18y,left_eyebrow_20x,left_eyebrow_20y,left_eyebrow_22x,left_eyebrow_22y,right_eyebrow_23x,right_eyebrow_23y,right_eyebrow_25x,right_eyebrow_25y,right_eyebrow_27x,right_eyebrow_27y,left_eye38_x,left_eye38_y,right_eye45_x,right_eye45_y,left_lip49_x,left_lip49_y,lip_center_upper52_x,lip_center_upper52_y,right_lip55_x,right_lip55_y,lip_center_lower58_x,lip_center_lower58_y,trans_x,trans_y,trans_z,rot_x,rot_y,rot_z
0,0,9.6829833984375,-12.526504516601506,-1.6224975585937216,-10.826171875,-9.736030578613281,-3.8585205078125,-12.63149642944336,0.273590087890625,-5.3205718994140625,5.5616607666015625,1.1125793457030966,2.855010986328125,10.54876708984375,3.760467529296875,5.308746337890625,3.0182342529296875,-9.891517639160156,0.788196563720696,-19.79988670349121,4.974563598632809,20.04458618164061,-29.346988677978512,-10.210319995880127,22.194046020507812,0.0018568634986877424,-0.021840301342308525,-0.021840301342308525,0.5973596678992674,28.943400464086075,-1.0136969181195767
