,Unnamed: 0,left_eyebrow_18x,left_eyebrow_18y,left_eyebrow_20x,left_eyebrow_20y,left_eyebrow_22x,left_eyebrow_22y,right_eyebrow_23x,right_eyebrow_23y,right_eyebrow_25x,right_eyebrow_25y,right_eyebrow_27x,right_eyebrow_27y,left_eye38_x,left_eye38_y,right_eye45_x,right_eye45_y,left_lip49_x,left_lip49_y,lip_center_upper52_x,lip_center_upper52_y,right_lip55_x,right_lip55_y,lip_center_lower58_x,lip_center_lower58_y,trans_x,trans_y,trans_z,rot_x,rot_y,rot_z
0,0,32.05094909667969,-27.06327819824216,0.6904754638672159,-16.246200561523438,-20.48877334594728,-0.0110015869140625,-31.244571685791023,1.9836273193359375,-8.4273681640625,9.3204345703125,6.662872314453097,7.837539672851534,19.33490753173828,3.8574676513671875,3.7450790405273438,1.949920654296875,4.87762451171875,12.802993774414062,-44.44328212738037,10.600936889648434,24.404151916503892,-38.39260482788086,-20.775778770446777,25.392410278320312,0.015267109498381616,-0.006356967205647379,-0.006356967205647379,6.044979838387239,46.14724377016551,2.521967335969118
