,Unnamed: 0,left_eyebrow_18x,left_eyebrow_18y,left_eyebrow_20x,left_eyebrow_20y,left_eyebrow_22x,left_eyebrow_22y,right_eyebrow_23x,right_eyebrow_23y,right_eyebrow_25x,right_eyebrow_25y,right_eyebrow_27x,right_eyebrow_27y,left_eye38_x,left_eye38_y,right_eye45_x,right_eye45_y,left_lip49_x,left_lip49_y,lip_center_upper52_x,lip_center_upper52_y,right_lip55_x,right_lip55_y,lip_center_lower58_x,lip_center_lower58_y,trans_x,trans_y,trans_z,rot_x,rot_y,rot_z
0,0,24.60699462890628,-34.877731323242216,-15.769859313964844,-33.12159729003909,-30.261558532714844,-11.085922241210938,-26.955852031707764,-7.635040283203125,-1.7849960327148438,-5.019226074218722,-0.75408935546875,15.078353881835938,12.763420104980469,-2.7152404785156534,9.388198852539062,4.184783935546875,33.83951187133789,15.927459716796875,-21.07033497095108,10.032821655273438,24.799987792968736,-34.965993881225586,-8.964198529720306,3.9272689819335938,0.05001953896135092,0.032826751470565796,0.032826751470565796,-3.2945984161921276,33.95746326622996,2.152323975392358
