,Unnamed: 0,left_eyebrow_18x,left_eyebrow_18y,left_eyebrow_20x,left_eyebrow_20y,left_eyebrow_22x,left_eyebrow_22y,right_eyebrow_23x,right_eyebrow_23y,right_eyebrow_25x,right_eyebrow_25y,right_eyebrow_27x,right_eyebrow_27y,left_eye38_x,left_eye38_y,right_eye45_x,right_eye45_y,left_lip49_x,left_lip49_y,lip_center_upper52_x,lip_center_upper52_y,right_lip55_x,right_lip55_y,lip_center_lower58_x,lip_center_lower58_y,trans_x,trans_y,trans_z,rot_x,rot_y,rot_z
0,0,28.6044921875,-25.86083984375,-4.146942138671932,-7.3723602294921875,-20.539649963378892,7.5215911865234375,-34.927753925323486,3.928192138671875,-8.382736206054688,12.732040405273438,2.513442993164091,5.707855224609375,14.906501770019531,1.0084381103515625,2.1285018920898438,1.415313720703125,32.4324951171875,14.579658508300781,-29.691466093063354,16.329221725463867,23.467102050781236,-24.865438461303707,-20.57527431845665,11.53012847900392,0.031957851897459484,-0.002846471965312951,-0.002846471965312951,5.818912883461371,35.501674338741005,1.0095816175882324
