,Unnamed: 0,left_eyebrow_18x,left_eyebrow_18y,left_eyebrow_20x,left_eyebrow_20y,left_eyebrow_22x,left_eyebrow_22y,right_eyebrow_23x,right_eyebrow_23y,right_eyebrow_25x,right_eyebrow_25y,right_eyebrow_27x,right_eyebrow_27y,left_eye38_x,left_eye38_y,right_eye45_x,right_eye45_y,left_lip49_x,left_lip49_y,lip_center_upper52_x,lip_center_upper52_y,right_lip55_x,right_lip55_y,lip_center_lower58_x,lip_center_lower58_y,trans_x,trans_y,trans_z,rot_x,rot_y,rot_z
0,0,-1.2806243896484375,-1.2713470458984375,-0.5192565917968608,-6.4694671630859375,1.5613746643066406,0.7582702636718466,-0.71148681640625,0.0374298095703125,0.7416763305664062,-4.931182861328125,-0.9483489990234375,-2.2908172607421875,3.1335830688476562,-3.243408203125,-2.9556884765625,-4.993896484374972,-7.154502868652344,-22.998462677001953,-2.1828446388244633,6.285549163818359,5.944206237792983,-17.4282169342041,-0.08272266387939453,5.045227050781236,-0.000827588839456439,0.0009813085198402405,0.0009813085198402405,5.961374001376946,-0.9253348097732188,-1.2673521219380222
