,Unnamed: 0,left_eyebrow_18x,left_eyebrow_18y,left_eyebrow_20x,left_eyebrow_20y,left_eyebrow_22x,left_eyebrow_22y,right_eyebrow_23x,right_eyebrow_23y,right_eyebrow_25x,right_eyebrow_25y,right_eyebrow_27x,right_eyebrow_27y,left_eye38_x,left_eye38_y,right_eye45_x,right_eye45_y,left_lip49_x,left_lip49_y,lip_center_upper52_x,lip_center_upper52_y,right_lip55_x,right_lip55_y,lip_center_lower58_x,lip_center_lower58_y,trans_x,trans_y,trans_z,rot_x,rot_y,rot_z
0,0,0.8135223388671875,5.247589111328125,-4.168914794921932,-6.825714111328125,-4.708381652832031,-9.6513671875,12.05153656005859,-14.963333129882784,8.015106201171847,-13.0325927734375,-3.153045654296875,4.387405395507756,0.8999938964843608,2.407135009765625,-1.4988250732422017,1.2535247802734375,-3.643218994140625,-8.14985656738282,-1.806875079870224,-9.372571945190433,6.124092102050781,-4.337566375732422,-2.356128752231598,5.0297927856445455,0.0026439136127009988,0.0016726739704609056,0.0016726739704609056,-7.261701429026974,-3.6866665415283553,-1.3782123530568846
