,Unnamed: 0,left_eyebrow_18x,left_eyebrow_18y,left_eyebrow_20x,left_eyebrow_20y,left_eyebrow_22x,left_eyebrow_22y,right_eyebrow_23x,right_eyebrow_23y,right_eyebrow_25x,right_eyebrow_25y,right_eyebrow_27x,right_eyebrow_27y,left_eye38_x,left_eye38_y,right_eye45_x,right_eye45_y,left_lip49_x,left_lip49_y,lip_center_upper52_x,lip_center_upper52_y,right_lip55_x,right_lip55_y,lip_center_lower58_x,lip_center_lower58_y,trans_x,trans_y,trans_z,rot_x,rot_y,rot_z
0,0,2.9869079589843466,-8.956634521484347,0.2719573974609375,-17.86964416503909,2.5933570861816477,-1.8518981933593466,-0.7005500793457102,0.5090026855468466,0.278656005859375,-17.948684692382784,-3.654327392578125,-10.785308837890597,3.6185150146484375,9.913665771484375,-2.737518310546889,10.088958740234375,-18.470275878906264,-20.76821517944336,0.24556052684783936,-0.5512237548828125,11.578910827636733,-24.03439903259277,-1.2768065333366394,21.938392639160156,-0.016073517501354218,-0.015152070671319962,-0.015152070671319962,3.272337107801956,6.783651097357598,-4.932853581210503
