,Unnamed: 0,left_eyebrow_18x,left_eyebrow_18y,left_eyebrow_20x,left_eyebrow_20y,left_eyebrow_22x,left_eyebrow_22y,right_eyebrow_23x,right_eyebrow_23y,right_eyebrow_25x,right_eyebrow_25y,right_eyebrow_27x,right_eyebrow_27y,left_eye38_x,left_eye38_y,right_eye45_x,right_eye45_y,left_lip49_x,left_lip49_y,lip_center_upper52_x,lip_center_upper52_y,right_lip55_x,right_lip55_y,lip_center_lower58_x,lip_center_lower58_y,trans_x,trans_y,trans_z,rot_x,rot_y,rot_z
0,0,8.163940429687528,-13.714782714843778,-7.392066955566378,-18.717941284179716,-14.555244445800788,-7.314544677734375,-10.718515396118168,-6.023239135742216,-1.5060577392578267,-7.240005493164034,-2.8135833740234375,2.253219604492216,7.300514221191406,-0.5837249755859659,5.3490447998046875,3.27197265625,7.54742431640625,-10.485618591308594,-5.7118712067604065,3.509258270263672,24.314102172851562,-25.252206802368164,-6.030806481838226,17.510475158691406,0.03123298566788435,0.03437966946512461,0.03437966946512461,-0.8219400810608688,18.789599471670513,-0.018554192415490833
