,Unnamed: 0,left_eyebrow_18x,left_eyebrow_18y,left_eyebrow_20x,left_eyebrow_20y,left_eyebrow_22x,left_eyebrow_22y,right_eyebrow_23x,right_eyebrow_23y,right_eyebrow_25x,right_eyebrow_25y,right_eyebrow_27x,right_eyebrow_27y,left_eye38_x,left_eye38_y,right_eye45_x,right_eye45_y,left_lip49_x,left_lip49_y,lip_center_upper52_x,lip_center_upper52_y,right_lip55_x,right_lip55_y,lip_center_lower58_x,lip_center_lower58_y,trans_x,trans_y,trans_z,rot_x,rot_y,rot_z
0,0,13.460113525390625,-13.379928588867188,-4.9173736572265625,-16.90319824218753,-11.977928161621094,-8.352355957031222,-19.237255096435554,-4.268539428710966,-0.24505615234375,1.16259765625,3.235870361328125,11.368881225585966,9.434303283691406,-0.3225097656249716,4.131561279296875,2.530426025390625,6.532043457031236,3.1103782653808594,-11.770451903343199,-3.719512939453125,26.680213928222642,-28.14015960693359,-6.101287484169006,12.504676818847656,-0.008788472507148981,-0.0007597804069519112,-0.0007597804069519112,1.0308483126858474,40.04998507679976,-0.45056045818499113
