,Unnamed: 0,left_eyebrow_18x,left_eyebrow_18y,left_eyebrow_20x,left_eyebrow_20y,left_eyebrow_22x,left_eyebrow_22y,right_eyebrow_23x,right_eyebrow_23y,right_eyebrow_25x,right_eyebrow_25y,right_eyebrow_27x,right_eyebrow_27y,left_eye38_x,left_eye38_y,right_eye45_x,right_eye45_y,left_lip49_x,left_lip49_y,lip_center_upper52_x,lip_center_upper52_y,right_lip55_x,right_lip55_y,lip_center_lower58_x,lip_center_lower58_y,trans_x,trans_y,trans_z,rot_x,rot_y,rot_z
0,0,2.3617858886719034,3.9783020019531534,-5.189788818359375,-12.540267944335909,-4.231380462646477,-10.18658447265625,2.0075302124023438,-9.300201416015653,2.3720550537109375,-13.156082153320284,-4.815856933593778,2.3407135009765625,5.271301269531264,1.3391876220703125,-1.1133117675781392,0.2634429931640625,-14.370773315429673,-17.463035583496094,-2.2777085304260254,1.1359062194824148,11.971977233886719,-14.07364273071289,-1.5398867726325989,9.82453155517581,-0.0010833569685928524,-0.0018833759240806103,-0.0018833759240806103,-0.40655835264944074,1.0333722190086734,0.9193498855419391
