,Unnamed: 0,left_eyebrow_18x,left_eyebrow_18y,left_eyebrow_20x,left_eyebrow_20y,left_eyebrow_22x,left_eyebrow_22y,right_eyebrow_23x,right_eyebrow_23y,right_eyebrow_25x,right_eyebrow_25y,right_eyebrow_27x,right_eyebrow_27y,left_eye38_x,left_eye38_y,right_eye45_x,right_eye45_y,left_lip49_x,left_lip49_y,lip_center_upper52_x,lip_center_upper52_y,right_lip55_x,right_lip55_y,lip_center_lower58_x,lip_center_lower58_y,trans_x,trans_y,trans_z,rot_x,rot_y,rot_z
0,0,36.40171813964844,-29.491180419921903,-2.004043579101591,-12.907913208007784,-22.996406555175774,-0.7994537353515625,-29.461417198181152,-4.351287841796932,-5.545654296875,3.2581481933594034,8.824584960937443,9.834381103515597,10.513603210449233,7.32012939453125,-1.9652557373047017,6.7812042236328125,39.73544311523438,5.6724853515625,-41.61973595619202,1.4414291381835866,18.48190307617189,-33.19216728210449,-17.92828762531281,8.194709777832045,0.0425072928192094,-0.014072093181312084,-0.014072093181312084,-9.2297483551273,33.305968458171336,2.671464134793509
