,Unnamed: 0,left_eyebrow_18x,left_eyebrow_18y,left_eyebrow_20x,left_eyebrow_20y,left_eyebrow_22x,left_eyebrow_22y,right_eyebrow_23x,right_eyebrow_23y,right_eyebrow_25x,right_eyebrow_25y,right_eyebrow_27x,right_eyebrow_27y,left_eye38_x,left_eye38_y,right_eye45_x,right_eye45_y,left_lip49_x,left_lip49_y,lip_center_upper52_x,lip_center_upper52_y,right_lip55_x,right_lip55_y,lip_center_lower58_x,lip_center_lower58_y,trans_x,trans_y,trans_z,rot_x,rot_y,rot_z
0,0,5.224151611328125,-7.397994995117216,-13.595794677734375,-14.896026611328068,-9.763587951660156,-4.254074096679716,-18.262966156005863,-3.2605743408203125,-3.4517211914062216,3.9669494628906534,-1.3327941894530966,9.863189697265625,7.1316375732421875,3.2246551513671875,4.20404052734375,5.883666992187528,16.071578979492188,-3.289649963378899,-14.506792187690735,-0.36441802978515625,18.7522735595703,-28.01461410522461,-8.76223349571228,24.009536743164062,0.01330401934683323,-0.0037209950387477875,-0.0037209950387477875,-2.9908279605857837,20.11123335561237,1.340174369179977
