,Unnamed: 0,left_eyebrow_18x,left_eyebrow_18y,left_eyebrow_20x,left_eyebrow_20y,left_eyebrow_22x,left_eyebrow_22y,right_eyebrow_23x,right_eyebrow_23y,right_eyebrow_25x,right_eyebrow_25y,right_eyebrow_27x,right_eyebrow_27y,left_eye38_x,left_eye38_y,right_eye45_x,right_eye45_y,left_lip49_x,left_lip49_y,lip_center_upper52_x,lip_center_upper52_y,right_lip55_x,right_lip55_y,lip_center_lower58_x,lip_center_lower58_y,trans_x,trans_y,trans_z,rot_x,rot_y,rot_z
0,0,2.1893768310546875,11.36077880859375,-1.5174713134765625,-1.9628753662109375,0.3133697509765696,-3.8702392578124716,0.28357696533203125,-1.6142578125,1.510665893554659,1.3654174804687784,-3.353012084960909,9.58380126953125,0.16732025146484375,0.8610382080078125,2.1032943725585938,0.4577484130859091,-5.215629577636733,-15.60714340209961,-2.6615056991577153,0.02571868896484375,4.044677734375,-13.028602600097663,-3.790990471839905,20.10659790039061,0.028708298690617085,0.02725956216454506,0.02725956216454506,1.2206902316055608,0.46087897120071775,-0.4984711662391287
