,Unnamed: 0,left_eyebrow_18x,left_eyebrow_18y,left_eyebrow_20x,left_eyebrow_20y,left_eyebrow_22x,left_eyebrow_22y,right_eyebrow_23x,right_eyebrow_23y,right_eyebrow_25x,right_eyebrow_25y,right_eyebrow_27x,right_eyebrow_27y,left_eye38_x,left_eye38_y,right_eye45_x,right_eye45_y,left_lip49_x,left_lip49_y,lip_center_upper52_x,lip_center_upper52_y,right_lip55_x,right_lip55_y,lip_center_lower58_x,lip_center_lower58_y,trans_x,trans_y,trans_z,rot_x,rot_y,rot_z
0,0,1.3155670166015057,1.916976928710966,-1.577178955078125,-6.711578369140625,-1.8969879150390625,-4.008651733398466,0.8686485290527344,-4.2801971435546875,3.4895324707031534,-7.160430908203097,-1.01885986328125,3.3600616455078693,0.7980422973632812,0.16455078125,1.0219802856445455,-1.715606689453125,-4.092758178710966,-10.709236145019531,0.6185929775238042,6.601715087890632,4.226997375488281,-11.374736785888672,0.7779158353805542,-1.8652267456054688,-0.0012218774063512683,-0.0018532350659370353,-0.0018532350659370353,-3.430241160608559,0.058635241674208194,0.1359013652540142
