,Unnamed: 0,left_eyebrow_18x,left_eyebrow_18y,left_eyebrow_20x,left_eyebrow_20y,left_eyebrow_22x,left_eyebrow_22y,right_eyebrow_23x,right_eyebrow_23y,right_eyebrow_25x,right_eyebrow_25y,right_eyebrow_27x,right_eyebrow_27y,left_eye38_x,left_eye38_y,right_eye45_x,right_eye45_y,left_lip49_x,left_lip49_y,lip_center_upper52_x,lip_center_upper52_y,right_lip55_x,right_lip55_y,lip_center_lower58_x,lip_center_lower58_y,trans_x,trans_y,trans_z,rot_x,rot_y,rot_z
0,0,26.418716430664006,-28.344100952148438,-6.507629394531278,-8.945968627929688,-28.214260101318352,4.198379516601534,-30.25097131729126,-0.8414306640625,-6.739356994628878,11.249984741210938,1.28265380859375,7.959777832031278,17.157630920410156,3.92010498046875,7.79694366455081,4.1555023193359375,16.650634765624986,14.99215316772461,-30.74996638298035,12.641189575195312,20.659347534179688,-33.93513870239258,-20.851430296897888,5.630096435546875,0.034951053792610765,0.007098387926816933,0.007098387926816933,-0.6766336086003335,34.798232614345885,1.4457135284868396
