,Unnamed: 0,left_eyebrow_18x,left_eyebrow_18y,left_eyebrow_20x,left_eyebrow_20y,left_eyebrow_22x,left_eyebrow_22y,right_eyebrow_23x,right_eyebrow_23y,right_eyebrow_25x,right_eyebrow_25y,right_eyebrow_27x,right_eyebrow_27y,left_eye38_x,left_eye38_y,right_eye45_x,right_eye45_y,left_lip49_x,left_lip49_y,lip_center_upper52_x,lip_center_upper52_y,right_lip55_x,right_lip55_y,lip_center_lower58_x,lip_center_lower58_y,trans_x,trans_y,trans_z,rot_x,rot_y,rot_z
0,0,1.7860565185546307,2.626113891601591,-4.6328887939453125,-10.386566162109403,-1.5853233337402344,-8.408157348632841,-1.8351402282714915,-7.5594329833984375,4.5901947021484375,-11.246200561523438,1.326568603515625,3.800689697265625,0.943389892578125,6.217803955078125,0.5503997802734375,6.4362335205078125,-4.286254882812472,-9.987407684326172,2.023991346359253,1.4999370574951136,3.4879684448242188,-14.709503173828118,3.7350059747695923,-4.381523132324219,0.0011813282035291195,0.0007055476307868958,0.0007055476307868958,-5.949271969293919,-1.3649980240434387,-0.24149370919345392
