,Unnamed: 0,left_eyebrow_18x,left_eyebrow_18y,left_eyebrow_20x,left_eyebrow_20y,left_eyebrow_22x,left_eyebrow_22y,right_eyebrow_23x,right_eyebrow_23y,right_eyebrow_25x,right_eyebrow_25y,right_eyebrow_27x,right_eyebrow_27y,left_eye38_x,left_eye38_y,right_eye45_x,right_eye45_y,left_lip49_x,left_lip49_y,lip_center_upper52_x,lip_center_upper52_y,right_lip55_x,right_lip55_y,lip_center_lower58_x,lip_center_lower58_y,trans_x,trans_y,trans_z,rot_x,rot_y,rot_z
0,0,1.981781005859375,2.565048217773409,-1.508590698242159,-4.24859619140625,-0.9159393310546804,-1.686614990234375,-0.3607139587402344,-0.7576446533203409,0.7636260986328125,-3.8982696533203125,-0.973358154296875,4.1290130615234375,0.45807647705078125,2.0691375732421875,1.8407135009765625,0.8568267822265625,-4.863853454589844,-11.983905792236321,0.9788438081741333,1.5554237365722585,4.960426330566406,-14.190547943115227,0.03384464979171753,8.199638366699219,0.0004503590753301978,0.0016281604766845773,0.0016281604766845773,2.7689808368891304,-1.360799517389395,-1.4751701403255262
