,Unnamed: 0,left_eyebrow_18x,left_eyebrow_18y,left_eyebrow_20x,left_eyebrow_20y,left_eyebrow_22x,left_eyebrow_22y,right_eyebrow_23x,right_eyebrow_23y,right_eyebrow_25x,right_eyebrow_25y,right_eyebrow_27x,right_eyebrow_27y,left_eye38_x,left_eye38_y,right_eye45_x,right_eye45_y,left_lip49_x,left_lip49_y,lip_center_upper52_x,lip_center_upper52_y,right_lip55_x,right_lip55_y,lip_center_lower58_x,lip_center_lower58_y,trans_x,trans_y,trans_z,rot_x,rot_y,rot_z
0,0,10.875854492187528,-1.6892547607421875,-10.483703613281222,-15.407791137695312,-15.20030593872071,-14.611328125,-7.429269790649414,-16.82173156738284,6.0076751708984375,-6.1165313720703125,0.8427886962890909,14.88165283203125,7.5335540771484375,-6.6496429443359375,9.251167297363281,-3.0055694580078125,7.7941436767578125,15.789196014404297,-14.281173706054688,-2.8302154541015625,8.854331970214858,-9.60678482055664,-11.437944889068604,-1.8364410400390625,0.0018952856480609626,0.011499956250190735,0.011499956250190735,-9.33381371281787,29.67594165580645,4.65755049537442
