,Unnamed: 0,left_eyebrow_18x,left_eyebrow_18y,left_eyebrow_20x,left_eyebrow_20y,left_eyebrow_22x,left_eyebrow_22y,right_eyebrow_23x,right_eyebrow_23y,right_eyebrow_25x,right_eyebrow_25y,right_eyebrow_27x,right_eyebrow_27y,left_eye38_x,left_eye38_y,right_eye45_x,right_eye45_y,left_lip49_x,left_lip49_y,lip_center_upper52_x,lip_center_upper52_y,right_lip55_x,right_lip55_y,lip_center_lower58_x,lip_center_lower58_y,trans_x,trans_y,trans_z,rot_x,rot_y,rot_z
0,0,13.02630615234375,-35.403549194335966,-5.288299560546847,-11.648406982421903,-18.478340148925767,5.486999511718778,-26.943366050720215,-1.672149658203125,-5.923873901367216,13.110122680664091,2.613296508789091,8.01031494140625,13.245857238769531,6.2689208984375,8.928871154785156,7.1019439697265625,29.828468322753892,9.225242614746094,-29.83342456817627,12.850448608398438,14.24990844726564,-34.35417747497559,-13.895286798477173,20.655555725097642,0.057004314847290516,0.03567042667418718,0.03567042667418718,4.745038309037901,39.2636876355785,3.827599380842084
