,Unnamed: 0,left_eyebrow_18x,left_eyebrow_18y,left_eyebrow_20x,left_eyebrow_20y,left_eyebrow_22x,left_eyebrow_22y,right_eyebrow_23x,right_eyebrow_23y,right_eyebrow_25x,right_eyebrow_25y,right_eyebrow_27x,right_eyebrow_27y,left_eye38_x,left_eye38_y,right_eye45_x,right_eye45_y,left_lip49_x,left_lip49_y,lip_center_upper52_x,lip_center_upper52_y,right_lip55_x,right_lip55_y,lip_center_lower58_x,lip_center_lower58_y,trans_x,trans_y,trans_z,rot_x,rot_y,rot_z
0,0,4.512969970703125,-8.826507568359375,-2.6266479492187784,-8.61663818359375,-7.30244064331054,1.608474731445341,-11.466867446899418,-0.0989227294921875,-1.8908843994140625,7.061782836914091,1.2363739013671875,5.62554931640625,6.9647674560546875,1.68060302734375,6.9571456909179545,2.2529296875,6.930923461914048,-5.366107940673828,-15.410592079162598,3.947864532470696,14.04743194580081,-21.840702056884773,-12.167628526687622,21.507827758789034,0.03451383952051401,0.027751650661230084,0.027751650661230084,2.157366034793355,22.221870310670045,-0.6403495773965285
