,Unnamed: 0,left_eyebrow_18x,left_eyebrow_18y,left_eyebrow_20x,left_eyebrow_20y,left_eyebrow_22x,left_eyebrow_22y,right_eyebrow_23x,right_eyebrow_23y,right_eyebrow_25x,right_eyebrow_25y,right_eyebrow_27x,right_eyebrow_27y,left_eye38_x,left_eye38_y,right_eye45_x,right_eye45_y,left_lip49_x,left_lip49_y,lip_center_upper52_x,lip_center_upper52_y,right_lip55_x,right_lip55_y,lip_center_lower58_x,lip_center_lower58_y,trans_x,trans_y,trans_z,rot_x,rot_y,rot_z
0,0,9.8154296875,-10.580352783203182,-9.280059814453097,-3.36358642578125,-17.44818496704101,-3.540985107421875,-5.829963684082024,-2.6836242675781534,-1.3298187255859375,8.447525024414062,-1.95648193359375,2.163543701171875,6.093940734863281,7.035858154296875,4.3919601440429545,7.78717041015625,5.4511642456054545,-3.9903297424316406,-6.549853324890137,1.9648818969726491,16.816001892089844,-23.997509002685547,-6.228076457977295,8.951339721679688,0.007669437676668167,-0.0018240846693515708,-0.0018240846693515708,-2.1427921705635775,15.586076119503474,-3.0236572449401975
