,Unnamed: 0,left_eyebrow_18x,left_eyebrow_18y,left_eyebrow_20x,left_eyebrow_20y,left_eyebrow_22x,left_eyebrow_22y,right_eyebrow_23x,right_eyebrow_23y,right_eyebrow_25x,right_eyebrow_25y,right_eyebrow_27x,right_eyebrow_27y,left_eye38_x,left_eye38_y,right_eye45_x,right_eye45_y,left_lip49_x,left_lip49_y,lip_center_upper52_x,lip_center_upper52_y,right_lip55_x,right_lip55_y,lip_center_lower58_x,lip_center_lower58_y,trans_x,trans_y,trans_z,rot_x,rot_y,rot_z
0,0,8.116073608398438,-7.721710205078097,-7.790130615234375,-13.851272583007784,-5.109504699707038,-3.105743408203125,-14.50048828125,0.2206878662109375,-5.277748107910199,4.657745361328153,2.9964447021484375,7.992614746093722,2.6250381469726562,-1.6465454101562216,4.51641845703125,0.7730560302734375,9.601478576660142,12.168720245361328,-9.941180974245071,4.329986572265625,12.108818054199247,-18.54583740234375,-5.728999137878418,3.970367431640625,0.008503084303811193,-0.0023039430379867554,-0.0023039430379867554,-3.5364058567081873,17.454789963852676,-1.524686628204611
