,Unnamed: 0,left_eyebrow_18x,left_eyebrow_18y,left_eyebrow_20x,left_eyebrow_20y,left_eyebrow_22x,left_eyebrow_22y,right_eyebrow_23x,right_eyebrow_23y,right_eyebrow_25x,right_eyebrow_25y,right_eyebrow_27x,right_eyebrow_27y,left_eye38_x,left_eye38_y,right_eye45_x,right_eye45_y,left_lip49_x,left_lip49_y,lip_center_upper52_x,lip_center_upper52_y,right_lip55_x,right_lip55_y,lip_center_lower58_x,lip_center_lower58_y,trans_x,trans_y,trans_z,rot_x,rot_y,rot_z
0,0,19.094955444335966,-37.23638916015625,-17.068527221679688,-20.904129028320256,-28.999675750732422,-0.183929443359375,-18.098281860351566,-8.106414794921903,-6.250259399414091,8.17059326171875,-6.550079345703125,7.830413818359375,14.73968505859375,11.918197631835938,10.382072448730469,10.086044311523438,11.077804565429688,13.95363998413086,-25.61915123462677,17.572484970092773,20.350357055664062,-42.141733169555664,-13.371439293026922,9.180038452148438,0.02808587509207427,0.007199222221970558,0.007199222221970558,-4.328186232306394,31.164741375002826,1.6908269309088833
