,Unnamed: 0,left_eyebrow_18x,left_eyebrow_18y,left_eyebrow_20x,left_eyebrow_20y,left_eyebrow_22x,left_eyebrow_22y,right_eyebrow_23x,right_eyebrow_23y,right_eyebrow_25x,right_eyebrow_25y,right_eyebrow_27x,right_eyebrow_27y,left_eye38_x,left_eye38_y,right_eye45_x,right_eye45_y,left_lip49_x,left_lip49_y,lip_center_upper52_x,lip_center_upper52_y,right_lip55_x,right_lip55_y,lip_center_lower58_x,lip_center_lower58_y,trans_x,trans_y,trans_z,rot_x,rot_y,rot_z
0,0,0.5732879638671875,0.6633148193359375,1.543121337890625,-1.1038055419921307,3.796142578125,-0.9034423828125568,-3.469261169433601,-0.4677886962890625,-2.211883544921875,-3.879425048828125,-0.9433288574218466,-1.0118103027343466,2.3220291137695312,-2.6360321044921307,-3.513031005859375,-2.6676025390625284,-6.7299652099609375,-4.465282440185533,0.7239329814910893,7.12298583984375,8.293922424316406,-4.04974365234375,-1.5311716794967651,-0.8336029052734375,-0.0001881276257336144,0.0003415048122406006,0.0003415048122406006,1.478268657777365,1.4179716098178754,1.1263487502516798
