,Unnamed: 0,left_eyebrow_18x,left_eyebrow_18y,left_eyebrow_20x,left_eyebrow_20y,left_eyebrow_22x,left_eyebrow_22y,right_eyebrow_23x,right_eyebrow_23y,right_eyebrow_25x,right_eyebrow_25y,right_eyebrow_27x,right_eyebrow_27y,left_eye38_x,left_eye38_y,right_eye45_x,right_eye45_y,left_lip49_x,left_lip49_y,lip_center_upper52_x,lip_center_upper52_y,right_lip55_x,right_lip55_y,lip_center_lower58_x,lip_center_lower58_y,trans_x,trans_y,trans_z,rot_x,rot_y,rot_z
0,0,3.877593994140625,1.3736267089844034,-4.534690856933565,-9.604965209960909,-6.994602203369141,-8.801696777343778,4.314666748046875,-8.430862426757812,3.776702880859375,-6.194198608398466,-2.8829040527344034,1.8203887939453125,0.3463897705078267,4.282501220703125,-0.3801422119140625,3.54827880859375,-11.766220092773423,-11.5716552734375,2.506642580032348,2.4875259399414134,8.12679290771483,-10.218032836914062,1.2884067296981812,6.059776306152344,0.0005627588834613563,0.0033710170537233353,0.0033710170537233353,-3.8356896778334346,0.8374793900287916,0.9695988224797947
