,Unnamed: 0,left_eyebrow_18x,left_eyebrow_18y,left_eyebrow_20x,left_eyebrow_20y,left_eyebrow_22x,left_eyebrow_22y,right_eyebrow_23x,right_eyebrow_23y,right_eyebrow_25x,right_eyebrow_25y,right_eyebrow_27x,right_eyebrow_27y,left_eye38_x,left_eye38_y,right_eye45_x,right_eye45_y,left_lip49_x,left_lip49_y,lip_center_upper52_x,lip_center_upper52_y,right_lip55_x,right_lip55_y,lip_center_lower58_x,lip_center_lower58_y,trans_x,trans_y,trans_z,rot_x,rot_y,rot_z
0,0,20.118194580078125,-33.52195739746094,-10.094497680664062,-17.804733276367102,-24.643817901611328,1.2594909667969034,-34.37359166145325,-3.199737548828125,-9.541992187500028,11.87957763671875,-4.51806640625,9.764556884765625,18.08879852294922,6.919219970703125,13.697555541992173,10.41815185546875,39.323493957519545,14.296531677246087,-20.10033559799194,9.555923461914062,18.75507354736328,-41.89973068237305,-13.09440928697586,4.0900115966796875,0.01274280616780743,0.012729544192552567,0.012729544192552567,3.433805291884362,43.23646851841052,2.6631869893212063
