,Unnamed: 0,left_eyebrow_18x,left_eyebrow_18y,left_eyebrow_20x,left_eyebrow_20y,left_eyebrow_22x,left_eyebrow_22y,right_eyebrow_23x,right_eyebrow_23y,right_eyebrow_25x,right_eyebrow_25y,right_eyebrow_27x,right_eyebrow_27y,left_eye38_x,left_eye38_y,right_eye45_x,right_eye45_y,left_lip49_x,left_lip49_y,lip_center_upper52_x,lip_center_upper52_y,right_lip55_x,right_lip55_y,lip_center_lower58_x,lip_center_lower58_y,trans_x,trans_y,trans_z,rot_x,rot_y,rot_z
0,0,16.435226440429716,-33.410552978515625,-9.748031616210909,-16.87705993652338,-16.55051612854004,-3.825469970703125,-30.10442578792572,-4.28521728515625,-4.311721801757841,16.936492919921875,-5.327377319335909,9.215011596679659,17.301475524902344,8.979034423828125,13.568145751953125,11.147293090820312,26.392379760742188,12.44478988647461,-19.04015874862671,3.648632049560547,13.190086364746094,-44.03154373168945,-14.630938053131104,11.488990783691406,0.024400608148425817,-0.02279195934534073,-0.02279195934534073,2.70231672992396,33.176886202598894,0.4988995117526569
