,Unnamed: 0,left_eyebrow_18x,left_eyebrow_18y,left_eyebrow_20x,left_eyebrow_20y,left_eyebrow_22x,left_eyebrow_22y,right_eyebrow_23x,right_eyebrow_23y,right_eyebrow_25x,right_eyebrow_25y,right_eyebrow_27x,right_eyebrow_27y,left_eye38_x,left_eye38_y,right_eye45_x,right_eye45_y,left_lip49_x,left_lip49_y,lip_center_upper52_x,lip_center_upper52_y,right_lip55_x,right_lip55_y,lip_center_lower58_x,lip_center_lower58_y,trans_x,trans_y,trans_z,rot_x,rot_y,rot_z
0,0,12.042831420898409,-33.995803833007784,-13.430297851562528,-14.782012939453153,-23.65585708618164,-3.186782836914091,-21.23065757751465,-1.819183349609375,-11.7664794921875,9.601745605468722,-7.911636352539034,5.0425262451171875,20.627372741699205,13.39947509765625,8.495681762695312,10.88671875,27.071952819824233,2.1289215087890767,-23.950548887252808,19.413394927978516,17.758392333984375,-38.67041206359863,-25.79862640798092,19.374465942382812,0.022574141388759014,0.007071491330862052,0.007071491330862052,-0.31393752884911397,40.189868187225684,4.428573959398255
