,Unnamed: 0,left_eyebrow_18x,left_eyebrow_18y,left_eyebrow_20x,left_eyebrow_20y,left_eyebrow_22x,left_eyebrow_22y,right_eyebrow_23x,right_eyebrow_23y,right_eyebrow_25x,right_eyebrow_25y,right_eyebrow_27x,right_eyebrow_27y,left_eye38_x,left_eye38_y,right_eye45_x,right_eye45_y,left_lip49_x,left_lip49_y,lip_center_upper52_x,lip_center_upper52_y,right_lip55_x,right_lip55_y,lip_center_lower58_x,lip_center_lower58_y,trans_x,trans_y,trans_z,rot_x,rot_y,rot_z
0,0,2.44903564453125,-0.4355010986327841,3.4048004150390625,-2.858917236328125,1.7413139343261648,-3.2614288330078125,0.8585243225097656,-0.8801879882812216,0.1612548828125,-5.074310302734375,-0.3249206542969034,1.4294128417968466,-0.6606216430664062,0.2627716064453125,-2.0648880004882812,-1.272781372070284,-4.394981384277358,-2.524101257324226,-0.08553220331668851,-5.8166236877441335,4.387191772460952,-4.951107025146484,0.247491717338562,3.87310791015625,0.0014870436862111096,0.0011363327503204346,0.0011363327503204346,-0.5807906336436197,-3.7703635706131755,0.07960377214022107
