,Unnamed: 0,left_eyebrow_18x,left_eyebrow_18y,left_eyebrow_20x,left_eyebrow_20y,left_eyebrow_22x,left_eyebrow_22y,right_eyebrow_23x,right_eyebrow_23y,right_eyebrow_25x,right_eyebrow_25y,right_eyebrow_27x,right_eyebrow_27y,left_eye38_x,left_eye38_y,right_eye45_x,right_eye45_y,left_lip49_x,left_lip49_y,lip_center_upper52_x,lip_center_upper52_y,right_lip55_x,right_lip55_y,lip_center_lower58_x,lip_center_lower58_y,trans_x,trans_y,trans_z,rot_x,rot_y,rot_z
0,0,26.620391845703125,-34.10972595214841,-7.924430847167997,-6.86474609375,-35.01803970336914,-1.1302337646484375,-17.65181541442871,1.5977783203124716,-9.360916137695327,12.445816040039034,5.291824340820284,1.6978302001953125,14.743606567382812,15.119522094726562,0.0510711669921875,12.1907958984375,22.094276428222656,6.869651794433594,-30.424278020858765,4.424007415771484,22.608131408691392,-34.757225036621094,-13.256468594074251,11.310073852539062,0.01955869747325778,0.010776841081678867,0.010776841081678867,-2.8130405233568445,40.58681964435975,3.7522339609789204
