,Unnamed: 0,left_eyebrow_18x,left_eyebrow_18y,left_eyebrow_20x,left_eyebrow_20y,left_eyebrow_22x,left_eyebrow_22y,right_eyebrow_23x,right_eyebrow_23y,right_eyebrow_25x,right_eyebrow_25y,right_eyebrow_27x,right_eyebrow_27y,left_eye38_x,left_eye38_y,right_eye45_x,right_eye45_y,left_lip49_x,left_lip49_y,lip_center_upper52_x,lip_center_upper52_y,right_lip55_x,right_lip55_y,lip_center_lower58_x,lip_center_lower58_y,trans_x,trans_y,trans_z,rot_x,rot_y,rot_z
0,0,26.792587280273438,-28.394500732421903,1.8660583496094034,3.6584777832031534,-21.041477203369148,8.677825927734347,-33.97244834899903,9.725082397460966,-15.073463439941406,16.48077392578128,9.732391357421847,8.181579589843722,15.457481384277358,2.26849365234375,1.6525039672851562,3.0718841552734375,5.823341369628892,18.466411590576172,-25.551461458206177,6.7034149169921875,17.66970825195311,-29.17570686340332,-14.562329053878784,23.04145050048828,0.018906412646174427,0.01132405735552312,0.01132405735552312,5.190608764713689,37.608942989258,3.3457776816867266
