,Unnamed: 0,left_eyebrow_18x,left_eyebrow_18y,left_eyebrow_20x,left_eyebrow_20y,left_eyebrow_22x,left_eyebrow_22y,right_eyebrow_23x,right_eyebrow_23y,right_eyebrow_25x,right_eyebrow_25y,right_eyebrow_27x,right_eyebrow_27y,left_eye38_x,left_eye38_y,right_eye45_x,right_eye45_y,left_lip49_x,left_lip49_y,lip_center_upper52_x,lip_center_upper52_y,right_lip55_x,right_lip55_y,lip_center_lower58_x,lip_center_lower58_y,trans_x,trans_y,trans_z,rot_x,rot_y,rot_z
0,0,4.848114013671903,2.769577026367159,-3.015747070312443,-6.461349487304744,-0.48207092285155895,-6.625030517578125,1.711156845092777,-7.390380859375,2.4673156738281534,-4.894073486328125,-2.256866455078125,3.4156188964843466,1.572723388671875,1.776107788085909,-1.7233352661132812,1.24249267578125,-10.585456848144531,-11.971420288085945,-1.3553855419158936,5.140449523925781,6.6875762939453125,-14.296939849853516,1.3654796704649925,2.9872512817382812,0.001483906526118517,-0.005082570016384125,-0.005082570016384125,-4.825517937216578,-0.17333787350499086,-0.4824513157037843
