,Unnamed: 0,left_eyebrow_18x,left_eyebrow_18y,left_eyebrow_20x,left_eyebrow_20y,left_eyebrow_22x,left_eyebrow_22y,right_eyebrow_23x,right_eyebrow_23y,right_eyebrow_25x,right_eyebrow_25y,right_eyebrow_27x,right_eyebrow_27y,left_eye38_x,left_eye38_y,right_eye45_x,right_eye45_y,left_lip49_x,left_lip49_y,lip_center_upper52_x,lip_center_upper52_y,right_lip55_x,right_lip55_y,lip_center_lower58_x,lip_center_lower58_y,trans_x,trans_y,trans_z,rot_x,rot_y,rot_z
0,0,19.926132202148438,-49.26330566406247,3.197906494140625,-18.797912597656335,-14.489116668701172,13.820159912109375,-30.472301483154297,12.143753051757784,-12.4140625,9.03857421875,4.178131103515653,-1.2568664550781534,17.315650939941406,0.4464111328125,3.190834045410142,2.164337158203125,16.318572998046875,21.095012664794922,-29.741236239671707,28.10805320739746,18.88409423828125,-33.49079895019531,-14.021287918090822,34.755653381347656,0.01627403777092695,0.0025589875876903603,0.0025589875876903603,8.61075508365313,42.22931321298688,2.4030821951510677
