,Unnamed: 0,left_eyebrow_18x,left_eyebrow_18y,left_eyebrow_20x,left_eyebrow_20y,left_eyebrow_22x,left_eyebrow_22y,right_eyebrow_23x,right_eyebrow_23y,right_eyebrow_25x,right_eyebrow_25y,right_eyebrow_27x,right_eyebrow_27y,left_eye38_x,left_eye38_y,right_eye45_x,right_eye45_y,left_lip49_x,left_lip49_y,lip_center_upper52_x,lip_center_upper52_y,right_lip55_x,right_lip55_y,lip_center_lower58_x,lip_center_lower58_y,trans_x,trans_y,trans_z,rot_x,rot_y,rot_z
0,0,6.330535888671875,-9.830215454101562,-1.6242828369140625,1.225173950195341,-6.817909240722663,5.014205932617159,-12.757650375366218,1.0672302246093466,-5.8896484375,6.541259765625028,-1.244033813476534,3.498977661132841,9.312370300292969,-5.050186157226534,5.1169281005859375,-3.0380096435546875,1.4402542114257812,7.984428405761733,-13.962181568145752,11.719406127929688,14.399772644042969,-17.689563751220703,-11.52090835571289,3.174224853515625,-0.007604552200064063,-0.008799571543931954,-0.008799571543931954,1.0938042828890135,32.12040943457805,1.2607437085156994
