,Unnamed: 0,left_eyebrow_18x,left_eyebrow_18y,left_eyebrow_20x,left_eyebrow_20y,left_eyebrow_22x,left_eyebrow_22y,right_eyebrow_23x,right_eyebrow_23y,right_eyebrow_25x,right_eyebrow_25y,right_eyebrow_27x,right_eyebrow_27y,left_eye38_x,left_eye38_y,right_eye45_x,right_eye45_y,left_lip49_x,left_lip49_y,lip_center_upper52_x,lip_center_upper52_y,right_lip55_x,right_lip55_y,lip_center_lower58_x,lip_center_lower58_y,trans_x,trans_y,trans_z,rot_x,rot_y,rot_z
0,0,0.74114990234375,-4.253784179687528,2.698486328125,-4.797714233398494,5.263771057128913,4.985260009765625,-3.6362838745117188,7.9425048828125,-4.419784545898409,-2.114517211914091,3.1552276611328125,-3.426742553710966,-1.3160781860351562,-6.37908935546875,-1.2717590332031392,-3.756805419921875,-0.6555709838867188,-2.7946014404296804,-3.3096292316913605,16.78256034851074,5.9740829467773295,-8.85404205322265,0.9306531548500061,13.596321105957031,-0.002417481504380703,-0.007549706846475594,-0.007549706846475594,3.0725264325969537,1.7793185386457262,-0.6403234609985338
