,Unnamed: 0,left_eyebrow_18x,left_eyebrow_18y,left_eyebrow_20x,left_eyebrow_20y,left_eyebrow_22x,left_eyebrow_22y,right_eyebrow_23x,right_eyebrow_23y,right_eyebrow_25x,right_eyebrow_25y,right_eyebrow_27x,right_eyebrow_27y,left_eye38_x,left_eye38_y,right_eye45_x,right_eye45_y,left_lip49_x,left_lip49_y,lip_center_upper52_x,lip_center_upper52_y,right_lip55_x,right_lip55_y,lip_center_lower58_x,lip_center_lower58_y,trans_x,trans_y,trans_z,rot_x,rot_y,rot_z
0,0,0.8187103271484375,2.559555053710966,-0.6622924804687216,-5.557373046874943,-1.5553245544433665,-2.0440979003905966,2.73529052734375,-3.309600830078125,5.580184936523409,-5.112274169921847,-0.9044189453125,4.539428710937528,-2.5296096801757812,-0.78948974609375,1.3410949707031392,0.4239654541015625,0.561912536621108,-12.020545959472663,3.006209403276443,-1.0387191772460938,5.380348205566392,-13.035972595214837,1.255397379398346,3.1760330200195312,0.0005279895267449319,-0.00099949911236763,-0.00099949911236763,-1.2258739012305355,-0.8673686094493123,-0.21053800894587926
