,Unnamed: 0,left_eyebrow_18x,left_eyebrow_18y,left_eyebrow_20x,left_eyebrow_20y,left_eyebrow_22x,left_eyebrow_22y,right_eyebrow_23x,right_eyebrow_23y,right_eyebrow_25x,right_eyebrow_25y,right_eyebrow_27x,right_eyebrow_27y,left_eye38_x,left_eye38_y,right_eye45_x,right_eye45_y,left_lip49_x,left_lip49_y,lip_center_upper52_x,lip_center_upper52_y,right_lip55_x,right_lip55_y,lip_center_lower58_x,lip_center_lower58_y,trans_x,trans_y,trans_z,rot_x,rot_y,rot_z
0,0,9.378631591796875,-9.344451904296875,1.4114379882812784,-7.518371582031165,-7.266307830810554,1.97589111328125,-13.880901336669929,2.20068359375,-8.095092773437528,2.4656219482421875,4.870880126953097,5.975326538085909,2.8532180786132812,-1.743896484375,3.0149993896484375,-0.122467041015625,-3.3131790161132812,11.51388931274414,-7.792259454727174,4.269893646240234,7.374252319335923,-16.089435577392578,-6.405796766281128,6.402496337890625,0.0021964432671666137,-0.0036358349025249342,-0.0036358349025249342,2.369738629313673,20.559558715858138,-0.10391385881759696
