,Unnamed: 0,left_eyebrow_18x,left_eyebrow_18y,left_eyebrow_20x,left_eyebrow_20y,left_eyebrow_22x,left_eyebrow_22y,right_eyebrow_23x,right_eyebrow_23y,right_eyebrow_25x,right_eyebrow_25y,right_eyebrow_27x,right_eyebrow_27y,left_eye38_x,left_eye38_y,right_eye45_x,right_eye45_y,left_lip49_x,left_lip49_y,lip_center_upper52_x,lip_center_upper52_y,right_lip55_x,right_lip55_y,lip_center_lower58_x,lip_center_lower58_y,trans_x,trans_y,trans_z,rot_x,rot_y,rot_z
0,0,2.84283447265625,-0.9248962402344034,2.1576385498046875,-6.085144042968807,1.486968994140618,-1.9989624023437216,-0.5578689575195241,-4.262298583984375,-0.4078521728515625,-6.0382537841796875,-2.771835327148466,0.3282775878905966,-0.20925140380859375,2.6526184082031534,-1.0122833251953125,1.8068847656250284,-9.372482299804688,-6.954875946044915,-1.6731843650341034,6.634742736816403,8.383148193359375,-8.578071594238288,-0.179642915725708,2.6876296997070312,0.00014351774007081985,0.00525154173374176,0.00525154173374176,3.228624439683067,-0.557074065201132,-0.839213482150762
