,Unnamed: 0,left_eyebrow_18x,left_eyebrow_18y,left_eyebrow_20x,left_eyebrow_20y,left_eyebrow_22x,left_eyebrow_22y,right_eyebrow_23x,right_eyebrow_23y,right_eyebrow_25x,right_eyebrow_25y,right_eyebrow_27x,right_eyebrow_27y,left_eye38_x,left_eye38_y,right_eye45_x,right_eye45_y,left_lip49_x,left_lip49_y,lip_center_upper52_x,lip_center_upper52_y,right_lip55_x,right_lip55_y,lip_center_lower58_x,lip_center_lower58_y,trans_x,trans_y,trans_z,rot_x,rot_y,rot_z
0,0,30.574859619140625,-42.34721374511719,-7.582962036132784,-11.895278930664062,-28.563941955566406,0.8838043212890341,-34.81192398071289,1.121810913085909,-7.460998535156222,9.109909057617188,0.9200439453125,3.5682220458984375,23.448547363281264,14.140609741210938,9.34323883056642,12.993362426757812,41.025047302246094,20.635871887207024,-25.802428722381592,15.08847427368164,13.394119262695312,-30.42996597290039,-9.434460520744324,11.762664794921875,0.021345031214877963,0.0008320547640323639,0.0008320547640323639,4.24015418863151,35.6392009574806,2.2687214419024735
