,Unnamed: 0,left_eyebrow_18x,left_eyebrow_18y,left_eyebrow_20x,left_eyebrow_20y,left_eyebrow_22x,left_eyebrow_22y,right_eyebrow_23x,right_eyebrow_23y,right_eyebrow_25x,right_eyebrow_25y,right_eyebrow_27x,right_eyebrow_27y,left_eye38_x,left_eye38_y,right_eye45_x,right_eye45_y,left_lip49_x,left_lip49_y,lip_center_upper52_x,lip_center_upper52_y,right_lip55_x,right_lip55_y,lip_center_lower58_x,lip_center_lower58_y,trans_x,trans_y,trans_z,rot_x,rot_y,rot_z
0,0,10.485549926757841,-15.17236328125,1.3658142089843466,-5.095947265624972,-7.8621063232421875,6.5787353515625,-15.460151672363281,4.595306396484375,-9.9818115234375,3.658416748046875,-0.02560424804684658,1.396408081054659,2.2789840698242188,-2.3760375976562216,3.154197692871108,-0.51531982421875,8.374404907226562,5.799869537353516,-10.88603615760803,9.507823944091797,15.502174377441392,-19.035980224609375,-6.919906139373779,9.844688415527358,-0.0013222763082012532,-0.035718206316232695,-0.035718206316232695,-2.6600862190961703,22.092924371786317,-0.9756959988506607
