,Unnamed: 0,left_eyebrow_18x,left_eyebrow_18y,left_eyebrow_20x,left_eyebrow_20y,left_eyebrow_22x,left_eyebrow_22y,right_eyebrow_23x,right_eyebrow_23y,right_eyebrow_25x,right_eyebrow_25y,right_eyebrow_27x,right_eyebrow_27y,left_eye38_x,left_eye38_y,right_eye45_x,right_eye45_y,left_lip49_x,left_lip49_y,lip_center_upper52_x,lip_center_upper52_y,right_lip55_x,right_lip55_y,lip_center_lower58_x,lip_center_lower58_y,trans_x,trans_y,trans_z,rot_x,rot_y,rot_z
0,0,18.629196166992188,-30.39091491699213,-17.140228271484375,-29.60179138183588,-28.06306457519532,-11.715957641601591,-20.161857604980476,-7.9510498046875,-5.042053222656222,-2.6833343505859375,-2.813629150390625,6.5389556884765625,13.074287414550781,11.448272705078097,3.5720367431640625,11.040374755859403,14.890487670898438,-1.780029296875,-19.820708513259888,8.860893249511719,31.685821533203125,-40.05419731140137,-11.839820861816406,2.5956573486328125,-0.003094238694757223,-0.02498604729771614,-0.02498604729771614,-6.372166854299458,31.625147813987763,3.1761558377575727
