,Unnamed: 0,left_eyebrow_18x,left_eyebrow_18y,left_eyebrow_20x,left_eyebrow_20y,left_eyebrow_22x,left_eyebrow_22y,right_eyebrow_23x,right_eyebrow_23y,right_eyebrow_25x,right_eyebrow_25y,right_eyebrow_27x,right_eyebrow_27y,left_eye38_x,left_eye38_y,right_eye45_x,right_eye45_y,left_lip49_x,left_lip49_y,lip_center_upper52_x,lip_center_upper52_y,right_lip55_x,right_lip55_y,lip_center_lower58_x,lip_center_lower58_y,trans_x,trans_y,trans_z,rot_x,rot_y,rot_z
0,0,18.858551025390625,-31.697784423828153,-13.962417602539062,-20.29956054687497,-18.97573471069336,-6.6307373046875,-24.86520767211914,-9.842071533203153,-6.266647338867216,9.77081298828125,-7.866043090820341,10.357345581054688,11.683303833007812,6.155624389648466,11.985885620117188,10.16766357421875,12.83831787109375,24.397357940673835,-21.309987753629684,15.961639404296871,23.518112182617188,-35.99652671813965,-14.811343431472778,3.3711624145507812,0.02220366196706891,0.0007198452949523926,0.0007198452949523926,-7.484131763386048,33.87096987350052,-0.5943586591509327
