,Unnamed: 0,left_eyebrow_18x,left_eyebrow_18y,left_eyebrow_20x,left_eyebrow_20y,left_eyebrow_22x,left_eyebrow_22y,right_eyebrow_23x,right_eyebrow_23y,right_eyebrow_25x,right_eyebrow_25y,right_eyebrow_27x,right_eyebrow_27y,left_eye38_x,left_eye38_y,right_eye45_x,right_eye45_y,left_lip49_x,left_lip49_y,lip_center_upper52_x,lip_center_upper52_y,right_lip55_x,right_lip55_y,lip_center_lower58_x,lip_center_lower58_y,trans_x,trans_y,trans_z,rot_x,rot_y,rot_z
0,0,2.8249206542969034,-1.941848754882784,5.571685791015625,1.0391693115234375,2.9203262329101562,4.5570831298828125,-3.501697540283203,4.571380615234375,-4.086990356445284,-0.5650177001953125,-0.14675903320315342,-1.4705810546874716,-3.1774826049804688,-2.9145965576171875,0.8244552612304688,-2.474761962890625,-0.417816162109375,-4.181476593017578,0.4653420448303218,6.423908233642578,2.275917053222642,-7.443866729736321,1.1998053789138794,7.337615966796875,-0.000589451636187732,-0.0058328211307525635,-0.0058328211307525635,3.4310596421850956,-1.2684050324898828,-0.05820672357046541
