,Unnamed: 0,left_eyebrow_18x,left_eyebrow_18y,left_eyebrow_20x,left_eyebrow_20y,left_eyebrow_22x,left_eyebrow_22y,right_eyebrow_23x,right_eyebrow_23y,right_eyebrow_25x,right_eyebrow_25y,right_eyebrow_27x,right_eyebrow_27y,left_eye38_x,left_eye38_y,right_eye45_x,right_eye45_y,left_lip49_x,left_lip49_y,lip_center_upper52_x,lip_center_upper52_y,right_lip55_x,right_lip55_y,lip_center_lower58_x,lip_center_lower58_y,trans_x,trans_y,trans_z,rot_x,rot_y,rot_z
0,0,-0.4356536865234375,1.9346160888671875,-0.5364227294921591,1.4200744628905966,4.208953857421882,-0.57269287109375,-11.209930419921868,7.357513427734375,-5.185333251953097,8.359344482421903,2.259674072265625,3.3326263427734943,-1.3657608032226562,-3.9545135498046875,1.2107086181640483,-4.379852294921875,4.251472473144531,8.907855987548828,3.7362847328186035,-7.960887908935543,-6.6952667236328125,4.572959899902344,3.63595974445343,-3.37353515625,0.00011072144843637943,0.016141995787620537,0.016141995787620537,0.5863636862220996,0.4157323819516404,0.22394642196105607
