,Unnamed: 0,left_eyebrow_18x,left_eyebrow_18y,left_eyebrow_20x,left_eyebrow_20y,left_eyebrow_22x,left_eyebrow_22y,right_eyebrow_23x,right_eyebrow_23y,right_eyebrow_25x,right_eyebrow_25y,right_eyebrow_27x,right_eyebrow_27y,left_eye38_x,left_eye38_y,right_eye45_x,right_eye45_y,left_lip49_x,left_lip49_y,lip_center_upper52_x,lip_center_upper52_y,right_lip55_x,right_lip55_y,lip_center_lower58_x,lip_center_lower58_y,trans_x,trans_y,trans_z,rot_x,rot_y,rot_z
0,0,5.925750732421847,-11.632827758789034,8.215103149414062,5.2963714599609375,-1.8435325622558594,12.850830078125,-6.073646545410156,11.806579589843722,-9.563880920410156,11.715408325195284,-3.224029541015625,-4.3404693603515625,3.0722274780273438,-4.494750976562528,3.615249633789091,-2.2970886230469034,-0.46796417236328125,8.285022735595703,-11.180145740509033,6.620447158813484,7.7538909912109375,-8.188827514648438,-8.71635890007019,4.825401306152344,0.00522937742061913,-0.009883411228656769,-0.009883411228656769,5.087854089648689,27.136560814453034,0.8463756362271284
