,Unnamed: 0,left_eyebrow_18x,left_eyebrow_18y,left_eyebrow_20x,left_eyebrow_20y,left_eyebrow_22x,left_eyebrow_22y,right_eyebrow_23x,right_eyebrow_23y,right_eyebrow_25x,right_eyebrow_25y,right_eyebrow_27x,right_eyebrow_27y,left_eye38_x,left_eye38_y,right_eye45_x,right_eye45_y,left_lip49_x,left_lip49_y,lip_center_upper52_x,lip_center_upper52_y,right_lip55_x,right_lip55_y,lip_center_lower58_x,lip_center_lower58_y,trans_x,trans_y,trans_z,rot_x,rot_y,rot_z
0,0,33.45634460449219,-30.398406982421875,-3.258132934570341,0.124481201171875,-33.305931091308594,4.631149291992216,-27.143961906433105,5.088714599609347,-13.709991455078125,21.5693359375,-1.12701416015625,0.8889770507812784,15.192909240722656,9.396514892578125,8.690162658691392,8.645309448242216,21.21640777587892,18.9146728515625,-32.8381187915802,1.4330406188964844,16.030601501464844,-29.839134216308594,-21.554953336715695,26.11083221435547,0.01361489575356245,0.008864760398864746,0.008864760398864746,4.423657625584048,42.53600568708854,2.3080725332279552
