,Unnamed: 0,left_eyebrow_18x,left_eyebrow_18y,left_eyebrow_20x,left_eyebrow_20y,left_eyebrow_22x,left_eyebrow_22y,right_eyebrow_23x,right_eyebrow_23y,right_eyebrow_25x,right_eyebrow_25y,right_eyebrow_27x,right_eyebrow_27y,left_eye38_x,left_eye38_y,right_eye45_x,right_eye45_y,left_lip49_x,left_lip49_y,lip_center_upper52_x,lip_center_upper52_y,right_lip55_x,right_lip55_y,lip_center_lower58_x,lip_center_lower58_y,trans_x,trans_y,trans_z,rot_x,rot_y,rot_z
0,0,2.3775024414062216,-1.6829833984375,4.3072357177734375,-0.64013671875,1.7754364013671946,-1.7414398193359375,2.4762306213378906,-3.765899658203125,-0.1859283447265625,1.6884765625,-5.896575927734347,-2.8668670654296875,0.16837310791015625,0.6323699951171875,-0.18416595458985796,0.885589599609375,-5.949394226074247,3.5796356201172017,-1.8959922790527344,-5.738037109375,5.646949768066406,4.112045288085952,-2.23452389240265,-4.88568115234375,-0.0005846018902957448,0.0046813637018203735,0.0046813637018203735,0.23142076485569146,1.296000754997051,-0.35261947674482763
