,Unnamed: 0,left_eyebrow_18x,left_eyebrow_18y,left_eyebrow_20x,left_eyebrow_20y,left_eyebrow_22x,left_eyebrow_22y,right_eyebrow_23x,right_eyebrow_23y,right_eyebrow_25x,right_eyebrow_25y,right_eyebrow_27x,right_eyebrow_27y,left_eye38_x,left_eye38_y,right_eye45_x,right_eye45_y,left_lip49_x,left_lip49_y,lip_center_upper52_x,lip_center_upper52_y,right_lip55_x,right_lip55_y,lip_center_lower58_x,lip_center_lower58_y,trans_x,trans_y,trans_z,rot_x,rot_y,rot_z
0,0,11.556289672851534,-12.503921508789034,7.34788513183598,12.673065185546847,-1.5375595092773438,17.540298461914062,-20.397727966308594,15.072097778320312,-13.574897766113281,20.293243408203125,0.360260009765625,-0.06571960449221592,2.6950149536132812,-7.726867675781278,3.7761917114257812,-4.818481445312472,5.116394042968736,19.88737869262696,-11.83018547296524,18.350383758544936,7.719406127929673,-3.363475799560547,-12.57529902458191,4.3550567626953125,0.003991020144894719,-0.009784027934074409,-0.009784027934074409,9.198417141829527,21.582227144741147,3.23480807526423
