,Unnamed: 0,left_eyebrow_18x,left_eyebrow_18y,left_eyebrow_20x,left_eyebrow_20y,left_eyebrow_22x,left_eyebrow_22y,right_eyebrow_23x,right_eyebrow_23y,right_eyebrow_25x,right_eyebrow_25y,right_eyebrow_27x,right_eyebrow_27y,left_eye38_x,left_eye38_y,right_eye45_x,right_eye45_y,left_lip49_x,left_lip49_y,lip_center_upper52_x,lip_center_upper52_y,right_lip55_x,right_lip55_y,lip_center_lower58_x,lip_center_lower58_y,trans_x,trans_y,trans_z,rot_x,rot_y,rot_z
0,0,22.3309326171875,-25.58447265625,5.2922210693359375,7.6448974609375,-15.343734741210938,13.885269165039062,-21.219182014465332,12.873672485351506,-13.141212463378906,20.413726806640625,-5.025253295898466,-0.6249694824218466,10.954612731933594,-3.9576873779296875,8.954345703125,0.9820404052734375,13.232643127441406,28.039569854736328,-30.783080577850342,18.287107467651374,15.273635864257812,-15.471614837646484,-19.63389992713928,-3.877502441406264,0.014140638755634427,0.003062676638364799,0.003062676638364799,5.617054266295002,43.72438788404911,2.769156081847293
