,Unnamed: 0,left_eyebrow_18x,left_eyebrow_18y,left_eyebrow_20x,left_eyebrow_20y,left_eyebrow_22x,left_eyebrow_22y,right_eyebrow_23x,right_eyebrow_23y,right_eyebrow_25x,right_eyebrow_25y,right_eyebrow_27x,right_eyebrow_27y,left_eye38_x,left_eye38_y,right_eye45_x,right_eye45_y,left_lip49_x,left_lip49_y,lip_center_upper52_x,lip_center_upper52_y,right_lip55_x,right_lip55_y,lip_center_lower58_x,lip_center_lower58_y,trans_x,trans_y,trans_z,rot_x,rot_y,rot_z
0,0,50.67857360839844,-34.40753173828122,13.486251831054716,15.456970214843722,-25.095970153808594,20.42816162109378,-58.99856758117676,17.864944458007812,-28.9361572265625,19.098800659179688,9.881454467773438,1.9168853759765625,13.477897644042969,-4.505554199218722,-6.3535614013671875,-0.4755706787109375,40.338939666748054,17.133335113525398,-36.70442634820938,15.46700286865235,19.59822845458983,-8.240032196044915,-22.52725100517273,16.76355743408203,0.02214586501941085,0.000817134976387017,0.000817134976387017,8.816310648889745,43.37577387287161,6.773632744186003
