,Unnamed: 0,left_eyebrow_18x,left_eyebrow_18y,left_eyebrow_20x,left_eyebrow_20y,left_eyebrow_22x,left_eyebrow_22y,right_eyebrow_23x,right_eyebrow_23y,right_eyebrow_25x,right_eyebrow_25y,right_eyebrow_27x,right_eyebrow_27y,left_eye38_x,left_eye38_y,right_eye45_x,right_eye45_y,left_lip49_x,left_lip49_y,lip_center_upper52_x,lip_center_upper52_y,right_lip55_x,right_lip55_y,lip_center_lower58_x,lip_center_lower58_y,trans_x,trans_y,trans_z,rot_x,rot_y,rot_z
0,0,36.425048828125,-21.59942626953125,-4.036773681640625,-5.161376953125028,-26.824787139892578,2.9087677001953125,-43.46486568450928,5.925277709960966,-12.231842041015625,14.177764892578153,5.8775634765625,10.618896484375028,14.377670288085938,-1.30352783203125,7.732643127441406,5.11773681640625,34.93218231201172,21.28145980834961,-34.26248788833619,10.574874877929695,12.720558166503906,-11.638858795166016,-20.01923942565918,3.673240661621108,0.018106133677065372,0.0015631429851055145,0.0015631429851055145,-0.044262970548304637,42.56174233958808,4.613829929065991
