,Unnamed: 0,left_eyebrow_18x,left_eyebrow_18y,left_eyebrow_20x,left_eyebrow_20y,left_eyebrow_22x,left_eyebrow_22y,right_eyebrow_23x,right_eyebrow_23y,right_eyebrow_25x,right_eyebrow_25y,right_eyebrow_27x,right_eyebrow_27y,left_eye38_x,left_eye38_y,right_eye45_x,right_eye45_y,left_lip49_x,left_lip49_y,lip_center_upper52_x,lip_center_upper52_y,right_lip55_x,right_lip55_y,lip_center_lower58_x,lip_center_lower58_y,trans_x,trans_y,trans_z,rot_x,rot_y,rot_z
0,0,8.723098754882841,-8.530868530273438,-2.2375183105469034,-3.378158569335966,-6.7228240966796875,2.6395721435546875,-15.578092575073242,-0.3777618408203125,-6.469680786132841,7.6758270263671875,-2.353652954101591,3.1840057373046875,6.9484405517578125,-2.4458923339844034,7.634040832519531,3.100906372070341,4.001007080078139,14.298030853271484,-14.648062705993652,-3.2243041992187464,10.144432067871094,-8.411193847656236,-15.180320858955383,-2.820648193359375,0.019825818017125126,0.021605726331472397,0.021605726331472397,4.851788048563485,35.31556680916502,1.1434050942189127
