,Unnamed: 0,left_eyebrow_18x,left_eyebrow_18y,left_eyebrow_20x,left_eyebrow_20y,left_eyebrow_22x,left_eyebrow_22y,right_eyebrow_23x,right_eyebrow_23y,right_eyebrow_25x,right_eyebrow_25y,right_eyebrow_27x,right_eyebrow_27y,left_eye38_x,left_eye38_y,right_eye45_x,right_eye45_y,left_lip49_x,left_lip49_y,lip_center_upper52_x,lip_center_upper52_y,right_lip55_x,right_lip55_y,lip_center_lower58_x,lip_center_lower58_y,trans_x,trans_y,trans_z,rot_x,rot_y,rot_z
0,0,5.554306030273409,-9.385040283203125,-3.8491134643554688,-4.4044189453125,-10.224128723144531,-1.1853942871094034,-16.85658073425293,6.814361572265653,-5.57281494140625,14.378158569335994,1.8566436767578125,5.7356719970703125,5.367706298828125,-1.3344268798828125,7.333183288574219,2.77056884765625,8.797615051269531,14.378814697265632,-15.83317232131958,3.6755828857421946,9.160682678222642,-10.030071258544922,-12.558380126953125,-0.9125366210937358,0.004295371472835541,-0.00936133414506913,-0.00936133414506913,-0.2943420444758962,25.71470676077208,2.024484352708271
