,Unnamed: 0,left_eyebrow_18x,left_eyebrow_18y,left_eyebrow_20x,left_eyebrow_20y,left_eyebrow_22x,left_eyebrow_22y,right_eyebrow_23x,right_eyebrow_23y,right_eyebrow_25x,right_eyebrow_25y,right_eyebrow_27x,right_eyebrow_27y,left_eye38_x,left_eye38_y,right_eye45_x,right_eye45_y,left_lip49_x,left_lip49_y,lip_center_upper52_x,lip_center_upper52_y,right_lip55_x,right_lip55_y,lip_center_lower58_x,lip_center_lower58_y,trans_x,trans_y,trans_z,rot_x,rot_y,rot_z
0,0,5.776031494140597,-9.34832763671875,-3.971206665039091,0.940216064453125,-9.363849639892578,0.3485107421875,-19.660459518432607,8.328567504882784,-8.14166259765625,16.719436645507812,1.791534423828125,4.81884765625,7.094383239746094,-1.5518341064453125,6.1989364624023295,-0.8204498291015625,7.945182800292969,20.366802215576172,-11.478529930114748,-5.425266265869141,2.476776123046861,-6.693973541259766,-10.231807827949526,1.6264190673828125,0.01219960767775774,0.011133540421724313,0.011133540421724313,-0.3510616233973143,21.476125413726905,2.2431607291837077
