,Unnamed: 0,left_eyebrow_18x,left_eyebrow_18y,left_eyebrow_20x,left_eyebrow_20y,left_eyebrow_22x,left_eyebrow_22y,right_eyebrow_23x,right_eyebrow_23y,right_eyebrow_25x,right_eyebrow_25y,right_eyebrow_27x,right_eyebrow_27y,left_eye38_x,left_eye38_y,right_eye45_x,right_eye45_y,left_lip49_x,left_lip49_y,lip_center_upper52_x,lip_center_upper52_y,right_lip55_x,right_lip55_y,lip_center_lower58_x,lip_center_lower58_y,trans_x,trans_y,trans_z,rot_x,rot_y,rot_z
0,0,3.547470092773466,6.497253417968778,2.125701904296875,6.3747406005859375,2.3333072662353445,-4.4502716064453125,-1.7182674407958984,-9.981109619140625,1.1144866943359375,5.781524658203097,-3.83258056640625,7.975128173828125,0.05015563964845171,1.3563995361328125,0.805671691894517,0.7808685302734375,-1.4951858520507812,-1.9450035095214915,3.3119120597839355,-4.95240592956543,4.844444274902344,-1.9212532043457031,0.21124935150146484,-4.811073303222656,0.002100999467074871,-0.012551739811897271,-0.012551739811897271,-3.177036482985202,-3.644364392268467,-0.7352870458656495
