,Unnamed: 0,left_eyebrow_18x,left_eyebrow_18y,left_eyebrow_20x,left_eyebrow_20y,left_eyebrow_22x,left_eyebrow_22y,right_eyebrow_23x,right_eyebrow_23y,right_eyebrow_25x,right_eyebrow_25y,right_eyebrow_27x,right_eyebrow_27y,left_eye38_x,left_eye38_y,right_eye45_x,right_eye45_y,left_lip49_x,left_lip49_y,lip_center_upper52_x,lip_center_upper52_y,right_lip55_x,right_lip55_y,lip_center_lower58_x,lip_center_lower58_y,trans_x,trans_y,trans_z,rot_x,rot_y,rot_z
0,0,26.892745971679688,-34.02537536621091,-14.898445129394531,-21.62908935546875,-35.32081985473632,-10.308166503906222,-37.362383008003235,-15.41070556640625,0.33573150634764204,4.56475830078125,-1.093704223632841,18.069808959960966,27.69620513916015,6.5655364990234375,12.841865539550781,7.667144775390625,25.844070434570327,30.243255615234375,-41.20872783660889,18.22537612915039,1.7815551757812358,-22.785724639892578,-22.860993146896362,3.3501129150390625,0.023565837647765875,-0.00020230934023857117,-0.00020230934023857117,-3.5215364677225405,46.843840264538116,5.6482368325289904
