,Unnamed: 0,left_eyebrow_18x,left_eyebrow_18y,left_eyebrow_20x,left_eyebrow_20y,left_eyebrow_22x,left_eyebrow_22y,right_eyebrow_23x,right_eyebrow_23y,right_eyebrow_25x,right_eyebrow_25y,right_eyebrow_27x,right_eyebrow_27y,left_eye38_x,left_eye38_y,right_eye45_x,right_eye45_y,left_lip49_x,left_lip49_y,lip_center_upper52_x,lip_center_upper52_y,right_lip55_x,right_lip55_y,lip_center_lower58_x,lip_center_lower58_y,trans_x,trans_y,trans_z,rot_x,rot_y,rot_z
0,0,9.553024291992216,-12.5189208984375,-4.84056091308598,1.9274597167968466,-18.267152786254886,4.995010375976534,-22.138589859008793,-0.8082275390624716,-8.320602416992188,17.16127014160159,-1.193359375,4.865676879882841,21.388671875,-2.0044250488280966,10.373687744140597,2.0362701416015625,6.3749847412109375,11.302093505859375,-22.378021001815796,16.894210815429688,10.110946655273438,-20.069473266601562,-17.63863968849182,8.413604736328125,0.0037488802336156377,-0.04070032387971878,-0.04070032387971878,0.6560199816609066,25.86812594012403,-4.024437889186442
