,Unnamed: 0,left_eyebrow_18x,left_eyebrow_18y,left_eyebrow_20x,left_eyebrow_20y,left_eyebrow_22x,left_eyebrow_22y,right_eyebrow_23x,right_eyebrow_23y,right_eyebrow_25x,right_eyebrow_25y,right_eyebrow_27x,right_eyebrow_27y,left_eye38_x,left_eye38_y,right_eye45_x,right_eye45_y,left_lip49_x,left_lip49_y,lip_center_upper52_x,lip_center_upper52_y,right_lip55_x,right_lip55_y,lip_center_lower58_x,lip_center_lower58_y,trans_x,trans_y,trans_z,rot_x,rot_y,rot_z
0,0,16.19721984863284,-3.6581115722656534,-10.897308349609347,-13.481491088867159,-25.292835235595703,-13.823822021484403,-1.5634613037109304,-9.099578857421847,0.7851486206054688,3.331710815429659,-2.0316314697265625,9.21954345703125,5.069709777832031,4.6530609130859375,7.841964721679673,8.039337158203097,-0.13819885253903408,14.243610382080078,-12.680196329951286,-1.2163658142089844,14.037887573242188,-9.520355224609375,-9.99698805809021,-1.207908630371108,0.005734454491175712,-0.018438279628753662,-0.018438279628753662,-9.146315984372531,23.8051259671291,-1.0717736191019935
