,Unnamed: 0,left_eyebrow_18x,left_eyebrow_18y,left_eyebrow_20x,left_eyebrow_20y,left_eyebrow_22x,left_eyebrow_22y,right_eyebrow_23x,right_eyebrow_23y,right_eyebrow_25x,right_eyebrow_25y,right_eyebrow_27x,right_eyebrow_27y,left_eye38_x,left_eye38_y,right_eye45_x,right_eye45_y,left_lip49_x,left_lip49_y,lip_center_upper52_x,lip_center_upper52_y,right_lip55_x,right_lip55_y,lip_center_lower58_x,lip_center_lower58_y,trans_x,trans_y,trans_z,rot_x,rot_y,rot_z
0,0,5.8334503173828125,-4.0985565185546875,-1.0888519287109375,-0.322509765625,-2.870819091796882,-3.715057373046875,-17.320562362670895,-7.287353515625,-7.171653747558608,3.1990814208984375,-1.4300384521484375,5.902542114257841,8.353614807128906,0.833831787109375,7.0354156494140625,3.1749267578124716,-3.1292724609375,14.126853942871094,-16.79413229227066,5.709699630737301,8.270774841308594,-8.693233489990234,-16.763144493103027,2.1797256469726562,0.011787027586251497,-0.010248422622680664,-0.010248422622680664,-9.368322972871326,24.267066228825758,-0.02571177815256176
