,Unnamed: 0,left_eyebrow_18x,left_eyebrow_18y,left_eyebrow_20x,left_eyebrow_20y,left_eyebrow_22x,left_eyebrow_22y,right_eyebrow_23x,right_eyebrow_23y,right_eyebrow_25x,right_eyebrow_25y,right_eyebrow_27x,right_eyebrow_27y,left_eye38_x,left_eye38_y,right_eye45_x,right_eye45_y,left_lip49_x,left_lip49_y,lip_center_upper52_x,lip_center_upper52_y,right_lip55_x,right_lip55_y,lip_center_lower58_x,lip_center_lower58_y,trans_x,trans_y,trans_z,rot_x,rot_y,rot_z
0,0,2.7430419921875,-4.1966705322265625,-0.9181518554687784,22.05816650390628,-7.726768493652344,11.350234985351534,-21.49344158172608,6.595550537109375,-12.827438354492202,22.162277221679716,-3.360855102539091,7.461654663085994,10.070602416992188,3.5234069824219034,10.619735717773438,5.976119995117159,27.513954162597656,27.123569488525398,-19.007472038269043,3.8506126403808594,-3.46875,6.409843444824219,-9.761430263519289,-15.28211593627929,0.0035745319473790005,-0.04278754442930222,-0.04278754442930222,-5.879522519891707,25.60425573893247,-1.0990541609168376
