,Unnamed: 0,left_eyebrow_18x,left_eyebrow_18y,left_eyebrow_20x,left_eyebrow_20y,left_eyebrow_22x,left_eyebrow_22y,right_eyebrow_23x,right_eyebrow_23y,right_eyebrow_25x,right_eyebrow_25y,right_eyebrow_27x,right_eyebrow_27y,left_eye38_x,left_eye38_y,right_eye45_x,right_eye45_y,left_lip49_x,left_lip49_y,lip_center_upper52_x,lip_center_upper52_y,right_lip55_x,right_lip55_y,lip_center_lower58_x,lip_center_lower58_y,trans_x,trans_y,trans_z,rot_x,rot_y,rot_z
0,0,-1.3030395507812216,-5.059906005859347,1.8408889770507812,12.198837280273466,-2.922834396362301,17.018478393554688,2.4333953857421875,16.7294921875,-5.47802734375,12.8619384765625,-2.1977996826171875,-5.584671020507784,0.852508544921875,-6.82122802734375,-1.408561706542983,-8.149826049804716,3.4740982055664062,-2.3814048767089915,-0.9788397252559662,8.493057250976562,0.8284912109375,0.26296615600585227,1.2346576191484928,7.790748596191406,-0.011495283572003244,-0.02328156679868698,-0.02328156679868698,12.12178787686454,1.164712197275551,-9.022101464667683
