,Unnamed: 0,left_eyebrow_18x,left_eyebrow_18y,left_eyebrow_20x,left_eyebrow_20y,left_eyebrow_22x,left_eyebrow_22y,right_eyebrow_23x,right_eyebrow_23y,right_eyebrow_25x,right_eyebrow_25y,right_eyebrow_27x,right_eyebrow_27y,left_eye38_x,left_eye38_y,right_eye45_x,right_eye45_y,left_lip49_x,left_lip49_y,lip_center_upper52_x,lip_center_upper52_y,right_lip55_x,right_lip55_y,lip_center_lower58_x,lip_center_lower58_y,trans_x,trans_y,trans_z,rot_x,rot_y,rot_z
0,0,11.585189819335938,-23.735534667968807,4.764312744140625,12.575057983398438,-4.872978210449226,16.5323486328125,-24.107090950012207,13.319549560546875,-13.933197021484347,17.765289306640597,-1.0516052246093466,-4.022079467773409,8.541229248046875,-0.6192626953125,5.877067565917969,4.256256103515625,8.24615478515625,6.230438232421875,-17.350435733795166,14.562862396240227,9.942939758300781,-16.439250946044922,-10.903351604938507,10.716720581054702,0.004658810095861554,-0.019701637327671065,-0.019701637327671065,2.9732277727144605,22.78468025739887,-1.1281725883090996
