,Unnamed: 0,left_eyebrow_18x,left_eyebrow_18y,left_eyebrow_20x,left_eyebrow_20y,left_eyebrow_22x,left_eyebrow_22y,right_eyebrow_23x,right_eyebrow_23y,right_eyebrow_25x,right_eyebrow_25y,right_eyebrow_27x,right_eyebrow_27y,left_eye38_x,left_eye38_y,right_eye45_x,right_eye45_y,left_lip49_x,left_lip49_y,lip_center_upper52_x,lip_center_upper52_y,right_lip55_x,right_lip55_y,lip_center_lower58_x,lip_center_lower58_y,trans_x,trans_y,trans_z,rot_x,rot_y,rot_z
0,0,9.85406494140625,-15.927871704101562,-5.053909301757841,2.569793701171875,-17.217285156249996,12.899490356445312,-14.049774169921873,13.581741333007784,-12.0703125,18.3363037109375,-3.1629180908203125,0.2579498291015341,8.567665100097656,-6.377517700195284,8.236656188964844,-3.7528228759765625,5.965530395507798,14.585594177246087,-17.395851224660873,11.57424545288086,6.612419128417969,-12.162063598632805,-12.0055593252182,10.652030944824219,-0.007100104121491312,-0.04621522128582001,-0.04621522128582001,5.707032551586617,28.114354528508876,-9.409306664194197
