,Unnamed: 0,left_eyebrow_18x,left_eyebrow_18y,left_eyebrow_20x,left_eyebrow_20y,left_eyebrow_22x,left_eyebrow_22y,right_eyebrow_23x,right_eyebrow_23y,right_eyebrow_25x,right_eyebrow_25y,right_eyebrow_27x,right_eyebrow_27y,left_eye38_x,left_eye38_y,right_eye45_x,right_eye45_y,left_lip49_x,left_lip49_y,lip_center_upper52_x,lip_center_upper52_y,right_lip55_x,right_lip55_y,lip_center_lower58_x,lip_center_lower58_y,trans_x,trans_y,trans_z,rot_x,rot_y,rot_z
0,0,9.503601074218778,-3.115432739257784,-2.3283538818359375,5.346038818359375,-11.25217437744141,-4.125,-9.691068649291992,-10.784591674804688,-1.108314514160142,15.233612060546818,-0.7803802490234375,8.348663330078125,6.209175109863281,2.8597412109375,4.3833847045898295,5.391036987304631,1.8602066040039062,12.088760375976555,-6.485163688659668,-4.936792373657227,12.217613220214844,-13.807647705078125,-7.855674624443055,-4.9315948486328125,0.012145705055445433,-0.03226201236248016,-0.03226201236248016,-4.39086700882679,21.752611040286414,-2.086325195673393
