,Unnamed: 0,left_eyebrow_18x,left_eyebrow_18y,left_eyebrow_20x,left_eyebrow_20y,left_eyebrow_22x,left_eyebrow_22y,right_eyebrow_23x,right_eyebrow_23y,right_eyebrow_25x,right_eyebrow_25y,right_eyebrow_27x,right_eyebrow_27y,left_eye38_x,left_eye38_y,right_eye45_x,right_eye45_y,left_lip49_x,left_lip49_y,lip_center_upper52_x,lip_center_upper52_y,right_lip55_x,right_lip55_y,lip_center_lower58_x,lip_center_lower58_y,trans_x,trans_y,trans_z,rot_x,rot_y,rot_z
0,0,-0.08648681640625,3.4997100830078125,-4.659500122070341,-1.444992065429659,-2.627716064453125,-7.509490966796903,3.5251731872558523,-8.5888671875,3.1015014648437784,-2.7890014648437216,-0.9629821777344034,1.920547485351591,0.025543212890625,4.3978729248046875,0.7005081176757812,3.339248657226534,-0.1049041748046875,0.8206748962402415,2.3244910836219788,-5.7188720703125,-0.5320358276367188,4.141147613525391,1.737135410308838,-8.503189086914062,0.0010485882667126134,0.004000204615294935,0.004000204615294935,-5.544739627596887,-0.6705456320136123,0.4849129838309663
