,Unnamed: 0,left_eyebrow_18x,left_eyebrow_18y,left_eyebrow_20x,left_eyebrow_20y,left_eyebrow_22x,left_eyebrow_22y,right_eyebrow_23x,right_eyebrow_23y,right_eyebrow_25x,right_eyebrow_25y,right_eyebrow_27x,right_eyebrow_27y,left_eye38_x,left_eye38_y,right_eye45_x,right_eye45_y,left_lip49_x,left_lip49_y,lip_center_upper52_x,lip_center_upper52_y,right_lip55_x,right_lip55_y,lip_center_lower58_x,lip_center_lower58_y,trans_x,trans_y,trans_z,rot_x,rot_y,rot_z
0,0,7.105804443359403,-2.233139038085909,2.7763519287109233,10.158584594726562,-5.016950607299805,0.4061431884765341,-7.132356643676761,0.7161560058594034,-6.614173889160142,17.457717895507812,-3.832977294921875,3.1837158203125,9.036819458007812,-0.9520568847655966,4.550216674804673,-0.1569671630859375,-3.2976226806640767,2.467857360839851,-6.243206739425659,8.610427856445312,6.282844543457017,-9.374565124511719,-4.997290372848511,6.187538146972656,-0.013814179692417383,-0.013051316142082214,-0.013051316142082214,4.731285631617815,9.333002362282755,-2.8129007203519216
