,Unnamed: 0,left_eyebrow_18x,left_eyebrow_18y,left_eyebrow_20x,left_eyebrow_20y,left_eyebrow_22x,left_eyebrow_22y,right_eyebrow_23x,right_eyebrow_23y,right_eyebrow_25x,right_eyebrow_25y,right_eyebrow_27x,right_eyebrow_27y,left_eye38_x,left_eye38_y,right_eye45_x,right_eye45_y,left_lip49_x,left_lip49_y,lip_center_upper52_x,lip_center_upper52_y,right_lip55_x,right_lip55_y,lip_center_lower58_x,lip_center_lower58_y,trans_x,trans_y,trans_z,rot_x,rot_y,rot_z
0,0,40.42535400390625,-37.05665588378906,-5.674911499023409,-10.4840087890625,-39.114139556884766,9.165802001953125,-40.54805564880371,1.8369598388671875,-12.220489501953125,9.369796752929688,2.9160614013671875,5.74298095703125,17.08460235595703,-4.7037200927734375,8.839347839355455,-4.215484619140625,49.299156188964844,25.20903015136718,-35.44890794157982,29.417678833007812,-7.919181823730469,-16.190597534179688,-15.24622094631195,14.062721252441406,0.012955783167853951,-0.04556635022163391,-0.04556635022163391,1.3306804611595329,46.27442459317564,-8.751974075677328
