,Unnamed: 0,left_eyebrow_18x,left_eyebrow_18y,left_eyebrow_20x,left_eyebrow_20y,left_eyebrow_22x,left_eyebrow_22y,right_eyebrow_23x,right_eyebrow_23y,right_eyebrow_25x,right_eyebrow_25y,right_eyebrow_27x,right_eyebrow_27y,left_eye38_x,left_eye38_y,right_eye45_x,right_eye45_y,left_lip49_x,left_lip49_y,lip_center_upper52_x,lip_center_upper52_y,right_lip55_x,right_lip55_y,lip_center_lower58_x,lip_center_lower58_y,trans_x,trans_y,trans_z,rot_x,rot_y,rot_z
0,0,6.256591796875,-10.350296020507784,5.202735900878878,5.46234130859375,-7.021064758300781,14.106384277343722,-8.903392791748047,9.576431274414062,-5.250778198242173,13.501296997070312,-3.333587646484375,1.5606689453125,4.731414794921875,-6.112060546875,8.568153381347656,-7.864318847656222,3.8226394653320312,7.725013732910156,-18.496079295873642,1.3997650146484375,4.5277099609375,-12.358631134033203,-15.488417387008667,4.983955383300781,-0.016641011927276853,0.015354782342910767,0.015354782342910767,3.051603940186262,22.84591349141607,-354.98037086788827
