,Unnamed: 0,left_eyebrow_18x,left_eyebrow_18y,left_eyebrow_20x,left_eyebrow_20y,left_eyebrow_22x,left_eyebrow_22y,right_eyebrow_23x,right_eyebrow_23y,right_eyebrow_25x,right_eyebrow_25y,right_eyebrow_27x,right_eyebrow_27y,left_eye38_x,left_eye38_y,right_eye45_x,right_eye45_y,left_lip49_x,left_lip49_y,lip_center_upper52_x,lip_center_upper52_y,right_lip55_x,right_lip55_y,lip_center_lower58_x,lip_center_lower58_y,trans_x,trans_y,trans_z,rot_x,rot_y,rot_z
0,0,6.784225463867159,-17.445159912109375,1.416305541992159,7.537872314453125,-10.885467529296875,9.039169311523409,-10.824514389038086,11.553787231445312,-7.475204467773423,17.418136596679716,1.187362670898409,-4.6275177001953125,6.911094665527344,-0.6706237792969034,7.415740966796875,1.46490478515625,1.1685714721679688,9.425983428955078,-17.655410408973697,6.090347290039077,1.0489730834960938,-12.769390106201172,-14.435105264186861,8.1717529296875,0.010529470557230523,-0.024852976202964783,-0.024852976202964783,6.226757976362304,28.16019752814484,5.5638130345770325
