,Unnamed: 0,left_eyebrow_18x,left_eyebrow_18y,left_eyebrow_20x,left_eyebrow_20y,left_eyebrow_22x,left_eyebrow_22y,right_eyebrow_23x,right_eyebrow_23y,right_eyebrow_25x,right_eyebrow_25y,right_eyebrow_27x,right_eyebrow_27y,left_eye38_x,left_eye38_y,right_eye45_x,right_eye45_y,left_lip49_x,left_lip49_y,lip_center_upper52_x,lip_center_upper52_y,right_lip55_x,right_lip55_y,lip_center_lower58_x,lip_center_lower58_y,trans_x,trans_y,trans_z,rot_x,rot_y,rot_z
0,0,1.375732421875,-5.627624511718722,5.936248779296875,2.0335845947265625,1.5201606750488281,5.005035400390625,-0.17059326171875,4.3369598388671875,-4.277374267578125,-0.8569030761718466,-1.996337890625,-5.809143066406278,0.9326553344726562,-2.6275482177734943,0.356689453125,-1.244857788085909,-6.361091613769531,-1.0672187805175852,-1.038558006286621,2.4605751037597656,3.5919876098632812,-1.7058639526367259,0.9083446264266968,2.9761428833007812,-0.0032310467213392258,-0.0031188204884529114,-0.0031188204884529114,3.8559140100280356,-1.402472146126427,-4.111540676068598
