,Unnamed: 0,left_eyebrow_18x,left_eyebrow_18y,left_eyebrow_20x,left_eyebrow_20y,left_eyebrow_22x,left_eyebrow_22y,right_eyebrow_23x,right_eyebrow_23y,right_eyebrow_25x,right_eyebrow_25y,right_eyebrow_27x,right_eyebrow_27y,left_eye38_x,left_eye38_y,right_eye45_x,right_eye45_y,left_lip49_x,left_lip49_y,lip_center_upper52_x,lip_center_upper52_y,right_lip55_x,right_lip55_y,lip_center_lower58_x,lip_center_lower58_y,trans_x,trans_y,trans_z,rot_x,rot_y,rot_z
0,0,28.6668701171875,-16.999343872070312,3.0130538940429688,-5.235748291015653,-24.32313728332519,-5.970260620117216,-12.455566406249996,-4.699127197265597,-14.384033203125,4.276748657226591,-12.206161499023409,-4.0451507568359375,6.8504638671875,4.329574584960909,8.641754150390625,8.732192993164062,-4.573165893554673,14.928436279296875,-17.528943091630936,-2.8664169311523438,19.790267944335938,-0.5647087097167969,-18.43287682533264,9.643966674804688,-0.0061477841809391975,-0.028889350593090057,-0.028889350593090057,-0.8934166238632617,31.7084161267887,-1.7126528986388967
