,Unnamed: 0,left_eyebrow_18x,left_eyebrow_18y,left_eyebrow_20x,left_eyebrow_20y,left_eyebrow_22x,left_eyebrow_22y,right_eyebrow_23x,right_eyebrow_23y,right_eyebrow_25x,right_eyebrow_25y,right_eyebrow_27x,right_eyebrow_27y,left_eye38_x,left_eye38_y,right_eye45_x,right_eye45_y,left_lip49_x,left_lip49_y,lip_center_upper52_x,lip_center_upper52_y,right_lip55_x,right_lip55_y,lip_center_lower58_x,lip_center_lower58_y,trans_x,trans_y,trans_z,rot_x,rot_y,rot_z
0,0,4.3932342529296875,-7.711410522460909,-0.25101470947265625,10.483734130859375,-12.376043319702148,16.79742431640625,2.1777992248535156,16.91876220703122,-4.275192260742159,13.424407958984318,-2.0710601806640057,-6.232421875,-5.337181091308594,0.1967620849609375,10.189872741699219,1.4163360595703125,2.0948562622070312,4.8490142822265625,-2.2960542440414433,7.801347732543945,-3.9454345703124716,-4.033561706542969,-4.217416882514954,3.8599929809570312,-0.004220092436298728,0.0042294710874557565,0.0042294710874557565,16.528967869801477,7.764537405482586,0.5260534052863184
