,Unnamed: 0,left_eyebrow_18x,left_eyebrow_18y,left_eyebrow_20x,left_eyebrow_20y,left_eyebrow_22x,left_eyebrow_22y,right_eyebrow_23x,right_eyebrow_23y,right_eyebrow_25x,right_eyebrow_25y,right_eyebrow_27x,right_eyebrow_27y,left_eye38_x,left_eye38_y,right_eye45_x,right_eye45_y,left_lip49_x,left_lip49_y,lip_center_upper52_x,lip_center_upper52_y,right_lip55_x,right_lip55_y,lip_center_lower58_x,lip_center_lower58_y,trans_x,trans_y,trans_z,rot_x,rot_y,rot_z
0,0,10.194686889648438,-19.101303100585966,-7.386299133300781,7.71893310546875,-28.79844093322754,19.42498779296875,-7.047506332397461,18.116302490234375,-7.458953857421847,23.72349548339838,1.1128845214844034,-1.6308288574219034,1.4102630615234375,-1.0580749511719034,15.675346374511719,2.6443328857421875,9.029167175292955,17.745895385742188,-18.259300231933594,8.621248245239258,-0.6423263549804545,-17.300270080566413,-18.51175284385681,6.882133483886719,0.006559629924595356,-0.018965616822242737,-0.018965616822242737,11.14280475587912,29.15093865545304,1.206579647766974
