,Unnamed: 0,left_eyebrow_18x,left_eyebrow_18y,left_eyebrow_20x,left_eyebrow_20y,left_eyebrow_22x,left_eyebrow_22y,right_eyebrow_23x,right_eyebrow_23y,right_eyebrow_25x,right_eyebrow_25y,right_eyebrow_27x,right_eyebrow_27y,left_eye38_x,left_eye38_y,right_eye45_x,right_eye45_y,left_lip49_x,left_lip49_y,lip_center_upper52_x,lip_center_upper52_y,right_lip55_x,right_lip55_y,lip_center_lower58_x,lip_center_lower58_y,trans_x,trans_y,trans_z,rot_x,rot_y,rot_z
0,0,18.406021118164034,-43.13438415527341,-6.3128662109375,-7.283386230468778,-23.581825256347656,10.251953125,-33.76599454879761,7.877502441406278,-6.76891326904294,15.638153076171875,1.0559692382812216,0.7017669677734091,22.253631591796875,4.680206298828097,10.562889099121094,5.6224517822265625,24.980636596679688,24.936065673828125,-32.780419945716865,20.502090454101577,-1.0422134399414062,-20.388809204101562,-18.907345712184906,13.076164245605469,0.029554420078056864,-0.011691659688949585,-0.011691659688949585,7.807240328551844,44.34139923153041,10.017327769715354
