,Unnamed: 0,left_eyebrow_18x,left_eyebrow_18y,left_eyebrow_20x,left_eyebrow_20y,left_eyebrow_22x,left_eyebrow_22y,right_eyebrow_23x,right_eyebrow_23y,right_eyebrow_25x,right_eyebrow_25y,right_eyebrow_27x,right_eyebrow_27y,left_eye38_x,left_eye38_y,right_eye45_x,right_eye45_y,left_lip49_x,left_lip49_y,lip_center_upper52_x,lip_center_upper52_y,right_lip55_x,right_lip55_y,lip_center_lower58_x,lip_center_lower58_y,trans_x,trans_y,trans_z,rot_x,rot_y,rot_z
0,0,26.97186279296878,-43.45391845703125,-18.677879333496094,2.478759765625,-47.71121406555176,8.290390014648438,-26.957151174545288,11.682388305664062,-8.167335510253878,25.753906249999943,-1.6906127929687216,4.212188720703153,14.842880249023438,9.2884521484375,21.6180419921875,10.728164672851562,33.75165557861327,29.12621307373047,-35.82605457305908,23.70452308654785,0.6971054077148438,-28.870868682861335,-25.426183462142948,17.740753173828125,0.040689798071980476,-0.01633872091770172,-0.01633872091770172,8.308228049563713,47.18438665636468,1.7155129834988372
