,Unnamed: 0,left_eyebrow_18x,left_eyebrow_18y,left_eyebrow_20x,left_eyebrow_20y,left_eyebrow_22x,left_eyebrow_22y,right_eyebrow_23x,right_eyebrow_23y,right_eyebrow_25x,right_eyebrow_25y,right_eyebrow_27x,right_eyebrow_27y,left_eye38_x,left_eye38_y,right_eye45_x,right_eye45_y,left_lip49_x,left_lip49_y,lip_center_upper52_x,lip_center_upper52_y,right_lip55_x,right_lip55_y,lip_center_lower58_x,lip_center_lower58_y,trans_x,trans_y,trans_z,rot_x,rot_y,rot_z
0,0,4.1696929931640625,-4.013732910156278,3.3191375732421875,6.941055297851591,-0.8498191833496094,2.960342407226591,-19.735347747802734,3.077606201171875,-8.006187438964858,17.10693359375,1.905609130859375,6.415618896484403,7.9465179443359375,-5.075256347656222,3.729827880859361,-3.526092529296932,-2.2304534912109375,11.74979019165039,-9.79226875305176,3.0073165893554688,5.793899536132798,-10.10007095336914,-11.205959796905516,1.9325027465820312,0.014413124416023493,-0.016592461615800864,-0.016592461615800864,-0.3798743880784644,21.515939192988615,2.2662265357683253
