,Unnamed: 0,left_eyebrow_18x,left_eyebrow_18y,left_eyebrow_20x,left_eyebrow_20y,left_eyebrow_22x,left_eyebrow_22y,right_eyebrow_23x,right_eyebrow_23y,right_eyebrow_25x,right_eyebrow_25y,right_eyebrow_27x,right_eyebrow_27y,left_eye38_x,left_eye38_y,right_eye45_x,right_eye45_y,left_lip49_x,left_lip49_y,lip_center_upper52_x,lip_center_upper52_y,right_lip55_x,right_lip55_y,lip_center_lower58_x,lip_center_lower58_y,trans_x,trans_y,trans_z,rot_x,rot_y,rot_z
0,0,6.849197387695341,1.1643371582030966,-6.908226013183594,1.3511199951171875,-7.010658264160156,-7.1048431396484375,-17.698528289794925,-1.795928955078125,-7.2883682250976705,14.832611083984375,0.03175354003903408,12.291458129882812,6.381828308105469,0.8258819580077841,9.679916381835938,4.908447265625,11.605117797851562,19.23413848876953,-9.824292719364166,0.7090072631836009,6.7162017822265625,-3.0910072326660156,-6.779152810573579,-2.979766845703125,0.02395825367420912,0.024843059916747737,0.024843059916747737,-2.678777887994336,27.069708000646724,0.34906246859093204
