,Unnamed: 0,left_eyebrow_18x,left_eyebrow_18y,left_eyebrow_20x,left_eyebrow_20y,left_eyebrow_22x,left_eyebrow_22y,right_eyebrow_23x,right_eyebrow_23y,right_eyebrow_25x,right_eyebrow_25y,right_eyebrow_27x,right_eyebrow_27y,left_eye38_x,left_eye38_y,right_eye45_x,right_eye45_y,left_lip49_x,left_lip49_y,lip_center_upper52_x,lip_center_upper52_y,right_lip55_x,right_lip55_y,lip_center_lower58_x,lip_center_lower58_y,trans_x,trans_y,trans_z,rot_x,rot_y,rot_z
0,0,-0.2897491455078125,-3.073013305664034,0.6862335205077841,2.333206176757841,-2.104248046875,5.0175628662109375,0.7330017089843679,3.8891143798828125,-3.15478515625,0.4102783203125,-0.1363525390625,-4.297042846679716,3.1959915161132812,-1.408966064453125,-1.1185684204101705,0.03636169433596592,-1.4684906005859233,-1.6061363220214915,1.4076278209686282,-0.18014907836914062,0.9195556640625,-1.0071220397949219,-0.35574913024902344,6.336708068847656,0.032651748158968985,0.026088565587997433,0.026088565587997433,4.254500058835716,-1.0266126530179513,3.6923128217039913
