,Unnamed: 0,left_eyebrow_18x,left_eyebrow_18y,left_eyebrow_20x,left_eyebrow_20y,left_eyebrow_22x,left_eyebrow_22y,right_eyebrow_23x,right_eyebrow_23y,right_eyebrow_25x,right_eyebrow_25y,right_eyebrow_27x,right_eyebrow_27y,left_eye38_x,left_eye38_y,right_eye45_x,right_eye45_y,left_lip49_x,left_lip49_y,lip_center_upper52_x,lip_center_upper52_y,right_lip55_x,right_lip55_y,lip_center_lower58_x,lip_center_lower58_y,trans_x,trans_y,trans_z,rot_x,rot_y,rot_z
0,0,16.675018310546847,-10.413619995117188,-0.4704895019530966,-1.4856567382812216,-11.095767974853509,-3.30133056640625,-15.571596145629883,-1.4408264160156534,-0.708473205566392,10.608535766601591,3.1521453857421307,10.60284423828125,8.022727966308608,-3.760772705078125,5.236579895019517,-2.3158111572265625,7.483978271484389,17.307552337646484,-23.513498544692993,-0.36920928955079546,9.558578491210966,-16.83575439453125,-11.241228222846985,2.6992950439453267,0.006870701094157994,-0.03011747915297747,-0.03011747915297747,-8.021852093352772,25.82078323744409,0.31566242466796596
