,Unnamed: 0,left_eyebrow_18x,left_eyebrow_18y,left_eyebrow_20x,left_eyebrow_20y,left_eyebrow_22x,left_eyebrow_22y,right_eyebrow_23x,right_eyebrow_23y,right_eyebrow_25x,right_eyebrow_25y,right_eyebrow_27x,right_eyebrow_27y,left_eye38_x,left_eye38_y,right_eye45_x,right_eye45_y,left_lip49_x,left_lip49_y,lip_center_upper52_x,lip_center_upper52_y,right_lip55_x,right_lip55_y,lip_center_lower58_x,lip_center_lower58_y,trans_x,trans_y,trans_z,rot_x,rot_y,rot_z
0,0,2.048751831054716,-7.225799560546903,1.3275299072265625,-4.083526611328125,-0.0570220947265625,0.3246917724609659,-2.7195816040039062,0.6621246337890625,-1.5901031494140625,0.129486083984375,-0.202362060546875,-5.1846160888671875,-5.058586120605469,19.42907714843747,3.6949081420898438,19.819931030273438,0.568359375,-8.28325271606446,-0.25911539793014526,2.192157745361328,5.470733642578111,-10.607307434082031,0.30401407182216644,7.340576171875,0.029230925254523758,0.022476539365015927,0.022476539365015927,3.4801549572178407,0.7735954364062629,0.2839299292947113
