,Unnamed: 0,left_eyebrow_18x,left_eyebrow_18y,left_eyebrow_20x,left_eyebrow_20y,left_eyebrow_22x,left_eyebrow_22y,right_eyebrow_23x,right_eyebrow_23y,right_eyebrow_25x,right_eyebrow_25y,right_eyebrow_27x,right_eyebrow_27y,left_eye38_x,left_eye38_y,right_eye45_x,right_eye45_y,left_lip49_x,left_lip49_y,lip_center_upper52_x,lip_center_upper52_y,right_lip55_x,right_lip55_y,lip_center_lower58_x,lip_center_lower58_y,trans_x,trans_y,trans_z,rot_x,rot_y,rot_z
0,0,8.884506225585938,-16.3587646484375,-4.155593872070341,-7.449554443359403,-11.447044372558594,3.8032989501953125,-1.276824951171875,-0.48187255859369316,-3.013664245605497,1.3001708984375,0.6302947998047159,-1.9062805175781534,5.171211242675753,-0.9426574707030966,3.242401123046861,2.3850860595703125,5.479850769042969,11.922462463378906,-21.71184229850769,3.5796279907226562,6.1896820068359375,-10.86782455444336,-17.950130701065063,0.722900390625,0.009835611796006559,-0.016392543911933892,-0.016392543911933892,-1.6722173508523483,22.976258733748242,0.8283850569181236
