,Unnamed: 0,left_eyebrow_18x,left_eyebrow_18y,left_eyebrow_20x,left_eyebrow_20y,left_eyebrow_22x,left_eyebrow_22y,right_eyebrow_23x,right_eyebrow_23y,right_eyebrow_25x,right_eyebrow_25y,right_eyebrow_27x,right_eyebrow_27y,left_eye38_x,left_eye38_y,right_eye45_x,right_eye45_y,left_lip49_x,left_lip49_y,lip_center_upper52_x,lip_center_upper52_y,right_lip55_x,right_lip55_y,lip_center_lower58_x,lip_center_lower58_y,trans_x,trans_y,trans_z,rot_x,rot_y,rot_z
0,0,24.983596801757812,-40.61224365234375,-7.7212982177734375,-8.867233276367188,-26.605606079101562,3.009643554687443,-18.176631927490238,-4.236740112304631,-1.7600326538086222,2.0542755126953125,1.9020385742187216,-0.07922363281252842,19.089279174804673,5.6342620849609375,3.5906829833984233,8.296722412109375,34.14120101928711,20.637878417968764,-44.52990221977234,21.845733642578125,0.7437820434570312,-17.57699966430664,-21.896976709365845,7.3349609375,0.02701992611400783,-0.014341786503791802,-0.014341786503791802,-0.5386586352030681,40.9590579340514,6.313972417501946
