,Unnamed: 0,left_eyebrow_18x,left_eyebrow_18y,left_eyebrow_20x,left_eyebrow_20y,left_eyebrow_22x,left_eyebrow_22y,right_eyebrow_23x,right_eyebrow_23y,right_eyebrow_25x,right_eyebrow_25y,right_eyebrow_27x,right_eyebrow_27y,left_eye38_x,left_eye38_y,right_eye45_x,right_eye45_y,left_lip49_x,left_lip49_y,lip_center_upper52_x,lip_center_upper52_y,right_lip55_x,right_lip55_y,lip_center_lower58_x,lip_center_lower58_y,trans_x,trans_y,trans_z,rot_x,rot_y,rot_z
0,0,43.109405517578125,-20.672378540039034,3.9617767333984943,-1.336563110351591,-23.37136459350586,2.7007446289062216,-36.072653770446784,1.9901123046875,-8.956878662109347,16.806289672851562,4.052078247070284,8.5888671875,20.503204345703125,2.56805419921875,11.176887512207031,-2.961822509765625,12.399322509765625,30.22510528564453,-55.33019542694092,13.934865951538082,2.74908447265625,-21.877391815185547,-30.75808429718018,18.8619384765625,0.025193670764565468,-0.004466985701583326,-0.004466985701583326,3.125155612254373,50.80682028933604,4.653077233123767
