,Unnamed: 0,left_eyebrow_18x,left_eyebrow_18y,left_eyebrow_20x,left_eyebrow_20y,left_eyebrow_22x,left_eyebrow_22y,right_eyebrow_23x,right_eyebrow_23y,right_eyebrow_25x,right_eyebrow_25y,right_eyebrow_27x,right_eyebrow_27y,left_eye38_x,left_eye38_y,right_eye45_x,right_eye45_y,left_lip49_x,left_lip49_y,lip_center_upper52_x,lip_center_upper52_y,right_lip55_x,right_lip55_y,lip_center_lower58_x,lip_center_lower58_y,trans_x,trans_y,trans_z,rot_x,rot_y,rot_z
0,0,6.436233520507784,-11.193771362304688,-4.791030883789091,1.0680084228515625,-15.173526763916016,6.2805023193359375,-7.178934097290046,4.197082519531278,-8.336021423339815,8.218002319335938,-1.110260009765625,-2.7027435302734375,9.090347290039062,-1.7779693603515625,4.966407775878892,2.3827514648437784,4.284294128417983,6.931991577148423,-11.939347505569458,1.0737457275390696,7.271949768066406,-10.497661590576172,-11.027786612510681,6.537513732910156,0.028046268620528277,0.0210992731153965,0.0210992731153965,2.295441688103757,29.046830541966656,3.6719783278374636
