,Unnamed: 0,left_eyebrow_18x,left_eyebrow_18y,left_eyebrow_20x,left_eyebrow_20y,left_eyebrow_22x,left_eyebrow_22y,right_eyebrow_23x,right_eyebrow_23y,right_eyebrow_25x,right_eyebrow_25y,right_eyebrow_27x,right_eyebrow_27y,left_eye38_x,left_eye38_y,right_eye45_x,right_eye45_y,left_lip49_x,left_lip49_y,lip_center_upper52_x,lip_center_upper52_y,right_lip55_x,right_lip55_y,lip_center_lower58_x,lip_center_lower58_y,trans_x,trans_y,trans_z,rot_x,rot_y,rot_z
0,0,35.43721008300781,-28.793533325195284,12.299896240234375,-3.85986328125,-15.608188629150384,2.1914520263671875,-32.479885578155525,3.567672729492159,-8.541725158691406,10.396270751953125,11.849105834960938,10.072280883789091,17.74017333984375,6.7935943603515625,7.4033203125,8.104782104492188,17.958496093749986,37.61725616455078,-31.57698380947113,0.4455451965332031,7.918731689453125,-10.732093811035156,-15.418153405189514,-2.8812789916992045,0.011908529326319695,-0.003653738647699356,-0.003653738647699356,-0.553698158540866,56.6071073683622,4.570123499955654
