,Unnamed: 0,left_eyebrow_18x,left_eyebrow_18y,left_eyebrow_20x,left_eyebrow_20y,left_eyebrow_22x,left_eyebrow_22y,right_eyebrow_23x,right_eyebrow_23y,right_eyebrow_25x,right_eyebrow_25y,right_eyebrow_27x,right_eyebrow_27y,left_eye38_x,left_eye38_y,right_eye45_x,right_eye45_y,left_lip49_x,left_lip49_y,lip_center_upper52_x,lip_center_upper52_y,right_lip55_x,right_lip55_y,lip_center_lower58_x,lip_center_lower58_y,trans_x,trans_y,trans_z,rot_x,rot_y,rot_z
0,0,17.19682312011716,-53.64595031738284,16.8332977294922,4.943542480468722,-8.297325134277337,22.049835205078125,-28.394008636474602,15.16357421875,-12.609565734863281,20.1060791015625,1.6637115478515625,-3.1580352783203125,13.9156494140625,11.427505493164062,11.947296142578125,11.2099609375,31.562095642089844,26.752037048339844,-21.31730416417122,11.96282958984375,3.4077301025390625,-28.861148834228516,-13.105270475149155,8.97314453125,0.009507488721283154,-0.0021877996623516083,-0.0021877996623516083,0.9258054494649377,45.96682592820235,2.5943400352644534
