,Unnamed: 0,left_eyebrow_18x,left_eyebrow_18y,left_eyebrow_20x,left_eyebrow_20y,left_eyebrow_22x,left_eyebrow_22y,right_eyebrow_23x,right_eyebrow_23y,right_eyebrow_25x,right_eyebrow_25y,right_eyebrow_27x,right_eyebrow_27y,left_eye38_x,left_eye38_y,right_eye45_x,right_eye45_y,left_lip49_x,left_lip49_y,lip_center_upper52_x,lip_center_upper52_y,right_lip55_x,right_lip55_y,lip_center_lower58_x,lip_center_lower58_y,trans_x,trans_y,trans_z,rot_x,rot_y,rot_z
0,0,22.685577392578097,-26.736068725585966,-2.1919097900390057,1.482818603515625,-18.378459930419915,9.028793334960938,-32.688002586364746,3.3657989501953125,-11.6800537109375,16.28961181640625,0.96893310546875,3.9806365966796875,13.213760375976562,3.561843872070341,5.375877380371094,1.7178497314453125,35.55489349365234,16.150096893310547,-23.45391273498535,4.206703186035149,12.659889221191406,-17.002765655517578,-24.841946125030518,11.78131103515625,0.029414341319352392,0.011323634535074241,0.011323634535074241,-0.2795280886418814,37.5140638095562,6.6846092570595665
