,Unnamed: 0,left_eyebrow_18x,left_eyebrow_18y,left_eyebrow_20x,left_eyebrow_20y,left_eyebrow_22x,left_eyebrow_22y,right_eyebrow_23x,right_eyebrow_23y,right_eyebrow_25x,right_eyebrow_25y,right_eyebrow_27x,right_eyebrow_27y,left_eye38_x,left_eye38_y,right_eye45_x,right_eye45_y,left_lip49_x,left_lip49_y,lip_center_upper52_x,lip_center_upper52_y,right_lip55_x,right_lip55_y,lip_center_lower58_x,lip_center_lower58_y,trans_x,trans_y,trans_z,rot_x,rot_y,rot_z
0,0,-1.160430908203125,-6.847564697265653,4.350410461425781,5.0004730224609375,2.9331436157226634,9.116241455078125,-3.1501617431640554,9.232254028320312,-1.5733871459960795,8.6953125,3.3349609375,-6.205474853515597,0.313934326171875,2.9585723876953125,2.9569091796875,4.510299682617159,5.361366271972656,1.7370223999023438,-1.562173873186112,-0.13779830932616477,-4.7984542846679545,-2.0847625732421875,-1.955698698759079,2.4990463256835938,-0.01370358161511831,-0.006428830325603485,-0.006428830325603485,3.077454127008561,13.194887663950427,-1.9408845987360277
