,Unnamed: 0,left_eyebrow_18x,left_eyebrow_18y,left_eyebrow_20x,left_eyebrow_20y,left_eyebrow_22x,left_eyebrow_22y,right_eyebrow_23x,right_eyebrow_23y,right_eyebrow_25x,right_eyebrow_25y,right_eyebrow_27x,right_eyebrow_27y,left_eye38_x,left_eye38_y,right_eye45_x,right_eye45_y,left_lip49_x,left_lip49_y,lip_center_upper52_x,lip_center_upper52_y,right_lip55_x,right_lip55_y,lip_center_lower58_x,lip_center_lower58_y,trans_x,trans_y,trans_z,rot_x,rot_y,rot_z
0,0,-2.6781768798828125,-1.5727081298828125,2.7449035644531534,8.192031860351534,3.3015213012695312,9.383178710937443,-4.401084899902351,10.78668212890625,-2.4002685546875,9.196975708007812,3.063674926757841,-0.5850067138671875,-0.5562667846679545,-2.2164154052734375,-0.03407287597657671,-1.5168151855468466,2.575714111328125,2.0053863525390625,-0.03221690654754639,1.6765899658203125,-0.007102966308607961,-0.266185760498054,-1.3853666186332703,3.6154937744140625,-0.007517845369875433,-0.008452873677015305,-0.008452873677015305,5.119526298866937,8.242921283881309,0.8424334077192244
