,Unnamed: 0,left_eyebrow_18x,left_eyebrow_18y,left_eyebrow_20x,left_eyebrow_20y,left_eyebrow_22x,left_eyebrow_22y,right_eyebrow_23x,right_eyebrow_23y,right_eyebrow_25x,right_eyebrow_25y,right_eyebrow_27x,right_eyebrow_27y,left_eye38_x,left_eye38_y,right_eye45_x,right_eye45_y,left_lip49_x,left_lip49_y,lip_center_upper52_x,lip_center_upper52_y,right_lip55_x,right_lip55_y,lip_center_lower58_x,lip_center_lower58_y,trans_x,trans_y,trans_z,rot_x,rot_y,rot_z
0,0,6.893768310546875,-15.670944213867188,-11.571823120117188,-3.7697296142578125,-17.526592254638672,-4.314422607421875,-8.188924789428714,-5.4990692138671875,-2.0067138671875,8.742080688476534,0.2183837890625,4.0681915283203125,9.939811706542969,10.360733032226534,7.190216064453139,9.1693115234375,8.74322509765625,16.99242401123047,-14.60121661424637,-5.319972991943359,6.1384124755859375,-15.324584960937507,-10.50011506676674,-2.2299041748046875,-0.0020191757939755917,0.0027274414896964957,0.0027274414896964957,-4.600725140032701,24.38265621181078,-4.6191554293335155
