,Unnamed: 0,left_eyebrow_18x,left_eyebrow_18y,left_eyebrow_20x,left_eyebrow_20y,left_eyebrow_22x,left_eyebrow_22y,right_eyebrow_23x,right_eyebrow_23y,right_eyebrow_25x,right_eyebrow_25y,right_eyebrow_27x,right_eyebrow_27y,left_eye38_x,left_eye38_y,right_eye45_x,right_eye45_y,left_lip49_x,left_lip49_y,lip_center_upper52_x,lip_center_upper52_y,right_lip55_x,right_lip55_y,lip_center_lower58_x,lip_center_lower58_y,trans_x,trans_y,trans_z,rot_x,rot_y,rot_z
0,0,9.619827270507841,5.9533843994140625,-2.317779541015625,-5.281005859375,-10.21524429321289,-13.543289184570341,4.221038818359368,-14.631134033203153,2.9764328002929688,-2.1495971679687216,-6.7186737060546875,10.388366699218722,10.907905578613281,-10.597930908203125,6.511810302734375,-8.445480346679688,-9.656761169433594,12.567153930664062,-8.39470386505127,1.8005752563476562,4.458053588867202,7.826717376708977,-7.378343105316162,-11.833053588867202,-0.015521482680924237,0.0021680667996406555,0.0021680667996406555,-2.2448442384718046,16.8366767270727,2.643927222270599
