,Unnamed: 0,left_eyebrow_18x,left_eyebrow_18y,left_eyebrow_20x,left_eyebrow_20y,left_eyebrow_22x,left_eyebrow_22y,right_eyebrow_23x,right_eyebrow_23y,right_eyebrow_25x,right_eyebrow_25y,right_eyebrow_27x,right_eyebrow_27y,left_eye38_x,left_eye38_y,right_eye45_x,right_eye45_y,left_lip49_x,left_lip49_y,lip_center_upper52_x,lip_center_upper52_y,right_lip55_x,right_lip55_y,lip_center_lower58_x,lip_center_lower58_y,trans_x,trans_y,trans_z,rot_x,rot_y,rot_z
0,0,9.775711059570312,-19.521942138671903,0.5008544921875,2.147109985351534,-8.996685028076165,13.976333618164034,-22.881772994995117,13.5313720703125,-11.178176879882812,15.757125854492188,1.742538452148466,2.2294464111328125,7.4793853759765625,-1.642120361328125,4.706993103027344,1.9385681152344034,12.012832641601562,16.8946533203125,-16.75647747516632,5.123287200927734,12.08633422851561,-15.098224639892585,-13.089181184768677,9.585548400878906,0.007730208337306976,-0.01157812774181366,-0.01157812774181366,4.8219885346974305,26.405755174843264,1.8204941228608527
