,Unnamed: 0,left_eyebrow_18x,left_eyebrow_18y,left_eyebrow_20x,left_eyebrow_20y,left_eyebrow_22x,left_eyebrow_22y,right_eyebrow_23x,right_eyebrow_23y,right_eyebrow_25x,right_eyebrow_25y,right_eyebrow_27x,right_eyebrow_27y,left_eye38_x,left_eye38_y,right_eye45_x,right_eye45_y,left_lip49_x,left_lip49_y,lip_center_upper52_x,lip_center_upper52_y,right_lip55_x,right_lip55_y,lip_center_lower58_x,lip_center_lower58_y,trans_x,trans_y,trans_z,rot_x,rot_y,rot_z
0,0,44.19378662109378,-43.25843811035156,4.764404296875,6.496429443359375,-33.909502029418945,14.2847900390625,-47.7255802154541,10.035079956054659,-17.56775665283203,18.006912231445312,-3.3048400878906534,-1.1726837158203693,20.696128845214858,5.9336700439453125,9.656547546386719,6.979339599609375,46.557525634765625,23.492095947265625,-43.22783663868904,22.574291229248036,8.239997863769531,-21.55705642700196,-22.39203405380249,10.675094604492202,0.011192691512405874,-0.003562249243259437,-0.003562249243259437,4.87386389201665,46.78044320407935,5.184389734035903
