,Unnamed: 0,left_eyebrow_18x,left_eyebrow_18y,left_eyebrow_20x,left_eyebrow_20y,left_eyebrow_22x,left_eyebrow_22y,right_eyebrow_23x,right_eyebrow_23y,right_eyebrow_25x,right_eyebrow_25y,right_eyebrow_27x,right_eyebrow_27y,left_eye38_x,left_eye38_y,right_eye45_x,right_eye45_y,left_lip49_x,left_lip49_y,lip_center_upper52_x,lip_center_upper52_y,right_lip55_x,right_lip55_y,lip_center_lower58_x,lip_center_lower58_y,trans_x,trans_y,trans_z,rot_x,rot_y,rot_z
0,0,0.09094238281255684,-1.365234375,-0.816314697265625,3.2780914306640625,1.589950561523434,-0.0832672119140625,-10.179689407348633,1.133209228515625,-5.316009521484361,11.241912841796903,0.3673248291015625,0.5886993408202841,3.152832031250014,0.170074462890625,3.48974609375,1.222381591796875,0.567626953125,4.2085418701171875,-4.399135142564774,-0.180181503295902,2.9805068969726562,-4.105522155761726,-2.72218918800354,-2.7332305908202983,-0.011161459609866142,-0.010574117302894606,-0.010574117302894606,0.3492836585722259,10.42712392580536,-1.2884181107841155
