,Unnamed: 0,left_eyebrow_18x,left_eyebrow_18y,left_eyebrow_20x,left_eyebrow_20y,left_eyebrow_22x,left_eyebrow_22y,right_eyebrow_23x,right_eyebrow_23y,right_eyebrow_25x,right_eyebrow_25y,right_eyebrow_27x,right_eyebrow_27y,left_eye38_x,left_eye38_y,right_eye45_x,right_eye45_y,left_lip49_x,left_lip49_y,lip_center_upper52_x,lip_center_upper52_y,right_lip55_x,right_lip55_y,lip_center_lower58_x,lip_center_lower58_y,trans_x,trans_y,trans_z,rot_x,rot_y,rot_z
0,0,20.75099182128909,-15.890426635742188,-4.031875610351506,3.21209716796875,-19.17984580993653,-0.4413146972656534,-13.818138122558594,-0.10986328125,-11.025856018066406,19.25201416015625,-5.138458251953068,1.193435668945284,5.347282409667969,3.99530029296875,8.562164306640625,5.6667327880859375,1.2231369018554688,16.248233795166016,-12.948874950408936,4.497943878173835,12.722663879394531,-16.174026489257812,-12.23130464553833,-0.8149566650390625,0.0011184390168637037,-0.026898175477981567,-0.026898175477981567,1.2847970741396217,26.221327338952374,1.5536283803126565
