,Unnamed: 0,left_eyebrow_18x,left_eyebrow_18y,left_eyebrow_20x,left_eyebrow_20y,left_eyebrow_22x,left_eyebrow_22y,right_eyebrow_23x,right_eyebrow_23y,right_eyebrow_25x,right_eyebrow_25y,right_eyebrow_27x,right_eyebrow_27y,left_eye38_x,left_eye38_y,right_eye45_x,right_eye45_y,left_lip49_x,left_lip49_y,lip_center_upper52_x,lip_center_upper52_y,right_lip55_x,right_lip55_y,lip_center_lower58_x,lip_center_lower58_y,trans_x,trans_y,trans_z,rot_x,rot_y,rot_z
0,0,16.912918090820284,-19.444137573242188,-8.007537841796875,-3.979232788085909,-13.403541564941413,7.408111572265597,-31.73345088958741,5.333404541015625,-8.209274291992159,10.612380981445312,-5.977218627929631,8.580230712890653,15.170417785644531,-4.684127807617159,11.5289306640625,0.8532104492187216,28.474388122558594,14.202621459960952,-30.54199361801147,22.12862777709961,18.213722229003906,-25.215023040771484,-25.724496841430668,20.38868713378905,0.01455851853825152,-0.015955280512571328,-0.015955280512571328,1.4176778900814386,44.57941203598846,6.838686382676964
