,Unnamed: 0,left_eyebrow_18x,left_eyebrow_18y,left_eyebrow_20x,left_eyebrow_20y,left_eyebrow_22x,left_eyebrow_22y,right_eyebrow_23x,right_eyebrow_23y,right_eyebrow_25x,right_eyebrow_25y,right_eyebrow_27x,right_eyebrow_27y,left_eye38_x,left_eye38_y,right_eye45_x,right_eye45_y,left_lip49_x,left_lip49_y,lip_center_upper52_x,lip_center_upper52_y,right_lip55_x,right_lip55_y,lip_center_lower58_x,lip_center_lower58_y,trans_x,trans_y,trans_z,rot_x,rot_y,rot_z
0,0,0.60528564453125,0.8108367919921875,5.962203979492202,2.6978454589844034,8.26769638061523,5.487594604492216,-6.257856369018555,3.7692108154296875,-2.97979736328125,4.0038604736328125,-0.22068786621096592,2.062408447265625,0.6452484130859375,-5.985137939453125,-2.1841583251953267,-6.796783447265653,1.5585784912109375,-7.403850555419922,2.6932414770126343,-7.747995376586914,3.534271240234375,-5.829509735107429,0.07962816953659058,17.7186279296875,0.001258984673768282,-0.012642698362469673,-0.012642698362469673,3.8596599542632215,-1.4345817251653525,-1.29857418414091
