,Unnamed: 0,left_eyebrow_18x,left_eyebrow_18y,left_eyebrow_20x,left_eyebrow_20y,left_eyebrow_22x,left_eyebrow_22y,right_eyebrow_23x,right_eyebrow_23y,right_eyebrow_25x,right_eyebrow_25y,right_eyebrow_27x,right_eyebrow_27y,left_eye38_x,left_eye38_y,right_eye45_x,right_eye45_y,left_lip49_x,left_lip49_y,lip_center_upper52_x,lip_center_upper52_y,right_lip55_x,right_lip55_y,lip_center_lower58_x,lip_center_lower58_y,trans_x,trans_y,trans_z,rot_x,rot_y,rot_z
0,0,7.792999267578153,5.125579833984375,5.727516174316435,6.796478271484375,3.5044250488281214,-5.862899780273409,-8.142610549926758,-6.903564453125,-4.206893920898409,13.671829223632812,-5.7304534912109375,8.306518554687472,1.2481460571289062,-0.7778167724609375,2.3903656005859375,-1.2769012451171875,-8.639030456542969,4.751213073730469,-2.341912031173706,-0.4807586669921875,5.084541320800781,-0.18512725830078125,-3.8217544555664062,-8.021705627441406,-0.0006750919856131077,-0.0006091147661209106,-0.0006091147661209106,-1.9286712325101751,5.838405732328198,1.7774600873659265
