,Unnamed: 0,left_eyebrow_18x,left_eyebrow_18y,left_eyebrow_20x,left_eyebrow_20y,left_eyebrow_22x,left_eyebrow_22y,right_eyebrow_23x,right_eyebrow_23y,right_eyebrow_25x,right_eyebrow_25y,right_eyebrow_27x,right_eyebrow_27y,left_eye38_x,left_eye38_y,right_eye45_x,right_eye45_y,left_lip49_x,left_lip49_y,lip_center_upper52_x,lip_center_upper52_y,right_lip55_x,right_lip55_y,lip_center_lower58_x,lip_center_lower58_y,trans_x,trans_y,trans_z,rot_x,rot_y,rot_z
0,0,5.1606597900390625,-5.553802490234375,4.8894500732421875,11.686492919921875,0.6269187927246094,10.101135253906222,-16.869239807128913,9.24139404296875,-8.922752380371094,15.731430053710938,-0.2760314941405966,4.678283691406278,7.126556396484375,-4.135314941406222,7.3681640625,-0.20483398437505684,6.031074523925781,11.263198852539077,-13.25091218948364,7.492061614990234,8.857849121093764,-14.05556869506836,-13.364233016967773,7.225486755371094,-0.009483430767431855,-0.014807041734457009,-0.014807041734457009,3.5693610881922613,34.86055157889947,1.658416207478614
