,Unnamed: 0,left_eyebrow_18x,left_eyebrow_18y,left_eyebrow_20x,left_eyebrow_20y,left_eyebrow_22x,left_eyebrow_22y,right_eyebrow_23x,right_eyebrow_23y,right_eyebrow_25x,right_eyebrow_25y,right_eyebrow_27x,right_eyebrow_27y,left_eye38_x,left_eye38_y,right_eye45_x,right_eye45_y,left_lip49_x,left_lip49_y,lip_center_upper52_x,lip_center_upper52_y,right_lip55_x,right_lip55_y,lip_center_lower58_x,lip_center_lower58_y,trans_x,trans_y,trans_z,rot_x,rot_y,rot_z
0,0,3.7803192138671875,-10.749282836914062,10.959991455078125,-2.435440063476591,10.157096862792969,10.576614379882812,-26.296663284301758,14.160720825195284,-18.98004150390625,13.3714599609375,2.103195190429716,-2.0553588867187784,-0.9250793457031108,-12.104003906249972,3.0569839477539062,-9.282608032226562,6.785224914550781,19.962421417236328,-10.298549205064774,11.717710494995117,3.0358428955078125,-1.2706069946289062,-8.890336990356447,-8.529762268066406,0.008780072443187237,-0.006090078502893441,-0.006090078502893441,2.6641851208737464,19.895756789743178,-0.39654500448509244
