,Unnamed: 0,left_eyebrow_18x,left_eyebrow_18y,left_eyebrow_20x,left_eyebrow_20y,left_eyebrow_22x,left_eyebrow_22y,right_eyebrow_23x,right_eyebrow_23y,right_eyebrow_25x,right_eyebrow_25y,right_eyebrow_27x,right_eyebrow_27y,left_eye38_x,left_eye38_y,right_eye45_x,right_eye45_y,left_lip49_x,left_lip49_y,lip_center_upper52_x,lip_center_upper52_y,right_lip55_x,right_lip55_y,lip_center_lower58_x,lip_center_lower58_y,trans_x,trans_y,trans_z,rot_x,rot_y,rot_z
0,0,0.8084259033203125,-0.696075439453125,5.330413818359361,6.140701293945341,4.134542465209961,9.492599487304716,-0.11024093627930043,0.0444793701171875,-2.129608154296932,-1.5590515136718466,-4.2576141357421875,-2.852020263671875,0.46323394775390625,-6.8361968994140625,-0.31908416748046875,-6.00872802734375,-2.8125457763671733,-14.886146545410163,1.44422435760498,4.94451904296875,2.7144775390625,-11.124847412109375,-0.11762599647045141,11.783035278320312,0.0015263072564266622,-0.012115426361560822,-0.012115426361560822,5.231794514026969,-1.6848254921636476,-0.8512312825021655
