,Unnamed: 0,left_eyebrow_18x,left_eyebrow_18y,left_eyebrow_20x,left_eyebrow_20y,left_eyebrow_22x,left_eyebrow_22y,right_eyebrow_23x,right_eyebrow_23y,right_eyebrow_25x,right_eyebrow_25y,right_eyebrow_27x,right_eyebrow_27y,left_eye38_x,left_eye38_y,right_eye45_x,right_eye45_y,left_lip49_x,left_lip49_y,lip_center_upper52_x,lip_center_upper52_y,right_lip55_x,right_lip55_y,lip_center_lower58_x,lip_center_lower58_y,trans_x,trans_y,trans_z,rot_x,rot_y,rot_z
0,0,22.77259826660159,-47.12451171875,3.3838195800781534,4.0941619873046875,-29.674222946166992,8.672210693359403,-12.024368286132816,10.0103759765625,-14.334617614746108,25.918365478515653,-8.290069580078125,-7.522430419921903,10.369644165039062,12.829864501953125,11.098625183105469,14.100387573242188,18.75902557373047,22.132091522216797,-22.86441946029663,6.399566650390625,16.862380981445312,-23.37103462219238,-14.398212909698486,-2.2160263061523438,0.027190988417714834,-0.013051815330982208,-0.013051815330982208,9.913336402805086,32.27162285725057,7.291343636296237
