,Unnamed: 0,left_eyebrow_18x,left_eyebrow_18y,left_eyebrow_20x,left_eyebrow_20y,left_eyebrow_22x,left_eyebrow_22y,right_eyebrow_23x,right_eyebrow_23y,right_eyebrow_25x,right_eyebrow_25y,right_eyebrow_27x,right_eyebrow_27y,left_eye38_x,left_eye38_y,right_eye45_x,right_eye45_y,left_lip49_x,left_lip49_y,lip_center_upper52_x,lip_center_upper52_y,right_lip55_x,right_lip55_y,lip_center_lower58_x,lip_center_lower58_y,trans_x,trans_y,trans_z,rot_x,rot_y,rot_z
0,0,8.92230224609375,-4.1009063720703125,-1.196044921875,-0.8049468994140341,-6.3486480712890625,5.242462158203182,-14.467445373535156,-1.6131591796875,-8.831619262695341,4.38787841796875,-5.2343902587890625,4.137359619140625,8.723716735839844,-11.912948608398438,5.87060546875,-7.415863037109375,1.4000396728515625,-3.8722991943359517,-6.76848840713501,7.9928855895996165,16.446029663085938,-21.299545288085938,-10.611551582813263,14.017501831054688,-0.006546412187162787,-0.012881703674793243,-0.012881703674793243,4.297885952933668,27.984853136553422,-2.5480995297972924
