,Unnamed: 0,left_eyebrow_18x,left_eyebrow_18y,left_eyebrow_20x,left_eyebrow_20y,left_eyebrow_22x,left_eyebrow_22y,right_eyebrow_23x,right_eyebrow_23y,right_eyebrow_25x,right_eyebrow_25y,right_eyebrow_27x,right_eyebrow_27y,left_eye38_x,left_eye38_y,right_eye45_x,right_eye45_y,left_lip49_x,left_lip49_y,lip_center_upper52_x,lip_center_upper52_y,right_lip55_x,right_lip55_y,lip_center_lower58_x,lip_center_lower58_y,trans_x,trans_y,trans_z,rot_x,rot_y,rot_z
0,0,-0.9892730712890625,-0.1344146728515625,11.113739013671847,2.957260131835909,17.62503433227539,3.9686737060546875,-15.10089111328125,8.878707885742188,-12.533950805664062,4.892150878906278,2.5632019042969034,-1.393539428710966,-4.2989120483398295,-9.774368286132812,-3.4132919311523295,-11.348556518554716,4.176383972167969,6.016292572021484,3.5042068660259247,16.809703826904297,-4.790130615234375,9.183155059814453,4.1900317668914795,-19.55785369873047,0.002817714586853981,-0.003387376666069024,-0.003387376666069024,1.0811322801638248,-2.777542628424852,-0.4623545419909487
