,Unnamed: 0,left_eyebrow_18x,left_eyebrow_18y,left_eyebrow_20x,left_eyebrow_20y,left_eyebrow_22x,left_eyebrow_22y,right_eyebrow_23x,right_eyebrow_23y,right_eyebrow_25x,right_eyebrow_25y,right_eyebrow_27x,right_eyebrow_27y,left_eye38_x,left_eye38_y,right_eye45_x,right_eye45_y,left_lip49_x,left_lip49_y,lip_center_upper52_x,lip_center_upper52_y,right_lip55_x,right_lip55_y,lip_center_lower58_x,lip_center_lower58_y,trans_x,trans_y,trans_z,rot_x,rot_y,rot_z
0,0,1.226776123046875,2.8522796630859375,10.288131713867188,11.600082397460966,12.902057647705078,5.336837768554631,-7.314739227294936,6.709838867187472,-5.251754760742159,6.8403167724609375,0.20092773437502842,1.8872680664062784,-1.8369674682617188,-3.8170623779296307,-0.7578811645507812,-2.2868041992187784,0.2724151611328125,-1.0103149414062216,0.8456625938415527,2.9704132080078196,0.7634201049804688,-1.3606491088867188,-2.4969903472810984,1.5664215087890625,0.011329193832352757,-0.005770437419414513,-0.005770437419414513,2.7225341766387645,-11.583273759493038,1.6820747268070473
