,Unnamed: 0,left_eyebrow_18x,left_eyebrow_18y,left_eyebrow_20x,left_eyebrow_20y,left_eyebrow_22x,left_eyebrow_22y,right_eyebrow_23x,right_eyebrow_23y,right_eyebrow_25x,right_eyebrow_25y,right_eyebrow_27x,right_eyebrow_27y,left_eye38_x,left_eye38_y,right_eye45_x,right_eye45_y,left_lip49_x,left_lip49_y,lip_center_upper52_x,lip_center_upper52_y,right_lip55_x,right_lip55_y,lip_center_lower58_x,lip_center_lower58_y,trans_x,trans_y,trans_z,rot_x,rot_y,rot_z
0,0,10.199691772460938,-7.6004486083984375,-0.4672088623047159,-1.557861328125,-5.1817588806152415,-6.299362182617216,-13.319522857666023,-3.9699707031249716,-4.008087158203068,10.196853637695312,0.184051513671875,5.6538238525390625,3.9339065551757812,0.1724395751953125,5.4511871337890625,2.1491394042969034,3.4579849243164062,8.425140380859375,-16.321934938430786,-2.1837310791015625,4.513069152832031,-15.222526550292969,-8.938259124755858,1.1574172973632812,-0.000978970667347312,-0.027720313519239426,-0.027720313519239426,-5.030343603985988,22.93300281364664,-0.1908720817886736
