,Unnamed: 0,left_eyebrow_18x,left_eyebrow_18y,left_eyebrow_20x,left_eyebrow_20y,left_eyebrow_22x,left_eyebrow_22y,right_eyebrow_23x,right_eyebrow_23y,right_eyebrow_25x,right_eyebrow_25y,right_eyebrow_27x,right_eyebrow_27y,left_eye38_x,left_eye38_y,right_eye45_x,right_eye45_y,left_lip49_x,left_lip49_y,lip_center_upper52_x,lip_center_upper52_y,right_lip55_x,right_lip55_y,lip_center_lower58_x,lip_center_lower58_y,trans_x,trans_y,trans_z,rot_x,rot_y,rot_z
0,0,24.11407470703125,-20.872802734374943,-6.346481323242216,-8.281951904296903,-19.700195312499993,-1.4151153564453125,-33.15066146850587,-2.507553100585909,-10.937294006347628,8.948822021484375,3.26934814453125,8.624740600585966,13.870872497558594,1.7685546875,4.5537109375,2.652267456054716,11.975776672363281,16.38788604736328,-34.34252667427063,4.336341857910156,10.555770874023438,-20.764968872070305,-17.322346687316898,6.917587280273452,0.021096103359013796,-0.02681795135140419,-0.02681795135140419,-5.109458429803843,37.07211116731512,3.060580348289989
