,Unnamed: 0,left_eyebrow_18x,left_eyebrow_18y,left_eyebrow_20x,left_eyebrow_20y,left_eyebrow_22x,left_eyebrow_22y,right_eyebrow_23x,right_eyebrow_23y,right_eyebrow_25x,right_eyebrow_25y,right_eyebrow_27x,right_eyebrow_27y,left_eye38_x,left_eye38_y,right_eye45_x,right_eye45_y,left_lip49_x,left_lip49_y,lip_center_upper52_x,lip_center_upper52_y,right_lip55_x,right_lip55_y,lip_center_lower58_x,lip_center_lower58_y,trans_x,trans_y,trans_z,rot_x,rot_y,rot_z
0,0,28.509811401367188,-42.533554077148466,-9.774887084960909,-17.620071411132812,-33.033103942871094,-1.1451416015625,-28.243562698364258,3.1962280273437216,-5.6146240234375,12.062637329101562,-2.61834716796875,4.531860351562528,19.677291870117188,10.959915161132812,12.34194946289064,9.078811645507812,26.465522766113295,31.190933227539055,-24.255706310272217,17.202804565429695,8.438201904296875,-23.728393554687504,-9.374060511589049,8.502151489257827,0.022195406956598163,0.0016319639980793,0.0016319639980793,6.117598779705588,34.778204413229716,3.3554886294129385
