,Unnamed: 0,left_eyebrow_18x,left_eyebrow_18y,left_eyebrow_20x,left_eyebrow_20y,left_eyebrow_22x,left_eyebrow_22y,right_eyebrow_23x,right_eyebrow_23y,right_eyebrow_25x,right_eyebrow_25y,right_eyebrow_27x,right_eyebrow_27y,left_eye38_x,left_eye38_y,right_eye45_x,right_eye45_y,left_lip49_x,left_lip49_y,lip_center_upper52_x,lip_center_upper52_y,right_lip55_x,right_lip55_y,lip_center_lower58_x,lip_center_lower58_y,trans_x,trans_y,trans_z,rot_x,rot_y,rot_z
0,0,0.13079833984375,0.9318389892577841,4.6621246337890625,0.4228973388671591,7.822170257568359,-0.21459960937494316,-2.744823455810547,-2.081192016601591,-0.682952880859375,-3.6617279052734375,-0.881195068359375,1.7296905517578125,-1.8455429077148438,-1.437820434570284,-1.9307708740234375,-2.7221832275390625,-4.5928192138671875,1.909496307373054,-1.6805109679698944,-1.359258651733402,0.18160247802734375,4.091526031494141,-1.6013892889022827,-3.4171524047851562,0.0013711829669773579,0.01045910641551017,0.01045910641551017,0.5957155269624004,-1.4007083406017584,-0.4943626804031691
