,Unnamed: 0,left_eyebrow_18x,left_eyebrow_18y,left_eyebrow_20x,left_eyebrow_20y,left_eyebrow_22x,left_eyebrow_22y,right_eyebrow_23x,right_eyebrow_23y,right_eyebrow_25x,right_eyebrow_25y,right_eyebrow_27x,right_eyebrow_27y,left_eye38_x,left_eye38_y,right_eye45_x,right_eye45_y,left_lip49_x,left_lip49_y,lip_center_upper52_x,lip_center_upper52_y,right_lip55_x,right_lip55_y,lip_center_lower58_x,lip_center_lower58_y,trans_x,trans_y,trans_z,rot_x,rot_y,rot_z
0,0,13.440948486328125,-18.446914672851534,-3.3897399902343466,-0.6860504150390625,-16.781051635742188,0.6174926757811932,-14.533130645751953,8.582763671874972,-7.914001464843778,15.21240234375,1.686141967773466,-2.46160888671875,3.3964462280273438,4.8544769287109375,5.100051879882827,3.81427001953125,7.19964599609375,11.51847076416015,-10.76133108139038,3.6366615295410156,9.101722717285156,-14.390930175781243,-6.428886294364929,6.122459411621094,0.004824247444048524,-0.006192374974489212,-0.006192374974489212,3.0882832088970966,19.843923989099935,-1.1763185876817546
