,Unnamed: 0,left_eyebrow_18x,left_eyebrow_18y,left_eyebrow_20x,left_eyebrow_20y,left_eyebrow_22x,left_eyebrow_22y,right_eyebrow_23x,right_eyebrow_23y,right_eyebrow_25x,right_eyebrow_25y,right_eyebrow_27x,right_eyebrow_27y,left_eye38_x,left_eye38_y,right_eye45_x,right_eye45_y,left_lip49_x,left_lip49_y,lip_center_upper52_x,lip_center_upper52_y,right_lip55_x,right_lip55_y,lip_center_lower58_x,lip_center_lower58_y,trans_x,trans_y,trans_z,rot_x,rot_y,rot_z
0,0,3.006973266601591,11.496261596679716,-0.6261749267578125,-0.35528564453125,1.290557861328125,-12.134597778320284,-2.53729248046875,-12.092346191406222,-0.5428924560546875,1.3466033935546875,-2.886520385742216,13.678878784179716,-1.5194168090820312,2.2526092529296875,-1.8566665649414062,-0.6842498779296875,-4.5403594970703125,-2.9382858276367188,4.057642996311188,-9.451446533203125,8.124946594238267,-2.5237350463867116,2.6592980325222015,2.0103683471679688,0.000545131857506931,0.0003995560109615326,0.0003995560109615326,-5.065801060607473,-2.8661923305498256,-0.5225962845562212
