,Unnamed: 0,left_eyebrow_18x,left_eyebrow_18y,left_eyebrow_20x,left_eyebrow_20y,left_eyebrow_22x,left_eyebrow_22y,right_eyebrow_23x,right_eyebrow_23y,right_eyebrow_25x,right_eyebrow_25y,right_eyebrow_27x,right_eyebrow_27y,left_eye38_x,left_eye38_y,right_eye45_x,right_eye45_y,left_lip49_x,left_lip49_y,lip_center_upper52_x,lip_center_upper52_y,right_lip55_x,right_lip55_y,lip_center_lower58_x,lip_center_lower58_y,trans_x,trans_y,trans_z,rot_x,rot_y,rot_z
0,0,4.412338256835909,4.199447631835966,0.555816650390625,3.4288787841796875,5.1690101623535085,-5.80224609375,-3.848674774169929,-7.006546020507784,-0.6760101318359091,1.85028076171875,-4.067657470703125,4.0096588134765625,-2.3625335693359375,0.21885681152340908,3.014739990234375,0.008010864257869343,-0.285491943359375,-3.3336029052734375,-0.11282062530517578,-5.620517730712891,2.8247909545898438,-4.158535003662109,0.3127923011779785,0.1287078857421875,0.0017073925446311478,-0.0024558603763580322,-0.0024558603763580322,-2.912208361212552,-1.3989910635846003,-0.4468906680473127
