,Unnamed: 0,left_eyebrow_18x,left_eyebrow_18y,left_eyebrow_20x,left_eyebrow_20y,left_eyebrow_22x,left_eyebrow_22y,right_eyebrow_23x,right_eyebrow_23y,right_eyebrow_25x,right_eyebrow_25y,right_eyebrow_27x,right_eyebrow_27y,left_eye38_x,left_eye38_y,right_eye45_x,right_eye45_y,left_lip49_x,left_lip49_y,lip_center_upper52_x,lip_center_upper52_y,right_lip55_x,right_lip55_y,lip_center_lower58_x,lip_center_lower58_y,trans_x,trans_y,trans_z,rot_x,rot_y,rot_z
0,0,0.5659332275390341,4.553863525390625,2.3542633056640057,10.318527221679688,4.75445556640625,3.104721069335909,15.344852447509766,-4.163497924804659,-0.762054443359375,-2.482467651367216,-17.044906616210966,-13.936294555664091,-4.990776062011733,4.3742218017578125,-5.375175476074247,4.4544525146484375,-14.576927185058594,-10.177574157714844,19.776987075805664,-9.342193603515625,-4.106033325195327,17.86018753051757,15.708003520965576,9.964424133300781,-0.0017375517636537535,0.0059686824679374695,0.0059686824679374695,3.4936275901477205,-30.760820538409217,1.5553990136026048
