,Unnamed: 0,left_eyebrow_18x,left_eyebrow_18y,left_eyebrow_20x,left_eyebrow_20y,left_eyebrow_22x,left_eyebrow_22y,right_eyebrow_23x,right_eyebrow_23y,right_eyebrow_25x,right_eyebrow_25y,right_eyebrow_27x,right_eyebrow_27y,left_eye38_x,left_eye38_y,right_eye45_x,right_eye45_y,left_lip49_x,left_lip49_y,lip_center_upper52_x,lip_center_upper52_y,right_lip55_x,right_lip55_y,lip_center_lower58_x,lip_center_lower58_y,trans_x,trans_y,trans_z,rot_x,rot_y,rot_z
0,0,-5.9185791015625,7.250915527343778,8.856262207031222,20.049240112304688,27.185300827026367,3.7553100585937216,26.120502471923828,0.9637451171875284,-6.6602706909179545,-1.490875244140625,-38.07849121093753,-27.87908935546875,-3.9646987915039062,5.8789520263671875,-16.71279907226564,7.3094635009765625,-22.37218475341797,-18.76626968383789,43.43854236602783,-2.0468177795410156,-27.5343017578125,23.663116455078118,27.49723768234253,14.895942687988281,-0.020072237588465214,0.022656481713056564,0.022656481713056564,9.988915592932674,-50.09954475414531,-1.5411147121612792
