,Unnamed: 0,left_eyebrow_18x,left_eyebrow_18y,left_eyebrow_20x,left_eyebrow_20y,left_eyebrow_22x,left_eyebrow_22y,right_eyebrow_23x,right_eyebrow_23y,right_eyebrow_25x,right_eyebrow_25y,right_eyebrow_27x,right_eyebrow_27y,left_eye38_x,left_eye38_y,right_eye45_x,right_eye45_y,left_lip49_x,left_lip49_y,lip_center_upper52_x,lip_center_upper52_y,right_lip55_x,right_lip55_y,lip_center_lower58_x,lip_center_lower58_y,trans_x,trans_y,trans_z,rot_x,rot_y,rot_z
0,0,0.313140869140625,1.3437805175781534,-2.8350677490234375,6.488754272460909,-1.3145523071289062,-0.2862091064453125,-3.8415756225585866,1.1598663330078125,-3.9311294555664062,8.136840820312472,-1.2245483398437784,3.4442901611328125,-1.6565322875976705,-1.231826782226534,1.0543060302734375,-1.329330444335909,1.43115234375,-0.153289794921875,-2.1057653427124023,-2.24078369140625,-0.6898193359375,-2.509349822998047,-3.7074198722839355,9.723983764648438,-0.010553734377026558,-0.014242429286241524,-0.014242429286241524,-4.597937466163585,12.610485397743084,-0.6359980167406463
