,Unnamed: 0,left_eyebrow_18x,left_eyebrow_18y,left_eyebrow_20x,left_eyebrow_20y,left_eyebrow_22x,left_eyebrow_22y,right_eyebrow_23x,right_eyebrow_23y,right_eyebrow_25x,right_eyebrow_25y,right_eyebrow_27x,right_eyebrow_27y,left_eye38_x,left_eye38_y,right_eye45_x,right_eye45_y,left_lip49_x,left_lip49_y,lip_center_upper52_x,lip_center_upper52_y,right_lip55_x,right_lip55_y,lip_center_lower58_x,lip_center_lower58_y,trans_x,trans_y,trans_z,rot_x,rot_y,rot_z
0,0,6.132888793945341,-1.1519317626953125,3.6309661865234375,-3.8848876953124716,2.4478492736816406,-4.037872314453125,18.6993408203125,-2.398864746093693,-0.17512512207028408,-13.751846313476506,-11.166900634765653,-13.262710571289062,-2.8006439208984375,4.3665313720703125,-8.512527465820312,2.118255615234375,-19.67835235595703,-15.624450683593757,13.543503761291506,8.016164779663079,5.403190612792969,2.896797180175774,12.270487546920776,4.0470809936523295,0.005739683634601533,-0.009289298206567771,-0.009289298206567771,1.392169601284412,-29.012751057192947,-0.2929840104258883
