,Unnamed: 0,left_eyebrow_18x,left_eyebrow_18y,left_eyebrow_20x,left_eyebrow_20y,left_eyebrow_22x,left_eyebrow_22y,right_eyebrow_23x,right_eyebrow_23y,right_eyebrow_25x,right_eyebrow_25y,right_eyebrow_27x,right_eyebrow_27y,left_eye38_x,left_eye38_y,right_eye45_x,right_eye45_y,left_lip49_x,left_lip49_y,lip_center_upper52_x,lip_center_upper52_y,right_lip55_x,right_lip55_y,lip_center_lower58_x,lip_center_lower58_y,trans_x,trans_y,trans_z,rot_x,rot_y,rot_z
0,0,-8.840560913085909,13.112243652343778,1.8608474731445312,15.557815551757784,27.536146163940423,-0.294189453125,25.180912017822266,-0.9201507568359659,-7.0626220703125,-3.83984375,-35.23634338378906,-23.181350708007812,-1.4075698852539205,-1.55645751953125,-14.151695251464844,1.1050872802734375,0.47129058837890625,-16.162273406982422,49.516247630119324,-3.2023658752441406,-28.945022583007827,18.14661407470703,21.149728536605835,25.20318603515625,-0.0055892979726195335,0.010932683944702155,0.010932683944702155,0.7002059262117175,-49.01360069277968,-6.894209964562134
