,Unnamed: 0,left_eyebrow_18x,left_eyebrow_18y,left_eyebrow_20x,left_eyebrow_20y,left_eyebrow_22x,left_eyebrow_22y,right_eyebrow_23x,right_eyebrow_23y,right_eyebrow_25x,right_eyebrow_25y,right_eyebrow_27x,right_eyebrow_27y,left_eye38_x,left_eye38_y,right_eye45_x,right_eye45_y,left_lip49_x,left_lip49_y,lip_center_upper52_x,lip_center_upper52_y,right_lip55_x,right_lip55_y,lip_center_lower58_x,lip_center_lower58_y,trans_x,trans_y,trans_z,rot_x,rot_y,rot_z
0,0,-9.001541137695284,9.814193725585938,5.775749206542983,6.487350463867159,26.80142593383789,-0.5620269775390625,22.858482360839844,2.00537109375,6.5832366943359375,-7.070617675781278,-24.524993896484403,-22.326049804687443,-5.6848602294921875,1.1949920654296875,-16.999130249023423,4.4578094482421875,0.398193359375,-24.371261596679688,34.06159853935242,1.3208465576171875,-17.290504455566406,21.36617660522461,21.84118065237999,9.707611083984375,-0.026104216231033203,0.01610666140913962,0.01610666140913962,-8.610967064876032,-37.91324533316459,-0.5081452321372923
