,Unnamed: 0,left_eyebrow_18x,left_eyebrow_18y,left_eyebrow_20x,left_eyebrow_20y,left_eyebrow_22x,left_eyebrow_22y,right_eyebrow_23x,right_eyebrow_23y,right_eyebrow_25x,right_eyebrow_25y,right_eyebrow_27x,right_eyebrow_27y,left_eye38_x,left_eye38_y,right_eye45_x,right_eye45_y,left_lip49_x,left_lip49_y,lip_center_upper52_x,lip_center_upper52_y,right_lip55_x,right_lip55_y,lip_center_lower58_x,lip_center_lower58_y,trans_x,trans_y,trans_z,rot_x,rot_y,rot_z
0,0,2.541748046875,4.6553802490234375,4.323806762695298,0.310150146484375,5.563278198242195,-5.0966796875,-0.9370880126953125,-9.552337646484347,2.658386230468764,-3.6865234375,0.184478759765625,5.68487548828125,2.5748062133789062,-1.4731597900390625,0.0946807861328125,1.6544952392578125,-7.372428894042969,5.651817321777344,-3.197146415710449,-5.240680694580078,4.4546051025390625,3.0012969970703054,-1.4756306409835815,-0.402008056640625,-0.011987042147666216,-0.011463519185781479,-0.011463519185781479,-3.459865109257092,15.244073808083224,2.0459315185016105
