,Unnamed: 0,left_eyebrow_18x,left_eyebrow_18y,left_eyebrow_20x,left_eyebrow_20y,left_eyebrow_22x,left_eyebrow_22y,right_eyebrow_23x,right_eyebrow_23y,right_eyebrow_25x,right_eyebrow_25y,right_eyebrow_27x,right_eyebrow_27y,left_eye38_x,left_eye38_y,right_eye45_x,right_eye45_y,left_lip49_x,left_lip49_y,lip_center_upper52_x,lip_center_upper52_y,right_lip55_x,right_lip55_y,lip_center_lower58_x,lip_center_lower58_y,trans_x,trans_y,trans_z,rot_x,rot_y,rot_z
0,0,-1.701446533203125,7.0804595947265625,6.020103454589844,16.465469360351562,12.307188034057614,3.3919677734375,6.3524017333984375,4.1676483154296875,-3.3712844848632812,6.198013305664034,-6.4503631591796875,-6.5247344970703125,-4.2235565185546875,-1.8555755615234375,-3.8798675537109375,-3.0111541748046875,-5.445594787597656,-13.442462921142578,13.357890129089355,-1.7573623657226562,-10.11538696289061,8.2401123046875,12.111304759979248,11.8963623046875,0.0015108883380889888,-0.013928774744272239,-0.013928774744272239,-0.7132803040331428,-24.358385673524978,-2.099813408858208
