,Unnamed: 0,left_eyebrow_18x,left_eyebrow_18y,left_eyebrow_20x,left_eyebrow_20y,left_eyebrow_22x,left_eyebrow_22y,right_eyebrow_23x,right_eyebrow_23y,right_eyebrow_25x,right_eyebrow_25y,right_eyebrow_27x,right_eyebrow_27y,left_eye38_x,left_eye38_y,right_eye45_x,right_eye45_y,left_lip49_x,left_lip49_y,lip_center_upper52_x,lip_center_upper52_y,right_lip55_x,right_lip55_y,lip_center_lower58_x,lip_center_lower58_y,trans_x,trans_y,trans_z,rot_x,rot_y,rot_z
0,0,-1.880538940429659,7.2044219970703125,-1.2989425659179688,5.498474121093778,3.5801658630371094,-1.1282958984375,-2.5220184326171946,-2.9388580322265625,0.14705657958984375,-0.38702392578125,-0.7640228271484375,5.516220092773409,-0.551750183105483,-5.935653686523466,1.1348190307617188,-4.5648345947265625,7.6610107421875,2.8740882873535156,-0.5605012178421019,-19.65599250793457,-4.783843994140625,4.263774871826172,-1.0174484252929688,18.13336944580078,-0.0070747267454862595,0.0012611858546733856,0.0012611858546733856,-4.203146130554422,6.702918776496833,-1.817497310015669
