,Unnamed: 0,left_eyebrow_18x,left_eyebrow_18y,left_eyebrow_20x,left_eyebrow_20y,left_eyebrow_22x,left_eyebrow_22y,right_eyebrow_23x,right_eyebrow_23y,right_eyebrow_25x,right_eyebrow_25y,right_eyebrow_27x,right_eyebrow_27y,left_eye38_x,left_eye38_y,right_eye45_x,right_eye45_y,left_lip49_x,left_lip49_y,lip_center_upper52_x,lip_center_upper52_y,right_lip55_x,right_lip55_y,lip_center_lower58_x,lip_center_lower58_y,trans_x,trans_y,trans_z,rot_x,rot_y,rot_z
0,0,4.2705078125,-1.857833862304659,3.1290740966796875,-2.7294158935546875,2.364574432373054,3.283538818359318,-2.241161346435547,1.8709716796875,-3.5381393432617188,-1.33587646484375,-4.0525970458984375,-2.331314086914034,2.611114501953125,-7.86944580078125,-0.4080810546875,-6.0123138427734375,-4.9774932861328125,1.460723876953125,-4.449873626232147,1.5612258911132812,8.906410217285156,1.5679206848144602,-4.638501167297363,8.12148284912108,-0.00720115180592984,-0.004708923399448395,-0.004708923399448395,3.9005748410863217,5.369113328393499,-2.1087740646035185
