,Unnamed: 0,left_eyebrow_18x,left_eyebrow_18y,left_eyebrow_20x,left_eyebrow_20y,left_eyebrow_22x,left_eyebrow_22y,right_eyebrow_23x,right_eyebrow_23y,right_eyebrow_25x,right_eyebrow_25y,right_eyebrow_27x,right_eyebrow_27y,left_eye38_x,left_eye38_y,right_eye45_x,right_eye45_y,left_lip49_x,left_lip49_y,lip_center_upper52_x,lip_center_upper52_y,right_lip55_x,right_lip55_y,lip_center_lower58_x,lip_center_lower58_y,trans_x,trans_y,trans_z,rot_x,rot_y,rot_z
0,0,-3.9968719482421307,11.542144775390625,-1.8671112060546875,12.606521606445284,7.829998016357415,0.2870941162109375,6.894172668457031,-1.120864868164091,-3.8269195556640625,-3.5179748535156534,-10.068862915039091,-6.047515869140625,-5.635238647460952,-3.2034759521484375,-3.6879348754882812,-3.201934814453125,0.1498413085937642,-8.119075775146484,19.440235972404476,-15.51174545288086,-9.912124633789062,15.881782531738281,13.112231016159058,20.46978759765625,0.00039898278191685677,-0.0023389309644699027,-0.0023389309644699027,-2.3024972730251445,-32.397965827466614,-3.609258413272391
