,Unnamed: 0,left_eyebrow_18x,left_eyebrow_18y,left_eyebrow_20x,left_eyebrow_20y,left_eyebrow_22x,left_eyebrow_22y,right_eyebrow_23x,right_eyebrow_23y,right_eyebrow_25x,right_eyebrow_25y,right_eyebrow_27x,right_eyebrow_27y,left_eye38_x,left_eye38_y,right_eye45_x,right_eye45_y,left_lip49_x,left_lip49_y,lip_center_upper52_x,lip_center_upper52_y,right_lip55_x,right_lip55_y,lip_center_lower58_x,lip_center_lower58_y,trans_x,trans_y,trans_z,rot_x,rot_y,rot_z
0,0,-1.16943359375,7.605102539062528,0.5292892456054688,1.6515502929688068,8.438842773437504,-6.2323150634765625,-1.2296180725097727,-7.046630859375,-3.8047332763671875,-1.60986328125,-9.023300170898438,-3.2655181884765057,-0.1833038330078125,3.0164947509765625,-3.858863830566392,1.5936279296874716,-8.912002563476562,-7.481132507324212,15.365791976451877,-2.9457530975341797,-1.7645721435546875,8.736637115478516,10.988691508769987,8.285102844238281,0.004629384260624647,-0.028401076793670654,-0.028401076793670654,-1.9632160647936299,-32.14441634169114,-1.455349635941086
