,Unnamed: 0,left_eyebrow_18x,left_eyebrow_18y,left_eyebrow_20x,left_eyebrow_20y,left_eyebrow_22x,left_eyebrow_22y,right_eyebrow_23x,right_eyebrow_23y,right_eyebrow_25x,right_eyebrow_25y,right_eyebrow_27x,right_eyebrow_27y,left_eye38_x,left_eye38_y,right_eye45_x,right_eye45_y,left_lip49_x,left_lip49_y,lip_center_upper52_x,lip_center_upper52_y,right_lip55_x,right_lip55_y,lip_center_lower58_x,lip_center_lower58_y,trans_x,trans_y,trans_z,rot_x,rot_y,rot_z
0,0,0.3385620117187784,-5.065597534179631,7.471641540527344,11.900848388671875,3.6395797729492188,7.751129150390625,22.487983703613274,4.4529571533203125,-1.3742370605468466,1.6099395751953125,-18.98126220703128,-26.001327514648438,-1.04962158203125,6.519851684570284,-13.345207214355469,6.495025634765653,-19.079818725585923,-14.96750259399414,18.15247666835785,12.534429550170895,2.3283309936523295,15.02260971069336,10.918095350265503,13.334747314453125,-0.024962742812931538,-0.03872549906373024,-0.03872549906373024,2.235726145501973,-44.63969924635995,3.2321610950646398
