,Unnamed: 0,left_eyebrow_18x,left_eyebrow_18y,left_eyebrow_20x,left_eyebrow_20y,left_eyebrow_22x,left_eyebrow_22y,right_eyebrow_23x,right_eyebrow_23y,right_eyebrow_25x,right_eyebrow_25y,right_eyebrow_27x,right_eyebrow_27y,left_eye38_x,left_eye38_y,right_eye45_x,right_eye45_y,left_lip49_x,left_lip49_y,lip_center_upper52_x,lip_center_upper52_y,right_lip55_x,right_lip55_y,lip_center_lower58_x,lip_center_lower58_y,trans_x,trans_y,trans_z,rot_x,rot_y,rot_z
0,0,8.087432861328097,-12.526947021484347,5.150070190429716,4.4627532958984375,-7.508598327636719,4.902954101562472,8.798572540283196,9.166946411132812,-3.362716674804659,2.2053680419921875,-4.478149414062557,-12.145202636718722,4.3358306884765625,3.310256958007784,-3.884185791015625,2.611846923828125,-7.816207885742173,-6.353721618652344,-3.2643982172012325,6.724149703979485,4.364089965820298,-6.676975250244141,-3.888804793357849,16.76105499267578,-0.00583577249199152,-0.014447037130594247,-0.014447037130594247,8.437265683094212,6.990337096014295,1.0390794096324079
