,Unnamed: 0,left_eyebrow_18x,left_eyebrow_18y,left_eyebrow_20x,left_eyebrow_20y,left_eyebrow_22x,left_eyebrow_22y,right_eyebrow_23x,right_eyebrow_23y,right_eyebrow_25x,right_eyebrow_25y,right_eyebrow_27x,right_eyebrow_27y,left_eye38_x,left_eye38_y,right_eye45_x,right_eye45_y,left_lip49_x,left_lip49_y,lip_center_upper52_x,lip_center_upper52_y,right_lip55_x,right_lip55_y,lip_center_lower58_x,lip_center_lower58_y,trans_x,trans_y,trans_z,rot_x,rot_y,rot_z
0,0,-3.142135620117216,18.82696533203128,-2.3353500366210938,7.0290374755859375,24.17351531982422,-9.450546264648438,21.072708129882812,-5.6564483642578125,7.941734313964844,-4.2481842041015625,-16.06248474121091,-13.473281860351591,-7.059005737304673,2.0124969482421875,-15.489898681640625,0.33245849609375,-19.151748657226562,-16.37173080444336,33.837392807006836,-3.435852050781257,-20.162353515625,21.09977722167968,24.282546758651733,7.839797973632798,-0.03381485026329756,-0.020772650837898254,-0.020772650837898254,-9.526060354591541,-36.50871906717974,-0.8577591961813233
