,Unnamed: 0,left_eyebrow_18x,left_eyebrow_18y,left_eyebrow_20x,left_eyebrow_20y,left_eyebrow_22x,left_eyebrow_22y,right_eyebrow_23x,right_eyebrow_23y,right_eyebrow_25x,right_eyebrow_25y,right_eyebrow_27x,right_eyebrow_27y,left_eye38_x,left_eye38_y,right_eye45_x,right_eye45_y,left_lip49_x,left_lip49_y,lip_center_upper52_x,lip_center_upper52_y,right_lip55_x,right_lip55_y,lip_center_lower58_x,lip_center_lower58_y,trans_x,trans_y,trans_z,rot_x,rot_y,rot_z
0,0,2.0659332275390625,0.10043334960934658,-3.7463302612304403,-5.447052001953097,-11.939167022705071,-5.755691528320284,25.99948501586914,-5.819122314453097,9.054206848144531,-8.6619873046875,-13.130401611328125,-9.1470947265625,-2.04156494140625,7.034027099609375,-3.4173431396484375,7.00921630859375,-11.4095458984375,-23.46509552001953,12.721866667270659,-7.269599914550778,2.5390701293945455,-2.4063987731933594,7.7240142822265625,26.640777587890625,-0.002786762546747923,-0.034099932760000236,-0.034099932760000236,-6.418646106370639,-23.917594044883376,2.647231054274533
