,Unnamed: 0,left_eyebrow_18x,left_eyebrow_18y,left_eyebrow_20x,left_eyebrow_20y,left_eyebrow_22x,left_eyebrow_22y,right_eyebrow_23x,right_eyebrow_23y,right_eyebrow_25x,right_eyebrow_25y,right_eyebrow_27x,right_eyebrow_27y,left_eye38_x,left_eye38_y,right_eye45_x,right_eye45_y,left_lip49_x,left_lip49_y,lip_center_upper52_x,lip_center_upper52_y,right_lip55_x,right_lip55_y,lip_center_lower58_x,lip_center_lower58_y,trans_x,trans_y,trans_z,rot_x,rot_y,rot_z
0,0,2.6372833251953125,8.56201171875,-0.9379730224609375,2.453079223632784,2.5639801025390625,-5.1917266845703125,1.0571861267089915,-7.920654296875028,4.6209564208984375,-1.046676635742159,0.9167938232422159,10.787948608398438,1.142051696777358,-5.6807861328125,-5.4699249267578125,-5.946502685546875,-8.382644653320312,2.770271301269524,1.8983869552612287,-6.775745391845703,2.8041763305664062,2.046424865722642,0.9688024520874032,4.136932373046875,0.00021078251302242453,-0.003231555223464966,-0.003231555223464966,-2.9251343002819077,-1.2080920006988833,0.04797332187368464
