,Unnamed: 0,left_eyebrow_18x,left_eyebrow_18y,left_eyebrow_20x,left_eyebrow_20y,left_eyebrow_22x,left_eyebrow_22y,right_eyebrow_23x,right_eyebrow_23y,right_eyebrow_25x,right_eyebrow_25y,right_eyebrow_27x,right_eyebrow_27y,left_eye38_x,left_eye38_y,right_eye45_x,right_eye45_y,left_lip49_x,left_lip49_y,lip_center_upper52_x,lip_center_upper52_y,right_lip55_x,right_lip55_y,lip_center_lower58_x,lip_center_lower58_y,trans_x,trans_y,trans_z,rot_x,rot_y,rot_z
0,0,-6.6145172119140625,9.335662841796875,5.7514801025390625,15.012680053710938,27.57994270324708,-1.1766052246094034,19.83281326293944,8.55061340332037,-7.514060974121094,7.734405517578153,-33.21136474609378,-28.78627014160159,4.141029357910142,-1.4792022705078125,-14.524711608886705,1.3527679443359375,-22.65725708007811,-21.385730743408196,35.03978252410889,3.2981491088867188,-21.832710266113267,17.547943115234375,20.34919309616089,15.998397827148423,-0.049769189907237894,0.03806893434375525,0.03806893434375525,4.280607104484836,-37.88147039915329,-4.147797179205761
