,Unnamed: 0,left_eyebrow_18x,left_eyebrow_18y,left_eyebrow_20x,left_eyebrow_20y,left_eyebrow_22x,left_eyebrow_22y,right_eyebrow_23x,right_eyebrow_23y,right_eyebrow_25x,right_eyebrow_25y,right_eyebrow_27x,right_eyebrow_27y,left_eye38_x,left_eye38_y,right_eye45_x,right_eye45_y,left_lip49_x,left_lip49_y,lip_center_upper52_x,lip_center_upper52_y,right_lip55_x,right_lip55_y,lip_center_lower58_x,lip_center_lower58_y,trans_x,trans_y,trans_z,rot_x,rot_y,rot_z
0,0,3.52227783203125,-4.463790893554659,-8.178352355957031,-10.85223388671875,-17.641571044921875,-6.527587890625,12.449138641357422,-4.833343505859403,5.847663879394531,-3.7559814453125,-3.8912048339843466,0.394134521484375,3.2961959838867188,6.75634765625,0.46633148193359375,7.3618621826171875,-0.5330657958984375,-9.629375457763672,-1.9977599978446956,-9.023885726928707,8.14675140380858,-13.07020568847657,-2.3242782056331635,24.170761108398438,-0.007108491845428944,-0.00827832147479058,-0.00827832147479058,-2.07459575623656,9.4905892017307,1.6932178667978695
