,Unnamed: 0,left_eyebrow_18x,left_eyebrow_18y,left_eyebrow_20x,left_eyebrow_20y,left_eyebrow_22x,left_eyebrow_22y,right_eyebrow_23x,right_eyebrow_23y,right_eyebrow_25x,right_eyebrow_25y,right_eyebrow_27x,right_eyebrow_27y,left_eye38_x,left_eye38_y,right_eye45_x,right_eye45_y,left_lip49_x,left_lip49_y,lip_center_upper52_x,lip_center_upper52_y,right_lip55_x,right_lip55_y,lip_center_lower58_x,lip_center_lower58_y,trans_x,trans_y,trans_z,rot_x,rot_y,rot_z
0,0,1.3502655029296307,10.578598022460938,-1.3752899169922017,1.882278442382784,6.937255859375,-8.36224365234375,7.6396636962890625,-7.34552001953125,4.3993377685546875,-3.5155639648437216,-5.7885284423828125,-1.47802734375,-5.025032043457017,0.6457977294921875,-4.357711791992173,-1.0946350097656534,-12.518798828125,-2.7542762756347656,12.899078369140625,-7.165435791015625,-0.1618804931640625,13.187156677246087,10.711486101150511,3.5063629150390483,-0.01451814454048872,-0.021186158061027527,-0.021186158061027527,-7.792938451900038,-16.141777694904484,-0.1586982286766161
