,Unnamed: 0,left_eyebrow_18x,left_eyebrow_18y,left_eyebrow_20x,left_eyebrow_20y,left_eyebrow_22x,left_eyebrow_22y,right_eyebrow_23x,right_eyebrow_23y,right_eyebrow_25x,right_eyebrow_25y,right_eyebrow_27x,right_eyebrow_27y,left_eye38_x,left_eye38_y,right_eye45_x,right_eye45_y,left_lip49_x,left_lip49_y,lip_center_upper52_x,lip_center_upper52_y,right_lip55_x,right_lip55_y,lip_center_lower58_x,lip_center_lower58_y,trans_x,trans_y,trans_z,rot_x,rot_y,rot_z
0,0,-6.2028961181640625,8.908493041992244,3.1077499389648438,7.007247924804716,20.899982452392578,1.7636566162109375,21.225135803222656,0.0402069091796875,-5.2303619384765625,-8.525741577148438,-34.85157775878909,-28.140777587890597,-2.9551925659179688,6.5907135009765625,-4.317802429199219,5.591033935546847,-9.475044250488281,-19.268024444580078,37.86955899000168,6.344806671142578,-14.772132873535156,17.23822784423828,17.68761557340622,10.58072662353517,-0.013182460330426696,-0.02475626766681671,-0.02475626766681671,3.9651707698032856,-47.852697681159,-7.820289915950737
