,Unnamed: 0,left_eyebrow_18x,left_eyebrow_18y,left_eyebrow_20x,left_eyebrow_20y,left_eyebrow_22x,left_eyebrow_22y,right_eyebrow_23x,right_eyebrow_23y,right_eyebrow_25x,right_eyebrow_25y,right_eyebrow_27x,right_eyebrow_27y,left_eye38_x,left_eye38_y,right_eye45_x,right_eye45_y,left_lip49_x,left_lip49_y,lip_center_upper52_x,lip_center_upper52_y,right_lip55_x,right_lip55_y,lip_center_lower58_x,lip_center_lower58_y,trans_x,trans_y,trans_z,rot_x,rot_y,rot_z
0,0,1.4965362548828125,2.9641876220703125,2.7078857421875,2.1129150390624716,6.930950164794918,-4.733322143554716,2.9350509643554688,-1.294265747070284,-7.67872619628902,4.071258544921875,-11.325637817382812,-0.08183288574221592,5.387107849121094,-4.0423736572265625,-2.9158554077148438,-2.2920379638671875,-10.946846008300781,2.0064125061035227,7.9059600830078125,-5.187942504882816,-0.5589599609375,2.5657958984375,-1.1600189208984375,9.20735931396483,-0.0026131682097911835,-0.0007301084697246586,-0.0007301084697246586,0.611224138272755,-3.482926152366069,-0.9574383472765876
