,Unnamed: 0,left_eyebrow_18x,left_eyebrow_18y,left_eyebrow_20x,left_eyebrow_20y,left_eyebrow_22x,left_eyebrow_22y,right_eyebrow_23x,right_eyebrow_23y,right_eyebrow_25x,right_eyebrow_25y,right_eyebrow_27x,right_eyebrow_27y,left_eye38_x,left_eye38_y,right_eye45_x,right_eye45_y,left_lip49_x,left_lip49_y,lip_center_upper52_x,lip_center_upper52_y,right_lip55_x,right_lip55_y,lip_center_lower58_x,lip_center_lower58_y,trans_x,trans_y,trans_z,rot_x,rot_y,rot_z
0,0,-1.3739624023437216,9.591323852539034,2.166046142578125,9.926513671874943,11.937170028686523,-1.7500762939453125,11.3643798828125,1.799774169921875,0.49156951904295454,0.9357604980469034,-13.77851867675787,-11.307815551757784,-1.0346527099609375,-8.157913208007784,-6.084678649902344,-9.324188232421875,-9.00051879882814,-11.982501983642571,18.559121131896973,-8.43790245056152,-3.5584945678710938,16.398338317871094,10.615633428096771,10.300155639648423,-0.004859666049014776,0.0015373341739177634,0.0015373341739177634,-4.940587208755589,-28.099187768742,0.19013471746065003
