,Unnamed: 0,left_eyebrow_18x,left_eyebrow_18y,left_eyebrow_20x,left_eyebrow_20y,left_eyebrow_22x,left_eyebrow_22y,right_eyebrow_23x,right_eyebrow_23y,right_eyebrow_25x,right_eyebrow_25y,right_eyebrow_27x,right_eyebrow_27y,left_eye38_x,left_eye38_y,right_eye45_x,right_eye45_y,left_lip49_x,left_lip49_y,lip_center_upper52_x,lip_center_upper52_y,right_lip55_x,right_lip55_y,lip_center_lower58_x,lip_center_lower58_y,trans_x,trans_y,trans_z,rot_x,rot_y,rot_z
0,0,8.973968505859375,-1.668212890625,1.3924942016601562,-11.374237060546903,-2.4022903442382812,-7.421554565429659,-2.725360870361328,-3.357513427734375,-4.414192199707017,-3.6749877929687784,-8.169158935546875,-0.0545501708984375,5.778709411621094,-4.671661376953125,-0.8410186767578125,-2.028610229492159,-16.1234130859375,5.596294403076172,-4.212700128555298,11.771831512451172,21.49049377441405,-0.5560073852539062,-7.7314302921295175,-1.1896286010742188,-0.007588766748085618,-0.002693101763725267,-0.002693101763725267,0.9111819041272273,7.425181014009576,1.6222721654687375
