,Unnamed: 0,left_eyebrow_18x,left_eyebrow_18y,left_eyebrow_20x,left_eyebrow_20y,left_eyebrow_22x,left_eyebrow_22y,right_eyebrow_23x,right_eyebrow_23y,right_eyebrow_25x,right_eyebrow_25y,right_eyebrow_27x,right_eyebrow_27y,left_eye38_x,left_eye38_y,right_eye45_x,right_eye45_y,left_lip49_x,left_lip49_y,lip_center_upper52_x,lip_center_upper52_y,right_lip55_x,right_lip55_y,lip_center_lower58_x,lip_center_lower58_y,trans_x,trans_y,trans_z,rot_x,rot_y,rot_z
0,0,5.103805541992159,1.757232666015625,2.5916748046875284,2.8448333740234375,7.4261512756347585,-3.023895263671875,9.279037475585938,-2.454803466796875,1.963272094726591,-8.514053344726534,-11.33380126953125,-13.430938720703097,-0.645790100097642,-1.53564453125,-5.871162414550781,-3.3716888427734375,-26.71603393554686,-9.398185729980476,8.474102973937988,3.787149429321282,3.2429580688476562,14.484672546386726,6.061241328716278,0.15273284912109375,-0.00697025447152555,-0.025831706821918488,-0.025831706821918488,-3.8339857075078005,-21.522718860674658,-1.2493352295531739
