,Unnamed: 0,left_eyebrow_18x,left_eyebrow_18y,left_eyebrow_20x,left_eyebrow_20y,left_eyebrow_22x,left_eyebrow_22y,right_eyebrow_23x,right_eyebrow_23y,right_eyebrow_25x,right_eyebrow_25y,right_eyebrow_27x,right_eyebrow_27y,left_eye38_x,left_eye38_y,right_eye45_x,right_eye45_y,left_lip49_x,left_lip49_y,lip_center_upper52_x,lip_center_upper52_y,right_lip55_x,right_lip55_y,lip_center_lower58_x,lip_center_lower58_y,trans_x,trans_y,trans_z,rot_x,rot_y,rot_z
0,0,-3.175018310546875,8.883529663085938,6.669563293457031,8.712844848632812,23.205881118774414,-2.432586669921875,24.81658935546875,-1.9188232421875,-2.1441116333007812,-3.9036407470703125,-32.96087646484375,-22.698471069335994,-0.739265441894517,0.9674072265625284,-17.566284179687486,-0.324432373046875,-19.43425750732422,-19.78007888793946,41.07743692398071,4.0518341064453125,-22.1650390625,21.48297119140625,24.494039535522457,15.017654418945312,-0.029338292311877012,-0.027849473059177395,-0.027849473059177395,-6.771295117263749,-40.789287021739234,-0.6514697469718274
