,Unnamed: 0,left_eyebrow_18x,left_eyebrow_18y,left_eyebrow_20x,left_eyebrow_20y,left_eyebrow_22x,left_eyebrow_22y,right_eyebrow_23x,right_eyebrow_23y,right_eyebrow_25x,right_eyebrow_25y,right_eyebrow_27x,right_eyebrow_27y,left_eye38_x,left_eye38_y,right_eye45_x,right_eye45_y,left_lip49_x,left_lip49_y,lip_center_upper52_x,lip_center_upper52_y,right_lip55_x,right_lip55_y,lip_center_lower58_x,lip_center_lower58_y,trans_x,trans_y,trans_z,rot_x,rot_y,rot_z
0,0,9.760894775390625,0.7294158935546591,8.405830383300781,-5.9712677001953125,7.775775909423828,-10.488433837890597,17.870506286621094,-6.8736572265625,-0.8795623779296875,-13.634292602539062,-23.293991088867188,-21.193710327148438,1.8158416748047017,5.0435638427734375,-7.8171920776367045,4.075347900390625,-41.964927673339844,-21.866107940673828,11.866405550390482,-3.1728363037109446,6.014801025390639,8.878910064697266,9.078535556793213,13.40676879882811,0.001939467154443264,-0.013952642679214491,-0.013952642679214491,-1.258816833727865,-32.79375144628447,3.5728359746348577
