,Unnamed: 0,left_eyebrow_18x,left_eyebrow_18y,left_eyebrow_20x,left_eyebrow_20y,left_eyebrow_22x,left_eyebrow_22y,right_eyebrow_23x,right_eyebrow_23y,right_eyebrow_25x,right_eyebrow_25y,right_eyebrow_27x,right_eyebrow_27y,left_eye38_x,left_eye38_y,right_eye45_x,right_eye45_y,left_lip49_x,left_lip49_y,lip_center_upper52_x,lip_center_upper52_y,right_lip55_x,right_lip55_y,lip_center_lower58_x,lip_center_lower58_y,trans_x,trans_y,trans_z,rot_x,rot_y,rot_z
0,0,-6.860961914062472,11.741073608398409,13.879478454589844,7.014877319335909,40.845109701156616,-2.8906402587890625,30.608905792236335,6.162109375,-4.588790893554702,-1.21673583984375,-48.02070617675784,-29.5687255859375,4.649833679199219,-8.030395507812472,-18.448944091796875,-3.193954467773409,-10.708198547363281,-17.054897308349602,48.329766273498535,-0.21590805053710582,-21.467864990234375,19.92095184326172,21.000291287899017,16.241462707519517,-0.034062173392158,0.004466984421014786,0.004466984421014786,-5.389294604552619,-45.48407262335978,-3.04310436231958
