,Unnamed: 0,left_eyebrow_18x,left_eyebrow_18y,left_eyebrow_20x,left_eyebrow_20y,left_eyebrow_22x,left_eyebrow_22y,right_eyebrow_23x,right_eyebrow_23y,right_eyebrow_25x,right_eyebrow_25y,right_eyebrow_27x,right_eyebrow_27y,left_eye38_x,left_eye38_y,right_eye45_x,right_eye45_y,left_lip49_x,left_lip49_y,lip_center_upper52_x,lip_center_upper52_y,right_lip55_x,right_lip55_y,lip_center_lower58_x,lip_center_lower58_y,trans_x,trans_y,trans_z,rot_x,rot_y,rot_z
0,0,-2.216796875,6.036849975585909,2.4047546386719034,10.808853149414034,9.436264038085938,1.896438598632841,12.766654968261705,1.0690155029296307,3.0545654296875,0.6183166503906534,-9.331085205078125,-9.418167114257784,-4.178237915039048,-1.4817352294921875,-3.5303878784179688,-2.4999847412109375,-5.819282531738281,-12.23709487915039,16.7407118678093,-4.965501785278317,-11.810340881347656,13.344146728515625,11.615086555480957,6.277702331542969,-0.00645514955976978,-0.01839361339807511,-0.01839361339807511,-1.5759224816662938,-25.16714225486407,2.588664244579754
