,Unnamed: 0,left_eyebrow_18x,left_eyebrow_18y,left_eyebrow_20x,left_eyebrow_20y,left_eyebrow_22x,left_eyebrow_22y,right_eyebrow_23x,right_eyebrow_23y,right_eyebrow_25x,right_eyebrow_25y,right_eyebrow_27x,right_eyebrow_27y,left_eye38_x,left_eye38_y,right_eye45_x,right_eye45_y,left_lip49_x,left_lip49_y,lip_center_upper52_x,lip_center_upper52_y,right_lip55_x,right_lip55_y,lip_center_lower58_x,lip_center_lower58_y,trans_x,trans_y,trans_z,rot_x,rot_y,rot_z
0,0,2.0644836425780966,-1.521697998046875,-2.138069152832017,-6.5322418212890625,-0.8035964965820384,-3.5292205810546875,-1.4909706115722656,-3.4158782958984375,2.3511352539062784,-8.015472412109347,-2.02301025390625,-0.421875,2.0027313232422017,-2.5662841796875,-1.4224624633789205,-3.4608154296875,-7.980072021484361,0.13330841064453836,0.23763680458068848,0.6708354949951136,13.400047302246108,-1.494537353515632,-1.773461937904358,-3.368110656738267,-0.004337845603004098,-0.004510506987571716,-0.004510506987571716,-3.2433012583457472,2.3226850261521417,-1.8539656512054947
