,Unnamed: 0,left_eyebrow_18x,left_eyebrow_18y,left_eyebrow_20x,left_eyebrow_20y,left_eyebrow_22x,left_eyebrow_22y,right_eyebrow_23x,right_eyebrow_23y,right_eyebrow_25x,right_eyebrow_25y,right_eyebrow_27x,right_eyebrow_27y,left_eye38_x,left_eye38_y,right_eye45_x,right_eye45_y,left_lip49_x,left_lip49_y,lip_center_upper52_x,lip_center_upper52_y,right_lip55_x,right_lip55_y,lip_center_lower58_x,lip_center_lower58_y,trans_x,trans_y,trans_z,rot_x,rot_y,rot_z
0,0,-8.232894897460909,14.6392822265625,7.622955322265625,12.867965698242188,34.64278984069824,-1.178512573242216,24.02892303466797,3.827713012695284,2.41015625,2.45489501953125,-28.267303466796875,-19.896804809570284,-1.1050567626953125,-5.0978240966796875,-19.790138244628906,1.249114990234375,-7.863197326660142,-24.261795043945305,50.11743229627609,3.8448638916015696,-28.69097137451172,20.33130645751953,25.030127525329593,12.40423583984375,-0.03946896648267284,-0.009205095469951637,-0.009205095469951637,-2.0488562387814353,-42.93429219713826,0.52180967430531
