,Unnamed: 0,left_eyebrow_18x,left_eyebrow_18y,left_eyebrow_20x,left_eyebrow_20y,left_eyebrow_22x,left_eyebrow_22y,right_eyebrow_23x,right_eyebrow_23y,right_eyebrow_25x,right_eyebrow_25y,right_eyebrow_27x,right_eyebrow_27y,left_eye38_x,left_eye38_y,right_eye45_x,right_eye45_y,left_lip49_x,left_lip49_y,lip_center_upper52_x,lip_center_upper52_y,right_lip55_x,right_lip55_y,lip_center_lower58_x,lip_center_lower58_y,trans_x,trans_y,trans_z,rot_x,rot_y,rot_z
0,0,-10.897598266601562,8.568420410156222,-6.436073303222656,7.538101196289034,10.334224700927734,-0.9365234375,33.62562561035156,-8.958145141601562,3.6709518432617188,-8.581344604492188,-34.24259948730466,-16.64947509765628,2.6937255859375,6.3566131591796875,-10.955978393554673,2.301513671875,-9.570121765136719,-16.91457748413086,48.31023168563843,-9.210273742675781,-18.762756347656236,8.751655578613281,31.573740005493168,18.8974609375,-0.01156986178830266,-0.028614019975066185,-0.028614019975066185,-3.995295888799159,-43.559297813453725,1.4463945164379712
