,Unnamed: 0,left_eyebrow_18x,left_eyebrow_18y,left_eyebrow_20x,left_eyebrow_20y,left_eyebrow_22x,left_eyebrow_22y,right_eyebrow_23x,right_eyebrow_23y,right_eyebrow_25x,right_eyebrow_25y,right_eyebrow_27x,right_eyebrow_27y,left_eye38_x,left_eye38_y,right_eye45_x,right_eye45_y,left_lip49_x,left_lip49_y,lip_center_upper52_x,lip_center_upper52_y,right_lip55_x,right_lip55_y,lip_center_lower58_x,lip_center_lower58_y,trans_x,trans_y,trans_z,rot_x,rot_y,rot_z
0,0,6.349548339843693,4.852935791015653,6.731590270996094,7.830474853515625,18.962804794311523,-2.0899200439453125,12.836009979248047,-1.2738037109374432,-2.2470245361328125,-9.473419189453125,-18.292816162109347,-20.384307861328125,0.2089996337890625,2.0584564208984375,-9.957786560058594,-1.638031005859375,-34.6200408935547,-34.649518966674805,12.607762813568115,1.084087371826179,1.1771697998046733,-9.45140457153321,6.119273543357848,25.085693359375,-0.009889194509014487,-0.01876371353864669,-0.01876371353864669,4.6239841678428615,-22.10813812284872,-0.669801537198123
