,Unnamed: 0,left_eyebrow_18x,left_eyebrow_18y,left_eyebrow_20x,left_eyebrow_20y,left_eyebrow_22x,left_eyebrow_22y,right_eyebrow_23x,right_eyebrow_23y,right_eyebrow_25x,right_eyebrow_25y,right_eyebrow_27x,right_eyebrow_27y,left_eye38_x,left_eye38_y,right_eye45_x,right_eye45_y,left_lip49_x,left_lip49_y,lip_center_upper52_x,lip_center_upper52_y,right_lip55_x,right_lip55_y,lip_center_lower58_x,lip_center_lower58_y,trans_x,trans_y,trans_z,rot_x,rot_y,rot_z
0,0,-0.9435882568359091,5.8260040283203125,6.805290222167983,8.209396362304688,14.662746429443356,6.4898223876953125,3.074493408203132,2.9881286621093466,-6.09466552734375,-2.6185455322265625,-9.055282592773438,-8.230911254882784,-3.033386230468736,-8.734542846679688,-4.214576721191392,-8.975479125976562,-5.449104309082031,-8.422866821289062,9.777528136968611,1.411859512329098,0.53240966796875,14.39487075805664,9.987902164459229,2.0317840576171875,-0.02730525331571699,-0.02482326328754425,-0.02482326328754425,0.12005953286516302,-12.527448778857135,-3.5900290264839154
