,Unnamed: 0,left_eyebrow_18x,left_eyebrow_18y,left_eyebrow_20x,left_eyebrow_20y,left_eyebrow_22x,left_eyebrow_22y,right_eyebrow_23x,right_eyebrow_23y,right_eyebrow_25x,right_eyebrow_25y,right_eyebrow_27x,right_eyebrow_27y,left_eye38_x,left_eye38_y,right_eye45_x,right_eye45_y,left_lip49_x,left_lip49_y,lip_center_upper52_x,lip_center_upper52_y,right_lip55_x,right_lip55_y,lip_center_lower58_x,lip_center_lower58_y,trans_x,trans_y,trans_z,rot_x,rot_y,rot_z
0,0,1.634506225585966,9.755950927734375,-3.3934173583984375,-5.25177001953125,1.8746452331542898,-11.520675659179688,5.264499664306641,-11.95770263671875,5.0676422119140625,-7.916259765625,-3.3209991455078125,6.731811523437472,-4.697074890136719,3.156097412109375,-1.8085250854492188,3.8485565185546875,0.02034759521484375,-8.312591552734375,2.209753692150116,-20.02780723571778,0.837890625,-5.0285797119140625,3.547981768846512,18.81342315673828,0.012897226959466934,0.007417768239974976,0.007417768239974976,-6.570572797509227,-15.99736601584778,-0.23253863204713388
