,Unnamed: 0,left_eyebrow_18x,left_eyebrow_18y,left_eyebrow_20x,left_eyebrow_20y,left_eyebrow_22x,left_eyebrow_22y,right_eyebrow_23x,right_eyebrow_23y,right_eyebrow_25x,right_eyebrow_25y,right_eyebrow_27x,right_eyebrow_27y,left_eye38_x,left_eye38_y,right_eye45_x,right_eye45_y,left_lip49_x,left_lip49_y,lip_center_upper52_x,lip_center_upper52_y,right_lip55_x,right_lip55_y,lip_center_lower58_x,lip_center_lower58_y,trans_x,trans_y,trans_z,rot_x,rot_y,rot_z
0,0,-3.001617431640682,7.7481689453125,-5.416961669921861,-2.8527984619140625,0.24900436401367898,-9.183761596679716,15.736331939697266,-8.871627807617188,0.37914276123046875,-10.158508300781222,-14.429641723632812,-7.4568634033203125,2.7356033325195455,4.909332275390625,-2.6643600463867188,3.0682525634765625,-14.397079467773452,-19.294734954833984,15.566431045532227,-2.057102203369137,3.394294738769517,0.9106636047363281,12.909984827041626,14.533882141113281,-0.009791328222490847,-0.017281576991081224,-0.017281576991081224,-4.334114806163724,-24.77499298566375,-4.524315960534783
