,Unnamed: 0,left_eyebrow_18x,left_eyebrow_18y,left_eyebrow_20x,left_eyebrow_20y,left_eyebrow_22x,left_eyebrow_22y,right_eyebrow_23x,right_eyebrow_23y,right_eyebrow_25x,right_eyebrow_25y,right_eyebrow_27x,right_eyebrow_27y,left_eye38_x,left_eye38_y,right_eye45_x,right_eye45_y,left_lip49_x,left_lip49_y,lip_center_upper52_x,lip_center_upper52_y,right_lip55_x,right_lip55_y,lip_center_lower58_x,lip_center_lower58_y,trans_x,trans_y,trans_z,rot_x,rot_y,rot_z
0,0,-2.0810546875,5.992141723632784,4.078857421875,8.826629638671847,14.398357391357422,-2.186279296875,18.16602325439453,1.34783935546875,-1.9608001708984375,-3.3514862060546875,-17.372177124023438,-16.132171630859375,-3.0483245849609233,5.69915771484375,-9.87044525146483,6.5996551513671875,-17.822265625,-25.651046752929688,19.333085656166077,6.67535400390625,-8.834167480468764,-0.0915527343750071,19.010263681411743,20.818656921386733,0.007470664684660733,-0.021674565970897675,-0.021674565970897675,4.3859283712527075,-34.24452484508795,3.5928106954836725
