,Unnamed: 0,left_eyebrow_18x,left_eyebrow_18y,left_eyebrow_20x,left_eyebrow_20y,left_eyebrow_22x,left_eyebrow_22y,right_eyebrow_23x,right_eyebrow_23y,right_eyebrow_25x,right_eyebrow_25y,right_eyebrow_27x,right_eyebrow_27y,left_eye38_x,left_eye38_y,right_eye45_x,right_eye45_y,left_lip49_x,left_lip49_y,lip_center_upper52_x,lip_center_upper52_y,right_lip55_x,right_lip55_y,lip_center_lower58_x,lip_center_lower58_y,trans_x,trans_y,trans_z,rot_x,rot_y,rot_z
0,0,0.805755615234375,3.5963134765625,4.4641265869140625,2.0036621093749716,5.440849304199219,-5.761840820312528,3.4666481018066406,-0.17544555664059658,-2.8507003784179688,-0.830535888671875,0.4094085693359375,-1.974822998046875,-0.559303283691392,-1.1737823486328125,-6.865890502929673,0.6364288330078125,-7.765693664550781,-13.12607192993164,2.281100809574127,1.34600830078125,2.7297134399414062,-10.24610900878907,4.213065028190613,14.843566894531264,0.009086158010177314,-0.0022893734276294778,-0.0022893734276294778,2.0948722472499246,-6.28509866741352,3.7342399217628586
