,Unnamed: 0,left_eyebrow_18x,left_eyebrow_18y,left_eyebrow_20x,left_eyebrow_20y,left_eyebrow_22x,left_eyebrow_22y,right_eyebrow_23x,right_eyebrow_23y,right_eyebrow_25x,right_eyebrow_25y,right_eyebrow_27x,right_eyebrow_27y,left_eye38_x,left_eye38_y,right_eye45_x,right_eye45_y,left_lip49_x,left_lip49_y,lip_center_upper52_x,lip_center_upper52_y,right_lip55_x,right_lip55_y,lip_center_lower58_x,lip_center_lower58_y,trans_x,trans_y,trans_z,rot_x,rot_y,rot_z
0,0,5.0848846435546875,-1.8070983886719034,4.9000091552734375,5.2533416748046875,2.0745811462402273,-3.199981689453125,7.092811584472656,1.484619140625,-4.436485290527358,1.056182861328125,-5.055267333984375,-8.271820068359375,-1.167579650878892,6.1258697509765625,-3.9975128173827983,8.91357421875,-11.152267456054688,-15.609622955322259,3.333575487136841,2.6578445434570312,2.2750320434570455,-9.534248352050788,4.992997169494629,18.74789428710939,0.012908520642668009,-0.007497943937778473,-0.007497943937778473,1.890060304761258,-10.523994368158096,2.9556394258017553
