,Unnamed: 0,left_eyebrow_18x,left_eyebrow_18y,left_eyebrow_20x,left_eyebrow_20y,left_eyebrow_22x,left_eyebrow_22y,right_eyebrow_23x,right_eyebrow_23y,right_eyebrow_25x,right_eyebrow_25y,right_eyebrow_27x,right_eyebrow_27y,left_eye38_x,left_eye38_y,right_eye45_x,right_eye45_y,left_lip49_x,left_lip49_y,lip_center_upper52_x,lip_center_upper52_y,right_lip55_x,right_lip55_y,lip_center_lower58_x,lip_center_lower58_y,trans_x,trans_y,trans_z,rot_x,rot_y,rot_z
0,0,-11.60906982421875,13.122543334960938,6.925888061523466,8.651123046874972,39.68454313278198,-3.3521881103515625,20.792430877685547,-8.390213012695341,-9.927513122558622,-8.514358520507841,-48.98439025878906,-18.010208129882812,-0.4750213623046875,6.6167144775390625,-11.876167297363281,5.126876831054659,-5.6638259887695455,-8.841495513916016,35.401973843574524,-6.019594192504883,-18.440139770507827,27.57471466064453,10.8208569586277,1.0855941772460795,-0.026395194465294484,-0.0038262978196144173,-0.0038262978196144173,3.229276218781341,-41.83624960230659,-2.3477109503571487
