,Unnamed: 0,left_eyebrow_18x,left_eyebrow_18y,left_eyebrow_20x,left_eyebrow_20y,left_eyebrow_22x,left_eyebrow_22y,right_eyebrow_23x,right_eyebrow_23y,right_eyebrow_25x,right_eyebrow_25y,right_eyebrow_27x,right_eyebrow_27y,left_eye38_x,left_eye38_y,right_eye45_x,right_eye45_y,left_lip49_x,left_lip49_y,lip_center_upper52_x,lip_center_upper52_y,right_lip55_x,right_lip55_y,lip_center_lower58_x,lip_center_lower58_y,trans_x,trans_y,trans_z,rot_x,rot_y,rot_z
0,0,-4.2262115478515625,18.7974853515625,-4.079269409179716,14.258560180664062,26.221659660339355,-12.730438232421875,16.20551300048828,-16.507980346679716,14.9803466796875,-15.516281127929688,-13.731704711914062,-9.871963500976562,1.9170227050781392,6.874023437499972,-21.04566192626953,8.895492553710938,-21.707420349121094,-30.690258026123047,26.651960372924805,2.904796600341804,-21.33574676513672,14.852867126464844,15.959893226623535,-1.6115036010742188,-0.016326329881849233,0.01700996607542038,0.01700996607542038,-4.607788981461924,-35.521809375635776,-1.5976455556086377
