,Unnamed: 0,left_eyebrow_18x,left_eyebrow_18y,left_eyebrow_20x,left_eyebrow_20y,left_eyebrow_22x,left_eyebrow_22y,right_eyebrow_23x,right_eyebrow_23y,right_eyebrow_25x,right_eyebrow_25y,right_eyebrow_27x,right_eyebrow_27y,left_eye38_x,left_eye38_y,right_eye45_x,right_eye45_y,left_lip49_x,left_lip49_y,lip_center_upper52_x,lip_center_upper52_y,right_lip55_x,right_lip55_y,lip_center_lower58_x,lip_center_lower58_y,trans_x,trans_y,trans_z,rot_x,rot_y,rot_z
0,0,-1.30029296875,3.946502685546875,3.5768280029296875,6.929931640625,11.309928894042976,2.222015380859375,14.076400756835938,0.137176513671875,3.371337890625,-3.4736022949218466,-11.101257324218722,-12.589950561523494,-1.6635818481445312,-0.2386932373046875,-4.392036437988281,-2.59521484375,-15.496551513671875,-24.208719253540046,9.589791774749756,-0.30761146545409446,-7.623573303222642,-5.430183410644538,5.938815593719482,28.58455657958983,-0.008803204167634249,-0.025936605175957084,-0.025936605175957084,-1.092476251502228,-20.491521656474056,1.3959799311757903
