,Unnamed: 0,left_eyebrow_18x,left_eyebrow_18y,left_eyebrow_20x,left_eyebrow_20y,left_eyebrow_22x,left_eyebrow_22y,right_eyebrow_23x,right_eyebrow_23y,right_eyebrow_25x,right_eyebrow_25y,right_eyebrow_27x,right_eyebrow_27y,left_eye38_x,left_eye38_y,right_eye45_x,right_eye45_y,left_lip49_x,left_lip49_y,lip_center_upper52_x,lip_center_upper52_y,right_lip55_x,right_lip55_y,lip_center_lower58_x,lip_center_lower58_y,trans_x,trans_y,trans_z,rot_x,rot_y,rot_z
0,0,2.765426635742159,2.61181640625,-5.0490875244140625,-7.4157257080078125,-7.198005676269531,-9.480728149414091,8.126483917236335,-8.045318603515597,1.2671051025390625,-5.613677978515625,-5.0023345947265625,1.12811279296875,2.4968719482422017,2.7732086181640625,-2.80322265625,1.9934844970703125,-6.3544082641601705,-9.340518951416023,1.2305345535278323,-3.849233627319336,10.59176635742186,-5.538944244384773,-1.3497173786163321,13.597686767578125,-0.0008482771227136248,0.002270840108394623,0.002270840108394623,-3.0172103834115696,-2.561696946346521,-5.1752411458484024
