,Unnamed: 0,left_eyebrow_18x,left_eyebrow_18y,left_eyebrow_20x,left_eyebrow_20y,left_eyebrow_22x,left_eyebrow_22y,right_eyebrow_23x,right_eyebrow_23y,right_eyebrow_25x,right_eyebrow_25y,right_eyebrow_27x,right_eyebrow_27y,left_eye38_x,left_eye38_y,right_eye45_x,right_eye45_y,left_lip49_x,left_lip49_y,lip_center_upper52_x,lip_center_upper52_y,right_lip55_x,right_lip55_y,lip_center_lower58_x,lip_center_lower58_y,trans_x,trans_y,trans_z,rot_x,rot_y,rot_z
0,0,8.810104370117188,5.4000701904296875,-0.5406036376953125,-12.076828002929688,-2.8283157348632812,-17.703155517578097,-0.25048828125,-16.363876342773494,6.615234375,-12.997894287109375,-0.24185180664065342,14.601104736328125,0.8942413330078125,5.657226562499972,-4.0504302978515625,3.1416473388671875,-6.271797180175781,7.574043273925774,-0.18810606002807573,-12.381914138793942,17.513534545898438,-2.991382598876953,2.777285099029541,0.583465576171875,0.00011133350562886335,0.010738968849182129,0.010738968849182129,-10.643250971691605,1.3972618976768747,1.2265989955044836
