,Unnamed: 0,left_eyebrow_18x,left_eyebrow_18y,left_eyebrow_20x,left_eyebrow_20y,left_eyebrow_22x,left_eyebrow_22y,right_eyebrow_23x,right_eyebrow_23y,right_eyebrow_25x,right_eyebrow_25y,right_eyebrow_27x,right_eyebrow_27y,left_eye38_x,left_eye38_y,right_eye45_x,right_eye45_y,left_lip49_x,left_lip49_y,lip_center_upper52_x,lip_center_upper52_y,right_lip55_x,right_lip55_y,lip_center_lower58_x,lip_center_lower58_y,trans_x,trans_y,trans_z,rot_x,rot_y,rot_z
0,0,0.5613708496094034,3.707015991210966,5.494110107421847,14.81103515625,13.974956512451172,4.934539794921875,12.831844329833977,-0.3650360107421875,-0.7698669433593466,-0.3505249023437216,-15.684707641601562,-14.959823608398438,-4.166160583496094,1.2784881591796875,-5.575042724609375,3.28338623046875,-10.191749572753892,-14.473419189453125,15.044913291931152,-4.324226379394531,-3.953704833984375,11.462707519531264,11.76786184310913,14.316612243652358,-0.007368484511971474,-0.021691653877496726,-0.021691653877496726,4.1307364156927004,-27.739388099408227,-0.06462288600719024
