,Unnamed: 0,left_eyebrow_18x,left_eyebrow_18y,left_eyebrow_20x,left_eyebrow_20y,left_eyebrow_22x,left_eyebrow_22y,right_eyebrow_23x,right_eyebrow_23y,right_eyebrow_25x,right_eyebrow_25y,right_eyebrow_27x,right_eyebrow_27y,left_eye38_x,left_eye38_y,right_eye45_x,right_eye45_y,left_lip49_x,left_lip49_y,lip_center_upper52_x,lip_center_upper52_y,right_lip55_x,right_lip55_y,lip_center_lower58_x,lip_center_lower58_y,trans_x,trans_y,trans_z,rot_x,rot_y,rot_z
0,0,-5.3160858154296875,9.879470825195284,4.586662292480469,12.849334716796847,20.754600524902344,-4.408706665039034,11.381412506103516,0.674560546875,-7.30816650390625,-2.443466186523409,-16.215362548828125,-15.510330200195284,-3.506385803222642,3.01678466796875,-7.984191894531236,4.5980377197265625,-17.2235870361328,-27.01245880126953,18.226083397865295,5.620124816894531,-6.258277893066406,2.333160400390618,19.359136819839478,16.476867675781264,0.009978133486583829,-0.014289960265159607,-0.014289960265159607,5.692381531698948,-33.250124056307335,3.6816223743905696
