,Unnamed: 0,left_eyebrow_18x,left_eyebrow_18y,left_eyebrow_20x,left_eyebrow_20y,left_eyebrow_22x,left_eyebrow_22y,right_eyebrow_23x,right_eyebrow_23y,right_eyebrow_25x,right_eyebrow_25y,right_eyebrow_27x,right_eyebrow_27y,left_eye38_x,left_eye38_y,right_eye45_x,right_eye45_y,left_lip49_x,left_lip49_y,lip_center_upper52_x,lip_center_upper52_y,right_lip55_x,right_lip55_y,lip_center_lower58_x,lip_center_lower58_y,trans_x,trans_y,trans_z,rot_x,rot_y,rot_z
0,0,10.290679931640597,-0.5434722900390625,7.086891174316392,7.472259521484375,3.6259765625,-4.329467773437472,27.64190673828125,-11.524505615234375,1.6621856689453125,-12.312820434570312,-32.43507385253906,-25.21119689941409,4.0861892700195455,11.92626953125,-7.733451843261719,7.912231445312472,-41.00178527832031,-23.710386276245117,24.445434808731083,-3.726364135742184,-10.533233642578125,2.7076568603515554,17.809829235076904,11.568473815917983,-0.019584532012231648,0.012327429838478567,0.012327429838478567,-2.4711017157205366,-37.36698922016526,1.9280672186560728
