,Unnamed: 0,left_eyebrow_18x,left_eyebrow_18y,left_eyebrow_20x,left_eyebrow_20y,left_eyebrow_22x,left_eyebrow_22y,right_eyebrow_23x,right_eyebrow_23y,right_eyebrow_25x,right_eyebrow_25y,right_eyebrow_27x,right_eyebrow_27y,left_eye38_x,left_eye38_y,right_eye45_x,right_eye45_y,left_lip49_x,left_lip49_y,lip_center_upper52_x,lip_center_upper52_y,right_lip55_x,right_lip55_y,lip_center_lower58_x,lip_center_lower58_y,trans_x,trans_y,trans_z,rot_x,rot_y,rot_z
0,0,1.3879089355468466,9.25115966796875,-2.0564346313476562,-7.6074371337890625,3.374919891357422,-12.982162475585909,12.9569091796875,-14.576339721679716,6.351181030273466,-16.5224609375,-5.872222900390597,-4.596603393554659,-4.981880187988281,8.637908935546903,-8.418418884277344,9.819549560546875,-15.671981811523438,-18.313465118408203,10.227643132209778,-14.333234786987305,-3.564605712890625,0.4749336242675781,5.9285346269607535,13.246459960937514,-0.0058027392951771626,0.02689143270254135,0.02689143270254135,-11.903738729846715,-15.180607168413216,1.9819944304546049
