,Unnamed: 0,left_eyebrow_18x,left_eyebrow_18y,left_eyebrow_20x,left_eyebrow_20y,left_eyebrow_22x,left_eyebrow_22y,right_eyebrow_23x,right_eyebrow_23y,right_eyebrow_25x,right_eyebrow_25y,right_eyebrow_27x,right_eyebrow_27y,left_eye38_x,left_eye38_y,right_eye45_x,right_eye45_y,left_lip49_x,left_lip49_y,lip_center_upper52_x,lip_center_upper52_y,right_lip55_x,right_lip55_y,lip_center_lower58_x,lip_center_lower58_y,trans_x,trans_y,trans_z,rot_x,rot_y,rot_z
0,0,3.8376159667969034,-13.020980834960909,2.2163467407226562,-8.351852416992216,2.4773330688476634,1.9427032470703125,-1.9946670532226491,6.550079345703097,-6.120330810546861,-4.6525115966796875,-5.72906494140625,-16.607330322265653,1.9360275268554688,3.2471923828125,-0.902229309082017,5.185546875,-16.302658081054673,-16.90264892578125,-0.62477707862854,3.060436248779297,13.334785461425781,-13.955684661865234,0.41231656074523904,17.474983215332017,0.0020130280463490635,-0.005509600043296807,-0.005509600043296807,3.5725671063624347,0.41057991787271053,2.1213860618341593
