,Unnamed: 0,left_eyebrow_18x,left_eyebrow_18y,left_eyebrow_20x,left_eyebrow_20y,left_eyebrow_22x,left_eyebrow_22y,right_eyebrow_23x,right_eyebrow_23y,right_eyebrow_25x,right_eyebrow_25y,right_eyebrow_27x,right_eyebrow_27y,left_eye38_x,left_eye38_y,right_eye45_x,right_eye45_y,left_lip49_x,left_lip49_y,lip_center_upper52_x,lip_center_upper52_y,right_lip55_x,right_lip55_y,lip_center_lower58_x,lip_center_lower58_y,trans_x,trans_y,trans_z,rot_x,rot_y,rot_z
0,0,2.968978881835966,-1.062484741210966,5.277076721191392,4.813568115234375,2.1446762084960938,7.2654571533203125,1.462696075439446,1.9482269287109375,-1.2125091552734375,-3.6795043945312216,-1.366165161132841,-2.870391845703125,-0.37593841552734375,-6.6631317138671875,-3.1679840087890625,-5.994140625,-2.843811035156264,3.6259193420410227,2.8195520639419556,-6.764354705810547,-0.9563446044921875,4.449806213378906,3.2261728048324585,10.25701904296875,0.002247815835289657,0.0006908997893333366,0.0006908997893333366,2.282435784533689,-3.6271526770130684,-0.5713075877154692
