,Unnamed: 0,left_eyebrow_18x,left_eyebrow_18y,left_eyebrow_20x,left_eyebrow_20y,left_eyebrow_22x,left_eyebrow_22y,right_eyebrow_23x,right_eyebrow_23y,right_eyebrow_25x,right_eyebrow_25y,right_eyebrow_27x,right_eyebrow_27y,left_eye38_x,left_eye38_y,right_eye45_x,right_eye45_y,left_lip49_x,left_lip49_y,lip_center_upper52_x,lip_center_upper52_y,right_lip55_x,right_lip55_y,lip_center_lower58_x,lip_center_lower58_y,trans_x,trans_y,trans_z,rot_x,rot_y,rot_z
0,0,-2.401382446289091,4.073287963867216,-2.1507720947265625,1.2411041259765625,1.280853271484382,-1.924713134765625,2.1435317993164062,-2.069793701171875,-2.0515747070312216,-4.116394042968722,-5.1322784423828125,-2.010238647460909,-2.5202484130859517,-1.9260406494140625,-0.745582580566392,-1.8446807861328125,2.4539794921875,-8.09482192993164,8.732103824615479,-12.528291702270508,1.3316802978515625,4.4852142333984375,7.509589672088623,6.1106719970703125,0.0069815716706216335,-0.01366829127073288,-0.01366829127073288,-2.586527286652145,-18.761111735779597,-3.0055626345982707
