,Unnamed: 0,left_eyebrow_18x,left_eyebrow_18y,left_eyebrow_20x,left_eyebrow_20y,left_eyebrow_22x,left_eyebrow_22y,right_eyebrow_23x,right_eyebrow_23y,right_eyebrow_25x,right_eyebrow_25y,right_eyebrow_27x,right_eyebrow_27y,left_eye38_x,left_eye38_y,right_eye45_x,right_eye45_y,left_lip49_x,left_lip49_y,lip_center_upper52_x,lip_center_upper52_y,right_lip55_x,right_lip55_y,lip_center_lower58_x,lip_center_lower58_y,trans_x,trans_y,trans_z,rot_x,rot_y,rot_z
0,0,-0.2842864990234091,-4.8018646240234375,1.4421920776367188,-3.7771911621094034,11.354312896728516,1.5125579833984375,4.493984222412109,2.530715942382784,-3.510894775390625,-8.025161743164062,-11.660781860351562,-23.158676147460966,1.6765289306640625,4.7178192138671875,-2.262359619140611,3.9090728759765625,-27.02332305908203,-26.5536060333252,7.202078819274903,3.576385498046875,1.0991973876952983,-7.388729095458984,5.362049698829651,18.443801879882827,-0.010337401879951358,-0.03334095701575278,-0.03334095701575278,-1.1488343888192958,-13.175880050944897,2.6390320277531805
