,Unnamed: 0,left_eyebrow_18x,left_eyebrow_18y,left_eyebrow_20x,left_eyebrow_20y,left_eyebrow_22x,left_eyebrow_22y,right_eyebrow_23x,right_eyebrow_23y,right_eyebrow_25x,right_eyebrow_25y,right_eyebrow_27x,right_eyebrow_27y,left_eye38_x,left_eye38_y,right_eye45_x,right_eye45_y,left_lip49_x,left_lip49_y,lip_center_upper52_x,lip_center_upper52_y,right_lip55_x,right_lip55_y,lip_center_lower58_x,lip_center_lower58_y,trans_x,trans_y,trans_z,rot_x,rot_y,rot_z
0,0,-3.640625,2.92010498046875,0.083251953125,0.642059326171875,22.606904983520508,-0.533966064453125,11.737808227539062,2.2239227294921875,-0.3691101074218608,-10.617385864257812,-16.389236450195284,-29.058258056640653,1.7383804321289062,5.108551025390625,-7.0870895385742045,2.1270599365234375,-33.627052307128935,-30.745069503784176,20.734045505523685,5.1060943603515625,-18.023727416992188,-0.34686279296875,14.521110653877258,16.79879760742186,-0.011948959669098258,-0.022144850343465805,-0.022144850343465805,-5.3341639895354565,-31.95711723922618,2.1621713685362565
