,Unnamed: 0,left_eyebrow_18x,left_eyebrow_18y,left_eyebrow_20x,left_eyebrow_20y,left_eyebrow_22x,left_eyebrow_22y,right_eyebrow_23x,right_eyebrow_23y,right_eyebrow_25x,right_eyebrow_25y,right_eyebrow_27x,right_eyebrow_27y,left_eye38_x,left_eye38_y,right_eye45_x,right_eye45_y,left_lip49_x,left_lip49_y,lip_center_upper52_x,lip_center_upper52_y,right_lip55_x,right_lip55_y,lip_center_lower58_x,lip_center_lower58_y,trans_x,trans_y,trans_z,rot_x,rot_y,rot_z
0,0,-3.2187042236328125,7.373062133789091,3.551490783691392,5.7909088134765625,19.68903350830079,-5.765350341796903,22.25320434570314,-6.3262939453125,0.03886413574221592,-11.634750366210938,-29.034439086914034,-24.280517578124943,-0.6636810302734233,5.151275634765625,-11.95098876953125,6.880218505859375,-21.692298889160156,-26.550010681152344,34.94796323776245,3.592479705810547,-0.6631698608398438,17.299545288085938,20.92074489593506,0.9934539794922017,-0.01803619740530849,0.006743300706148148,0.006743300706148148,0.15811167835933648,-43.98362905222075,-2.036985900911689
