,Unnamed: 0,left_eyebrow_18x,left_eyebrow_18y,left_eyebrow_20x,left_eyebrow_20y,left_eyebrow_22x,left_eyebrow_22y,right_eyebrow_23x,right_eyebrow_23y,right_eyebrow_25x,right_eyebrow_25y,right_eyebrow_27x,right_eyebrow_27y,left_eye38_x,left_eye38_y,right_eye45_x,right_eye45_y,left_lip49_x,left_lip49_y,lip_center_upper52_x,lip_center_upper52_y,right_lip55_x,right_lip55_y,lip_center_lower58_x,lip_center_lower58_y,trans_x,trans_y,trans_z,rot_x,rot_y,rot_z
0,0,4.502777099609375,0.050811767578125,0.9828262329101562,-3.811126708984375,-0.9798622131347727,-7.5272979736328125,2.8522567749023438,-7.990585327148466,-0.7713088989257955,-7.702072143554716,-4.8964691162109375,-0.127960205078125,-1.1338577270508097,1.920455932617216,-2.9489059448242188,0.6008911132812784,-7.159843444824219,-8.748092651367188,2.1819955706596375,-5.9376068115234375,7.002708435058594,-5.862339019775391,1.168142855167389,12.416198730468764,0.006982303806580603,0.0468560867011547,0.0468560867011547,-3.457187281596446,-3.4593473375306445,1.1351100298060468
