,Unnamed: 0,left_eyebrow_18x,left_eyebrow_18y,left_eyebrow_20x,left_eyebrow_20y,left_eyebrow_22x,left_eyebrow_22y,right_eyebrow_23x,right_eyebrow_23y,right_eyebrow_25x,right_eyebrow_25y,right_eyebrow_27x,right_eyebrow_27y,left_eye38_x,left_eye38_y,right_eye45_x,right_eye45_y,left_lip49_x,left_lip49_y,lip_center_upper52_x,lip_center_upper52_y,right_lip55_x,right_lip55_y,lip_center_lower58_x,lip_center_lower58_y,trans_x,trans_y,trans_z,rot_x,rot_y,rot_z
0,0,-10.327362060546875,4.627716064453125,4.901817321777358,-3.374420166015625,26.954017639160156,-5.613128662109375,39.43731689453125,0.2580871582031534,-6.475860595703125,-6.24932861328125,-58.45686340332031,-29.500564575195312,7.558647155761719,8.5260009765625,-16.44855499267578,14.526336669921875,-10.790908813476548,-12.825691223144531,49.571855816990144,-4.138233184814446,-40.793033599853516,11.659290313720703,28.553292810916897,18.96672821044922,-0.035917347646318376,-0.01388087123632431,-0.01388087123632431,-4.856964730132777,-44.834841860993635,2.8461362892651882
