,Unnamed: 0,left_eyebrow_18x,left_eyebrow_18y,left_eyebrow_20x,left_eyebrow_20y,left_eyebrow_22x,left_eyebrow_22y,right_eyebrow_23x,right_eyebrow_23y,right_eyebrow_25x,right_eyebrow_25y,right_eyebrow_27x,right_eyebrow_27y,left_eye38_x,left_eye38_y,right_eye45_x,right_eye45_y,left_lip49_x,left_lip49_y,lip_center_upper52_x,lip_center_upper52_y,right_lip55_x,right_lip55_y,lip_center_lower58_x,lip_center_lower58_y,trans_x,trans_y,trans_z,rot_x,rot_y,rot_z
0,0,-0.62347412109375,-9.077362060546875,-1.6622238159179688,-3.5908660888671875,-4.8755645751953125,7.9049835205078125,1.132598876953125,11.69580078125,-4.982719421386719,1.4993591308593466,-2.888595581054716,-13.161087036132812,-1.3095092773437358,5.5794219970703125,1.376129150390625,6.280426025390625,-1.2103576660156392,-1.6692276000976562,4.0881383754313,-11.260824203491211,0.6013412475585938,0.43154144287109375,1.773163378238678,17.794647216796875,0.004911497817374767,-0.007163751870393753,-0.007163751870393753,0.7596802730621697,-1.9152123976497815,3.434063106102414
