,Unnamed: 0,left_eyebrow_18x,left_eyebrow_18y,left_eyebrow_20x,left_eyebrow_20y,left_eyebrow_22x,left_eyebrow_22y,right_eyebrow_23x,right_eyebrow_23y,right_eyebrow_25x,right_eyebrow_25y,right_eyebrow_27x,right_eyebrow_27y,left_eye38_x,left_eye38_y,right_eye45_x,right_eye45_y,left_lip49_x,left_lip49_y,lip_center_upper52_x,lip_center_upper52_y,right_lip55_x,right_lip55_y,lip_center_lower58_x,lip_center_lower58_y,trans_x,trans_y,trans_z,rot_x,rot_y,rot_z
0,0,-12.503082275390597,13.58514404296875,-0.908447265625,5.616668701171875,23.18803596496582,-4.748809814453097,16.222713470458984,-3.0272979736328125,2.6303863525390625,-4.707061767578125,-19.449295043945312,-16.381576538085994,-3.102996826171875,2.4368896484375,-14.684349060058594,2.8674316406250284,4.716758728027344,-18.75194168090821,40.23557037115097,0.462390899658196,-15.237823486328125,21.189441680908203,22.14678090810776,8.792259216308594,-0.015626539709046483,0.0031074937433004483,0.0031074937433004483,-1.1305879992521337,-43.59887578784807,-3.346165794533043
