,Unnamed: 0,left_eyebrow_18x,left_eyebrow_18y,left_eyebrow_20x,left_eyebrow_20y,left_eyebrow_22x,left_eyebrow_22y,right_eyebrow_23x,right_eyebrow_23y,right_eyebrow_25x,right_eyebrow_25y,right_eyebrow_27x,right_eyebrow_27y,left_eye38_x,left_eye38_y,right_eye45_x,right_eye45_y,left_lip49_x,left_lip49_y,lip_center_upper52_x,lip_center_upper52_y,right_lip55_x,right_lip55_y,lip_center_lower58_x,lip_center_lower58_y,trans_x,trans_y,trans_z,rot_x,rot_y,rot_z
0,0,3.621673583984375,5.7321014404296875,10.145469665527344,-4.9210052490234375,24.778372764587402,-12.701446533203125,34.85527038574219,-10.677337646484375,13.602386474609375,-21.18170166015628,-29.212875366210938,-27.797637939453125,-0.0887603759765625,9.173355102539062,-20.752777099609375,11.68560791015625,-33.585472106933594,-28.93295860290528,30.651161096990105,-2.9828910827636648,-16.37592315673828,4.8881683349609375,19.48440647125244,13.422088623046875,-0.015273806173354387,0.015228081494569778,0.015228081494569778,-5.471319526668528,-42.27960686837268,-2.4762440678364728
