,Unnamed: 0,left_eyebrow_18x,left_eyebrow_18y,left_eyebrow_20x,left_eyebrow_20y,left_eyebrow_22x,left_eyebrow_22y,right_eyebrow_23x,right_eyebrow_23y,right_eyebrow_25x,right_eyebrow_25y,right_eyebrow_27x,right_eyebrow_27y,left_eye38_x,left_eye38_y,right_eye45_x,right_eye45_y,left_lip49_x,left_lip49_y,lip_center_upper52_x,lip_center_upper52_y,right_lip55_x,right_lip55_y,lip_center_lower58_x,lip_center_lower58_y,trans_x,trans_y,trans_z,rot_x,rot_y,rot_z
0,0,-0.0380096435546875,8.805511474609375,7.565155029296861,1.2275848388671875,27.851914405822754,-12.304519653320312,27.315486907958984,-3.7311706542969034,1.0162200927734375,-8.622299194335938,-38.21119689941406,-20.30029296875,-2.61968994140625,3.7487030029296875,-19.800430297851562,6.276885986328125,-10.868423461914062,-14.776901245117188,33.18687415122986,-1.0404281616210938,-19.07080841064453,17.12006378173828,25.127030402421955,13.702293395996094,-0.04370813118293881,-0.0029305480420589447,-0.0029305480420589447,-7.116312957227272,-42.83859923993386,-2.0434668645661413
