,Unnamed: 0,left_eyebrow_18x,left_eyebrow_18y,left_eyebrow_20x,left_eyebrow_20y,left_eyebrow_22x,left_eyebrow_22y,right_eyebrow_23x,right_eyebrow_23y,right_eyebrow_25x,right_eyebrow_25y,right_eyebrow_27x,right_eyebrow_27y,left_eye38_x,left_eye38_y,right_eye45_x,right_eye45_y,left_lip49_x,left_lip49_y,lip_center_upper52_x,lip_center_upper52_y,right_lip55_x,right_lip55_y,lip_center_lower58_x,lip_center_lower58_y,trans_x,trans_y,trans_z,rot_x,rot_y,rot_z
0,0,6.419738769531222,-2.7905731201171875,-1.8796539306640625,-2.2105712890625,-8.06908035278321,-5.641448974609403,12.034149169921868,-6.345916748046847,3.9941558837890625,-3.5432281494140625,-5.480224609375,-2.955398559570284,0.83148193359375,6.9876861572265625,0.30359649658203125,8.080215454101591,-4.217979431152344,-7.267242431640632,-3.42931678891182,-10.789344787597663,6.038063049316406,-9.165443420410156,-3.910756230354309,13.569496154785156,-0.0024190532858483493,-0.001574832946062088,-0.001574832946062088,-3.888587895315572,0.40256668314642785,0.07903975011393316
