,Unnamed: 0,left_eyebrow_18x,left_eyebrow_18y,left_eyebrow_20x,left_eyebrow_20y,left_eyebrow_22x,left_eyebrow_22y,right_eyebrow_23x,right_eyebrow_23y,right_eyebrow_25x,right_eyebrow_25y,right_eyebrow_27x,right_eyebrow_27y,left_eye38_x,left_eye38_y,right_eye45_x,right_eye45_y,left_lip49_x,left_lip49_y,lip_center_upper52_x,lip_center_upper52_y,right_lip55_x,right_lip55_y,lip_center_lower58_x,lip_center_lower58_y,trans_x,trans_y,trans_z,rot_x,rot_y,rot_z
0,0,11.422546386718722,1.199172973632784,-4.60595703125,-12.803497314453125,-12.224861145019531,-15.877517700195312,5.2133941650390625,-13.527725219726591,4.4532623291015625,-10.256912231445312,-8.182052612304688,3.470703125,0.822418212890625,2.927825927734375,-0.7239837646484375,0.926910400390625,-13.446189880371108,2.7273597717285085,3.0013716220855713,5.422065734863281,12.88140869140625,-2.2513999938964915,4.269474148750305,-4.248565673828139,0.0004230185877531767,0.009850811213254929,0.009850811213254929,-7.730546622452,-1.1275580389701236,-0.5396101214263498
