,Unnamed: 0,left_eyebrow_18x,left_eyebrow_18y,left_eyebrow_20x,left_eyebrow_20y,left_eyebrow_22x,left_eyebrow_22y,right_eyebrow_23x,right_eyebrow_23y,right_eyebrow_25x,right_eyebrow_25y,right_eyebrow_27x,right_eyebrow_27y,left_eye38_x,left_eye38_y,right_eye45_x,right_eye45_y,left_lip49_x,left_lip49_y,lip_center_upper52_x,lip_center_upper52_y,right_lip55_x,right_lip55_y,lip_center_lower58_x,lip_center_lower58_y,trans_x,trans_y,trans_z,rot_x,rot_y,rot_z
0,0,-9.677169799804688,5.823120117187528,4.423210144042983,2.4229583740234375,31.58325481414795,-4.0760955810546875,34.5719337463379,1.3861694335937784,-3.9217071533203125,-5.521942138671875,-44.63468933105466,-31.51605224609372,9.347312927246094,7.007980346679659,-14.287620544433594,5.8598480224609375,-21.526588439941392,-17.06871795654297,35.28490900993348,-3.1193466186523438,-37.42737579345704,-0.007564544677734375,19.94579468294978,24.250770568847685,-0.027383389649912715,-0.0060252174735069275,-0.0060252174735069275,0.7918387553261534,-45.52859352787453,-4.156834941782134
