,Unnamed: 0,left_eyebrow_18x,left_eyebrow_18y,left_eyebrow_20x,left_eyebrow_20y,left_eyebrow_22x,left_eyebrow_22y,right_eyebrow_23x,right_eyebrow_23y,right_eyebrow_25x,right_eyebrow_25y,right_eyebrow_27x,right_eyebrow_27y,left_eye38_x,left_eye38_y,right_eye45_x,right_eye45_y,left_lip49_x,left_lip49_y,lip_center_upper52_x,lip_center_upper52_y,right_lip55_x,right_lip55_y,lip_center_lower58_x,lip_center_lower58_y,trans_x,trans_y,trans_z,rot_x,rot_y,rot_z
0,0,8.057846069335938,7.574111938476591,-0.5858078002929688,-12.02471923828125,2.718555450439446,-17.19892883300784,20.85758590698243,-15.423553466796847,11.154891967773438,-21.427932739257812,-14.208587646484375,-9.681716918945312,0.8896942138671875,4.043579101562528,-8.443756103515625,4.45623779296875,-27.25039672851564,-14.001415252685554,13.787209413945677,-9.498748779296868,4.175933837890611,6.8922119140625,9.073598861694336,8.461830139160156,0.007188398856669664,0.007498711347579956,0.007498711347579956,-7.608420950666825,-26.54501681189437,1.2982250425038673
