,Unnamed: 0,left_eyebrow_18x,left_eyebrow_18y,left_eyebrow_20x,left_eyebrow_20y,left_eyebrow_22x,left_eyebrow_22y,right_eyebrow_23x,right_eyebrow_23y,right_eyebrow_25x,right_eyebrow_25y,right_eyebrow_27x,right_eyebrow_27y,left_eye38_x,left_eye38_y,right_eye45_x,right_eye45_y,left_lip49_x,left_lip49_y,lip_center_upper52_x,lip_center_upper52_y,right_lip55_x,right_lip55_y,lip_center_lower58_x,lip_center_lower58_y,trans_x,trans_y,trans_z,rot_x,rot_y,rot_z
0,0,0.50390625,-0.9506378173828125,2.998908996582017,6.093719482421847,2.122821807861328,4.30841064453125,14.879337310791016,5.870758056640625,-2.877731323242216,-3.7910003662109375,-13.786392211914034,-15.636428833007784,-7.063323974609375,1.549819946289091,-8.760139465332031,-0.344482421875,-1.4499359130859375,-11.374664306640625,22.465894520282745,-0.5304813385009766,-3.8341217041015483,10.97372817993162,17.084487199783325,16.566345214843736,0.02033185213804245,-0.008092433214187622,-0.008092433214187622,6.064359420986544,-39.81718533620873,-1.060383666355737
