,Unnamed: 0,left_eyebrow_18x,left_eyebrow_18y,left_eyebrow_20x,left_eyebrow_20y,left_eyebrow_22x,left_eyebrow_22y,right_eyebrow_23x,right_eyebrow_23y,right_eyebrow_25x,right_eyebrow_25y,right_eyebrow_27x,right_eyebrow_27y,left_eye38_x,left_eye38_y,right_eye45_x,right_eye45_y,left_lip49_x,left_lip49_y,lip_center_upper52_x,lip_center_upper52_y,right_lip55_x,right_lip55_y,lip_center_lower58_x,lip_center_lower58_y,trans_x,trans_y,trans_z,rot_x,rot_y,rot_z
0,0,6.1071319580078125,0.00616455078125,-1.476364135742159,-7.065093994140653,-7.18841552734375,-7.274444580078125,5.000972747802734,-6.33843994140625,3.21435546875,-5.0269012451171875,-3.094192504882784,3.2170867919921875,-0.21063232421875,2.551895141601591,-3.4484939575195312,1.2991790771484375,-2.5081787109375,3.2786941528320312,-0.813254177570343,-7.604637145996094,8.312393188476562,1.862945556640632,3.3247819244861603,7.478981018066406,0.0022853142581880093,-0.008040621876716614,-0.008040621876716614,-5.391750495525547,-2.729120055693924,-0.05334425131160492
