,Unnamed: 0,left_eyebrow_18x,left_eyebrow_18y,left_eyebrow_20x,left_eyebrow_20y,left_eyebrow_22x,left_eyebrow_22y,right_eyebrow_23x,right_eyebrow_23y,right_eyebrow_25x,right_eyebrow_25y,right_eyebrow_27x,right_eyebrow_27y,left_eye38_x,left_eye38_y,right_eye45_x,right_eye45_y,left_lip49_x,left_lip49_y,lip_center_upper52_x,lip_center_upper52_y,right_lip55_x,right_lip55_y,lip_center_lower58_x,lip_center_lower58_y,trans_x,trans_y,trans_z,rot_x,rot_y,rot_z
0,0,-5.955108642578153,6.2674713134765625,-0.5683898925780966,6.630767822265597,9.600095748901367,1.3137817382812784,11.565731048583977,2.30462646484375,-1.8235626220702983,-2.1547698974609375,-9.847427368164062,-11.682418823242216,-5.255973815917983,-2.0510101318359375,-5.596771240234389,-2.5944824218750284,3.386932373046889,-12.842262268066413,24.922911405563354,-2.3380680084228516,-7.6566009521484375,10.056041717529297,14.959233045578003,11.706237792968764,0.011157651781104507,-0.0009042434394359658,-0.0009042434394359658,-0.8854691554338896,-30.37850306686626,0.6634798295823321
