,Unnamed: 0,left_eyebrow_18x,left_eyebrow_18y,left_eyebrow_20x,left_eyebrow_20y,left_eyebrow_22x,left_eyebrow_22y,right_eyebrow_23x,right_eyebrow_23y,right_eyebrow_25x,right_eyebrow_25y,right_eyebrow_27x,right_eyebrow_27y,left_eye38_x,left_eye38_y,right_eye45_x,right_eye45_y,left_lip49_x,left_lip49_y,lip_center_upper52_x,lip_center_upper52_y,right_lip55_x,right_lip55_y,lip_center_lower58_x,lip_center_lower58_y,trans_x,trans_y,trans_z,rot_x,rot_y,rot_z
0,0,1.2228240966796875,-1.308074951171875,3.7597122192382812,0.9206695556640625,3.414794921875007,1.01544189453125,-16.333179473876946,3.1424865722656534,-6.8067474365234375,7.8935546875,-0.17303466796875,1.8327941894530966,3.8957366943359233,-1.5449371337890625,4.3350601196289205,-1.4307098388671875,2.5459747314453267,-2.762763977050774,0.9950263351202011,-7.393831253051758,-0.7779998779296875,-8.729122161865234,0.8965673148632048,24.743515014648438,-0.0025271756894653663,-0.00236617773771286,-0.00236617773771286,2.6977268701469135,4.886240722657429,0.05910862592740518
