,Unnamed: 0,left_eyebrow_18x,left_eyebrow_18y,left_eyebrow_20x,left_eyebrow_20y,left_eyebrow_22x,left_eyebrow_22y,right_eyebrow_23x,right_eyebrow_23y,right_eyebrow_25x,right_eyebrow_25y,right_eyebrow_27x,right_eyebrow_27y,left_eye38_x,left_eye38_y,right_eye45_x,right_eye45_y,left_lip49_x,left_lip49_y,lip_center_upper52_x,lip_center_upper52_y,right_lip55_x,right_lip55_y,lip_center_lower58_x,lip_center_lower58_y,trans_x,trans_y,trans_z,rot_x,rot_y,rot_z
0,0,4.3459014892578125,-5.116455078125028,1.7390289306640625,2.221298217773409,-5.880374908447266,4.056411743164091,7.759059906005859,7.4014739990234375,-1.5537490844726705,0.4167938232421875,-3.4212036132812216,-5.878723144531222,-3.3843307495117188,0.94140625,-2.3865509033203125,0.357391357421875,1.9873123168945312,0.5059738159179688,3.74720698595047,-6.396480560302734,-0.5931854248046875,2.3681983947753906,0.9494052529335022,12.610801696777344,0.016631229780614376,-0.007403861731290817,-0.007403861731290817,5.206094431417114,-18.44244575627351,-0.5195255930982405
