,Unnamed: 0,left_eyebrow_18x,left_eyebrow_18y,left_eyebrow_20x,left_eyebrow_20y,left_eyebrow_22x,left_eyebrow_22y,right_eyebrow_23x,right_eyebrow_23y,right_eyebrow_25x,right_eyebrow_25y,right_eyebrow_27x,right_eyebrow_27y,left_eye38_x,left_eye38_y,right_eye45_x,right_eye45_y,left_lip49_x,left_lip49_y,lip_center_upper52_x,lip_center_upper52_y,right_lip55_x,right_lip55_y,lip_center_lower58_x,lip_center_lower58_y,trans_x,trans_y,trans_z,rot_x,rot_y,rot_z
0,0,7.241485595703097,5.288330078124972,0.0090789794921875,-9.278961181640625,-0.8219223022461009,-13.05029296875,19.13404464721679,-13.003631591796875,2.8850555419921875,-13.578216552734403,-24.20025634765622,-15.197494506835909,1.0318222045898438,4.312835693359375,-3.6561965942382812,4.60064697265625,-25.25375366210939,-12.290382385253913,17.651275873184204,7.3905906677246165,3.1278533935546875,7.630310058593736,13.937956929206848,0.9468002319335795,-0.00983506697230041,0.007456216961145401,0.007456216961145401,-8.650590108621808,-25.44937549405255,-1.9769683578292037
