,Unnamed: 0,left_eyebrow_18x,left_eyebrow_18y,left_eyebrow_20x,left_eyebrow_20y,left_eyebrow_22x,left_eyebrow_22y,right_eyebrow_23x,right_eyebrow_23y,right_eyebrow_25x,right_eyebrow_25y,right_eyebrow_27x,right_eyebrow_27y,left_eye38_x,left_eye38_y,right_eye45_x,right_eye45_y,left_lip49_x,left_lip49_y,lip_center_upper52_x,lip_center_upper52_y,right_lip55_x,right_lip55_y,lip_center_lower58_x,lip_center_lower58_y,trans_x,trans_y,trans_z,rot_x,rot_y,rot_z
0,0,-4.239990234375,8.410003662109403,7.661048889160156,11.5084228515625,26.072360992431648,-2.895919799804716,12.758922576904304,3.934417724609375,-5.6130523681640625,2.902938842773409,-28.471176147460938,-19.06457519531253,-3.0799407958984517,1.9820709228515625,-14.571731567382798,0.9725494384765625,-0.5939254760741903,-22.345600128173828,47.17959797382355,0.875,-11.804428100585938,13.583057403564453,26.541498512029644,29.29692840576172,-0.03195620419865009,-0.003807932138442993,-0.003807932138442993,1.017293248936254,-40.55999618519733,-2.575550044864005
