,Unnamed: 0,left_eyebrow_18x,left_eyebrow_18y,left_eyebrow_20x,left_eyebrow_20y,left_eyebrow_22x,left_eyebrow_22y,right_eyebrow_23x,right_eyebrow_23y,right_eyebrow_25x,right_eyebrow_25y,right_eyebrow_27x,right_eyebrow_27y,left_eye38_x,left_eye38_y,right_eye45_x,right_eye45_y,left_lip49_x,left_lip49_y,lip_center_upper52_x,lip_center_upper52_y,right_lip55_x,right_lip55_y,lip_center_lower58_x,lip_center_lower58_y,trans_x,trans_y,trans_z,rot_x,rot_y,rot_z
0,0,1.7213897705078125,3.4746704101562784,-3.2261581420898295,4.701095581054659,-0.2432861328125071,-0.9389038085937784,26.221508026123054,-1.8634033203124716,7.3020172119140625,-4.3745269775390625,-18.89447021484372,-16.373855590820284,-0.7911453247070312,4.527542114257784,-4.879371643066406,1.3719940185546875,-19.08119201660155,-18.403289794921882,13.734970808029177,-6.4232025146484375,-5.7130279541015625,2.6281776428222656,13.232693295925857,19.14560699462892,-0.0047316469717770815,-0.010796740651130676,-0.010796740651130676,-0.33554102432425914,-29.40864644856005,-0.7140673948917966
