,Unnamed: 0,left_eyebrow_18x,left_eyebrow_18y,left_eyebrow_20x,left_eyebrow_20y,left_eyebrow_22x,left_eyebrow_22y,right_eyebrow_23x,right_eyebrow_23y,right_eyebrow_25x,right_eyebrow_25y,right_eyebrow_27x,right_eyebrow_27y,left_eye38_x,left_eye38_y,right_eye45_x,right_eye45_y,left_lip49_x,left_lip49_y,lip_center_upper52_x,lip_center_upper52_y,right_lip55_x,right_lip55_y,lip_center_lower58_x,lip_center_lower58_y,trans_x,trans_y,trans_z,rot_x,rot_y,rot_z
0,0,1.2538909912109375,-1.279983520507841,4.929832458496094,6.960556030273409,7.186729431152351,5.650848388671875,16.323551177978516,4.947052001953125,0.1234130859375,-6.5583648681640625,-15.004989624023438,-18.103103637695312,-7.4487152099609375,3.0508880615234375,-8.853012084960938,0.8256378173828125,-4.815399169921875,-12.882949829101562,26.22105008363724,-1.1777153015136719,-6.482597351074219,11.88990402221679,18.252588510513306,18.501625061035156,0.021342292428016663,-0.04398142173886299,-0.04398142173886299,3.738087739478151,-40.78740740338406,-1.122728511834909
