,Unnamed: 0,left_eyebrow_18x,left_eyebrow_18y,left_eyebrow_20x,left_eyebrow_20y,left_eyebrow_22x,left_eyebrow_22y,right_eyebrow_23x,right_eyebrow_23y,right_eyebrow_25x,right_eyebrow_25y,right_eyebrow_27x,right_eyebrow_27y,left_eye38_x,left_eye38_y,right_eye45_x,right_eye45_y,left_lip49_x,left_lip49_y,lip_center_upper52_x,lip_center_upper52_y,right_lip55_x,right_lip55_y,lip_center_lower58_x,lip_center_lower58_y,trans_x,trans_y,trans_z,rot_x,rot_y,rot_z
0,0,-2.4110412597656534,4.362075805664034,5.930763244628906,7.5099029541015625,22.67545223236084,-5.564422607421875,38.18230056762695,-2.8825531005859375,6.055732727050767,-5.974365234375,-43.17080688476565,-25.68481445312497,-4.199417114257827,8.7181396484375,-15.827957153320312,4.30633544921875,-3.0664825439453125,-14.982398986816406,46.92424237728119,15.126171112060543,-10.965316772460938,13.842132568359375,31.414249718189243,11.732589721679702,-0.02733826451003551,-0.002521030604839325,-0.002521030604839325,-0.16987809935795695,-45.2562069077935,-5.712242308720008
