,Unnamed: 0,left_eyebrow_18x,left_eyebrow_18y,left_eyebrow_20x,left_eyebrow_20y,left_eyebrow_22x,left_eyebrow_22y,right_eyebrow_23x,right_eyebrow_23y,right_eyebrow_25x,right_eyebrow_25y,right_eyebrow_27x,right_eyebrow_27y,left_eye38_x,left_eye38_y,right_eye45_x,right_eye45_y,left_lip49_x,left_lip49_y,lip_center_upper52_x,lip_center_upper52_y,right_lip55_x,right_lip55_y,lip_center_lower58_x,lip_center_lower58_y,trans_x,trans_y,trans_z,rot_x,rot_y,rot_z
0,0,-2.2041931152343466,3.667236328125,1.91229248046875,-1.328994750976534,5.809974670410156,-2.9576416015625,-3.4917526245117188,-4.1854248046875,-1.1926803588867188,-0.177520751953125,-0.4846496582031534,3.7354736328124716,-2.2702102661132812,0.8463745117187784,0.39965057373045454,0.3328857421875284,3.3993606567382812,-1.87506103515625,-1.200071632862091,-10.563882827758786,-0.9263076782226705,1.5598182678222656,-0.994776576757431,-0.95623779296875,-0.0017212501261383282,0.002881204709410671,0.002881204709410671,-2.603861765764512,1.323394670231555,0.6332007731095841
