,Unnamed: 0,left_eyebrow_18x,left_eyebrow_18y,left_eyebrow_20x,left_eyebrow_20y,left_eyebrow_22x,left_eyebrow_22y,right_eyebrow_23x,right_eyebrow_23y,right_eyebrow_25x,right_eyebrow_25y,right_eyebrow_27x,right_eyebrow_27y,left_eye38_x,left_eye38_y,right_eye45_x,right_eye45_y,left_lip49_x,left_lip49_y,lip_center_upper52_x,lip_center_upper52_y,right_lip55_x,right_lip55_y,lip_center_lower58_x,lip_center_lower58_y,trans_x,trans_y,trans_z,rot_x,rot_y,rot_z
0,0,-2.167724609375,8.773178100585909,3.3989410400390625,5.200439453125028,11.14603042602539,-6.126312255859403,-1.9044723510742259,-7.679656982421875,-3.330657958984375,-7.070526123046875,-8.827423095703153,-1.3407135009765625,-0.05872344970703125,1.9583282470703125,-0.9918289184570312,1.376617431640625,-10.574348449707017,-3.7642364501953125,10.394059211015701,-13.157433509826658,4.440826416015639,14.21335220336912,8.364399313926697,6.593666076660156,-0.001994214777369052,0.0011116378009319305,0.0011116378009319305,-5.126957047297503,-18.283374434995974,2.1578979248793164
