,Unnamed: 0,left_eyebrow_18x,left_eyebrow_18y,left_eyebrow_20x,left_eyebrow_20y,left_eyebrow_22x,left_eyebrow_22y,right_eyebrow_23x,right_eyebrow_23y,right_eyebrow_25x,right_eyebrow_25y,right_eyebrow_27x,right_eyebrow_27y,left_eye38_x,left_eye38_y,right_eye45_x,right_eye45_y,left_lip49_x,left_lip49_y,lip_center_upper52_x,lip_center_upper52_y,right_lip55_x,right_lip55_y,lip_center_lower58_x,lip_center_lower58_y,trans_x,trans_y,trans_z,rot_x,rot_y,rot_z
0,0,5.640884399414034,0.6132659912109091,2.186874389648409,-0.4725494384765625,-0.80352783203125,-2.6504821777344034,2.782878875732422,-2.4272155761718466,0.284637451171875,0.8614959716797159,-4.985260009765653,0.06498718261721592,3.587493896484375,-1.481048583984375,-1.5052642822265625,-2.1573486328125,-10.263542175292969,5.290676116943359,-2.053577810525894,-4.4631557464599645,6.155128479003906,5.536811828613281,-1.748570740222931,4.730682373046875,-0.0019029238901566714,0.009517431259155266,0.009517431259155266,0.39458139925932967,1.196701738516131,-1.0805972072856012
