,Unnamed: 0,left_eyebrow_18x,left_eyebrow_18y,left_eyebrow_20x,left_eyebrow_20y,left_eyebrow_22x,left_eyebrow_22y,right_eyebrow_23x,right_eyebrow_23y,right_eyebrow_25x,right_eyebrow_25y,right_eyebrow_27x,right_eyebrow_27y,left_eye38_x,left_eye38_y,right_eye45_x,right_eye45_y,left_lip49_x,left_lip49_y,lip_center_upper52_x,lip_center_upper52_y,right_lip55_x,right_lip55_y,lip_center_lower58_x,lip_center_lower58_y,trans_x,trans_y,trans_z,rot_x,rot_y,rot_z
0,0,-12.583862304687472,5.7554779052734375,13.950729370117188,13.025360107421875,42.75036907196045,4.754180908203125,25.492088317871094,1.6433868408203125,-4.847991943359375,2.0207977294921875,-41.20329284667969,-25.81343078613284,3.0979690551757812,3.9523773193359375,-18.857559204101562,6.4569091796875,-0.7618865966797017,-15.534809112548821,39.97942173480988,10.8309555053711,-45.827186584472635,17.703426361083984,25.175302147865295,14.21734619140625,-0.01477931346744299,-0.03792232275009155,-0.03792232275009155,-1.160824769047323,-43.32731386624019,-1.4911066841972689
