,Unnamed: 0,left_eyebrow_18x,left_eyebrow_18y,left_eyebrow_20x,left_eyebrow_20y,left_eyebrow_22x,left_eyebrow_22y,right_eyebrow_23x,right_eyebrow_23y,right_eyebrow_25x,right_eyebrow_25y,right_eyebrow_27x,right_eyebrow_27y,left_eye38_x,left_eye38_y,right_eye45_x,right_eye45_y,left_lip49_x,left_lip49_y,lip_center_upper52_x,lip_center_upper52_y,right_lip55_x,right_lip55_y,lip_center_lower58_x,lip_center_lower58_y,trans_x,trans_y,trans_z,rot_x,rot_y,rot_z
0,0,3.7376556396484375,3.3095245361328125,0.6875534057617188,6.171966552734347,2.4055442810058594,0.062164306640625,1.3539886474609446,1.927398681640625,-0.9140396118164062,4.54840087890625,-4.3536834716796875,2.1425170898437216,1.4331512451171875,-5.490509033203097,0.05204010009768467,-6.126724243164034,-5.010154724121108,1.519012451171882,1.7049688026309013,-3.2636909484863246,6.816253662109403,1.7757377624511648,0.4087467193603511,9.983711242675781,-0.0006945397763047365,-0.004239663481712341,-0.004239663481712341,0.944116801718021,-1.3804447269265467,-0.3199140445155746
