,Unnamed: 0,left_eyebrow_18x,left_eyebrow_18y,left_eyebrow_20x,left_eyebrow_20y,left_eyebrow_22x,left_eyebrow_22y,right_eyebrow_23x,right_eyebrow_23y,right_eyebrow_25x,right_eyebrow_25y,right_eyebrow_27x,right_eyebrow_27y,left_eye38_x,left_eye38_y,right_eye45_x,right_eye45_y,left_lip49_x,left_lip49_y,lip_center_upper52_x,lip_center_upper52_y,right_lip55_x,right_lip55_y,lip_center_lower58_x,lip_center_lower58_y,trans_x,trans_y,trans_z,rot_x,rot_y,rot_z
0,0,-16.85174560546875,11.798583984374943,1.3135604858398438,0.9790802001953125,34.439772605895996,-8.769378662109375,20.47652816772461,-3.667617797851591,-7.638114929199219,-4.163696289062528,-40.631591796875,-24.397354125976562,5.3031082153320455,6.337692260742216,-15.832496643066406,10.8695068359375,5.628738403320298,-15.905906677246087,53.810616254806526,-1.5307960510253906,-31.828758239746094,5.576972961425781,24.462748289108276,27.885368347167983,-0.00926463957875967,0.006236366927623749,0.006236366927623749,-2.970733885076162,-44.16520581071723,-4.366467543142181
