,Unnamed: 0,left_eyebrow_18x,left_eyebrow_18y,left_eyebrow_20x,left_eyebrow_20y,left_eyebrow_22x,left_eyebrow_22y,right_eyebrow_23x,right_eyebrow_23y,right_eyebrow_25x,right_eyebrow_25y,right_eyebrow_27x,right_eyebrow_27y,left_eye38_x,left_eye38_y,right_eye45_x,right_eye45_y,left_lip49_x,left_lip49_y,lip_center_upper52_x,lip_center_upper52_y,right_lip55_x,right_lip55_y,lip_center_lower58_x,lip_center_lower58_y,trans_x,trans_y,trans_z,rot_x,rot_y,rot_z
0,0,5.415405273437528,1.230819702148409,2.9925231933594034,2.3257751464844034,1.5173797607421875,-7.0329742431640625,-4.7398529052734375,-7.8714447021484375,-2.378509521484375,0.7813873291015909,-5.1180877685546875,4.0553741455078125,1.6500778198242188,3.156463623046875,3.5230484008789062,3.1198577880859375,-6.5348052978515625,6.169300079345696,-4.511546581983566,-13.497183799743652,9.869125366210938,1.9511528015136648,-3.34408962726593,6.600929260253906,-0.008118586440104991,0.0035723038017749786,0.0035723038017749786,-4.238677252997991,9.995603883734647,1.307860728387936
