,Unnamed: 0,left_eyebrow_18x,left_eyebrow_18y,left_eyebrow_20x,left_eyebrow_20y,left_eyebrow_22x,left_eyebrow_22y,right_eyebrow_23x,right_eyebrow_23y,right_eyebrow_25x,right_eyebrow_25y,right_eyebrow_27x,right_eyebrow_27y,left_eye38_x,left_eye38_y,right_eye45_x,right_eye45_y,left_lip49_x,left_lip49_y,lip_center_upper52_x,lip_center_upper52_y,right_lip55_x,right_lip55_y,lip_center_lower58_x,lip_center_lower58_y,trans_x,trans_y,trans_z,rot_x,rot_y,rot_z
0,0,-0.3658599853515341,5.376739501953097,-1.2559280395507812,2.3134002685546875,1.8833770751953125,-6.22674560546875,1.1927566528320312,-3.93084716796875,0.1533203125,0.28436279296875,-2.166015625,1.6868591308594034,-2.563568115234375,2.7364196777344034,0.38359832763671875,3.9407196044921875,1.6052703857421733,-4.36358642578125,1.7663853168487549,-13.844263076782227,-4.025314331054702,0.3366508483886719,1.1229619979858398,15.645561218261719,0.007396180182695389,-0.0019501708447933197,-0.0019501708447933197,-5.659261306287901,-7.700633154354838,-0.6141999195862629
