,Unnamed: 0,left_eyebrow_18x,left_eyebrow_18y,left_eyebrow_20x,left_eyebrow_20y,left_eyebrow_22x,left_eyebrow_22y,right_eyebrow_23x,right_eyebrow_23y,right_eyebrow_25x,right_eyebrow_25y,right_eyebrow_27x,right_eyebrow_27y,left_eye38_x,left_eye38_y,right_eye45_x,right_eye45_y,left_lip49_x,left_lip49_y,lip_center_upper52_x,lip_center_upper52_y,right_lip55_x,right_lip55_y,lip_center_lower58_x,lip_center_lower58_y,trans_x,trans_y,trans_z,rot_x,rot_y,rot_z
0,0,-4.1097564697265625,2.6236724853515625,4.542564392089844,12.614212036132841,11.937463760375973,7.142242431640625,10.835369110107422,1.8845062255859375,-0.4529113769531534,2.416946411132784,-10.9691162109375,-14.943893432617216,-2.2685623168945312,0.639404296875,-6.730384826660156,1.3547363281250284,-1.477394104003892,-13.794479370117188,18.569873929023743,2.9250755310058594,-9.616676330566392,11.858631134033217,16.768513321876526,12.75498199462892,0.007898862939327955,-0.04076186567544937,-0.04076186567544937,0.07640196188752524,-27.200636281832914,0.6235457486404901
