,Unnamed: 0,left_eyebrow_18x,left_eyebrow_18y,left_eyebrow_20x,left_eyebrow_20y,left_eyebrow_22x,left_eyebrow_22y,right_eyebrow_23x,right_eyebrow_23y,right_eyebrow_25x,right_eyebrow_25y,right_eyebrow_27x,right_eyebrow_27y,left_eye38_x,left_eye38_y,right_eye45_x,right_eye45_y,left_lip49_x,left_lip49_y,lip_center_upper52_x,lip_center_upper52_y,right_lip55_x,right_lip55_y,lip_center_lower58_x,lip_center_lower58_y,trans_x,trans_y,trans_z,rot_x,rot_y,rot_z
0,0,3.612533569335909,3.664215087890625,1.6823730468749716,8.558258056640625,3.0173187255859375,-1.1780548095703125,13.065876007080078,-0.7995758056640909,-1.1904067993164062,1.371627807617216,-15.347488403320312,-11.323837280273409,0.858917236328125,1.6538848876953125,-5.548248291015625,-0.7246551513671875,-20.311935424804688,-6.939922332763672,14.720412850379944,-2.385404586791992,-5.331001281738281,10.855575561523438,15.143694400787354,11.362976074218736,0.002997953473823145,0.004765808582305922,0.004765808582305922,3.0641641433121696,-22.14614246368114,-0.6794118403109115
