,Unnamed: 0,left_eyebrow_18x,left_eyebrow_18y,left_eyebrow_20x,left_eyebrow_20y,left_eyebrow_22x,left_eyebrow_22y,right_eyebrow_23x,right_eyebrow_23y,right_eyebrow_25x,right_eyebrow_25y,right_eyebrow_27x,right_eyebrow_27y,left_eye38_x,left_eye38_y,right_eye45_x,right_eye45_y,left_lip49_x,left_lip49_y,lip_center_upper52_x,lip_center_upper52_y,right_lip55_x,right_lip55_y,lip_center_lower58_x,lip_center_lower58_y,trans_x,trans_y,trans_z,rot_x,rot_y,rot_z
0,0,-5.88787841796875,7.150085449218722,-0.8368377685546733,6.8665313720703125,10.2593994140625,-2.912933349609375,8.98504638671875,-3.0627593994140625,-4.256675720214844,-1.701492309570284,-18.71539306640625,-15.131790161132812,-4.993476867675781,4.309234619140653,-1.5869598388671875,5.865447998046875,1.3745727539062358,-13.951473236083977,23.830351591110233,-8.350397109985352,-6.292449951171889,9.161300659179688,13.637581586837772,19.5723114013672,0.0020521443802863355,-0.0028004348278045516,-0.0028004348278045516,-5.173130919894657,-29.00299773960331,-0.07543050157909204
