,Unnamed: 0,left_eyebrow_18x,left_eyebrow_18y,left_eyebrow_20x,left_eyebrow_20y,left_eyebrow_22x,left_eyebrow_22y,right_eyebrow_23x,right_eyebrow_23y,right_eyebrow_25x,right_eyebrow_25y,right_eyebrow_27x,right_eyebrow_27y,left_eye38_x,left_eye38_y,right_eye45_x,right_eye45_y,left_lip49_x,left_lip49_y,lip_center_upper52_x,lip_center_upper52_y,right_lip55_x,right_lip55_y,lip_center_lower58_x,lip_center_lower58_y,trans_x,trans_y,trans_z,rot_x,rot_y,rot_z
0,0,1.320281982421875,8.536804199218722,4.0054855346679545,-1.1966400146484375,14.074670791625973,-5.629730224609375,7.426567077636719,-6.337493896484375,-1.925941467285142,-7.384307861328125,-14.109054565429659,-8.320358276367188,-1.8578567504882812,-9.175582885742159,-5.07989501953125,-6.5543975830078125,-7.359649658203125,0.5966262817382812,15.12486743927002,-20.472398757934567,-8.729148864746094,19.71393585205078,9.87238073348999,17.279380798339844,-0.0017131371423602122,0.0024630576372146537,0.0024630576372146537,-5.603891970382538,-18.917584794008004,0.5527482077264904
