,Unnamed: 0,left_eyebrow_18x,left_eyebrow_18y,left_eyebrow_20x,left_eyebrow_20y,left_eyebrow_22x,left_eyebrow_22y,right_eyebrow_23x,right_eyebrow_23y,right_eyebrow_25x,right_eyebrow_25y,right_eyebrow_27x,right_eyebrow_27y,left_eye38_x,left_eye38_y,right_eye45_x,right_eye45_y,left_lip49_x,left_lip49_y,lip_center_upper52_x,lip_center_upper52_y,right_lip55_x,right_lip55_y,lip_center_lower58_x,lip_center_lower58_y,trans_x,trans_y,trans_z,rot_x,rot_y,rot_z
0,0,1.2368774414062216,3.28851318359375,1.031204223632784,-1.599411010742159,4.254177093505852,-4.675628662109403,-5.092992782592773,-4.833023071289034,-2.2742156982421733,2.701812744140625,-1.80859375,4.5487060546875,3.2122726440429688,0.9771270751952841,0.5139617919921875,1.8927307128905966,-3.9079208374023438,0.17585372924804688,-1.8612190186977386,-7.369358062744137,6.708213806152344,-2.9075775146484375,-2.4490479230880737,10.499305725097656,-0.003726832568645478,0.01062314584851265,0.01062314584851265,-1.5287576311536522,4.836863329740138,1.500859450008607
