,Unnamed: 0,left_eyebrow_18x,left_eyebrow_18y,left_eyebrow_20x,left_eyebrow_20y,left_eyebrow_22x,left_eyebrow_22y,right_eyebrow_23x,right_eyebrow_23y,right_eyebrow_25x,right_eyebrow_25y,right_eyebrow_27x,right_eyebrow_27y,left_eye38_x,left_eye38_y,right_eye45_x,right_eye45_y,left_lip49_x,left_lip49_y,lip_center_upper52_x,lip_center_upper52_y,right_lip55_x,right_lip55_y,lip_center_lower58_x,lip_center_lower58_y,trans_x,trans_y,trans_z,rot_x,rot_y,rot_z
0,0,-9.72119140625,4.253723144531278,0.03947448730471592,21.796310424804688,9.692337036132812,15.217086791992188,16.807334899902344,12.599502563476562,2.2886352539062784,0.5934600830078125,-13.089569091796903,-25.751937866210966,0.22179412841798296,-6.4010009765625,-1.5149917602539062,-1.8113250732421875,9.481391906738281,-16.61270523071289,34.033751487731934,5.7438812255859375,-13.575027465820298,22.376285552978516,20.86472064256668,11.325340270996094,-0.01702090632170439,-0.0035831667482852866,-0.0035831667482852866,5.093976621994018,-39.72319160913033,-0.30282330122515827
