,Unnamed: 0,left_eyebrow_18x,left_eyebrow_18y,left_eyebrow_20x,left_eyebrow_20y,left_eyebrow_22x,left_eyebrow_22y,right_eyebrow_23x,right_eyebrow_23y,right_eyebrow_25x,right_eyebrow_25y,right_eyebrow_27x,right_eyebrow_27y,left_eye38_x,left_eye38_y,right_eye45_x,right_eye45_y,left_lip49_x,left_lip49_y,lip_center_upper52_x,lip_center_upper52_y,right_lip55_x,right_lip55_y,lip_center_lower58_x,lip_center_lower58_y,trans_x,trans_y,trans_z,rot_x,rot_y,rot_z
0,0,1.37274169921875,-0.6418304443359943,-0.44305419921875,-2.2005615234375284,0.008064270019524145,-1.760147094726534,-0.9327621459960938,-0.8526458740234091,1.6002502441406534,-3.245498657226591,0.527313232421875,1.9352264404296875,1.08050537109375,-3.229339599609375,0.5467681884765625,-3.469619750976534,0.7190093994140341,1.9626502990722656,-5.965158462524414,0.6847190856933594,1.1476669311523438,-0.16705703735351562,-4.690631859004498,-5.579216003417983,-0.0037612409796565775,0.003697255626320839,0.003697255626320839,-1.980940113654932,4.180885961462159,0.5734742076579198
