,Unnamed: 0,left_eyebrow_18x,left_eyebrow_18y,left_eyebrow_20x,left_eyebrow_20y,left_eyebrow_22x,left_eyebrow_22y,right_eyebrow_23x,right_eyebrow_23y,right_eyebrow_25x,right_eyebrow_25y,right_eyebrow_27x,right_eyebrow_27y,left_eye38_x,left_eye38_y,right_eye45_x,right_eye45_y,left_lip49_x,left_lip49_y,lip_center_upper52_x,lip_center_upper52_y,right_lip55_x,right_lip55_y,lip_center_lower58_x,lip_center_lower58_y,trans_x,trans_y,trans_z,rot_x,rot_y,rot_z
0,0,-3.7546997070312784,2.99102783203125,6.448539733886719,9.232131958007784,16.05396842956543,7.1083221435546875,6.634067535400398,6.839691162109403,-4.911773681640653,-1.3107910156249716,-9.583602905273409,-16.444107055664034,-0.43956756591796875,-4.8582916259765625,-4.722259521484361,-3.8131103515625,-8.54140472412108,-15.129467010498047,10.50173544883728,10.04239273071289,-3.6257247924804688,8.814289093017571,8.000239849090574,8.017875671386719,-0.0018155938014388102,-0.026424601674079888,-0.026424601674079888,4.086715879120575,-22.122616005482275,-0.28097617175460243
