,Unnamed: 0,left_eyebrow_18x,left_eyebrow_18y,left_eyebrow_20x,left_eyebrow_20y,left_eyebrow_22x,left_eyebrow_22y,right_eyebrow_23x,right_eyebrow_23y,right_eyebrow_25x,right_eyebrow_25y,right_eyebrow_27x,right_eyebrow_27y,left_eye38_x,left_eye38_y,right_eye45_x,right_eye45_y,left_lip49_x,left_lip49_y,lip_center_upper52_x,lip_center_upper52_y,right_lip55_x,right_lip55_y,lip_center_lower58_x,lip_center_lower58_y,trans_x,trans_y,trans_z,rot_x,rot_y,rot_z
0,0,-0.3674468994140625,7.359283447265625,1.9660568237304403,5.655441284179716,10.947807312011722,-4.453292846679716,1.1482925415039134,-3.749221801757784,0.5722732543945455,-2.740478515625,-6.1472015380859375,-1.136184692382841,-2.8610992431640625,1.0614166259765625,-3.5767593383789062,-1.1378479003906534,-11.62448120117189,-9.986705780029297,13.010443836450575,-5.205244064331058,-0.85369873046875,8.312480926513672,10.047452807426453,14.502738952636719,-7.894821465015411e-05,-0.020400051027536392,-0.020400051027536392,-2.7637806050583387,-21.63972549887881,1.8205567216991716
