,Unnamed: 0,left_eyebrow_18x,left_eyebrow_18y,left_eyebrow_20x,left_eyebrow_20y,left_eyebrow_22x,left_eyebrow_22y,right_eyebrow_23x,right_eyebrow_23y,right_eyebrow_25x,right_eyebrow_25y,right_eyebrow_27x,right_eyebrow_27y,left_eye38_x,left_eye38_y,right_eye45_x,right_eye45_y,left_lip49_x,left_lip49_y,lip_center_upper52_x,lip_center_upper52_y,right_lip55_x,right_lip55_y,lip_center_lower58_x,lip_center_lower58_y,trans_x,trans_y,trans_z,rot_x,rot_y,rot_z
0,0,0.3998260498046875,-2.8634948730468466,5.608024597167983,1.092208862304659,8.93167495727539,7.9354248046875,-12.045345306396484,6.06201171875,-7.497283935546875,0.6772003173828409,0.3129119873047159,-2.63873291015625,2.468719482421875,-6.634780883789034,1.1966400146484517,-5.157684326171875,-3.373321533203125,0.6159362792968821,-3.6098015308380127,9.358226776123047,1.574951171875,-1.5484657287597727,-3.516389489173889,7.085113525390639,-0.007185265654698015,-0.0013577900826931,-0.0013577900826931,4.468386194258562,8.773109588601884,0.39657790748452004
