,Unnamed: 0,left_eyebrow_18x,left_eyebrow_18y,left_eyebrow_20x,left_eyebrow_20y,left_eyebrow_22x,left_eyebrow_22y,right_eyebrow_23x,right_eyebrow_23y,right_eyebrow_25x,right_eyebrow_25y,right_eyebrow_27x,right_eyebrow_27y,left_eye38_x,left_eye38_y,right_eye45_x,right_eye45_y,left_lip49_x,left_lip49_y,lip_center_upper52_x,lip_center_upper52_y,right_lip55_x,right_lip55_y,lip_center_lower58_x,lip_center_lower58_y,trans_x,trans_y,trans_z,rot_x,rot_y,rot_z
0,0,1.921554565429716,-0.4497680664062216,-4.160629272460923,-9.040374755859375,-5.141063690185554,-5.562408447265625,6.478492736816406,-3.3616180419921875,2.7187881469726562,-11.845108032226562,-2.25018310546875,-2.47003173828125,2.1359710693359233,1.1059417724609375,-3.904998779296875,2.03472900390625,-8.510658264160156,-20.399101257324226,-1.252850890159607,-6.429328918457024,13.384407043457045,-18.305162429809574,0.6743737459182739,19.14625549316405,0.0024032825604081163,0.003266669809818268,0.003266669809818268,1.8304768959323203,-2.8520820690346373,-0.22504952932465944
