,Unnamed: 0,left_eyebrow_18x,left_eyebrow_18y,left_eyebrow_20x,left_eyebrow_20y,left_eyebrow_22x,left_eyebrow_22y,right_eyebrow_23x,right_eyebrow_23y,right_eyebrow_25x,right_eyebrow_25y,right_eyebrow_27x,right_eyebrow_27y,left_eye38_x,left_eye38_y,right_eye45_x,right_eye45_y,left_lip49_x,left_lip49_y,lip_center_upper52_x,lip_center_upper52_y,right_lip55_x,right_lip55_y,lip_center_lower58_x,lip_center_lower58_y,trans_x,trans_y,trans_z,rot_x,rot_y,rot_z
0,0,-2.84625244140625,4.900238037109403,-2.865524291992216,3.1465454101562216,6.222343444824219,-4.878173828125,13.87295150756836,-2.7711791992187216,0.731193542480483,-10.294204711914034,-10.951705932617216,-16.355392456054688,-1.166748046875,6.616729736328125,-4.035972595214844,6.9147796630859375,-17.554420471191406,-21.266918182373047,11.470000460743904,4.070152282714844,-6.227172851562472,3.8303565979003977,9.005919218063354,-7.1048126220703125,-0.006844370043836534,-0.003232832998037345,-0.003232832998037345,0.058202434546123616,-24.195510494451757,-0.8943360538424674
