,Unnamed: 0,left_eyebrow_18x,left_eyebrow_18y,left_eyebrow_20x,left_eyebrow_20y,left_eyebrow_22x,left_eyebrow_22y,right_eyebrow_23x,right_eyebrow_23y,right_eyebrow_25x,right_eyebrow_25y,right_eyebrow_27x,right_eyebrow_27y,left_eye38_x,left_eye38_y,right_eye45_x,right_eye45_y,left_lip49_x,left_lip49_y,lip_center_upper52_x,lip_center_upper52_y,right_lip55_x,right_lip55_y,lip_center_lower58_x,lip_center_lower58_y,trans_x,trans_y,trans_z,rot_x,rot_y,rot_z
0,0,-5.379241943359403,5.2755889892578125,-1.3909301757812784,3.8175506591796875,6.498481750488281,1.753768920898409,10.05636978149414,-2.848403930664034,2.910598754882784,-7.767959594726534,-5.638748168945341,-12.216400146484375,-2.64886474609375,3.7614593505859375,-5.206329345703139,4.7258148193359375,-16.6510009765625,-28.6655216217041,10.799399614334106,-6.352951049804684,-6.656623840332031,-5.9931602478027415,8.758326053619385,19.527870178222656,-0.015065132640302178,-0.001998264342546463,-0.001998264342546463,3.4725967620747813,-17.37305101096195,-0.36755948169271546
