,Unnamed: 0,left_eyebrow_18x,left_eyebrow_18y,left_eyebrow_20x,left_eyebrow_20y,left_eyebrow_22x,left_eyebrow_22y,right_eyebrow_23x,right_eyebrow_23y,right_eyebrow_25x,right_eyebrow_25y,right_eyebrow_27x,right_eyebrow_27y,left_eye38_x,left_eye38_y,right_eye45_x,right_eye45_y,left_lip49_x,left_lip49_y,lip_center_upper52_x,lip_center_upper52_y,right_lip55_x,right_lip55_y,lip_center_lower58_x,lip_center_lower58_y,trans_x,trans_y,trans_z,rot_x,rot_y,rot_z
0,0,1.9662170410156534,-1.474517822265625,0.12017822265627842,-8.134918212890625,1.1085853576660156,-2.9532623291015625,-0.957672119140625,-2.670867919921875,-3.0108795166015625,-5.323913574218807,-1.863922119140625,-2.2690124511718466,-2.0556869506835938,0.580657958984375,-1.4898529052734233,1.0574951171875,-3.8194732666015483,-7.59046936035157,-0.46028232574462846,3.091583251953125,5.295417785644517,-7.494697570800781,1.683414787054062,4.8515625,0.0016261087730526924,0.01146663352847098,0.01146663352847098,-1.641055864564012,-1.5012633486767404,-0.3943133467920914
