,Unnamed: 0,left_eyebrow_18x,left_eyebrow_18y,left_eyebrow_20x,left_eyebrow_20y,left_eyebrow_22x,left_eyebrow_22y,right_eyebrow_23x,right_eyebrow_23y,right_eyebrow_25x,right_eyebrow_25y,right_eyebrow_27x,right_eyebrow_27y,left_eye38_x,left_eye38_y,right_eye45_x,right_eye45_y,left_lip49_x,left_lip49_y,lip_center_upper52_x,lip_center_upper52_y,right_lip55_x,right_lip55_y,lip_center_lower58_x,lip_center_lower58_y,trans_x,trans_y,trans_z,rot_x,rot_y,rot_z
0,0,5.424514770507869,1.1824340820312216,-3.135498046875,-11.572021484375,-5.268306732177734,-7.1906585693359375,3.9110870361328125,-10.664398193359375,0.138427734375,-9.4921875,-5.6091461181640625,3.171539306640682,0.2000274658203125,4.92181396484375,-2.0092391967773295,4.753570556640625,-9.615730285644531,-17.313304901123047,-3.5345930326730013,4.701221466064453,10.125167846679688,-17.525779724121094,-1.1675545275211334,9.340362548828125,0.0013235381338745356,-0.005330502986907973,-0.005330502986907973,-11.166535801691952,0.03476806347853523,-0.9418024640224196
