,Unnamed: 0,left_eyebrow_18x,left_eyebrow_18y,left_eyebrow_20x,left_eyebrow_20y,left_eyebrow_22x,left_eyebrow_22y,right_eyebrow_23x,right_eyebrow_23y,right_eyebrow_25x,right_eyebrow_25y,right_eyebrow_27x,right_eyebrow_27y,left_eye38_x,left_eye38_y,right_eye45_x,right_eye45_y,left_lip49_x,left_lip49_y,lip_center_upper52_x,lip_center_upper52_y,right_lip55_x,right_lip55_y,lip_center_lower58_x,lip_center_lower58_y,trans_x,trans_y,trans_z,rot_x,rot_y,rot_z
0,0,-9.809616088867188,10.197860717773409,3.4020767211914062,10.2640380859375,31.83626651763916,-0.5219573974609375,23.279190063476555,1.921829223632841,1.9551773071289205,-9.611495971679688,-28.23303222656253,-32.084930419921875,1.4926910400390625,9.574386596679688,-15.693130493164062,10.874481201171875,-23.568031311035156,-32.5446834564209,30.7615158110857,9.49612808227539,-27.178703308105455,5.852092742919929,18.72857642173767,1.3198471069335938,-0.022421616478823122,0.012945733964443207,0.012945733964443207,3.0252721993861416,-43.17503599288801,-3.957088600613418
