,Unnamed: 0,left_eyebrow_18x,left_eyebrow_18y,left_eyebrow_20x,left_eyebrow_20y,left_eyebrow_22x,left_eyebrow_22y,right_eyebrow_23x,right_eyebrow_23y,right_eyebrow_25x,right_eyebrow_25y,right_eyebrow_27x,right_eyebrow_27y,left_eye38_x,left_eye38_y,right_eye45_x,right_eye45_y,left_lip49_x,left_lip49_y,lip_center_upper52_x,lip_center_upper52_y,right_lip55_x,right_lip55_y,lip_center_lower58_x,lip_center_lower58_y,trans_x,trans_y,trans_z,rot_x,rot_y,rot_z
0,0,5.8398590087890625,-0.5417785644531534,-1.1746520996093466,-12.919570922851534,0.5783920288085866,-7.4986419677734375,1.6990928649902344,-3.2664031982421307,2.9953460693359233,-10.186981201171847,-2.066650390625,1.8856658935546875,0.04557800292967329,5.995208740234375,-2.8844680786132812,6.1229400634765625,-19.0819091796875,-15.67684173583985,0.7929215133190155,-1.9097023010253942,14.164497375488281,-17.610546112060554,2.277553915977478,25.2315673828125,-0.0026728316443040967,0.001515209674835205,0.001515209674835205,4.040906771750771,-0.5371161770927195,-2.058353125038961
