,Unnamed: 0,left_eyebrow_18x,left_eyebrow_18y,left_eyebrow_20x,left_eyebrow_20y,left_eyebrow_22x,left_eyebrow_22y,right_eyebrow_23x,right_eyebrow_23y,right_eyebrow_25x,right_eyebrow_25y,right_eyebrow_27x,right_eyebrow_27y,left_eye38_x,left_eye38_y,right_eye45_x,right_eye45_y,left_lip49_x,left_lip49_y,lip_center_upper52_x,lip_center_upper52_y,right_lip55_x,right_lip55_y,lip_center_lower58_x,lip_center_lower58_y,trans_x,trans_y,trans_z,rot_x,rot_y,rot_z
0,0,5.127838134765625,1.572372436523409,0.0015716552734375,-10.528381347656222,-1.16748046875,-7.18646240234375,2.9955406188964844,-11.744934082031193,9.484954833984403,-9.367858886718722,-1.094573974609375,4.009429931640625,0.5554122924804688,13.23736572265625,1.6147384643554688,12.640487670898466,-13.863670349121094,-9.88740539550782,-7.332808494567871,-12.707674026489258,11.896392822265625,-12.033138275146491,2.571531444787979,23.305778503417955,0.021163291297852993,0.003311827778816223,0.003311827778816223,-4.351110436755527,0.5089732332350234,18.850972136760934
