,Unnamed: 0,left_eyebrow_18x,left_eyebrow_18y,left_eyebrow_20x,left_eyebrow_20y,left_eyebrow_22x,left_eyebrow_22y,right_eyebrow_23x,right_eyebrow_23y,right_eyebrow_25x,right_eyebrow_25y,right_eyebrow_27x,right_eyebrow_27y,left_eye38_x,left_eye38_y,right_eye45_x,right_eye45_y,left_lip49_x,left_lip49_y,lip_center_upper52_x,lip_center_upper52_y,right_lip55_x,right_lip55_y,lip_center_lower58_x,lip_center_lower58_y,trans_x,trans_y,trans_z,rot_x,rot_y,rot_z
0,0,-5.676498413085909,15.377639770507812,1.5458984375,4.88946533203125,24.760883331298828,-6.3967132568359375,26.74087905883789,-3.998687744140625,7.7209014892578125,-16.29748535156247,-22.496627807617188,-22.032012939453097,-3.2353439331054688,7.9272308349609375,-14.37960052490233,9.711868286132812,-22.672554016113267,-42.9445686340332,23.32813334465027,5.011100769042969,-21.486846923828125,3.4783821105957102,18.06357368826866,10.891250610351562,-0.03980071539990604,0.009442426264286027,0.009442426264286027,-5.7010819670579185,-31.092334109817678,-1.8822789563002038
