,Unnamed: 0,left_eyebrow_18x,left_eyebrow_18y,left_eyebrow_20x,left_eyebrow_20y,left_eyebrow_22x,left_eyebrow_22y,right_eyebrow_23x,right_eyebrow_23y,right_eyebrow_25x,right_eyebrow_25y,right_eyebrow_27x,right_eyebrow_27y,left_eye38_x,left_eye38_y,right_eye45_x,right_eye45_y,left_lip49_x,left_lip49_y,lip_center_upper52_x,lip_center_upper52_y,right_lip55_x,right_lip55_y,lip_center_lower58_x,lip_center_lower58_y,trans_x,trans_y,trans_z,rot_x,rot_y,rot_z
0,0,-0.788360595703125,5.436019897460966,4.6018829345703125,7.7758941650390625,7.46136474609375,1.8588256835937216,14.97457504272461,1.602188110351591,1.7676925659179403,-4.507110595703182,-11.345901489257812,-13.707305908203125,-1.95947265625,-1.397857666015625,-2.5917892456054688,-1.375381469726591,-16.901832580566406,-24.955169677734375,13.12444543838501,3.5173492431640625,-9.499557495117188,-0.16530227661132812,10.551331043243408,4.392120361328125,-0.00988842360675335,-0.013428840786218636,-0.013428840786218636,1.17182608094997,-17.015867772499448,-3.0162052550813097
