,Unnamed: 0,left_eyebrow_18x,left_eyebrow_18y,left_eyebrow_20x,left_eyebrow_20y,left_eyebrow_22x,left_eyebrow_22y,right_eyebrow_23x,right_eyebrow_23y,right_eyebrow_25x,right_eyebrow_25y,right_eyebrow_27x,right_eyebrow_27y,left_eye38_x,left_eye38_y,right_eye45_x,right_eye45_y,left_lip49_x,left_lip49_y,lip_center_upper52_x,lip_center_upper52_y,right_lip55_x,right_lip55_y,lip_center_lower58_x,lip_center_lower58_y,trans_x,trans_y,trans_z,rot_x,rot_y,rot_z
0,0,-4.1801910400390625,3.7546234130859375,6.3521575927734375,12.835281372070312,24.016188621520996,6.723907470703125,22.129947662353523,9.759689331054688,-1.2447509765625,1.5321807861328125,-21.7606201171875,-35.84895324707031,-0.31298828125,7.028778076171875,-8.045753479003906,7.0711517333984375,-29.374237060546875,-42.74737358093262,21.171853125095367,6.800567626953125,-20.51142120361328,-2.633628845214851,10.524751663208008,24.18224334716797,-0.02472678013145924,-0.026393245905637748,-0.026393245905637748,-4.052470571948513,-35.91274471906414,-1.8715288938988421
