,Unnamed: 0,left_eyebrow_18x,left_eyebrow_18y,left_eyebrow_20x,left_eyebrow_20y,left_eyebrow_22x,left_eyebrow_22y,right_eyebrow_23x,right_eyebrow_23y,right_eyebrow_25x,right_eyebrow_25y,right_eyebrow_27x,right_eyebrow_27y,left_eye38_x,left_eye38_y,right_eye45_x,right_eye45_y,left_lip49_x,left_lip49_y,lip_center_upper52_x,lip_center_upper52_y,right_lip55_x,right_lip55_y,lip_center_lower58_x,lip_center_lower58_y,trans_x,trans_y,trans_z,rot_x,rot_y,rot_z
0,0,-6.19927978515625,2.1007080078125,9.701759338378906,13.885025024414062,25.86285209655762,6.0733642578125,24.96976089477539,7.710327148437528,-4.241813659667969,5.427688598632841,-35.953170776367216,-27.315750122070312,5.366394042968736,5.638214111328125,-10.231620788574205,3.1739501953125,-21.724304199218736,-21.160667419433587,34.68528652191162,12.660400390625,-23.749465942382812,12.057121276855469,22.82946538925171,16.231651306152344,-0.0534133322071284,0.012807924300432212,0.012807924300432212,8.125447665865629,-34.904454595258116,-1.7073594948691202
