,Unnamed: 0,left_eyebrow_18x,left_eyebrow_18y,left_eyebrow_20x,left_eyebrow_20y,left_eyebrow_22x,left_eyebrow_22y,right_eyebrow_23x,right_eyebrow_23y,right_eyebrow_25x,right_eyebrow_25y,right_eyebrow_27x,right_eyebrow_27y,left_eye38_x,left_eye38_y,right_eye45_x,right_eye45_y,left_lip49_x,left_lip49_y,lip_center_upper52_x,lip_center_upper52_y,right_lip55_x,right_lip55_y,lip_center_lower58_x,lip_center_lower58_y,trans_x,trans_y,trans_z,rot_x,rot_y,rot_z
0,0,-7.041671752929659,3.9949340820312784,10.130851745605497,11.435302734375,38.95232558250427,-2.514892578125057,32.83030319213867,2.3841552734375,2.9383544921875,-2.9729309082030966,-35.25376892089841,-28.340896606445284,2.1301193237304688,8.842788696289034,-20.511497497558594,10.09063720703125,-15.657508850097642,-33.57936477661133,26.863413333892822,5.128864288330078,-26.53517150878909,-1.0844001770019531,14.537200689315796,13.445442199707031,-0.03308375924825668,-0.017968423664569855,-0.017968423664569855,2.1337743346232183,-35.07122816260406,-2.110515251859567
