,Unnamed: 0,left_eyebrow_18x,left_eyebrow_18y,left_eyebrow_20x,left_eyebrow_20y,left_eyebrow_22x,left_eyebrow_22y,right_eyebrow_23x,right_eyebrow_23y,right_eyebrow_25x,right_eyebrow_25y,right_eyebrow_27x,right_eyebrow_27y,left_eye38_x,left_eye38_y,right_eye45_x,right_eye45_y,left_lip49_x,left_lip49_y,lip_center_upper52_x,lip_center_upper52_y,right_lip55_x,right_lip55_y,lip_center_lower58_x,lip_center_lower58_y,trans_x,trans_y,trans_z,rot_x,rot_y,rot_z
0,0,1.9539794921874716,-3.766937255859375,0.039794921875,-5.603057861328125,-1.1078643798828054,-2.9249572753906534,0.5686492919921875,-5.269058227539034,0.5486755371093466,-2.8848419189453125,-4.499328613281278,-4.3446502685546875,2.726379394531236,5.8155364990234375,2.841758728027358,4.8332366943359375,-13.625953674316392,-12.77041244506836,-1.7258057594299316,-12.415693283081058,5.132072448730469,-6.918003082275391,-0.04173803329467818,16.153045654296875,-0.0029714504489675164,-0.0010327436029910972,-0.0010327436029910972,-3.0847359966055383,3.950637049321005,0.015163496758548334
