,Unnamed: 0,left_eyebrow_18x,left_eyebrow_18y,left_eyebrow_20x,left_eyebrow_20y,left_eyebrow_22x,left_eyebrow_22y,right_eyebrow_23x,right_eyebrow_23y,right_eyebrow_25x,right_eyebrow_25y,right_eyebrow_27x,right_eyebrow_27y,left_eye38_x,left_eye38_y,right_eye45_x,right_eye45_y,left_lip49_x,left_lip49_y,lip_center_upper52_x,lip_center_upper52_y,right_lip55_x,right_lip55_y,lip_center_lower58_x,lip_center_lower58_y,trans_x,trans_y,trans_z,rot_x,rot_y,rot_z
0,0,0.130859375,-6.8886566162109375,0.8454132080077841,4.925872802734375,-2.200531005859368,6.327117919921847,-1.2565574645996094,6.329864501953182,-2.606613159179659,5.372497558593778,-2.1338348388671875,-5.488922119140625,2.306488037109361,2.2174530029296875,2.8349685668945455,2.4002227783203125,-4.732643127441392,-10.953540802001953,0.40114402770996094,13.722660064697266,2.2629623413085795,-8.649555206298828,-0.45237112045288086,11.994163513183594,-0.0011981936404481528,-0.005331002175807946,-0.005331002175807946,8.785936969337747,1.104002814004435,-0.46885621874939565
