,Unnamed: 0,left_eyebrow_18x,left_eyebrow_18y,left_eyebrow_20x,left_eyebrow_20y,left_eyebrow_22x,left_eyebrow_22y,right_eyebrow_23x,right_eyebrow_23y,right_eyebrow_25x,right_eyebrow_25y,right_eyebrow_27x,right_eyebrow_27y,left_eye38_x,left_eye38_y,right_eye45_x,right_eye45_y,left_lip49_x,left_lip49_y,lip_center_upper52_x,lip_center_upper52_y,right_lip55_x,right_lip55_y,lip_center_lower58_x,lip_center_lower58_y,trans_x,trans_y,trans_z,rot_x,rot_y,rot_z
0,0,0.3827667236328125,-5.379043579101534,0.8750762939453409,-6.273742675781222,0.4996681213378906,-1.0655364990234943,-2.2631187438964844,-2.3509826660155966,-2.4351043701171875,-4.166412353515597,-1.8104858398437216,-5.167755126953097,3.0823822021484375,2.4704284667968466,2.6011199951171733,4.5352630615234375,-6.814117431640611,-10.689620971679688,-5.591498926281929,3.304969787597649,4.6825103759765625,-12.165431976318352,-5.398036003112793,-1.8214874267578125,-0.008277954533696175,-0.004384048283100121,-0.004384048283100121,-0.5582098899277494,8.722025843157066,0.12612185923180913
