,Unnamed: 0,left_eyebrow_18x,left_eyebrow_18y,left_eyebrow_20x,left_eyebrow_20y,left_eyebrow_22x,left_eyebrow_22y,right_eyebrow_23x,right_eyebrow_23y,right_eyebrow_25x,right_eyebrow_25y,right_eyebrow_27x,right_eyebrow_27y,left_eye38_x,left_eye38_y,right_eye45_x,right_eye45_y,left_lip49_x,left_lip49_y,lip_center_upper52_x,lip_center_upper52_y,right_lip55_x,right_lip55_y,lip_center_lower58_x,lip_center_lower58_y,trans_x,trans_y,trans_z,rot_x,rot_y,rot_z
0,0,1.5322265625,-2.4462280273437784,4.638748168945341,2.7110748291015625,7.6411094665527415,-1.289230346679716,9.986854553222656,-1.158676147460909,-1.133636474609375,-6.147491455078125,-11.841918945312557,-18.305938720703125,1.094032287597642,6.6649932861328125,-0.04473876953123579,5.379547119140625,-28.098594665527315,-24.161943435668945,5.788849592208862,-10.310251235961914,-4.8492584228515625,0.17038726806639914,8.880485534667969,17.34862518310547,-0.015443506417796017,-0.0009124279022216727,-0.0009124279022216727,0.880825427893638,-13.289924384202134,0.6727725809027629
