,Unnamed: 0,left_eyebrow_18x,left_eyebrow_18y,left_eyebrow_20x,left_eyebrow_20y,left_eyebrow_22x,left_eyebrow_22y,right_eyebrow_23x,right_eyebrow_23y,right_eyebrow_25x,right_eyebrow_25y,right_eyebrow_27x,right_eyebrow_27y,left_eye38_x,left_eye38_y,right_eye45_x,right_eye45_y,left_lip49_x,left_lip49_y,lip_center_upper52_x,lip_center_upper52_y,right_lip55_x,right_lip55_y,lip_center_lower58_x,lip_center_lower58_y,trans_x,trans_y,trans_z,rot_x,rot_y,rot_z
0,0,1.1747436523437216,-2.5434417724609375,-1.2527160644531108,-5.6197662353515625,-2.5960655212402344,-1.04345703125,-0.43460845947265625,-1.979583740234375,0.32610321044921875,-6.365081787109375,0.0209503173828125,-1.2761840820312784,1.275016784667983,1.0559234619140625,0.33800506591796875,1.7955780029296875,-2.492713928222642,-6.2415924072265625,0.9132196903228751,4.09266662597657,7.39404296875,-9.11001205444336,-0.285058975219727,3.9398956298827983,-2.6364577934145494e-05,0.001656506210565567,0.001656506210565567,1.147549760193444,-0.2048401510552864,-0.4263304934492267
