,Unnamed: 0,left_eyebrow_18x,left_eyebrow_18y,left_eyebrow_20x,left_eyebrow_20y,left_eyebrow_22x,left_eyebrow_22y,right_eyebrow_23x,right_eyebrow_23y,right_eyebrow_25x,right_eyebrow_25y,right_eyebrow_27x,right_eyebrow_27y,left_eye38_x,left_eye38_y,right_eye45_x,right_eye45_y,left_lip49_x,left_lip49_y,lip_center_upper52_x,lip_center_upper52_y,right_lip55_x,right_lip55_y,lip_center_lower58_x,lip_center_lower58_y,trans_x,trans_y,trans_z,rot_x,rot_y,rot_z
0,0,2.7183074951171875,-6.05792236328125,2.0749740600585795,-6.8675079345703125,0.6330795288085938,1.1175994873046875,-1.1007862091064418,1.2915496826171875,-2.2831878662109375,-4.619232177734375,-3.4682769775390625,-2.6912841796875284,1.2406463623047017,1.9660491943359375,-0.4847259521484375,1.693084716796875,-6.943695068359375,-14.33322525024414,-2.5845670104026794,3.1061668395996094,12.608573913574219,-14.44496154785157,-1.5184847116470337,20.920379638671875,-0.0006817681714892387,0.001477811485528939,0.001477811485528939,3.2306423466906855,1.6027375390308718,1.215347573661592
