,Unnamed: 0,left_eyebrow_18x,left_eyebrow_18y,left_eyebrow_20x,left_eyebrow_20y,left_eyebrow_22x,left_eyebrow_22y,right_eyebrow_23x,right_eyebrow_23y,right_eyebrow_25x,right_eyebrow_25y,right_eyebrow_27x,right_eyebrow_27y,left_eye38_x,left_eye38_y,right_eye45_x,right_eye45_y,left_lip49_x,left_lip49_y,lip_center_upper52_x,lip_center_upper52_y,right_lip55_x,right_lip55_y,lip_center_lower58_x,lip_center_lower58_y,trans_x,trans_y,trans_z,rot_x,rot_y,rot_z
0,0,1.6902923583984375,-1.836746215820284,-5.206329345703111,-7.110153198242159,-6.854763031005859,-5.0844879150390625,2.7150535583496094,-2.086776733398466,0.7480621337890767,-3.644073486328125,-2.0740509033203125,1.4617614746094034,3.9056930541992188,-0.78753662109375,-2.1956329345703125,0.4776763916015341,-3.368621826171875,-11.450153350830078,-3.1774848103523254,0.6759605407714773,13.293800354003906,-13.676109313964837,-0.2760585770010948,15.540000915527358,-0.003709363751113413,-0.004238266497850418,-0.004238266497850418,1.7231124768376276,-0.4454283279906299,-2.8875748038260722
