,Unnamed: 0,left_eyebrow_18x,left_eyebrow_18y,left_eyebrow_20x,left_eyebrow_20y,left_eyebrow_22x,left_eyebrow_22y,right_eyebrow_23x,right_eyebrow_23y,right_eyebrow_25x,right_eyebrow_25y,right_eyebrow_27x,right_eyebrow_27y,left_eye38_x,left_eye38_y,right_eye45_x,right_eye45_y,left_lip49_x,left_lip49_y,lip_center_upper52_x,lip_center_upper52_y,right_lip55_x,right_lip55_y,lip_center_lower58_x,lip_center_lower58_y,trans_x,trans_y,trans_z,rot_x,rot_y,rot_z
0,0,-0.0119171142578125,-4.0387420654296875,6.8148651123046875,9.311294555664062,8.343120574951179,9.972244262695284,7.981986999511719,6.433731079101591,-1.2244873046875,1.399154663085909,-9.934661865234403,-15.113327026367188,-0.28990936279298296,2.2237548828125,-0.844032287597642,0.30322265625,-18.598564147949205,-19.23694610595703,9.714113235473633,16.570537567138665,-5.025276184082031,0.7638282775878906,10.116219520568848,12.422309875488281,-0.017290425254032016,-0.009126074612140649,-0.009126074612140649,9.284189147164629,-13.736322066440973,-0.47332227638700264
