,Unnamed: 0,left_eyebrow_18x,left_eyebrow_18y,left_eyebrow_20x,left_eyebrow_20y,left_eyebrow_22x,left_eyebrow_22y,right_eyebrow_23x,right_eyebrow_23y,right_eyebrow_25x,right_eyebrow_25y,right_eyebrow_27x,right_eyebrow_27y,left_eye38_x,left_eye38_y,right_eye45_x,right_eye45_y,left_lip49_x,left_lip49_y,lip_center_upper52_x,lip_center_upper52_y,right_lip55_x,right_lip55_y,lip_center_lower58_x,lip_center_lower58_y,trans_x,trans_y,trans_z,rot_x,rot_y,rot_z
0,0,0.4181671142578125,-1.526077270507784,6.525428771972656,3.6968994140625,9.606887817382805,-0.418792724609375,14.451114654541009,1.7988433837890625,2.6164703369140625,-2.8444976806640625,-11.002349853515625,-20.799728393554688,-3.12579345703125,5.453628540039034,-5.140892028808594,5.683609008789091,-16.36713409423828,-18.349788665771484,12.442233443260193,6.886089324951165,1.3884506225585795,7.2435150146484375,7.714607000350952,2.4758071899414062,-0.015622218139469624,-0.024994727224111557,-0.024994727224111557,-3.0277526138616597,-20.12332164800803,0.36818923649159996
