,Unnamed: 0,left_eyebrow_18x,left_eyebrow_18y,left_eyebrow_20x,left_eyebrow_20y,left_eyebrow_22x,left_eyebrow_22y,right_eyebrow_23x,right_eyebrow_23y,right_eyebrow_25x,right_eyebrow_25y,right_eyebrow_27x,right_eyebrow_27y,left_eye38_x,left_eye38_y,right_eye45_x,right_eye45_y,left_lip49_x,left_lip49_y,lip_center_upper52_x,lip_center_upper52_y,right_lip55_x,right_lip55_y,lip_center_lower58_x,lip_center_lower58_y,trans_x,trans_y,trans_z,rot_x,rot_y,rot_z
0,0,2.4632568359375,-1.2430114746093466,0.4626617431640625,-1.0233306884765057,0.47040939331053977,0.5734252929687216,9.573986053466797,0.0672149658203125,1.2651824951171875,-6.4372100830078125,-9.291641235351591,-11.848770141601562,0.2997283935546875,2.0668487548828125,-1.2550735473632812,-0.05346679687502842,-19.834716796875,-19.323177337646484,7.410347640514372,1.6683692932128906,2.3116683959960938,-7.723262786865234,6.895321547985077,17.05008697509767,-0.008112658746540546,-0.030069082975387573,-0.030069082975387573,1.9853324597462594,-23.481450045516556,-2.514143271995208
