,Unnamed: 0,left_eyebrow_18x,left_eyebrow_18y,left_eyebrow_20x,left_eyebrow_20y,left_eyebrow_22x,left_eyebrow_22y,right_eyebrow_23x,right_eyebrow_23y,right_eyebrow_25x,right_eyebrow_25y,right_eyebrow_27x,right_eyebrow_27y,left_eye38_x,left_eye38_y,right_eye45_x,right_eye45_y,left_lip49_x,left_lip49_y,lip_center_upper52_x,lip_center_upper52_y,right_lip55_x,right_lip55_y,lip_center_lower58_x,lip_center_lower58_y,trans_x,trans_y,trans_z,rot_x,rot_y,rot_z
0,0,-1.0045166015625,8.438186645507812,7.743621826171875,9.004135131835909,24.378114700317376,6.482391357421903,24.312335968017585,0.04258728027340908,-2.566116333007784,-11.4884033203125,-26.34796142578122,-28.569747924804688,-3.9359588623046875,12.32666015625,-7.4939727783203125,11.512771606445312,-40.13249969482422,-46.24786567687988,20.433281302452087,-0.1995620727539098,-20.901641845703125,-16.590373992919922,10.655791759490967,40.19709777832033,-0.05694242333993316,-0.015873145312070847,-0.015873145312070847,12.394793483014038,-36.39379930684625,-5.5778904979121995
