,Unnamed: 0,left_eyebrow_18x,left_eyebrow_18y,left_eyebrow_20x,left_eyebrow_20y,left_eyebrow_22x,left_eyebrow_22y,right_eyebrow_23x,right_eyebrow_23y,right_eyebrow_25x,right_eyebrow_25y,right_eyebrow_27x,right_eyebrow_27y,left_eye38_x,left_eye38_y,right_eye45_x,right_eye45_y,left_lip49_x,left_lip49_y,lip_center_upper52_x,lip_center_upper52_y,right_lip55_x,right_lip55_y,lip_center_lower58_x,lip_center_lower58_y,trans_x,trans_y,trans_z,rot_x,rot_y,rot_z
0,0,1.365646362304659,2.7813720703125284,2.285491943359375,2.449722290039034,9.457626342773438,1.56915283203125,8.946990966796868,3.433609008789091,-1.1325607299804688,-6.286285400390625,-11.769241333007812,-16.24987792968753,1.9359130859375,2.3044891357421875,-7.5619964599609375,0.39508056640625,-28.31234741210939,-32.6915283203125,13.327394962310791,3.8503952026367188,1.5372161865234375,-14.465438842773438,4.4541414976119995,31.402793884277344,-0.022543829632923007,-0.023661911487579325,-0.023661911487579325,1.7982507540581412,-15.566032811415605,-0.5705646708373382
