,Unnamed: 0,left_eyebrow_18x,left_eyebrow_18y,left_eyebrow_20x,left_eyebrow_20y,left_eyebrow_22x,left_eyebrow_22y,right_eyebrow_23x,right_eyebrow_23y,right_eyebrow_25x,right_eyebrow_25y,right_eyebrow_27x,right_eyebrow_27y,left_eye38_x,left_eye38_y,right_eye45_x,right_eye45_y,left_lip49_x,left_lip49_y,lip_center_upper52_x,lip_center_upper52_y,right_lip55_x,right_lip55_y,lip_center_lower58_x,lip_center_lower58_y,trans_x,trans_y,trans_z,rot_x,rot_y,rot_z
0,0,4.28759765625,0.976287841796875,3.377777099609389,-2.1195220947265625,9.520061492919922,-7.1591033935546875,12.362129211425781,-6.11700439453125,-1.7852783203124716,-16.49815368652341,-16.612075805664062,-20.213470458984375,3.220085144042983,6.3799896240234375,-9.15264892578125,3.5192413330078125,-36.98893737792967,-32.47863578796387,10.12412405014038,10.044786453247074,12.105888366699219,-8.39431381225586,4.720516860485077,11.84991455078125,-0.010290043195709584,-0.02224254608154297,-0.02224254608154297,0.8880761425635438,-16.341276027338346,0.047611670890424174
