,Unnamed: 0,left_eyebrow_18x,left_eyebrow_18y,left_eyebrow_20x,left_eyebrow_20y,left_eyebrow_22x,left_eyebrow_22y,right_eyebrow_23x,right_eyebrow_23y,right_eyebrow_25x,right_eyebrow_25y,right_eyebrow_27x,right_eyebrow_27y,left_eye38_x,left_eye38_y,right_eye45_x,right_eye45_y,left_lip49_x,left_lip49_y,lip_center_upper52_x,lip_center_upper52_y,right_lip55_x,right_lip55_y,lip_center_lower58_x,lip_center_lower58_y,trans_x,trans_y,trans_z,rot_x,rot_y,rot_z
0,0,2.9001159667968466,-4.243408203124943,-0.757080078125,-6.036361694335909,-0.5651435852050781,1.6998748779296875,-2.9092445373535085,0.5482177734375,-3.0633926391601705,-1.15020751953125,-2.55682373046875,-3.2001953125,4.4380645751953125,-1.7228851318359375,-2.4667205810546875,-0.5356292724609375,-10.372863769531264,-18.290401458740234,1.6416786313056946,1.2088508605957031,15.34829711914061,-20.449031829833977,-0.6349180936813354,31.222908020019517,-0.001574583960973541,-0.0014139190316200187,-0.0014139190316200187,4.507911018706261,1.3401416563765876,-0.3885939584680931
