,Unnamed: 0,left_eyebrow_18x,left_eyebrow_18y,left_eyebrow_20x,left_eyebrow_20y,left_eyebrow_22x,left_eyebrow_22y,right_eyebrow_23x,right_eyebrow_23y,right_eyebrow_25x,right_eyebrow_25y,right_eyebrow_27x,right_eyebrow_27y,left_eye38_x,left_eye38_y,right_eye45_x,right_eye45_y,left_lip49_x,left_lip49_y,lip_center_upper52_x,lip_center_upper52_y,right_lip55_x,right_lip55_y,lip_center_lower58_x,lip_center_lower58_y,trans_x,trans_y,trans_z,rot_x,rot_y,rot_z
0,0,-2.8400421142578125,11.264404296875,4.773872375488267,8.585037231445341,25.229129791259766,-1.6765747070312784,22.042762756347656,-2.4868316650390625,3.93365478515625,-8.630447387695312,-25.565078735351562,-22.54066467285159,-2.4263763427734375,4.310531616210966,-13.405220031738267,3.56256103515625,-24.371231079101562,-27.33754348754883,34.03030443191528,6.760692596435547,-31.294227600097656,19.507766723632812,24.109298706054688,8.16082763671875,-0.022885106038302183,-0.02372898161411285,-0.02372898161411285,-6.286997352346343,-40.016305070848645,-0.5843252639349621
