,Unnamed: 0,left_eyebrow_18x,left_eyebrow_18y,left_eyebrow_20x,left_eyebrow_20y,left_eyebrow_22x,left_eyebrow_22y,right_eyebrow_23x,right_eyebrow_23y,right_eyebrow_25x,right_eyebrow_25y,right_eyebrow_27x,right_eyebrow_27y,left_eye38_x,left_eye38_y,right_eye45_x,right_eye45_y,left_lip49_x,left_lip49_y,lip_center_upper52_x,lip_center_upper52_y,right_lip55_x,right_lip55_y,lip_center_lower58_x,lip_center_lower58_y,trans_x,trans_y,trans_z,rot_x,rot_y,rot_z
0,0,-7.648406982421875,9.543884277343778,11.258872985839844,8.349395751953097,36.03447341918945,1.5765380859375,23.5930404663086,7.837615966796875,-0.888580322265625,-4.659698486328097,-33.442108154296875,-32.04374694824219,1.0893402099609233,-1.9455413818359375,-16.309463500976562,3.694549560546875,-19.386306762695312,-30.823301315307617,30.47106623649597,15.402627944946286,-31.682128906250014,7.894458770751953,19.553322315216068,10.437995910644531,-0.041837790282443166,-0.0198017880320549,-0.0198017880320549,-3.9247563188317924,-33.04021423099134,-0.8070036324710412
