,Unnamed: 0,left_eyebrow_18x,left_eyebrow_18y,left_eyebrow_20x,left_eyebrow_20y,left_eyebrow_22x,left_eyebrow_22y,right_eyebrow_23x,right_eyebrow_23y,right_eyebrow_25x,right_eyebrow_25y,right_eyebrow_27x,right_eyebrow_27y,left_eye38_x,left_eye38_y,right_eye45_x,right_eye45_y,left_lip49_x,left_lip49_y,lip_center_upper52_x,lip_center_upper52_y,right_lip55_x,right_lip55_y,lip_center_lower58_x,lip_center_lower58_y,trans_x,trans_y,trans_z,rot_x,rot_y,rot_z
0,0,-1.0389404296875,1.2334747314453125,-1.3390579223632955,-5.04071044921875,0.8344459533691335,-3.1537628173828125,0.6871871948242188,-4.958343505859375,2.218811035156264,-6.29766845703125,-0.3153686523437216,0.8606567382812216,1.7878036499023438,2.466583251953125,-3.1098861694335795,3.05438232421875,-4.439033508300781,-11.757915496826165,1.200197696685791,-6.650180816650391,6.7620010375976705,-10.476852416992188,1.2832002639770503,14.050102233886719,0.0009814472869038586,0.003593704663217066,0.003593704663217066,0.7879736295031687,-1.8904759038366241,-0.5257983885198989
