,Unnamed: 0,left_eyebrow_18x,left_eyebrow_18y,left_eyebrow_20x,left_eyebrow_20y,left_eyebrow_22x,left_eyebrow_22y,right_eyebrow_23x,right_eyebrow_23y,right_eyebrow_25x,right_eyebrow_25y,right_eyebrow_27x,right_eyebrow_27y,left_eye38_x,left_eye38_y,right_eye45_x,right_eye45_y,left_lip49_x,left_lip49_y,lip_center_upper52_x,lip_center_upper52_y,right_lip55_x,right_lip55_y,lip_center_lower58_x,lip_center_lower58_y,trans_x,trans_y,trans_z,rot_x,rot_y,rot_z
0,0,-6.937561035156222,5.613037109375,6.307548522949219,3.7394256591796875,28.194433212280273,-7.8983001708984375,27.490962982177734,-0.7443695068359091,0.10304260253900566,-9.566436767578125,-37.02430725097656,-29.37422180175784,1.6278686523437358,4.67730712890625,-14.453620910644531,6.4035186767578125,-18.66061401367189,-26.789360046386726,42.82295870780945,9.691062927246094,-35.32709503173827,8.434230804443345,24.508643746376034,5.613723754882827,-0.043961307499557734,-0.006838612258434303,-0.006838612258434303,-3.7409974806054387,-36.31677533110233,0.6952298351520134
