,Unnamed: 0,left_eyebrow_18x,left_eyebrow_18y,left_eyebrow_20x,left_eyebrow_20y,left_eyebrow_22x,left_eyebrow_22y,right_eyebrow_23x,right_eyebrow_23y,right_eyebrow_25x,right_eyebrow_25y,right_eyebrow_27x,right_eyebrow_27y,left_eye38_x,left_eye38_y,right_eye45_x,right_eye45_y,left_lip49_x,left_lip49_y,lip_center_upper52_x,lip_center_upper52_y,right_lip55_x,right_lip55_y,lip_center_lower58_x,lip_center_lower58_y,trans_x,trans_y,trans_z,rot_x,rot_y,rot_z
0,0,3.033798217773409,-5.167251586914034,0.36743927001953125,-8.907577514648494,0.4626274108886719,-1.72503662109375,2.0816802978515625,-3.4600982666015625,-0.44811248779295454,-8.810150146484403,-4.544921875,-4.86419677734375,2.134124755859375,-0.92333984375,-1.9260787963867188,-1.798904418945284,-13.290382385253906,-16.109790802001946,-0.1920113563537597,9.13094711303711,12.522628784179673,-11.426849365234375,-3.682512640953064,7.036048889160156,0.0002846395946107805,0.00037057697772981124,0.00037057697772981124,3.0543330112061433,-0.6552666929309543,0.3262425365727596
