,Unnamed: 0,left_eyebrow_18x,left_eyebrow_18y,left_eyebrow_20x,left_eyebrow_20y,left_eyebrow_22x,left_eyebrow_22y,right_eyebrow_23x,right_eyebrow_23y,right_eyebrow_25x,right_eyebrow_25y,right_eyebrow_27x,right_eyebrow_27y,left_eye38_x,left_eye38_y,right_eye45_x,right_eye45_y,left_lip49_x,left_lip49_y,lip_center_upper52_x,lip_center_upper52_y,right_lip55_x,right_lip55_y,lip_center_lower58_x,lip_center_lower58_y,trans_x,trans_y,trans_z,rot_x,rot_y,rot_z
0,0,-1.013504028320341,6.6714935302734375,9.569900512695327,3.941085815429716,30.817227363586426,-4.485321044921875,23.668472290039062,-8.420669555664062,-4.566566467285128,-17.214126586914006,-43.108154296875,-32.15562438964841,3.2575759887695455,11.113082885742188,-10.423873901367188,6.628387451171875,-42.81523132324217,-37.82614707946777,30.901527404785156,14.193872451782223,-9.867179870605469,-1.3174667358398509,15.013886153697968,10.802604675292969,-0.025901749497279525,-0.009964585304260254,-0.009964585304260254,3.387581718234038,-34.91333446109334,-1.2128548697135761
