,Unnamed: 0,left_eyebrow_18x,left_eyebrow_18y,left_eyebrow_20x,left_eyebrow_20y,left_eyebrow_22x,left_eyebrow_22y,right_eyebrow_23x,right_eyebrow_23y,right_eyebrow_25x,right_eyebrow_25y,right_eyebrow_27x,right_eyebrow_27y,left_eye38_x,left_eye38_y,right_eye45_x,right_eye45_y,left_lip49_x,left_lip49_y,lip_center_upper52_x,lip_center_upper52_y,right_lip55_x,right_lip55_y,lip_center_lower58_x,lip_center_lower58_y,trans_x,trans_y,trans_z,rot_x,rot_y,rot_z
0,0,1.6552734375,1.9087219238280966,9.627029418945312,-1.4166412353515625,27.108144760131836,-1.4068756103515625,25.929859161376953,-1.47369384765625,3.49981689453125,-21.175674438476562,-29.611495971679688,-36.273834228515625,2.2802200317382812,9.663009643554688,-12.237464904785142,10.19195556640625,-48.130470275878906,-41.51010322570801,25.031993929296732,0.3341369628906321,-14.597061157226562,-15.870281219482422,13.91093635559082,21.89189910888672,-0.026086248457431793,-0.02164258062839508,-0.02164258062839508,3.1743243309107645,-39.534732606900135,0.6208340164451931
