,Unnamed: 0,left_eyebrow_18x,left_eyebrow_18y,left_eyebrow_20x,left_eyebrow_20y,left_eyebrow_22x,left_eyebrow_22y,right_eyebrow_23x,right_eyebrow_23y,right_eyebrow_25x,right_eyebrow_25y,right_eyebrow_27x,right_eyebrow_27y,left_eye38_x,left_eye38_y,right_eye45_x,right_eye45_y,left_lip49_x,left_lip49_y,lip_center_upper52_x,lip_center_upper52_y,right_lip55_x,right_lip55_y,lip_center_lower58_x,lip_center_lower58_y,trans_x,trans_y,trans_z,rot_x,rot_y,rot_z
0,0,3.316192626953125,-3.7880401611328125,0.9685592651367188,-5.864242553710966,-1.7307167053222656,-4.062744140624972,0.5659103393554688,-3.988723754882841,-0.4436492919921875,-4.3444061279296875,-0.9820556640625,-1.615036010742216,-0.5329742431640625,1.768936157226591,-1.7482299804687358,2.155853271484375,-3.9533309936523438,-3.9440460205078196,2.013590276241302,4.013393402099609,8.729339599609375,-6.4228668212890625,2.5854413211345673,2.066558837890625,0.0013923320220783349,0.003406384959816936,0.003406384959816936,-2.140764595839946,-2.0102715547316476,-0.74844929323449
