,Unnamed: 0,left_eyebrow_18x,left_eyebrow_18y,left_eyebrow_20x,left_eyebrow_20y,left_eyebrow_22x,left_eyebrow_22y,right_eyebrow_23x,right_eyebrow_23y,right_eyebrow_25x,right_eyebrow_25y,right_eyebrow_27x,right_eyebrow_27y,left_eye38_x,left_eye38_y,right_eye45_x,right_eye45_y,left_lip49_x,left_lip49_y,lip_center_upper52_x,lip_center_upper52_y,right_lip55_x,right_lip55_y,lip_center_lower58_x,lip_center_lower58_y,trans_x,trans_y,trans_z,rot_x,rot_y,rot_z
0,0,-2.678298950195284,5.411407470703125,0.8221817016601705,-0.93841552734375,10.521358489990234,-4.499359130859403,11.277713775634766,-5.6216583251953125,1.7442779541015625,-11.485015869140625,-12.143707275390625,-15.371017456054688,-1.4104766845703125,5.16131591796875,-6.173011779785156,4.68280029296875,-22.699661254882812,-27.44945526123047,13.1328187584877,1.1782035827636648,-2.949951171875,-1.1202583312988281,11.176984578371048,3.765594482421861,-0.007731503341346978,-0.014529258012771606,-0.014529258012771606,-2.452594851593413,-26.991395930621643,1.6827488441421126
