,Unnamed: 0,left_eyebrow_18x,left_eyebrow_18y,left_eyebrow_20x,left_eyebrow_20y,left_eyebrow_22x,left_eyebrow_22y,right_eyebrow_23x,right_eyebrow_23y,right_eyebrow_25x,right_eyebrow_25y,right_eyebrow_27x,right_eyebrow_27y,left_eye38_x,left_eye38_y,right_eye45_x,right_eye45_y,left_lip49_x,left_lip49_y,lip_center_upper52_x,lip_center_upper52_y,right_lip55_x,right_lip55_y,lip_center_lower58_x,lip_center_lower58_y,trans_x,trans_y,trans_z,rot_x,rot_y,rot_z
0,0,5.8525390625,-2.3402862548828125,0.8319091796875,-5.8719482421875,-4.329502105712891,-2.1177673339843466,-1.0521430969238281,-2.6186828613281534,-2.45635986328125,-2.4603881835937784,-1.9358673095703125,0.20111083984372158,-1.6348800659179545,0.206146240234375,-0.3843231201171733,1.3799896240234375,-6.398750305175767,-6.1167755126953125,-1.475652724504471,10.660411834716804,11.495506286621094,-12.068069458007812,1.6455749720335007,6.779212951660156,-0.0005313791334629059,0.0005243197083473206,0.0005243197083473206,2.569169901209536,-0.02114038191616574,-0.8493210031489654
