,Unnamed: 0,left_eyebrow_18x,left_eyebrow_18y,left_eyebrow_20x,left_eyebrow_20y,left_eyebrow_22x,left_eyebrow_22y,right_eyebrow_23x,right_eyebrow_23y,right_eyebrow_25x,right_eyebrow_25y,right_eyebrow_27x,right_eyebrow_27y,left_eye38_x,left_eye38_y,right_eye45_x,right_eye45_y,left_lip49_x,left_lip49_y,lip_center_upper52_x,lip_center_upper52_y,right_lip55_x,right_lip55_y,lip_center_lower58_x,lip_center_lower58_y,trans_x,trans_y,trans_z,rot_x,rot_y,rot_z
0,0,-2.704269409179716,7.56549072265625,9.763755798339844,6.6708984375,34.800134897232056,-1.5377960205078125,28.879287719726562,-3.305191040039091,4.8544769287109375,-14.542526245117188,-33.77958679199219,-33.12899780273435,7.1481170654296875,7.958786010742159,-16.045196533203125,4.663726806640625,-39.49036407470703,-36.00856971740723,30.749191284179688,5.41856765747071,-24.159027099609375,-2.8709373474121094,17.43439769744873,12.644706726074219,-0.04694229664892192,-0.008505836129188538,-0.008505836129188538,1.0127893051399903,-34.48470918935378,-1.2298442584457985
