,Unnamed: 0,left_eyebrow_18x,left_eyebrow_18y,left_eyebrow_20x,left_eyebrow_20y,left_eyebrow_22x,left_eyebrow_22y,right_eyebrow_23x,right_eyebrow_23y,right_eyebrow_25x,right_eyebrow_25y,right_eyebrow_27x,right_eyebrow_27y,left_eye38_x,left_eye38_y,right_eye45_x,right_eye45_y,left_lip49_x,left_lip49_y,lip_center_upper52_x,lip_center_upper52_y,right_lip55_x,right_lip55_y,lip_center_lower58_x,lip_center_lower58_y,trans_x,trans_y,trans_z,rot_x,rot_y,rot_z
0,0,0.1868438720703125,3.57354736328125,2.458572387695284,1.293319702148466,10.862632751464844,-2.5679168701171875,16.69295120239257,-1.431640625,0.4333801269531534,-8.66761779785162,-16.64489746093753,-23.138458251953125,0.804779052734375,6.5459442138671875,-5.81817626953125,9.27752685546875,-28.85248565673828,-29.40682601928711,13.84749984741211,2.04815673828125,-8.254570007324219,-2.1997108459472656,9.140923023223879,1.7570419311523438,-0.015697456430643797,-0.01660117134451866,-0.01660117134451866,-0.12998872010202067,-19.385474184929954,-0.006892148820774602
