,Unnamed: 0,left_eyebrow_18x,left_eyebrow_18y,left_eyebrow_20x,left_eyebrow_20y,left_eyebrow_22x,left_eyebrow_22y,right_eyebrow_23x,right_eyebrow_23y,right_eyebrow_25x,right_eyebrow_25y,right_eyebrow_27x,right_eyebrow_27y,left_eye38_x,left_eye38_y,right_eye45_x,right_eye45_y,left_lip49_x,left_lip49_y,lip_center_upper52_x,lip_center_upper52_y,right_lip55_x,right_lip55_y,lip_center_lower58_x,lip_center_lower58_y,trans_x,trans_y,trans_z,rot_x,rot_y,rot_z
0,0,0.616455078125,2.282196044921875,3.8687057495117188,4.358306884765625,9.54391098022461,-0.5849914550781534,21.373458862304688,-2.3121337890625,4.848541259765625,-8.653488159179716,-14.410018920898409,-17.99212646484378,-1.1768035888671875,5.273590087890625,-7.789344787597656,4.1667022705078125,-18.854293823242188,-26.75898551940919,13.894052028656006,7.253618240356449,-10.484657287597642,-7.326446533203132,9.771261692047117,5.306358337402358,-0.01372094498947263,-0.03929424821399152,-0.03929424821399152,-2.4345374030698945,-19.098356139341416,3.6396175090095584
