,Unnamed: 0,left_eyebrow_18x,left_eyebrow_18y,left_eyebrow_20x,left_eyebrow_20y,left_eyebrow_22x,left_eyebrow_22y,right_eyebrow_23x,right_eyebrow_23y,right_eyebrow_25x,right_eyebrow_25y,right_eyebrow_27x,right_eyebrow_27y,left_eye38_x,left_eye38_y,right_eye45_x,right_eye45_y,left_lip49_x,left_lip49_y,lip_center_upper52_x,lip_center_upper52_y,right_lip55_x,right_lip55_y,lip_center_lower58_x,lip_center_lower58_y,trans_x,trans_y,trans_z,rot_x,rot_y,rot_z
0,0,2.235260009765625,-1.715225219726534,-0.5132141113281534,-4.3434295654296875,0.10335922241210938,-2.205337524414034,-1.9103469848632812,-1.4756317138671875,-0.8055801391601562,-5.17645263671875,-0.88568115234375,-0.6808013916015341,1.3057861328125142,-1.21295166015625,-0.26566314697264204,-1.413360595703125,-7.276496887207031,-4.3153533935546875,-1.3795198798179626,4.855506896972656,8.906234741210938,-8.054466247558594,-1.9035202860832214,-3.4059371948242188,-0.001875212590675801,0.0022325478494167397,0.0022325478494167397,4.401643135374143,1.1261117389744892,-0.41881509821782265
