,Unnamed: 0,left_eyebrow_18x,left_eyebrow_18y,left_eyebrow_20x,left_eyebrow_20y,left_eyebrow_22x,left_eyebrow_22y,right_eyebrow_23x,right_eyebrow_23y,right_eyebrow_25x,right_eyebrow_25y,right_eyebrow_27x,right_eyebrow_27y,left_eye38_x,left_eye38_y,right_eye45_x,right_eye45_y,left_lip49_x,left_lip49_y,lip_center_upper52_x,lip_center_upper52_y,right_lip55_x,right_lip55_y,lip_center_lower58_x,lip_center_lower58_y,trans_x,trans_y,trans_z,rot_x,rot_y,rot_z
0,0,-15.144622802734347,13.654678344726562,9.069458007812486,5.333663940429659,44.990400314331055,0.66943359375,30.999126434326172,1.4634857177734375,-7.236747741699219,-1.1329345703125,-52.410614013671875,-28.251205444335938,6.636466979980469,-0.389923095703125,-17.81401824951172,-1.56884765625,-24.059181213378906,-29.108789443969727,37.28033024072648,8.83514404296875,-40.835777282714844,5.1166954040527415,22.182642728090283,1.5235595703125,-0.04196694819256664,-0.013870485126972198,-0.013870485126972198,4.243475027349407,-47.64837423281937,2.725072142290551
