,Unnamed: 0,left_eyebrow_18x,left_eyebrow_18y,left_eyebrow_20x,left_eyebrow_20y,left_eyebrow_22x,left_eyebrow_22y,right_eyebrow_23x,right_eyebrow_23y,right_eyebrow_25x,right_eyebrow_25y,right_eyebrow_27x,right_eyebrow_27y,left_eye38_x,left_eye38_y,right_eye45_x,right_eye45_y,left_lip49_x,left_lip49_y,lip_center_upper52_x,lip_center_upper52_y,right_lip55_x,right_lip55_y,lip_center_lower58_x,lip_center_lower58_y,trans_x,trans_y,trans_z,rot_x,rot_y,rot_z
0,0,-15.068359375,7.6573333740234375,15.379005432128935,-5.2624053955078125,53.30004596710205,-8.739166259765597,33.58607864379883,-5.986984252929716,-9.223594665527372,-14.04620361328125,-59.05165100097656,-25.483795166015625,13.752769470214844,11.247360229492188,-17.060546875,4.848449707031222,-24.646377563476562,-20.058279037475586,37.209663510322564,2.1899261474609375,-26.497428894042983,-4.225944519042969,14.107661157846449,13.252182006835923,-0.030964309582486756,0.002267293632030473,0.002267293632030473,2.9373085502182015,-39.758630786285046,-2.811541759865123
