,Unnamed: 0,left_eyebrow_18x,left_eyebrow_18y,left_eyebrow_20x,left_eyebrow_20y,left_eyebrow_22x,left_eyebrow_22y,right_eyebrow_23x,right_eyebrow_23y,right_eyebrow_25x,right_eyebrow_25y,right_eyebrow_27x,right_eyebrow_27y,left_eye38_x,left_eye38_y,right_eye45_x,right_eye45_y,left_lip49_x,left_lip49_y,lip_center_upper52_x,lip_center_upper52_y,right_lip55_x,right_lip55_y,lip_center_lower58_x,lip_center_lower58_y,trans_x,trans_y,trans_z,rot_x,rot_y,rot_z
0,0,-0.100830078125,3.897445678710909,3.2944488525390625,4.332641601562528,9.64093017578125,-0.8714141845703125,16.328365325927727,-1.6580505371094034,2.45782470703125,-3.4867095947265625,-11.238510131835909,-12.344955444335966,-1.836708068847642,4.0695343017578125,-6.3565521240234375,3.2357025146484375,-14.691871643066406,-22.756866455078132,13.654268741607666,3.2576198577880824,-6.650299072265597,-4.604434967041023,11.779524326324463,23.29446411132811,-0.009802107233554125,-0.018699237843975425,-0.018699237843975425,-1.350487009638138,-21.14693371661533,1.0172322007525814
