,Unnamed: 0,left_eyebrow_18x,left_eyebrow_18y,left_eyebrow_20x,left_eyebrow_20y,left_eyebrow_22x,left_eyebrow_22y,right_eyebrow_23x,right_eyebrow_23y,right_eyebrow_25x,right_eyebrow_25y,right_eyebrow_27x,right_eyebrow_27y,left_eye38_x,left_eye38_y,right_eye45_x,right_eye45_y,left_lip49_x,left_lip49_y,lip_center_upper52_x,lip_center_upper52_y,right_lip55_x,right_lip55_y,lip_center_lower58_x,lip_center_lower58_y,trans_x,trans_y,trans_z,rot_x,rot_y,rot_z
0,0,2.73211669921875,-3.4726409912109375,-1.5216293334960938,-7.993728637695341,-2.0970458984375,-4.205245971679716,1.4130439758300781,-4.096466064453125,2.5365142822265625,-10.568069458007812,0.2550048828125284,-1.231948852539091,0.9368362426757812,1.127899169921875,-3.3191146850585938,1.4097900390625,-5.2844085693359375,-14.534664154052741,-0.11735701560974121,7.609052658081058,6.865394592285156,-20.175853729248054,0.6782593727111816,3.5557861328125,0.000794663093984127,-0.022248165449127555,-0.022248165449127555,-0.3248839712776035,1.3673925444993924,2.8540144868427015
