,Unnamed: 0,left_eyebrow_18x,left_eyebrow_18y,left_eyebrow_20x,left_eyebrow_20y,left_eyebrow_22x,left_eyebrow_22y,right_eyebrow_23x,right_eyebrow_23y,right_eyebrow_25x,right_eyebrow_25y,right_eyebrow_27x,right_eyebrow_27y,left_eye38_x,left_eye38_y,right_eye45_x,right_eye45_y,left_lip49_x,left_lip49_y,lip_center_upper52_x,lip_center_upper52_y,right_lip55_x,right_lip55_y,lip_center_lower58_x,lip_center_lower58_y,trans_x,trans_y,trans_z,rot_x,rot_y,rot_z
0,0,3.5705718994140625,-0.1143341064453125,1.0916061401367188,-11.434143066406222,-0.8340988159179688,-4.9407501220703125,-1.6396331787109375,-8.364135742187528,4.0753936767578125,-15.697296142578125,0.589874267578125,4.96484375,2.4569931030273438,0.3028411865234375,-3.620735168457017,-1.306610107421875,-12.331779479980455,-10.443687438964844,-3.4932863712310787,6.914619445800788,15.145828247070312,-14.592166900634766,-1.827007070183754,9.1605224609375,-0.0010771739543997683,0.0024315789341926575,0.0024315789341926575,0.7662258289578032,1.643959968846414,0.8961104014125405
