,Unnamed: 0,left_eyebrow_18x,left_eyebrow_18y,left_eyebrow_20x,left_eyebrow_20y,left_eyebrow_22x,left_eyebrow_22y,right_eyebrow_23x,right_eyebrow_23y,right_eyebrow_25x,right_eyebrow_25y,right_eyebrow_27x,right_eyebrow_27y,left_eye38_x,left_eye38_y,right_eye45_x,right_eye45_y,left_lip49_x,left_lip49_y,lip_center_upper52_x,lip_center_upper52_y,right_lip55_x,right_lip55_y,lip_center_lower58_x,lip_center_lower58_y,trans_x,trans_y,trans_z,rot_x,rot_y,rot_z
0,0,2.3303680419921875,1.654632568359375,-5.2860107421875,-8.346710205078125,-2.4491615295410156,-5.817367553710966,1.214630126953118,-5.62176513671875,0.4891204833984375,-10.733627319335938,-3.594207763671875,-2.8602447509765625,1.52154541015625,3.86376953125,0.0185546875,3.0506134033203125,-16.702529907226562,-13.997516632080078,3.7095779180526733,-0.3342247009277344,0.25336456298828125,-8.081756591796875,3.430428981781006,-0.718536376953125,0.00024482957087457223,-0.0025638118386268616,-0.0025638118386268616,-4.301213718068038,0.9235160326504486,0.5506162569792659
