,Unnamed: 0,left_eyebrow_18x,left_eyebrow_18y,left_eyebrow_20x,left_eyebrow_20y,left_eyebrow_22x,left_eyebrow_22y,right_eyebrow_23x,right_eyebrow_23y,right_eyebrow_25x,right_eyebrow_25y,right_eyebrow_27x,right_eyebrow_27y,left_eye38_x,left_eye38_y,right_eye45_x,right_eye45_y,left_lip49_x,left_lip49_y,lip_center_upper52_x,lip_center_upper52_y,right_lip55_x,right_lip55_y,lip_center_lower58_x,lip_center_lower58_y,trans_x,trans_y,trans_z,rot_x,rot_y,rot_z
0,0,2.8660888671875,-1.3809051513671875,-1.1452331542968466,-14.830459594726591,0.9776916503906321,-10.030364990234375,-1.36663818359375,-9.419189453125057,3.1995239257812216,-18.530593872070312,-1.734298706054716,0.981109619140625,3.3199691772460938,1.245361328125,-3.3951873779296875,-0.5910186767578693,-14.518508911132812,-22.920314788818363,0.5969862341880798,-0.014705657958984375,15.780647277832017,-24.297063827514645,-1.0567225515842438,21.338317871093736,-0.0013787696370854976,0.00594953075051307,0.00594953075051307,0.9939681007583498,2.1249837198671275,-0.48324953111789704
