,Unnamed: 0,left_eyebrow_18x,left_eyebrow_18y,left_eyebrow_20x,left_eyebrow_20y,left_eyebrow_22x,left_eyebrow_22y,right_eyebrow_23x,right_eyebrow_23y,right_eyebrow_25x,right_eyebrow_25y,right_eyebrow_27x,right_eyebrow_27y,left_eye38_x,left_eye38_y,right_eye45_x,right_eye45_y,left_lip49_x,left_lip49_y,lip_center_upper52_x,lip_center_upper52_y,right_lip55_x,right_lip55_y,lip_center_lower58_x,lip_center_lower58_y,trans_x,trans_y,trans_z,rot_x,rot_y,rot_z
0,0,-4.2133941650390625,10.878067016601591,4.37694549560544,2.9084014892578125,30.83297348022461,-3.8847503662109375,20.020923614501953,0.62646484375,2.8855590820312216,-9.56683349609375,-24.523651123046875,-23.14842224121091,3.111083984375,3.69769287109375,-12.26198577880858,4.2443695068359375,-30.685005187988267,-24.49443435668945,25.684404850006104,10.563770294189453,-20.814247131347656,6.024631500244141,15.457338392734526,2.3292465209960938,-0.045889464439824224,-0.010472115129232407,-0.010472115129232407,-1.73126580230354,-30.988777943451538,-3.0536239815925166
