,Unnamed: 0,left_eyebrow_18x,left_eyebrow_18y,left_eyebrow_20x,left_eyebrow_20y,left_eyebrow_22x,left_eyebrow_22y,right_eyebrow_23x,right_eyebrow_23y,right_eyebrow_25x,right_eyebrow_25y,right_eyebrow_27x,right_eyebrow_27y,left_eye38_x,left_eye38_y,right_eye45_x,right_eye45_y,left_lip49_x,left_lip49_y,lip_center_upper52_x,lip_center_upper52_y,right_lip55_x,right_lip55_y,lip_center_lower58_x,lip_center_lower58_y,trans_x,trans_y,trans_z,rot_x,rot_y,rot_z
0,0,-5.686141967773466,5.828796386718778,4.1375885009765625,7.6428985595703125,24.376640319824226,0.6670684814453125,22.015220642089858,1.344711303710966,-2.005859375,-9.907333374023409,-27.15612792968747,-24.904876708984347,-2.993560791015625,2.4875030517578125,-15.558441162109375,2.0093994140624716,-15.946464538574219,-26.14275360107422,38.362231731414795,9.344661712646484,-15.967796325683594,10.296981811523438,28.59801769256592,10.878913879394517,-0.01728347083553672,0.014394011348485947,0.014394011348485947,5.00733418652586,-45.86486109303251,-3.1233757780981275
