,Unnamed: 0,left_eyebrow_18x,left_eyebrow_18y,left_eyebrow_20x,left_eyebrow_20y,left_eyebrow_22x,left_eyebrow_22y,right_eyebrow_23x,right_eyebrow_23y,right_eyebrow_25x,right_eyebrow_25y,right_eyebrow_27x,right_eyebrow_27y,left_eye38_x,left_eye38_y,right_eye45_x,right_eye45_y,left_lip49_x,left_lip49_y,lip_center_upper52_x,lip_center_upper52_y,right_lip55_x,right_lip55_y,lip_center_lower58_x,lip_center_lower58_y,trans_x,trans_y,trans_z,rot_x,rot_y,rot_z
0,0,6.952896118164091,8.900039672851506,1.1068954467773295,1.9583129882812784,4.634971618652351,-6.181274414062528,10.159446716308587,-8.294784545898409,8.217445373535156,-14.345687866210909,-8.212799072265625,0.6490936279296875,-4.208396911621094,1.2684020996094034,-4.128700256347656,-4.656494140625,-22.71022033691409,-21.960723876953125,8.261678814888,-1.8741493225097656,-3.9651336669921875,-9.37272644042968,9.394639730453491,28.271957397460938,-0.009653479559347034,-0.008371364325284972,-0.008371364325284972,-3.93982300826,-20.310315418140696,0.9350378982835268
