,Unnamed: 0,left_eyebrow_18x,left_eyebrow_18y,left_eyebrow_20x,left_eyebrow_20y,left_eyebrow_22x,left_eyebrow_22y,right_eyebrow_23x,right_eyebrow_23y,right_eyebrow_25x,right_eyebrow_25y,right_eyebrow_27x,right_eyebrow_27y,left_eye38_x,left_eye38_y,right_eye45_x,right_eye45_y,left_lip49_x,left_lip49_y,lip_center_upper52_x,lip_center_upper52_y,right_lip55_x,right_lip55_y,lip_center_lower58_x,lip_center_lower58_y,trans_x,trans_y,trans_z,rot_x,rot_y,rot_z
0,0,1.6944580078125284,2.4192504882812784,0.3857879638672017,0.3446350097656534,7.78700256347657,-2.22125244140625,11.824577331542969,-4.312835693359347,3.53857421875,-7.8239898681640625,-10.275802612304716,-14.098449707031222,-2.9746627807617188,6.3604583740234375,-4.49676513671875,5.12689208984375,-22.359962463378906,-27.332695007324222,9.339211735874414,5.881191253662109,-6.2107391357421875,-8.30301284790039,10.981628954410553,9.700515747070312,-0.01728272286709398,-0.02580171450972557,-0.02580171450972557,-0.6731995688337555,-13.558572459223864,0.7057814522964098
