,Unnamed: 0,left_eyebrow_18x,left_eyebrow_18y,left_eyebrow_20x,left_eyebrow_20y,left_eyebrow_22x,left_eyebrow_22y,right_eyebrow_23x,right_eyebrow_23y,right_eyebrow_25x,right_eyebrow_25y,right_eyebrow_27x,right_eyebrow_27y,left_eye38_x,left_eye38_y,right_eye45_x,right_eye45_y,left_lip49_x,left_lip49_y,lip_center_upper52_x,lip_center_upper52_y,right_lip55_x,right_lip55_y,lip_center_lower58_x,lip_center_lower58_y,trans_x,trans_y,trans_z,rot_x,rot_y,rot_z
0,0,-5.580322265625,10.04742431640625,6.028388977050781,-1.41912841796875,30.714576721191406,-5.9893341064453125,28.604747772216797,-3.979217529296932,9.630661010742188,-19.233795166015653,-27.527725219726562,-26.960037231445284,4.049659729003892,3.003799438476591,-19.162155151367188,0.851226806640625,-32.236419677734375,-33.85756492614746,27.17015755176544,1.8286476135253906,-12.476219177246094,-4.4611968994140625,15.737218022346497,15.322273254394545,-0.03867651184555143,0.0028502941131591797,0.0028502941131591797,-6.2276232495970705,-29.727835179131265,-2.3283162439878007
