,Unnamed: 0,left_eyebrow_18x,left_eyebrow_18y,left_eyebrow_20x,left_eyebrow_20y,left_eyebrow_22x,left_eyebrow_22y,right_eyebrow_23x,right_eyebrow_23y,right_eyebrow_25x,right_eyebrow_25y,right_eyebrow_27x,right_eyebrow_27y,left_eye38_x,left_eye38_y,right_eye45_x,right_eye45_y,left_lip49_x,left_lip49_y,lip_center_upper52_x,lip_center_upper52_y,right_lip55_x,right_lip55_y,lip_center_lower58_x,lip_center_lower58_y,trans_x,trans_y,trans_z,rot_x,rot_y,rot_z
0,0,1.1061096191405966,4.0930633544921875,-0.0345916748046875,-0.8466949462890909,3.6979217529296804,-4.191390991210909,12.290046691894538,-5.349639892578153,2.551193237304716,-9.090286254882812,-13.058944702148438,-11.641845703125,-0.3212127685547017,2.0723114013671875,-0.6263198852539062,1.994735717773409,-20.633377075195312,-17.49331283569336,10.318930864334106,5.990058898925781,3.1043777465820312,-0.8406944274902344,9.87027359008789,-0.22141265869139204,-0.015880804625339803,-0.021796399727463722,-0.021796399727463722,-2.267121419316006,-14.722049382986196,0.4380780341564158
