,Unnamed: 0,left_eyebrow_18x,left_eyebrow_18y,left_eyebrow_20x,left_eyebrow_20y,left_eyebrow_22x,left_eyebrow_22y,right_eyebrow_23x,right_eyebrow_23y,right_eyebrow_25x,right_eyebrow_25y,right_eyebrow_27x,right_eyebrow_27y,left_eye38_x,left_eye38_y,right_eye45_x,right_eye45_y,left_lip49_x,left_lip49_y,lip_center_upper52_x,lip_center_upper52_y,right_lip55_x,right_lip55_y,lip_center_lower58_x,lip_center_lower58_y,trans_x,trans_y,trans_z,rot_x,rot_y,rot_z
0,0,2.76861572265625,-4.172317504882784,-0.8244018554687784,-4.0107269287109375,-2.4402732849121094,-0.3144989013671875,-0.79327392578125,2.264022827148409,-4.99700164794919,-2.006439208984375,-3.7037048339843466,-5.627563476562472,-0.12796783447267046,-0.12756347656247158,-0.440704345703125,1.4825439453124716,-6.665031433105469,-10.798408508300788,1.5418665409088135,5.774330139160163,10.317924499511719,-9.994770050048828,1.6019069999456406,7.3074874877929545,0.0019304451998323198,0.0017040632665157318,0.0017040632665157318,3.845261594750556,-2.2750270235187626,-0.866217468264848
