,Unnamed: 0,left_eyebrow_18x,left_eyebrow_18y,left_eyebrow_20x,left_eyebrow_20y,left_eyebrow_22x,left_eyebrow_22y,right_eyebrow_23x,right_eyebrow_23y,right_eyebrow_25x,right_eyebrow_25y,right_eyebrow_27x,right_eyebrow_27y,left_eye38_x,left_eye38_y,right_eye45_x,right_eye45_y,left_lip49_x,left_lip49_y,lip_center_upper52_x,lip_center_upper52_y,right_lip55_x,right_lip55_y,lip_center_lower58_x,lip_center_lower58_y,trans_x,trans_y,trans_z,rot_x,rot_y,rot_z
0,0,3.860092163085966,3.265487670898409,-0.15874481201171875,-8.062088012695312,0.097808837890625,-6.6789703369140625,-0.08334732055664773,-5.5932464599609375,2.8285369873046733,-8.151412963867159,-1.1845855712890625,4.6472015380859375,-0.29524993896484375,-0.4110107421875,-1.425537109375,-1.013092041015625,-8.253166198730483,-15.4000244140625,-0.80869996547699,-2.305694580078125,9.73648071289064,-18.58345413208007,-1.33589506149292,27.38134765625,-0.0007530992152169349,-0.0013486482203006744,-0.0013486482203006744,0.5646151208480257,0.18650332830085103,-0.12971311097910487
