,Unnamed: 0,left_eyebrow_18x,left_eyebrow_18y,left_eyebrow_20x,left_eyebrow_20y,left_eyebrow_22x,left_eyebrow_22y,right_eyebrow_23x,right_eyebrow_23y,right_eyebrow_25x,right_eyebrow_25y,right_eyebrow_27x,right_eyebrow_27y,left_eye38_x,left_eye38_y,right_eye45_x,right_eye45_y,left_lip49_x,left_lip49_y,lip_center_upper52_x,lip_center_upper52_y,right_lip55_x,right_lip55_y,lip_center_lower58_x,lip_center_lower58_y,trans_x,trans_y,trans_z,rot_x,rot_y,rot_z
0,0,-3.2183074951171875,3.017974853515625,1.0212783813476562,-1.0094451904296875,10.63688850402832,-2.8678588867187216,10.958816528320312,-3.5130004882812784,3.9384918212890625,-10.784255981445312,-5.870513916015625,-16.15275573730466,1.0386276245117188,1.1868286132812784,-8.326370239257812,0.3992156982421875,-22.681976318359375,-32.24458885192871,9.375921368598938,-0.9305000305175781,-5.680122375488267,-12.328121185302734,8.045855164527893,16.364051818847685,-0.023190405569039285,-0.01084195077419281,-0.01084195077419281,-0.8947931678330008,-11.538133065058751,-0.5032305403301345
