,Unnamed: 0,left_eyebrow_18x,left_eyebrow_18y,left_eyebrow_20x,left_eyebrow_20y,left_eyebrow_22x,left_eyebrow_22y,right_eyebrow_23x,right_eyebrow_23y,right_eyebrow_25x,right_eyebrow_25y,right_eyebrow_27x,right_eyebrow_27y,left_eye38_x,left_eye38_y,right_eye45_x,right_eye45_y,left_lip49_x,left_lip49_y,lip_center_upper52_x,lip_center_upper52_y,right_lip55_x,right_lip55_y,lip_center_lower58_x,lip_center_lower58_y,trans_x,trans_y,trans_z,rot_x,rot_y,rot_z
0,0,3.5077819824219034,-1.0962982177734375,1.375686645507841,-5.844848632812528,0.8137397766113281,-3.0338897705078125,1.0228004455566406,-5.94830322265625,2.225433349609375,-7.1396636962890625,-3.612289428710909,-1.5304412841796875,0.42696380615234375,1.7987060546875,0.5053634643554545,2.3260650634765625,-11.969032287597656,-10.516380310058587,-0.5136601403355598,-8.993061065673828,12.991424560546875,-9.64089584350586,0.23308901488780975,19.02847290039061,0.0005567893385887155,-0.001653280109167099,-0.001653280109167099,-1.0045810847104581,0.26029357813715115,1.2094774491086584
