,Unnamed: 0,left_eyebrow_18x,left_eyebrow_18y,left_eyebrow_20x,left_eyebrow_20y,left_eyebrow_22x,left_eyebrow_22y,right_eyebrow_23x,right_eyebrow_23y,right_eyebrow_25x,right_eyebrow_25y,right_eyebrow_27x,right_eyebrow_27y,left_eye38_x,left_eye38_y,right_eye45_x,right_eye45_y,left_lip49_x,left_lip49_y,lip_center_upper52_x,lip_center_upper52_y,right_lip55_x,right_lip55_y,lip_center_lower58_x,lip_center_lower58_y,trans_x,trans_y,trans_z,rot_x,rot_y,rot_z
0,0,-0.01177978515625,7.452209472656222,3.898048400878892,2.778594970703125,21.188737869262702,-4.6922607421875,16.87820434570314,1.5151824951171875,-3.3363037109375,-7.246551513671875,-22.896133422851562,-28.148056030273494,0.7240295410156108,8.873443603515625,-11.779617309570298,11.457550048828125,-37.52795410156246,-39.61433792114258,26.158586621284485,8.817958831787102,-15.780708312988281,-5.520145416259766,15.415846198797226,24.384811401367188,-0.05708976926689502,-0.002397462725639357,-0.002397462725639357,-0.04600840179989252,-30.58323379643794,-1.5971643690750386
