,Unnamed: 0,left_eyebrow_18x,left_eyebrow_18y,left_eyebrow_20x,left_eyebrow_20y,left_eyebrow_22x,left_eyebrow_22y,right_eyebrow_23x,right_eyebrow_23y,right_eyebrow_25x,right_eyebrow_25y,right_eyebrow_27x,right_eyebrow_27y,left_eye38_x,left_eye38_y,right_eye45_x,right_eye45_y,left_lip49_x,left_lip49_y,lip_center_upper52_x,lip_center_upper52_y,right_lip55_x,right_lip55_y,lip_center_lower58_x,lip_center_lower58_y,trans_x,trans_y,trans_z,rot_x,rot_y,rot_z
0,0,0.7308044433594034,-0.7343597412109659,-3.471282958984375,-9.369354248046875,-3.732799530029297,-5.7581329345703125,6.760478973388672,-6.709625244140625,4.3485183715820455,-10.961456298828153,-2.7603759765625,-2.057174682617159,0.3309173583984375,0.71551513671875,-1.78240966796875,1.0203704833984375,-7.119224548339844,-21.350440979003906,-1.7982094287872314,13.814044952392582,10.005760192871094,-17.982196807861328,0.2625840902328491,1.2894668579101562,0.0012266010744497184,0.0035082995891571045,0.0035082995891571045,2.620743246834733,-1.7222379057780774,0.09355698441099958
