,Unnamed: 0,left_eyebrow_18x,left_eyebrow_18y,left_eyebrow_20x,left_eyebrow_20y,left_eyebrow_22x,left_eyebrow_22y,right_eyebrow_23x,right_eyebrow_23y,right_eyebrow_25x,right_eyebrow_25y,right_eyebrow_27x,right_eyebrow_27y,left_eye38_x,left_eye38_y,right_eye45_x,right_eye45_y,left_lip49_x,left_lip49_y,lip_center_upper52_x,lip_center_upper52_y,right_lip55_x,right_lip55_y,lip_center_lower58_x,lip_center_lower58_y,trans_x,trans_y,trans_z,rot_x,rot_y,rot_z
0,0,6.7205810546875,12.989212036132841,-10.340431213378892,-7.8967437744140625,-9.20114517211914,-17.9564208984375,9.22905349731446,-14.65800476074213,8.752914428710938,-8.701568603515653,-4.8534393310546875,12.645767211914091,1.421875,6.714279174804659,0.00817108154296875,7.034637451171875,-12.371772766113281,-12.10123062133789,0.9877947568893432,-12.070377349853516,14.507545471191406,-14.667285919189453,0.6625496558845043,23.553184509277358,-0.002835980849340558,0.0055029913783073425,0.0055029913783073425,-9.37008183311404,0.33753642465938777,-3.477644810988938
