,Unnamed: 0,left_eyebrow_18x,left_eyebrow_18y,left_eyebrow_20x,left_eyebrow_20y,left_eyebrow_22x,left_eyebrow_22y,right_eyebrow_23x,right_eyebrow_23y,right_eyebrow_25x,right_eyebrow_25y,right_eyebrow_27x,right_eyebrow_27y,left_eye38_x,left_eye38_y,right_eye45_x,right_eye45_y,left_lip49_x,left_lip49_y,lip_center_upper52_x,lip_center_upper52_y,right_lip55_x,right_lip55_y,lip_center_lower58_x,lip_center_lower58_y,trans_x,trans_y,trans_z,rot_x,rot_y,rot_z
0,0,1.1317291259765625,2.0842895507812784,2.72021484375,-2.8390045166015625,6.809604644775398,-2.6432647705078125,8.038887023925781,1.3610687255859375,-1.242843627929716,-4.394515991210966,-11.375885009765625,-16.257049560546903,-0.7380065917968892,6.61822509765625,-2.4540023803710795,6.028839111328125,-27.184883117675753,-30.357873916625977,11.406698346138,5.717067718505859,2.2051467895507812,-8.648990631103516,8.989384025335312,25.372390747070312,-0.019205081262043674,-0.0029780641198158264,-0.0029780641198158264,1.8297749326498987,-11.832828750540363,0.07896063097860972
