,Unnamed: 0,left_eyebrow_18x,left_eyebrow_18y,left_eyebrow_20x,left_eyebrow_20y,left_eyebrow_22x,left_eyebrow_22y,right_eyebrow_23x,right_eyebrow_23y,right_eyebrow_25x,right_eyebrow_25y,right_eyebrow_27x,right_eyebrow_27y,left_eye38_x,left_eye38_y,right_eye45_x,right_eye45_y,left_lip49_x,left_lip49_y,lip_center_upper52_x,lip_center_upper52_y,right_lip55_x,right_lip55_y,lip_center_lower58_x,lip_center_lower58_y,trans_x,trans_y,trans_z,rot_x,rot_y,rot_z
0,0,6.6055908203125,-2.3400726318359375,0.8576507568359375,-6.963272094726591,-1.3323097229003906,-9.011215209960966,0.9921913146972656,-7.823638916015625,-1.3638076782226705,-8.150985717773438,-7.007675170898409,-0.2933197021484375,0.00289154052734375,5.5514068603515625,-1.9252090454101562,5.366729736328125,-15.705207824707031,-14.359268188476562,1.1293344497680664,-5.683597564697266,19.004371643066406,-15.667804718017585,-0.15387916564941362,22.226303100585938,0.003663562238216401,-0.0001733191311359475,-0.0001733191311359475,-1.4362294236384727,-4.037360183354986,0.6344504249570806
