,Unnamed: 0,left_eyebrow_18x,left_eyebrow_18y,left_eyebrow_20x,left_eyebrow_20y,left_eyebrow_22x,left_eyebrow_22y,right_eyebrow_23x,right_eyebrow_23y,right_eyebrow_25x,right_eyebrow_25y,right_eyebrow_27x,right_eyebrow_27y,left_eye38_x,left_eye38_y,right_eye45_x,right_eye45_y,left_lip49_x,left_lip49_y,lip_center_upper52_x,lip_center_upper52_y,right_lip55_x,right_lip55_y,lip_center_lower58_x,lip_center_lower58_y,trans_x,trans_y,trans_z,rot_x,rot_y,rot_z
0,0,-3.4090728759765625,8.249420166015653,6.2123031616210795,0.7311859130859375,28.82185649871826,1.376678466796875,24.50140380859375,4.3145751953125,7.325393676757784,-8.943038940429688,-18.97023010253909,-28.03173828125,2.6108856201171875,7.765350341796875,-14.816787719726562,5.6254425048828125,-36.772071838378935,-35.96593284606934,17.79337301105261,9.289161682128913,-31.486381530761733,-12.592060089111328,12.36886215209961,13.837318420410156,-0.01113285543397069,0.0038789287209510803,0.0038789287209510803,2.842778043519221,-36.548165432983865,-0.4050691077879882
