,Unnamed: 0,left_eyebrow_18x,left_eyebrow_18y,left_eyebrow_20x,left_eyebrow_20y,left_eyebrow_22x,left_eyebrow_22y,right_eyebrow_23x,right_eyebrow_23y,right_eyebrow_25x,right_eyebrow_25y,right_eyebrow_27x,right_eyebrow_27y,left_eye38_x,left_eye38_y,right_eye45_x,right_eye45_y,left_lip49_x,left_lip49_y,lip_center_upper52_x,lip_center_upper52_y,right_lip55_x,right_lip55_y,lip_center_lower58_x,lip_center_lower58_y,trans_x,trans_y,trans_z,rot_x,rot_y,rot_z
0,0,5.5376434326171875,-7.6210479736328125,0.4908599853515625,-10.354019165039062,-3.652454376220696,-0.6052398681640341,3.1360549926757812,1.6899566650390625,-2.426956176757784,-10.230697631835966,-7.2563934326171875,-11.348327636718778,-0.03674316406252842,6.570068359375,0.9666900634765767,7.9803619384765625,-17.62643432617186,-20.852352142333984,1.415280431509018,4.463315963745121,14.645782470703125,-17.617446899414062,1.4290694296360016,25.326087951660156,0.00036132406967226416,0.006751205772161484,0.006751205772161484,7.578991294668162,-0.3832391507220331,0.05729227412474547
