,Unnamed: 0,left_eyebrow_18x,left_eyebrow_18y,left_eyebrow_20x,left_eyebrow_20y,left_eyebrow_22x,left_eyebrow_22y,right_eyebrow_23x,right_eyebrow_23y,right_eyebrow_25x,right_eyebrow_25y,right_eyebrow_27x,right_eyebrow_27y,left_eye38_x,left_eye38_y,right_eye45_x,right_eye45_y,left_lip49_x,left_lip49_y,lip_center_upper52_x,lip_center_upper52_y,right_lip55_x,right_lip55_y,lip_center_lower58_x,lip_center_lower58_y,trans_x,trans_y,trans_z,rot_x,rot_y,rot_z
0,0,2.175323486328125,0.1513671875,-5.4395599365234375,-8.881790161132784,-4.730953216552734,-2.1418304443359375,4.707908630371094,-0.1341400146484375,2.243209838867216,-6.466461181640625,-1.5744171142578125,0.12994384765627842,-0.6713409423828125,3.577667236328125,-1.292816162109375,3.3699188232421875,-11.763008117675781,-25.19100189208985,-1.3116113916039467,7.248615264892585,9.390419006347656,-24.907581329345696,2.4956941306591034,19.964195251464858,0.0008897010120563211,0.0005510598421096802,0.0005510598421096802,3.677225973039949,1.1592355604484557,0.4040064125352072
