,Unnamed: 0,left_eyebrow_18x,left_eyebrow_18y,left_eyebrow_20x,left_eyebrow_20y,left_eyebrow_22x,left_eyebrow_22y,right_eyebrow_23x,right_eyebrow_23y,right_eyebrow_25x,right_eyebrow_25y,right_eyebrow_27x,right_eyebrow_27y,left_eye38_x,left_eye38_y,right_eye45_x,right_eye45_y,left_lip49_x,left_lip49_y,lip_center_upper52_x,lip_center_upper52_y,right_lip55_x,right_lip55_y,lip_center_lower58_x,lip_center_lower58_y,trans_x,trans_y,trans_z,rot_x,rot_y,rot_z
0,0,-1.2098693847656534,4.507080078124943,-2.9410400390625,-3.588409423828125,3.8775901794433594,-5.614166259765625,15.36605453491211,-5.4685516357421875,1.6193618774414205,-13.149139404296875,-13.987701416015653,-15.039199829101534,-1.3344573974609375,1.68450927734375,-2.5934677124023438,0.37744140625,-19.870468139648423,-34.03617858886719,9.611359953880308,17.20608520507812,2.5110015869140767,-8.685295104980469,10.812135994434357,4.021034240722656,-0.0077552516013383865,-0.003921374678611755,-0.003921374678611755,0.7530142591153861,-15.24471796087699,-1.7491260059114029
