,Unnamed: 0,left_eyebrow_18x,left_eyebrow_18y,left_eyebrow_20x,left_eyebrow_20y,left_eyebrow_22x,left_eyebrow_22y,right_eyebrow_23x,right_eyebrow_23y,right_eyebrow_25x,right_eyebrow_25y,right_eyebrow_27x,right_eyebrow_27y,left_eye38_x,left_eye38_y,right_eye45_x,right_eye45_y,left_lip49_x,left_lip49_y,lip_center_upper52_x,lip_center_upper52_y,right_lip55_x,right_lip55_y,lip_center_lower58_x,lip_center_lower58_y,trans_x,trans_y,trans_z,rot_x,rot_y,rot_z
0,0,0.746612548828125,3.7033843994140625,-1.3871154785156534,-3.2452545166015625,5.809345245361328,-0.6179199218750284,14.328071594238281,2.970413208007841,6.4625396728515625,-9.034927368164034,-4.870330810546847,-11.199539184570284,-3.174285888671875,7.302642822265625,-3.8997955322265625,3.8090362548828125,-23.051040649414062,-31.35313796997071,6.161604784429073,6.82666015625,-7.7098236083984375,-18.613609313964844,7.924741744995117,19.521080017089858,0.0009040347067639234,-0.003195531666278839,-0.003195531666278839,1.9163024323562423,-19.225802796349598,1.3337879828208217
