,Unnamed: 0,left_eyebrow_18x,left_eyebrow_18y,left_eyebrow_20x,left_eyebrow_20y,left_eyebrow_22x,left_eyebrow_22y,right_eyebrow_23x,right_eyebrow_23y,right_eyebrow_25x,right_eyebrow_25y,right_eyebrow_27x,right_eyebrow_27y,left_eye38_x,left_eye38_y,right_eye45_x,right_eye45_y,left_lip49_x,left_lip49_y,lip_center_upper52_x,lip_center_upper52_y,right_lip55_x,right_lip55_y,lip_center_lower58_x,lip_center_lower58_y,trans_x,trans_y,trans_z,rot_x,rot_y,rot_z
0,0,-8.395416259765625,14.664825439453097,4.3458480834960795,-3.655426025390625,29.87082862854004,-5.336822509765653,25.931739807128906,-7.55865478515625,5.009628295898409,-19.86364746093747,-34.00631713867185,-25.12677001953122,6.353691101074219,6.2057342529296875,-11.122344970703125,4.6453704833984375,-30.483116149902344,-32.60364723205567,29.900833368301388,1.7021064758300781,-24.934646606445312,-6.605979919433601,13.317153096199036,15.605712890625,-0.04183962591923774,0.0012538284063339233,0.0012538284063339233,-4.889871793281484,-32.91741261409375,-2.8505042906498135
