,Unnamed: 0,left_eyebrow_18x,left_eyebrow_18y,left_eyebrow_20x,left_eyebrow_20y,left_eyebrow_22x,left_eyebrow_22y,right_eyebrow_23x,right_eyebrow_23y,right_eyebrow_25x,right_eyebrow_25y,right_eyebrow_27x,right_eyebrow_27y,left_eye38_x,left_eye38_y,right_eye45_x,right_eye45_y,left_lip49_x,left_lip49_y,lip_center_upper52_x,lip_center_upper52_y,right_lip55_x,right_lip55_y,lip_center_lower58_x,lip_center_lower58_y,trans_x,trans_y,trans_z,rot_x,rot_y,rot_z
0,0,-5.878936767578153,6.773147583007784,-4.2771453857421875,3.5032806396484375,1.5378952026367188,-1.5814514160155966,10.270137786865234,-1.687286376953125,3.826400756835909,-6.696670532226534,-3.902420043945341,-6.639114379882841,-0.08985137939454546,-0.041412353515625,-7.733154296875,-0.0882568359375,-11.306617736816406,-18.852340698242188,16.83529019355774,7.860437393188473,-3.3809280395507812,-0.931121826171875,12.812281131744385,8.506538391113281,-0.0050012641586363316,-0.028338797390460968,-0.028338797390460968,-3.340043982146733,-18.10781256481792,0.784102302815494
