,Unnamed: 0,left_eyebrow_18x,left_eyebrow_18y,left_eyebrow_20x,left_eyebrow_20y,left_eyebrow_22x,left_eyebrow_22y,right_eyebrow_23x,right_eyebrow_23y,right_eyebrow_25x,right_eyebrow_25y,right_eyebrow_27x,right_eyebrow_27y,left_eye38_x,left_eye38_y,right_eye45_x,right_eye45_y,left_lip49_x,left_lip49_y,lip_center_upper52_x,lip_center_upper52_y,right_lip55_x,right_lip55_y,lip_center_lower58_x,lip_center_lower58_y,trans_x,trans_y,trans_z,rot_x,rot_y,rot_z
0,0,-0.1396942138671875,0.4745178222655966,-0.89447021484375,-4.868011474609403,-2.2593917846679688,-2.115997314453125,0.5006637573242116,0.014541625976590922,-1.002197265625,-2.552291870117159,0.3486785888671591,0.4554443359374716,0.5569305419921733,-1.4980316162109375,-2.1834716796875,-0.044769287109375,-2.8094024658203125,-6.869804382324212,2.0451407432556152,4.121583938598629,7.16375732421875,-8.93927001953125,3.313805103302002,8.145500183105455,0.0017177432891912758,-0.0004979968070983956,-0.0004979968070983956,1.7856148243398753,-0.1316108320188374,0.41685111079438697
