,Unnamed: 0,left_eyebrow_18x,left_eyebrow_18y,left_eyebrow_20x,left_eyebrow_20y,left_eyebrow_22x,left_eyebrow_22y,right_eyebrow_23x,right_eyebrow_23y,right_eyebrow_25x,right_eyebrow_25y,right_eyebrow_27x,right_eyebrow_27y,left_eye38_x,left_eye38_y,right_eye45_x,right_eye45_y,left_lip49_x,left_lip49_y,lip_center_upper52_x,lip_center_upper52_y,right_lip55_x,right_lip55_y,lip_center_lower58_x,lip_center_lower58_y,trans_x,trans_y,trans_z,rot_x,rot_y,rot_z
0,0,-3.73291015625,7.493591308593778,-6.3462677001953125,-0.97998046875,4.519733428955078,-3.409881591796875,9.473632812500007,-0.29229736328125,0.9058990478515625,-5.77899169921875,-6.3762664794921875,-10.107833862304688,-0.8729782104492045,-2.2838287353515625,-5.3156890869140625,-1.114349365234375,-12.678916931152344,-22.641948699951172,12.055749535560608,3.580669403076172,-4.5158233642578125,-7.388553619384766,6.252567172050475,11.847068786621094,-0.0008455220959149304,-0.002261120826005922,-0.002261120826005922,1.2461809221607574,-18.64857710157731,-0.2480272853807577
