,Unnamed: 0,left_eyebrow_18x,left_eyebrow_18y,left_eyebrow_20x,left_eyebrow_20y,left_eyebrow_22x,left_eyebrow_22y,right_eyebrow_23x,right_eyebrow_23y,right_eyebrow_25x,right_eyebrow_25y,right_eyebrow_27x,right_eyebrow_27y,left_eye38_x,left_eye38_y,right_eye45_x,right_eye45_y,left_lip49_x,left_lip49_y,lip_center_upper52_x,lip_center_upper52_y,right_lip55_x,right_lip55_y,lip_center_lower58_x,lip_center_lower58_y,trans_x,trans_y,trans_z,rot_x,rot_y,rot_z
0,0,2.067138671875,-1.0303955078125284,-1.93536376953125,-8.433975219726562,-2.690521240234382,-2.5679321289062216,0.5051727294921875,-2.073318481445341,1.9369735717773438,-9.012985229492188,0.5361480712890909,-0.065399169921875,2.66455078125,-3.4450836181640625,-1.4739685058593892,-3.4558868408203125,-7.155555725097656,-10.235034942626953,0.6108591556549072,3.778900146484382,5.6839599609375,-13.723793029785156,-1.557990550994873,11.872390747070312,-0.0019001331529580057,0.0005463436245918343,0.0005463436245918343,1.0520510326123853,1.3246763696791986,0.20625734643745774
