,Unnamed: 0,left_eyebrow_18x,left_eyebrow_18y,left_eyebrow_20x,left_eyebrow_20y,left_eyebrow_22x,left_eyebrow_22y,right_eyebrow_23x,right_eyebrow_23y,right_eyebrow_25x,right_eyebrow_25y,right_eyebrow_27x,right_eyebrow_27y,left_eye38_x,left_eye38_y,right_eye45_x,right_eye45_y,left_lip49_x,left_lip49_y,lip_center_upper52_x,lip_center_upper52_y,right_lip55_x,right_lip55_y,lip_center_lower58_x,lip_center_lower58_y,trans_x,trans_y,trans_z,rot_x,rot_y,rot_z
0,0,-0.2560882568359091,-0.5919036865234943,-1.1247482299804688,-7.454574584960966,2.920501708984375,-4.0316314697265625,-2.4593391418457102,-3.6325683593750284,2.119255065917983,-10.56095886230463,2.1666870117187784,1.0197601318359943,0.902740478515625,0.6037139892578125,-2.0166168212890625,1.6533050537109375,-6.250213623046889,-13.61533164978027,0.5293360948562622,1.8890190124511648,6.3879241943359375,-15.42606163024902,2.256441950798035,1.5400009155273438,0.0019948291592299943,0.006275895982980732,0.006275895982980732,4.15904850377914,-2.1445098118640367,0.2958981879595788
