,Unnamed: 0,left_eyebrow_18x,left_eyebrow_18y,left_eyebrow_20x,left_eyebrow_20y,left_eyebrow_22x,left_eyebrow_22y,right_eyebrow_23x,right_eyebrow_23y,right_eyebrow_25x,right_eyebrow_25y,right_eyebrow_27x,right_eyebrow_27y,left_eye38_x,left_eye38_y,right_eye45_x,right_eye45_y,left_lip49_x,left_lip49_y,lip_center_upper52_x,lip_center_upper52_y,right_lip55_x,right_lip55_y,lip_center_lower58_x,lip_center_lower58_y,trans_x,trans_y,trans_z,rot_x,rot_y,rot_z
0,0,1.58782958984375,-1.1704711914062784,-1.0048522949218466,-5.897827148437443,-2.1606674194335866,-3.6094665527343466,2.876415252685547,-4.175506591796875,1.5622253417968466,-6.7732391357421875,-2.3731689453124716,-1.205291748046875,1.4953079223632812,-0.768646240234375,-1.7190017700195312,-0.1177978515625,-8.410964965820298,-11.868289947509759,-0.5953207314014435,8.343950271606445,11.078651428222656,-13.126186370849616,-1.501834273338318,0.115570068359375,-0.00041682156734168524,0.000787440687417984,0.000787440687417984,0.5980975414588793,-0.06257763815217166,-0.9268399764018864
