,Unnamed: 0,left_eyebrow_18x,left_eyebrow_18y,left_eyebrow_20x,left_eyebrow_20y,left_eyebrow_22x,left_eyebrow_22y,right_eyebrow_23x,right_eyebrow_23y,right_eyebrow_25x,right_eyebrow_25y,right_eyebrow_27x,right_eyebrow_27y,left_eye38_x,left_eye38_y,right_eye45_x,right_eye45_y,left_lip49_x,left_lip49_y,lip_center_upper52_x,lip_center_upper52_y,right_lip55_x,right_lip55_y,lip_center_lower58_x,lip_center_lower58_y,trans_x,trans_y,trans_z,rot_x,rot_y,rot_z
0,0,-6.5097503662109375,8.062179565429688,4.4113616943359375,0.06756591796872158,28.184500694274902,-2.2578582763671875,23.681205749511733,3.0455932617187784,5.152793884277344,-7.14117431640625,-23.793258666992188,-31.72755432128909,2.5470809936523438,4.579254150390653,-12.05007171630858,7.425079345703125,-25.29347991943358,-30.322280883789062,26.757510535418987,-1.9535045623779261,-28.476020812988267,-2.595996856689453,11.292899370193481,14.831367492675781,-0.02950216503813863,-0.004208916798233993,-0.004208916798233993,-6.344338212904965,-31.94164138921565,-3.888825518622519
