,Unnamed: 0,left_eyebrow_18x,left_eyebrow_18y,left_eyebrow_20x,left_eyebrow_20y,left_eyebrow_22x,left_eyebrow_22y,right_eyebrow_23x,right_eyebrow_23y,right_eyebrow_25x,right_eyebrow_25y,right_eyebrow_27x,right_eyebrow_27y,left_eye38_x,left_eye38_y,right_eye45_x,right_eye45_y,left_lip49_x,left_lip49_y,lip_center_upper52_x,lip_center_upper52_y,right_lip55_x,right_lip55_y,lip_center_lower58_x,lip_center_lower58_y,trans_x,trans_y,trans_z,rot_x,rot_y,rot_z
0,0,0.9554290771484375,11.582550048828125,-4.37926483154294,-0.455322265625,5.943119049072273,-9.178787231445341,13.09825134277343,-8.98004150390625,7.7471466064453125,-13.180343627929659,-8.764846801757784,-5.8776397705078125,-4.1448211669921875,4.947998046875,-7.304069519042969,3.3694458007812216,-20.319114685058594,-30.91040992736816,12.092496395111084,4.8424587249755895,2.9002151489257955,-9.51479721069336,8.044285774230957,17.39592742919922,0.006582631845958531,0.0014722570776939392,0.0014722570776939392,-0.7291542632724579,-26.582482793401496,1.6709205092079364
