,Unnamed: 0,left_eyebrow_18x,left_eyebrow_18y,left_eyebrow_20x,left_eyebrow_20y,left_eyebrow_22x,left_eyebrow_22y,right_eyebrow_23x,right_eyebrow_23y,right_eyebrow_25x,right_eyebrow_25y,right_eyebrow_27x,right_eyebrow_27y,left_eye38_x,left_eye38_y,right_eye45_x,right_eye45_y,left_lip49_x,left_lip49_y,lip_center_upper52_x,lip_center_upper52_y,right_lip55_x,right_lip55_y,lip_center_lower58_x,lip_center_lower58_y,trans_x,trans_y,trans_z,rot_x,rot_y,rot_z
0,0,-7.7096099853515625,10.675689697265625,21.060218811035142,-8.914520263671875,50.17900371551514,-11.665466308593722,31.364891052246094,-12.57373046875,-3.0421676635742045,-14.129348754882812,-57.32952880859369,-25.947158813476562,10.582229614257812,4.65936279296875,-14.303695678710938,7.209381103515625,-33.17839050292969,-19.093618392944336,26.46642780303955,-9.35105895996093,-32.17221832275392,-0.275909423828125,11.054506778717041,2.188995361328125,-0.018454198725521564,-0.0021544694900512695,-0.0021544694900512695,-7.695514663227096,-35.433807565215645,-1.4805725019399798
