,Unnamed: 0,left_eyebrow_18x,left_eyebrow_18y,left_eyebrow_20x,left_eyebrow_20y,left_eyebrow_22x,left_eyebrow_22y,right_eyebrow_23x,right_eyebrow_23y,right_eyebrow_25x,right_eyebrow_25y,right_eyebrow_27x,right_eyebrow_27y,left_eye38_x,left_eye38_y,right_eye45_x,right_eye45_y,left_lip49_x,left_lip49_y,lip_center_upper52_x,lip_center_upper52_y,right_lip55_x,right_lip55_y,lip_center_lower58_x,lip_center_lower58_y,trans_x,trans_y,trans_z,rot_x,rot_y,rot_z
0,0,2.39208984375,4.852294921875,-5.636009216308594,-12.476654052734375,-2.098602294921868,-10.538314819335938,1.8263282775878835,-8.4378662109375,6.022583007812472,-8.242706298828125,-2.5731506347655966,4.7019805908203125,0.06768798828125,2.9904632568359375,-2.7557373046875,3.564987182617159,-7.255424499511719,-20.235671997070312,3.8983542919158936,5.412416458129879,15.338417053222656,-21.373088836669915,3.091939389705657,19.05754852294922,0.005878465482965112,0.0007936321198940208,0.0007936321198940208,-2.5425879735543684,-4.783715955253691,0.10266768044705388
