,Unnamed: 0,left_eyebrow_18x,left_eyebrow_18y,left_eyebrow_20x,left_eyebrow_20y,left_eyebrow_22x,left_eyebrow_22y,right_eyebrow_23x,right_eyebrow_23y,right_eyebrow_25x,right_eyebrow_25y,right_eyebrow_27x,right_eyebrow_27y,left_eye38_x,left_eye38_y,right_eye45_x,right_eye45_y,left_lip49_x,left_lip49_y,lip_center_upper52_x,lip_center_upper52_y,right_lip55_x,right_lip55_y,lip_center_lower58_x,lip_center_lower58_y,trans_x,trans_y,trans_z,rot_x,rot_y,rot_z
0,0,2.474044799804716,-0.8422088623046591,-2.814666748046875,-7.944458007812528,-4.777191162109382,-5.236389160156222,4.038692474365234,-4.4200439453125,4.061195373535156,-5.4481353759765625,-1.6089324951171875,0.563873291015625,-0.2776336669921875,2.2782287597656534,1.7460250854492472,2.8191680908203125,-2.7034225463867188,-12.591617584228509,-0.7913426235318184,-7.883708953857415,7.246597290039077,-14.89895248413086,-2.1467285901308064,16.947395324707045,-0.0032774610444903374,0.0007457640022039344,0.0007457640022039344,-0.9882850277244479,1.3516546398460307,-0.6906140330953658
