,Unnamed: 0,left_eyebrow_18x,left_eyebrow_18y,left_eyebrow_20x,left_eyebrow_20y,left_eyebrow_22x,left_eyebrow_22y,right_eyebrow_23x,right_eyebrow_23y,right_eyebrow_25x,right_eyebrow_25y,right_eyebrow_27x,right_eyebrow_27y,left_eye38_x,left_eye38_y,right_eye45_x,right_eye45_y,left_lip49_x,left_lip49_y,lip_center_upper52_x,lip_center_upper52_y,right_lip55_x,right_lip55_y,lip_center_lower58_x,lip_center_lower58_y,trans_x,trans_y,trans_z,rot_x,rot_y,rot_z
0,0,-6.95703125,7.985595703124972,7.2482070922851705,7.408370971679631,24.14148521423339,0.13603210449221592,28.890338897705078,-3.684158325195284,7.779953002929716,-11.21923828125,-36.38774108886719,-25.262664794921903,0.23220062255859375,9.742828369140625,-8.584449768066406,6.539581298828097,-22.5625457763672,-20.784011840820312,30.14547109603881,0.06442642211914062,-29.9085693359375,8.967823028564453,14.015119075775143,-4.1602020263671875,-0.02130290470086038,-0.026304347440600395,-0.026304347440600395,-4.120488371937585,-37.737536128962304,-3.675112752018085
