,Unnamed: 0,left_eyebrow_18x,left_eyebrow_18y,left_eyebrow_20x,left_eyebrow_20y,left_eyebrow_22x,left_eyebrow_22y,right_eyebrow_23x,right_eyebrow_23y,right_eyebrow_25x,right_eyebrow_25y,right_eyebrow_27x,right_eyebrow_27y,left_eye38_x,left_eye38_y,right_eye45_x,right_eye45_y,left_lip49_x,left_lip49_y,lip_center_upper52_x,lip_center_upper52_y,right_lip55_x,right_lip55_y,lip_center_lower58_x,lip_center_lower58_y,trans_x,trans_y,trans_z,rot_x,rot_y,rot_z
0,0,-9.090042114257784,2.408584594726591,5.377899169921903,14.068984985351562,25.414459228515625,12.862960815429688,19.771961212158203,16.36663818359378,1.4560241699218466,-4.6595458984375,-19.765472412109403,-36.81681823730469,3.974578857421875,4.6473846435546875,-9.36212158203125,6.10723876953125,-23.346046447753935,-36.408485412597656,28.26902675628662,13.324708938598633,-27.6306915283203,-2.286823272705078,13.667337715625763,30.786636352539077,0.017364303581416607,-0.03050492703914643,-0.03050492703914643,10.069588723041717,-40.59848449085747,0.798193720377675
