,Unnamed: 0,left_eyebrow_18x,left_eyebrow_18y,left_eyebrow_20x,left_eyebrow_20y,left_eyebrow_22x,left_eyebrow_22y,right_eyebrow_23x,right_eyebrow_23y,right_eyebrow_25x,right_eyebrow_25y,right_eyebrow_27x,right_eyebrow_27y,left_eye38_x,left_eye38_y,right_eye45_x,right_eye45_y,left_lip49_x,left_lip49_y,lip_center_upper52_x,lip_center_upper52_y,right_lip55_x,right_lip55_y,lip_center_lower58_x,lip_center_lower58_y,trans_x,trans_y,trans_z,rot_x,rot_y,rot_z
0,0,2.931747436523409,2.59185791015625,-3.6305084228515625,-4.129455566406307,-7.19408035278321,-5.893768310546875,7.715995788574219,-5.003158569335909,2.703109741210909,-4.251953125,-4.308319091796875,0.0992889404296875,3.375450134277358,2.7569732666015625,-2.499450683593736,2.290069580078125,-13.15853881835936,-16.647804260253906,-0.4801259040832515,-10.27450180053711,5.723167419433594,-13.047027587890632,-1.7749566733837128,22.804222106933608,0.0007363650947809211,0.00025835260748863914,0.00025835260748863914,-0.5829532851372816,-0.14890029301439434,0.9536462633463483
