,Unnamed: 0,left_eyebrow_18x,left_eyebrow_18y,left_eyebrow_20x,left_eyebrow_20y,left_eyebrow_22x,left_eyebrow_22y,right_eyebrow_23x,right_eyebrow_23y,right_eyebrow_25x,right_eyebrow_25y,right_eyebrow_27x,right_eyebrow_27y,left_eye38_x,left_eye38_y,right_eye45_x,right_eye45_y,left_lip49_x,left_lip49_y,lip_center_upper52_x,lip_center_upper52_y,right_lip55_x,right_lip55_y,lip_center_lower58_x,lip_center_lower58_y,trans_x,trans_y,trans_z,rot_x,rot_y,rot_z
0,0,-2.9596405029296875,5.472961425781278,1.9230117797851278,6.881988525390625,19.238801956176758,2.5243377685546875,20.778770446777344,4.203948974609403,7.423843383789077,-5.331390380859375,-12.723724365234375,-22.767303466796847,2.5435943603515625,3.872406005859375,-12.377113342285156,1.9410095214843466,-29.01398468017578,-31.92530822753906,22.99715819954872,-0.20114898681640625,-24.714569091796875,-2.2704315185546875,11.280961871147154,27.601181030273438,-0.021721514873206615,-0.028078641742467887,-0.028078641742467887,2.8930241318474463,-33.95903728897864,-3.470694161762684
