,Unnamed: 0,left_eyebrow_18x,left_eyebrow_18y,left_eyebrow_20x,left_eyebrow_20y,left_eyebrow_22x,left_eyebrow_22y,right_eyebrow_23x,right_eyebrow_23y,right_eyebrow_25x,right_eyebrow_25y,right_eyebrow_27x,right_eyebrow_27y,left_eye38_x,left_eye38_y,right_eye45_x,right_eye45_y,left_lip49_x,left_lip49_y,lip_center_upper52_x,lip_center_upper52_y,right_lip55_x,right_lip55_y,lip_center_lower58_x,lip_center_lower58_y,trans_x,trans_y,trans_z,rot_x,rot_y,rot_z
0,0,0.9529266357421875,5.7996368408203125,-1.1248474121094318,3.1766357421874716,2.6914443969726562,-3.05804443359375,10.47891616821289,-2.4187164306640057,6.602996826171918,-7.107086181640653,-4.5114898681640625,-1.69830322265625,-0.2491607666015625,-1.04962158203125,-3.9158554077148438,-2.6727447509765625,-18.105392456054688,-20.94033432006836,7.405010372400283,-4.711647033691406,-0.93115234375,-6.725616455078118,6.840007662773132,27.363265991210938,-0.004575455561280251,-0.03782143443822861,-0.03782143443822861,-0.33894051927228785,-16.344218104990468,0.32744880656932374
