,Unnamed: 0,left_eyebrow_18x,left_eyebrow_18y,left_eyebrow_20x,left_eyebrow_20y,left_eyebrow_22x,left_eyebrow_22y,right_eyebrow_23x,right_eyebrow_23y,right_eyebrow_25x,right_eyebrow_25y,right_eyebrow_27x,right_eyebrow_27y,left_eye38_x,left_eye38_y,right_eye45_x,right_eye45_y,left_lip49_x,left_lip49_y,lip_center_upper52_x,lip_center_upper52_y,right_lip55_x,right_lip55_y,lip_center_lower58_x,lip_center_lower58_y,trans_x,trans_y,trans_z,rot_x,rot_y,rot_z
0,0,32.04060363769531,-49.87390136718744,-1.7876129150390057,2.4977722167968466,-30.86859130859375,14.445770263671903,-49.6318416595459,15.853652954101534,-19.71508026123047,14.834518432617188,5.2797698974609375,2.9395141601562216,15.360260009765625,-7.5082244873046875,6.0201416015625,0.795654296875,52.052490234375,21.95727157592774,-26.09051758050919,23.863872528076172,6.5382919311523295,-22.523712158203132,-15.59909701347351,11.650161743164062,0.02144898986443877,-0.0076762065291404655,-0.0076762065291404655,6.102833267674881,44.254026485801944,5.40832388507429
