,Unnamed: 0,left_eyebrow_18x,left_eyebrow_18y,left_eyebrow_20x,left_eyebrow_20y,left_eyebrow_22x,left_eyebrow_22y,right_eyebrow_23x,right_eyebrow_23y,right_eyebrow_25x,right_eyebrow_25y,right_eyebrow_27x,right_eyebrow_27y,left_eye38_x,left_eye38_y,right_eye45_x,right_eye45_y,left_lip49_x,left_lip49_y,lip_center_upper52_x,lip_center_upper52_y,right_lip55_x,right_lip55_y,lip_center_lower58_x,lip_center_lower58_y,trans_x,trans_y,trans_z,rot_x,rot_y,rot_z
0,0,-4.695861816406222,-7.6766204833984375,10.938896179199176,12.494903564453125,12.586431503295898,22.896560668945312,-7.989990234374993,26.206008911132784,-9.349060058593778,16.072982788085966,4.575531005859375,-8.404327392578153,-0.7331161499023438,-6.640258789062528,-0.4323577880859375,-4.804046630859318,9.778938293457045,-6.109279632568359,-3.84165458381176,2.647583007812507,-13.315170288085938,-6.422595977783196,-1.4259876757860181,6.41009521484375,0.028670379891991615,0.026085432618856423,0.026085432618856423,10.800428731858004,1.823073694156112,1.1610372869424381
