,Unnamed: 0,left_eyebrow_18x,left_eyebrow_18y,left_eyebrow_20x,left_eyebrow_20y,left_eyebrow_22x,left_eyebrow_22y,right_eyebrow_23x,right_eyebrow_23y,right_eyebrow_25x,right_eyebrow_25y,right_eyebrow_27x,right_eyebrow_27y,left_eye38_x,left_eye38_y,right_eye45_x,right_eye45_y,left_lip49_x,left_lip49_y,lip_center_upper52_x,lip_center_upper52_y,right_lip55_x,right_lip55_y,lip_center_lower58_x,lip_center_lower58_y,trans_x,trans_y,trans_z,rot_x,rot_y,rot_z
0,0,32.09974670410156,-22.638015747070312,-0.6805953979492188,1.2581787109375,-30.660717010498033,12.151824951171875,-32.7101263999939,12.132781982421875,-10.184165954589844,14.147918701171903,5.7799072265625,7.174942016601591,13.170196533203125,-9.898025512695312,4.290191650390625,0.5979156494140625,30.80274200439453,15.28854751586914,-34.63859415054321,8.878475189208984,15.704292297363281,-12.15589904785157,-20.237136840820312,10.372161865234375,0.012262470088899136,0.0012958720326423645,0.0012958720326423645,4.777780327249821,39.80322111760036,2.127324693229095
