,Unnamed: 0,left_eyebrow_18x,left_eyebrow_18y,left_eyebrow_20x,left_eyebrow_20y,left_eyebrow_22x,left_eyebrow_22y,right_eyebrow_23x,right_eyebrow_23y,right_eyebrow_25x,right_eyebrow_25y,right_eyebrow_27x,right_eyebrow_27y,left_eye38_x,left_eye38_y,right_eye45_x,right_eye45_y,left_lip49_x,left_lip49_y,lip_center_upper52_x,lip_center_upper52_y,right_lip55_x,right_lip55_y,lip_center_lower58_x,lip_center_lower58_y,trans_x,trans_y,trans_z,rot_x,rot_y,rot_z
0,0,-3.686111450195341,6.0967559814453125,9.510757446289091,7.261047363281222,20.44250869750976,7.9683685302734375,-17.827835083007812,9.346893310546875,-9.014427185058594,9.018280029296875,3.8644561767578693,5.0078277587890625,-0.4734344482421875,-9.777389526367159,-0.6103057861328267,-9.7413330078125,-2.310234069824247,2.114940643310554,0.7642736434936523,0.737762451171875,-0.5714645385742188,3.701171875,-0.021407127380371538,1.487548828125,-0.001680508255958558,-0.005592793226242065,-0.005592793226242065,6.323159856046062,1.7670661248994017,0.0003987592560490416
