,Unnamed: 0,left_eyebrow_18x,left_eyebrow_18y,left_eyebrow_20x,left_eyebrow_20y,left_eyebrow_22x,left_eyebrow_22y,right_eyebrow_23x,right_eyebrow_23y,right_eyebrow_25x,right_eyebrow_25y,right_eyebrow_27x,right_eyebrow_27y,left_eye38_x,left_eye38_y,right_eye45_x,right_eye45_y,left_lip49_x,left_lip49_y,lip_center_upper52_x,lip_center_upper52_y,right_lip55_x,right_lip55_y,lip_center_lower58_x,lip_center_lower58_y,trans_x,trans_y,trans_z,rot_x,rot_y,rot_z
0,0,-5.048431396484375,8.992263793945312,2.665176391601591,9.480270385742216,5.555992126464837,3.98046875,-16.65005624294281,6.115447998046903,-1.479217529296875,18.213287353515625,3.675308227539091,7.651733398437528,6.485755920410156,-12.607330322265597,-2.2703857421875,-5.5419921875,21.65751647949218,-17.35537719726561,2.084396362304691,15.65079116821289,4.265579223632827,-8.922111511230469,2.213611602783203,3.6955490112304688,0.011628570617176592,-0.015813760459423065,-0.015813760459423065,8.488176924098832,-0.6850959923113962,-0.5404469291751908
