,Unnamed: 0,left_eyebrow_18x,left_eyebrow_18y,left_eyebrow_20x,left_eyebrow_20y,left_eyebrow_22x,left_eyebrow_22y,right_eyebrow_23x,right_eyebrow_23y,right_eyebrow_25x,right_eyebrow_25y,right_eyebrow_27x,right_eyebrow_27y,left_eye38_x,left_eye38_y,right_eye45_x,right_eye45_y,left_lip49_x,left_lip49_y,lip_center_upper52_x,lip_center_upper52_y,right_lip55_x,right_lip55_y,lip_center_lower58_x,lip_center_lower58_y,trans_x,trans_y,trans_z,rot_x,rot_y,rot_z
0,0,-1.6336364746094034,-1.7036437988281534,4.789573669433608,2.3255767822265625,11.514255523681648,10.9815673828125,-20.296220779418938,15.222946166992188,-12.701187133789077,5.5590972900390625,2.2500762939453125,-2.300277709960909,4.551231384277344,-15.611267089843722,-1.8864059448242188,-12.041488647460966,0.124359130859375,4.779979705810554,1.8120942115783691,-6.11998176574707,4.132431030273423,-0.6314926147460938,3.5572177171707153,-12.413070678710938,-0.001933156978338956,0.01723025366663932,0.01723025366663932,10.593285475811136,1.9641495032454723,-0.753545797508661
