,Unnamed: 0,left_eyebrow_18x,left_eyebrow_18y,left_eyebrow_20x,left_eyebrow_20y,left_eyebrow_22x,left_eyebrow_22y,right_eyebrow_23x,right_eyebrow_23y,right_eyebrow_25x,right_eyebrow_25y,right_eyebrow_27x,right_eyebrow_27y,left_eye38_x,left_eye38_y,right_eye45_x,right_eye45_y,left_lip49_x,left_lip49_y,lip_center_upper52_x,lip_center_upper52_y,right_lip55_x,right_lip55_y,lip_center_lower58_x,lip_center_lower58_y,trans_x,trans_y,trans_z,rot_x,rot_y,rot_z
0,0,-2.7470245361328125,-1.352310180664091,1.5670318603515767,7.1483917236328125,3.5201683044433594,13.080734252929688,-1.5886764526367188,9.230239868164062,-2.0889968872070312,5.215682983398466,1.902877807617216,-2.382522583007784,4.342430114746094,-7.694183349609375,-2.885833740234375,-6.5400238037109375,-2.9438858032226562,-4.2715301513671875,0.2599216699600222,4.382678985595703,1.8244247436523438,-2.0666732788085938,2.101237654685974,8.96307373046875,-0.002016905229538679,-0.004584070295095444,-0.004584070295095444,5.59561840321586,0.03772272015128264,-1.1623850249691792
