,Unnamed: 0,left_eyebrow_18x,left_eyebrow_18y,left_eyebrow_20x,left_eyebrow_20y,left_eyebrow_22x,left_eyebrow_22y,right_eyebrow_23x,right_eyebrow_23y,right_eyebrow_25x,right_eyebrow_25y,right_eyebrow_27x,right_eyebrow_27y,left_eye38_x,left_eye38_y,right_eye45_x,right_eye45_y,left_lip49_x,left_lip49_y,lip_center_upper52_x,lip_center_upper52_y,right_lip55_x,right_lip55_y,lip_center_lower58_x,lip_center_lower58_y,trans_x,trans_y,trans_z,rot_x,rot_y,rot_z
0,0,22.25311279296875,-35.24078369140628,3.7318420410156534,5.6038055419921875,-18.260326385498047,18.03904724121091,-28.29148292541504,13.353012084960909,-13.479728698730483,18.81697082519534,12.351287841796903,1.1157684326171875,12.655776977539062,2.7944488525390625,4.313446044921861,3.7970428466796875,30.84947204589841,16.307098388671882,-36.99211406707764,-5.3419342041015625,8.874809265136719,-24.974758148193345,-22.909889459609985,23.00182342529297,0.02034362033009529,0.011881839483976371,0.011881839483976371,-4.869563602927671,46.7636202200269,2.453878376384825
