,Unnamed: 0,left_eyebrow_18x,left_eyebrow_18y,left_eyebrow_20x,left_eyebrow_20y,left_eyebrow_22x,left_eyebrow_22y,right_eyebrow_23x,right_eyebrow_23y,right_eyebrow_25x,right_eyebrow_25y,right_eyebrow_27x,right_eyebrow_27y,left_eye38_x,left_eye38_y,right_eye45_x,right_eye45_y,left_lip49_x,left_lip49_y,lip_center_upper52_x,lip_center_upper52_y,right_lip55_x,right_lip55_y,lip_center_lower58_x,lip_center_lower58_y,trans_x,trans_y,trans_z,rot_x,rot_y,rot_z
0,0,6.407440185546903,-27.5770263671875,-3.693038940429659,-2.654739379882784,-2.8317642211914062,14.14276123046875,-38.03095626831055,9.144729614257841,-15.588829040527344,19.849609375,7.341751098632841,8.974700927734375,14.886077880859375,-6.4850921630859375,11.766578674316392,1.2920684814453125,34.39591217041014,27.33222198486329,-28.665005683898926,7.831886291503892,2.8015899658202983,-25.66629028320311,-23.806429147720337,11.06668090820311,0.02627154253423214,-0.007512092590332031,-0.007512092590332031,-7.307994215366672,44.53442690191887,2.8704721689839046
