,Unnamed: 0,left_eyebrow_18x,left_eyebrow_18y,left_eyebrow_20x,left_eyebrow_20y,left_eyebrow_22x,left_eyebrow_22y,right_eyebrow_23x,right_eyebrow_23y,right_eyebrow_25x,right_eyebrow_25y,right_eyebrow_27x,right_eyebrow_27y,left_eye38_x,left_eye38_y,right_eye45_x,right_eye45_y,left_lip49_x,left_lip49_y,lip_center_upper52_x,lip_center_upper52_y,right_lip55_x,right_lip55_y,lip_center_lower58_x,lip_center_lower58_y,trans_x,trans_y,trans_z,rot_x,rot_y,rot_z
0,0,5.097930908203125,-12.754074096679688,2.2944793701171875,3.70721435546875,-1.0458831787109304,12.844940185546875,-30.514136314392083,16.65148925781247,-14.82244873046875,13.513137817382812,1.6742706298828125,-0.3385925292968466,11.371208190917969,-14.196044921875,5.2735595703125,-7.8787994384765625,5.470909118652344,15.214420318603516,-10.877941131591797,-3.763050079345703,10.744621276855469,-10.08233642578125,-9.453152775764465,-11.185874938964844,0.013483223505318163,0.008338253945112221,0.008338253945112221,5.838707882048947,17.70402630208212,0.9034536548341088
