,Unnamed: 0,left_eyebrow_18x,left_eyebrow_18y,left_eyebrow_20x,left_eyebrow_20y,left_eyebrow_22x,left_eyebrow_22y,right_eyebrow_23x,right_eyebrow_23y,right_eyebrow_25x,right_eyebrow_25y,right_eyebrow_27x,right_eyebrow_27y,left_eye38_x,left_eye38_y,right_eye45_x,right_eye45_y,left_lip49_x,left_lip49_y,lip_center_upper52_x,lip_center_upper52_y,right_lip55_x,right_lip55_y,lip_center_lower58_x,lip_center_lower58_y,trans_x,trans_y,trans_z,rot_x,rot_y,rot_z
0,0,3.26678466796875,-10.743637084960909,-0.42108154296875,4.1396942138671875,-8.675418853759766,14.038681030273438,-12.543556213378906,12.78118896484375,-5.844474792480469,12.030975341796903,3.0414733886718466,0.3602600097656534,7.6121978759765625,-5.8185577392578125,4.152252197265625,-0.899078369140625,6.523674011230483,3.8589324951171875,-13.793641567230225,4.788597106933594,9.88832855224608,-11.689952850341797,-10.054046630859375,11.019317626953125,0.004696233198046684,-0.010270100086927414,-0.010270100086927414,4.747100558928985,21.293022506828446,0.4082182740274529
