,Unnamed: 0,left_eyebrow_18x,left_eyebrow_18y,left_eyebrow_20x,left_eyebrow_20y,left_eyebrow_22x,left_eyebrow_22y,right_eyebrow_23x,right_eyebrow_23y,right_eyebrow_25x,right_eyebrow_25y,right_eyebrow_27x,right_eyebrow_27y,left_eye38_x,left_eye38_y,right_eye45_x,right_eye45_y,left_lip49_x,left_lip49_y,lip_center_upper52_x,lip_center_upper52_y,right_lip55_x,right_lip55_y,lip_center_lower58_x,lip_center_lower58_y,trans_x,trans_y,trans_z,rot_x,rot_y,rot_z
0,0,-0.326019287109375,-4.163925170898466,0.0780181884765625,-2.174407958984375,-1.8036346435546946,3.23980712890625,6.928340911865227,-1.9103698730469034,0.6242218017577841,-7.007446289062472,-1.4398040771484375,-9.514877319335909,0.9441299438476562,0.89764404296875,-2.452415466308608,2.512527465820284,-3.8104400634765625,-15.527866363525384,2.9077444672584534,-0.84130859375,7.160667419433608,-10.81524658203125,3.5099222660064697,20.90258026123047,0.0019028754468308764,-0.003127936273813244,-0.003127936273813244,1.4974634284303026,-2.833355159237962,-0.8959056211753258
