,Unnamed: 0,left_eyebrow_18x,left_eyebrow_18y,left_eyebrow_20x,left_eyebrow_20y,left_eyebrow_22x,left_eyebrow_22y,right_eyebrow_23x,right_eyebrow_23y,right_eyebrow_25x,right_eyebrow_25y,right_eyebrow_27x,right_eyebrow_27y,left_eye38_x,left_eye38_y,right_eye45_x,right_eye45_y,left_lip49_x,left_lip49_y,lip_center_upper52_x,lip_center_upper52_y,right_lip55_x,right_lip55_y,lip_center_lower58_x,lip_center_lower58_y,trans_x,trans_y,trans_z,rot_x,rot_y,rot_z
0,0,7.8417510986328125,-10.783294677734403,-1.8690643310546875,4.259033203125,-13.405822753906246,13.748001098632812,-11.682363510131836,15.184631347656278,-6.9769363403320455,18.9013671875,1.7269744873046875,1.9767608642578125,8.136390686035156,-7.6262664794921875,6.018493652343736,-3.6477508544921875,6.103065490722656,11.993370056152337,-12.859346479177473,12.797630310058587,1.675140380859375,-14.065662384033203,-8.726614356040955,10.809791564941406,0.006993456976488234,-0.044022142887115465,-0.044022142887115465,5.986762183991395,26.775073464752523,0.394491357345374
