,Unnamed: 0,left_eyebrow_18x,left_eyebrow_18y,left_eyebrow_20x,left_eyebrow_20y,left_eyebrow_22x,left_eyebrow_22y,right_eyebrow_23x,right_eyebrow_23y,right_eyebrow_25x,right_eyebrow_25y,right_eyebrow_27x,right_eyebrow_27y,left_eye38_x,left_eye38_y,right_eye45_x,right_eye45_y,left_lip49_x,left_lip49_y,lip_center_upper52_x,lip_center_upper52_y,right_lip55_x,right_lip55_y,lip_center_lower58_x,lip_center_lower58_y,trans_x,trans_y,trans_z,rot_x,rot_y,rot_z
0,0,-2.052520751953125,0.3553314208984375,1.8921356201171875,7.936279296875,6.068607330322266,1.3081512451171875,-9.003646850585938,3.9487915039062784,-5.0915679931640625,10.690185546875,0.04643249511715908,-0.81378173828125,2.5627899169921875,-2.0199737548828125,1.432884216308608,-2.8968811035156534,-0.6251068115234375,-1.1710205078125,-0.5872520096600056,3.051496505737301,1.9694595336914062,-0.511627197265625,-2.4173531532287598,0.9208145141601562,-0.0021493090316653247,0.00047925859689712524,0.00047925859689712524,1.1176660063717043,1.93727516319395,-0.12437437209289359
