,Unnamed: 0,left_eyebrow_18x,left_eyebrow_18y,left_eyebrow_20x,left_eyebrow_20y,left_eyebrow_22x,left_eyebrow_22y,right_eyebrow_23x,right_eyebrow_23y,right_eyebrow_25x,right_eyebrow_25y,right_eyebrow_27x,right_eyebrow_27y,left_eye38_x,left_eye38_y,right_eye45_x,right_eye45_y,left_lip49_x,left_lip49_y,lip_center_upper52_x,lip_center_upper52_y,right_lip55_x,right_lip55_y,lip_center_lower58_x,lip_center_lower58_y,trans_x,trans_y,trans_z,rot_x,rot_y,rot_z
0,0,0.8078308105469034,-9.494003295898409,5.671043395996094,8.589797973632784,1.888858795166012,16.26672363281247,0.4148406982421875,13.153091430664062,-3.2055206298828267,7.932357788085909,0.6797332763671875,-9.058258056640625,-3.3721084594726562,-1.475265502929659,-0.3595275878906392,-3.1228637695312784,2.0058135986328125,-5.40449523925782,2.1720178127288823,5.4841766357421875,1.0418548583984375,-5.95037841796875,0.743500828742981,-0.9670181274414062,0.0036466794554144144,-0.005961880087852471,-0.005961880087852471,7.750642818488309,-3.3345404193868604,0.28828080243760645
