,Unnamed: 0,left_eyebrow_18x,left_eyebrow_18y,left_eyebrow_20x,left_eyebrow_20y,left_eyebrow_22x,left_eyebrow_22y,right_eyebrow_23x,right_eyebrow_23y,right_eyebrow_25x,right_eyebrow_25y,right_eyebrow_27x,right_eyebrow_27y,left_eye38_x,left_eye38_y,right_eye45_x,right_eye45_y,left_lip49_x,left_lip49_y,lip_center_upper52_x,lip_center_upper52_y,right_lip55_x,right_lip55_y,lip_center_lower58_x,lip_center_lower58_y,trans_x,trans_y,trans_z,rot_x,rot_y,rot_z
0,0,8.696640014648438,-18.366363525390597,-12.767852783203125,3.3276672363281534,-24.25489425659179,4.743682861328125,-5.808389663696293,-4.6566619873046875,-6.379127502441406,0.4539489746094034,-4.552947998046903,-4.813201904296847,10.68939208984375,5.6167449951171875,0.3790588378906392,7.541412353515625,14.330299377441406,-6.517578125,-2.8672122955322266,-0.5182914733886719,28.403366088867188,-21.215065002441406,-3.769543170928957,18.312904357910142,0.008587208765675314,-0.037762288004159934,-0.037762288004159934,-8.896873429954141,19.152852829064297,-2.3373613753976077
