,Unnamed: 0,left_eyebrow_18x,left_eyebrow_18y,left_eyebrow_20x,left_eyebrow_20y,left_eyebrow_22x,left_eyebrow_22y,right_eyebrow_23x,right_eyebrow_23y,right_eyebrow_25x,right_eyebrow_25y,right_eyebrow_27x,right_eyebrow_27y,left_eye38_x,left_eye38_y,right_eye45_x,right_eye45_y,left_lip49_x,left_lip49_y,lip_center_upper52_x,lip_center_upper52_y,right_lip55_x,right_lip55_y,lip_center_lower58_x,lip_center_lower58_y,trans_x,trans_y,trans_z,rot_x,rot_y,rot_z
0,0,14.840805053710938,-30.113861083984347,0.30934143066400566,2.3441009521484375,-17.602127075195312,12.762985229492159,-24.80387592315674,5.872283935546875,-3.3184127807617188,15.305496215820312,-5.712890625,11.444137573242188,18.42328643798828,1.6419830322265625,13.3963623046875,-4.90216064453125,23.068519592285156,26.159057617187514,-34.35183796286582,18.826396942138672,5.488838195800781,-23.11968994140625,-26.452664136886597,20.432373046875,0.029511861968785524,-0.12556347250938416,-0.12556347250938416,-0.5446643277866965,38.078368799731436,-174.62647652454785
