,Unnamed: 0,left_eyebrow_18x,left_eyebrow_18y,left_eyebrow_20x,left_eyebrow_20y,left_eyebrow_22x,left_eyebrow_22y,right_eyebrow_23x,right_eyebrow_23y,right_eyebrow_25x,right_eyebrow_25y,right_eyebrow_27x,right_eyebrow_27y,left_eye38_x,left_eye38_y,right_eye45_x,right_eye45_y,left_lip49_x,left_lip49_y,lip_center_upper52_x,lip_center_upper52_y,right_lip55_x,right_lip55_y,lip_center_lower58_x,lip_center_lower58_y,trans_x,trans_y,trans_z,rot_x,rot_y,rot_z
0,0,31.255523681640625,-22.001373291015653,-4.455413818359375,-3.5128021240234375,-29.06902313232422,6.834381103515597,-36.265663623809814,12.550964355468778,-10.43051910400392,13.912063598632784,8.61676025390625,10.32537841796875,15.155746459960938,-7.4600830078125,5.37518310546875,1.450485229492159,28.854454040527358,7.671871185302734,-26.941521212458614,16.266464233398438,5.908042907714844,-19.683063507080078,-18.15581870079041,12.73226165771483,0.021170843043364584,-0.00836854428052903,-0.00836854428052903,-0.6730717615913075,38.47267000739906,3.88789013360089
