,Unnamed: 0,left_eyebrow_18x,left_eyebrow_18y,left_eyebrow_20x,left_eyebrow_20y,left_eyebrow_22x,left_eyebrow_22y,right_eyebrow_23x,right_eyebrow_23y,right_eyebrow_25x,right_eyebrow_25y,right_eyebrow_27x,right_eyebrow_27y,left_eye38_x,left_eye38_y,right_eye45_x,right_eye45_y,left_lip49_x,left_lip49_y,lip_center_upper52_x,lip_center_upper52_y,right_lip55_x,right_lip55_y,lip_center_lower58_x,lip_center_lower58_y,trans_x,trans_y,trans_z,rot_x,rot_y,rot_z
0,0,-1.4319000244140625,-6.290466308593722,9.489433288574219,8.777755737304688,10.488618850708011,14.501571655273494,-10.646331787109371,16.006683349609347,-7.791183471679702,10.448898315429659,1.8133392333984375,-6.2455596923828125,0.6478042602539062,-1.4659271240234375,0.39252471923828125,-1.251083374023466,-3.996803283691392,-0.24140167236328836,-1.5808060169219966,4.725116729736328,0.00939178466796875,-0.26450347900391336,-1.1328514814376835,1.936676025390625,-0.0026742575573734935,-0.001300819218158722,-0.001300819218158722,7.568966296078248,4.004308605178223,0.8241221369525946
