,Unnamed: 0,left_eyebrow_18x,left_eyebrow_18y,left_eyebrow_20x,left_eyebrow_20y,left_eyebrow_22x,left_eyebrow_22y,right_eyebrow_23x,right_eyebrow_23y,right_eyebrow_25x,right_eyebrow_25y,right_eyebrow_27x,right_eyebrow_27y,left_eye38_x,left_eye38_y,right_eye45_x,right_eye45_y,left_lip49_x,left_lip49_y,lip_center_upper52_x,lip_center_upper52_y,right_lip55_x,right_lip55_y,lip_center_lower58_x,lip_center_lower58_y,trans_x,trans_y,trans_z,rot_x,rot_y,rot_z
0,0,28.35504150390625,-29.844345092773438,1.578857421875,-0.4058074951171591,-32.62977600097656,-0.3359222412109375,-21.949028968811042,-5.7537841796875,-9.005615234375,6.764694213867216,0.4176635742187216,0.18768310546877842,20.728897094726562,9.676345825195312,-0.608306884765625,13.481277465820284,16.041213989257812,3.8530769348144602,-10.511385917663574,-5.527252197265625,31.10199737548828,-28.291378021240234,-10.701800823211668,23.523635864257812,0.05327688176475931,-0.023295171558856957,-0.023295171558856957,-4.953261986008166,31.91015881343073,-1.6588478460051106
