,Unnamed: 0,left_eyebrow_18x,left_eyebrow_18y,left_eyebrow_20x,left_eyebrow_20y,left_eyebrow_22x,left_eyebrow_22y,right_eyebrow_23x,right_eyebrow_23y,right_eyebrow_25x,right_eyebrow_25y,right_eyebrow_27x,right_eyebrow_27y,left_eye38_x,left_eye38_y,right_eye45_x,right_eye45_y,left_lip49_x,left_lip49_y,lip_center_upper52_x,lip_center_upper52_y,right_lip55_x,right_lip55_y,lip_center_lower58_x,lip_center_lower58_y,trans_x,trans_y,trans_z,rot_x,rot_y,rot_z
0,0,7.7146148681640625,-12.977920532226591,-1.8676528930664205,11.19873046875,-10.509931564331058,11.090301513671875,-18.973563194274902,7.579986572265625,-7.9403533935546875,19.59442138671878,0.7458496093750284,3.221527099609375,11.077476501464844,-3.0664367675780966,8.11769866943358,-2.0476837158203125,6.337562561035156,13.007682800292969,-16.448617696762085,12.792098999023438,8.325874328613281,-16.205493927001953,-13.937071084976196,6.675621032714844,0.008881626185029745,-0.047658406198024764,-0.047658406198024764,-1.5595372900639932,20.492997091442803,-0.8323240390685847
