,Unnamed: 0,left_eyebrow_18x,left_eyebrow_18y,left_eyebrow_20x,left_eyebrow_20y,left_eyebrow_22x,left_eyebrow_22y,right_eyebrow_23x,right_eyebrow_23y,right_eyebrow_25x,right_eyebrow_25y,right_eyebrow_27x,right_eyebrow_27y,left_eye38_x,left_eye38_y,right_eye45_x,right_eye45_y,left_lip49_x,left_lip49_y,lip_center_upper52_x,lip_center_upper52_y,right_lip55_x,right_lip55_y,lip_center_lower58_x,lip_center_lower58_y,trans_x,trans_y,trans_z,rot_x,rot_y,rot_z
0,0,1.7270050048828125,-9.763580322265653,12.361099243164062,13.69439697265625,9.190013885498047,16.356781005859375,-8.749286651611332,14.364318847656278,-12.246376037597628,10.40869140625,-1.0732421875,-9.484329223632812,-1.3370819091796733,3.6183624267578125,-0.8924789428710938,4.806900024414091,-4.187423706054673,-5.86906814575196,-0.254915714263916,9.229606628417969,4.016815185546861,-6.143032073974609,0.18497526645660395,4.004096984863281,0.0016927020624279976,-0.009088613092899323,-0.009088613092899323,8.931154618354173,-1.493561892070908,-0.4597898208479094
