,Unnamed: 0,left_eyebrow_18x,left_eyebrow_18y,left_eyebrow_20x,left_eyebrow_20y,left_eyebrow_22x,left_eyebrow_22y,right_eyebrow_23x,right_eyebrow_23y,right_eyebrow_25x,right_eyebrow_25y,right_eyebrow_27x,right_eyebrow_27y,left_eye38_x,left_eye38_y,right_eye45_x,right_eye45_y,left_lip49_x,left_lip49_y,lip_center_upper52_x,lip_center_upper52_y,right_lip55_x,right_lip55_y,lip_center_lower58_x,lip_center_lower58_y,trans_x,trans_y,trans_z,rot_x,rot_y,rot_z
0,0,9.382690429687528,-36.0473937988281,-4.907028198242216,4.982345581054659,-21.822254180908207,15.349441528320284,-24.85978388786316,11.712310791015653,-8.2064208984375,13.164459228515597,3.1317138671875,0.3963165283202841,16.75390625,-0.4487915039062216,7.913978576660156,2.1363830566405966,38.851947784423835,16.022727966308587,-26.069219112396237,12.8697509765625,3.7903823852539062,-25.385414123535156,-15.003974795341492,2.5958099365234233,0.03541658539324999,-0.032213233411312096,-0.032213233411312096,-1.0543341942458606,36.36441172265513,0.9171369900652604
