,Unnamed: 0,left_eyebrow_18x,left_eyebrow_18y,left_eyebrow_20x,left_eyebrow_20y,left_eyebrow_22x,left_eyebrow_22y,right_eyebrow_23x,right_eyebrow_23y,right_eyebrow_25x,right_eyebrow_25y,right_eyebrow_27x,right_eyebrow_27y,left_eye38_x,left_eye38_y,right_eye45_x,right_eye45_y,left_lip49_x,left_lip49_y,lip_center_upper52_x,lip_center_upper52_y,right_lip55_x,right_lip55_y,lip_center_lower58_x,lip_center_lower58_y,trans_x,trans_y,trans_z,rot_x,rot_y,rot_z
0,0,3.853057861328125,-9.974639892578125,9.843032836914077,9.939392089843778,5.509689331054684,25.79620361328125,-4.4540863037109375,26.081497192382784,-12.388320922851562,14.273178100585938,-2.029220581054716,-11.116302490234347,0.07199859619140625,-7.573760986328125,-0.8042755126953125,-5.493530273437528,-5.0189208984375,-12.77755355834963,-1.7590568065643315,25.002557754516605,8.016471862792969,-17.114452362060554,0.5366282463073733,14.473083496093736,-0.0016820542077766727,-0.005675844848155982,-0.005675844848155982,19.23584839463672,1.9860535273391167,-1.3870104979040168
