,Unnamed: 0,left_eyebrow_18x,left_eyebrow_18y,left_eyebrow_20x,left_eyebrow_20y,left_eyebrow_22x,left_eyebrow_22y,right_eyebrow_23x,right_eyebrow_23y,right_eyebrow_25x,right_eyebrow_25y,right_eyebrow_27x,right_eyebrow_27y,left_eye38_x,left_eye38_y,right_eye45_x,right_eye45_y,left_lip49_x,left_lip49_y,lip_center_upper52_x,lip_center_upper52_y,right_lip55_x,right_lip55_y,lip_center_lower58_x,lip_center_lower58_y,trans_x,trans_y,trans_z,rot_x,rot_y,rot_z
0,0,3.673980712890625,-9.592803955078125,7.495910644531236,9.917541503906222,2.6684970855712926,12.403884887695312,-6.003404617309563,12.1668701171875,-8.609924316406264,12.435012817382841,-3.1326141357421875,-7.192367553710909,-0.44338226318359375,-1.480880737304716,1.9685821533203125,-0.5630950927734375,-3.444183349609361,-5.174900054931641,-0.6569765508174896,9.904865264892578,7.101501464843764,-8.214447021484375,-1.110082387924194,6.876792907714844,-0.004638673039153218,-0.005414728075265891,-0.005414728075265891,11.138448735322987,4.33991649824295,0.29278516433309054
