,Unnamed: 0,left_eyebrow_18x,left_eyebrow_18y,left_eyebrow_20x,left_eyebrow_20y,left_eyebrow_22x,left_eyebrow_22y,right_eyebrow_23x,right_eyebrow_23y,right_eyebrow_25x,right_eyebrow_25y,right_eyebrow_27x,right_eyebrow_27y,left_eye38_x,left_eye38_y,right_eye45_x,right_eye45_y,left_lip49_x,left_lip49_y,lip_center_upper52_x,lip_center_upper52_y,right_lip55_x,right_lip55_y,lip_center_lower58_x,lip_center_lower58_y,trans_x,trans_y,trans_z,rot_x,rot_y,rot_z
0,0,9.480026245117188,-13.272171020507784,5.5961151123046875,6.536270141601591,-3.935670852661133,24.751388549804688,-15.4760160446167,22.642730712890597,-12.407958984375,16.25433349609375,2.655426025390625,-2.8572387695312216,4.176239013671875,-10.014099121093778,3.4537887573242045,-4.028137207031222,-0.279296875,-1.6686859130859517,-14.154321193695068,25.01712226867676,11.34368896484375,-23.485713958740234,-10.488960981369019,12.30393218994142,0.010150899877771733,-0.027666844427585602,-0.027666844427585602,14.733387432673075,16.446231621964188,-0.9445387349679599
