,Unnamed: 0,left_eyebrow_18x,left_eyebrow_18y,left_eyebrow_20x,left_eyebrow_20y,left_eyebrow_22x,left_eyebrow_22y,right_eyebrow_23x,right_eyebrow_23y,right_eyebrow_25x,right_eyebrow_25y,right_eyebrow_27x,right_eyebrow_27y,left_eye38_x,left_eye38_y,right_eye45_x,right_eye45_y,left_lip49_x,left_lip49_y,lip_center_upper52_x,lip_center_upper52_y,right_lip55_x,right_lip55_y,lip_center_lower58_x,lip_center_lower58_y,trans_x,trans_y,trans_z,rot_x,rot_y,rot_z
0,0,23.17814636230463,-41.5773010253906,-2.75445556640625,4.761505126953125,-30.717761993408203,15.449905395507784,-32.51079976558685,9.212753295898438,-10.748207092285128,22.483840942382784,-0.23817443847659092,1.7627410888671875,23.98702239990233,-1.2274932861328125,10.012794494628892,0.96307373046875,27.339370727539077,25.316726684570312,-37.56208956241608,18.26714706420899,4.454689025878906,-24.43744659423828,-14.979176461696623,9.70379638671875,0.024087720477837134,-0.008411135524511337,-0.008411135524511337,7.169194816233677,45.808064981457,6.599071449030001
