,Unnamed: 0,left_eyebrow_18x,left_eyebrow_18y,left_eyebrow_20x,left_eyebrow_20y,left_eyebrow_22x,left_eyebrow_22y,right_eyebrow_23x,right_eyebrow_23y,right_eyebrow_25x,right_eyebrow_25y,right_eyebrow_27x,right_eyebrow_27y,left_eye38_x,left_eye38_y,right_eye45_x,right_eye45_y,left_lip49_x,left_lip49_y,lip_center_upper52_x,lip_center_upper52_y,right_lip55_x,right_lip55_y,lip_center_lower58_x,lip_center_lower58_y,trans_x,trans_y,trans_z,rot_x,rot_y,rot_z
0,0,11.567840576171875,-28.270736694335966,4.538597106933594,21.075958251953125,-20.890195846557617,36.39080810546875,-19.080998420715332,35.318313598632784,-21.636108398437457,33.74624633789057,0.03483581542971592,-10.389022827148438,10.814414978027344,-11.120269775390625,10.063232421875014,-4.482254028320284,6.8206710815429545,9.216629028320312,-23.589186668395996,18.717031478881836,5.3264541625976705,-20.58025741577149,-22.15757918357849,18.62680053710939,0.0026079416275024414,-0.020098410546779633,-0.020098410546779633,20.92986003615841,30.68642201336731,1.2957558450719964
