,Unnamed: 0,left_eyebrow_18x,left_eyebrow_18y,left_eyebrow_20x,left_eyebrow_20y,left_eyebrow_22x,left_eyebrow_22y,right_eyebrow_23x,right_eyebrow_23y,right_eyebrow_25x,right_eyebrow_25y,right_eyebrow_27x,right_eyebrow_27y,left_eye38_x,left_eye38_y,right_eye45_x,right_eye45_y,left_lip49_x,left_lip49_y,lip_center_upper52_x,lip_center_upper52_y,right_lip55_x,right_lip55_y,lip_center_lower58_x,lip_center_lower58_y,trans_x,trans_y,trans_z,rot_x,rot_y,rot_z
0,0,-0.23669433593744316,-8.829177856445312,1.983688354492216,11.191833496093722,2.3270606994628906,14.207992553710909,-20.42508506774902,11.233489990234347,-8.397331237792955,18.007247924804688,5.469940185546875,5.52264404296875,6.395660400390625,-6.529632568359403,8.024314880371094,-4.6857452392578125,14.135719299316406,16.057899475097656,-19.12700843811035,7.5689544677734375,-5.754341125488281,-9.488422393798828,-14.504516065120697,-4.6615142822265625,-0.012174784671515226,0.12030362710356712,0.12030362710356712,-1.9207338761725652,38.95917848471919,-178.36937775583613
