,Unnamed: 0,left_eyebrow_18x,left_eyebrow_18y,left_eyebrow_20x,left_eyebrow_20y,left_eyebrow_22x,left_eyebrow_22y,right_eyebrow_23x,right_eyebrow_23y,right_eyebrow_25x,right_eyebrow_25y,right_eyebrow_27x,right_eyebrow_27y,left_eye38_x,left_eye38_y,right_eye45_x,right_eye45_y,left_lip49_x,left_lip49_y,lip_center_upper52_x,lip_center_upper52_y,right_lip55_x,right_lip55_y,lip_center_lower58_x,lip_center_lower58_y,trans_x,trans_y,trans_z,rot_x,rot_y,rot_z
0,0,12.831878662109375,-17.43572998046875,3.9239349365234375,4.4555206298828125,-10.527540206909176,13.113601684570312,-18.282884597778313,16.043304443359403,-11.624992370605469,17.614593505859403,0.4455718994140909,-1.4890289306640625,3.1165847778320312,-6.062530517578153,7.729103088378906,2.016464233398409,9.93875122070314,2.358997344970703,-11.063093215227129,10.388946533203132,17.872329711914062,-18.90740966796875,-12.149210214614868,8.578163146972656,0.005906103178858759,-0.02587156742811203,-0.02587156742811203,10.04978548564628,19.252440722724085,0.7452953570347454
