,Unnamed: 0,left_eyebrow_18x,left_eyebrow_18y,left_eyebrow_20x,left_eyebrow_20y,left_eyebrow_22x,left_eyebrow_22y,right_eyebrow_23x,right_eyebrow_23y,right_eyebrow_25x,right_eyebrow_25y,right_eyebrow_27x,right_eyebrow_27y,left_eye38_x,left_eye38_y,right_eye45_x,right_eye45_y,left_lip49_x,left_lip49_y,lip_center_upper52_x,lip_center_upper52_y,right_lip55_x,right_lip55_y,lip_center_lower58_x,lip_center_lower58_y,trans_x,trans_y,trans_z,rot_x,rot_y,rot_z
0,0,-1.125320434570284,1.3796691894531534,2.9228515625,8.669174194335966,7.407865524291992,2.33526611328125,-3.6078453063964844,0.342376708984375,-1.8681945800781534,9.134872436523438,1.280670166015625,2.5291748046875284,-1.4437179565429688,4.2945709228515625,-2.3315048217773438,2.021835327148409,5.373954772949219,-9.731307983398423,-2.902846932411194,-7.123863220214851,-0.8149108886718608,-11.667469024658203,-0.8788197040557859,6.080505371093736,0.001514853909611702,0.00849587470293045,0.00849587470293045,3.9441343791940717,-0.8090508429669878,0.607994292088049
