,Unnamed: 0,left_eyebrow_18x,left_eyebrow_18y,left_eyebrow_20x,left_eyebrow_20y,left_eyebrow_22x,left_eyebrow_22y,right_eyebrow_23x,right_eyebrow_23y,right_eyebrow_25x,right_eyebrow_25y,right_eyebrow_27x,right_eyebrow_27y,left_eye38_x,left_eye38_y,right_eye45_x,right_eye45_y,left_lip49_x,left_lip49_y,lip_center_upper52_x,lip_center_upper52_y,right_lip55_x,right_lip55_y,lip_center_lower58_x,lip_center_lower58_y,trans_x,trans_y,trans_z,rot_x,rot_y,rot_z
0,0,10.747665405273494,-18.96551513671875,0.7274475097656534,7.087799072265625,-8.147701263427734,7.100418090820284,-14.019924163818352,6.846588134765625,-7.205528259277344,13.77020263671875,3.507858276367159,-0.8300323486328125,2.9720001220702983,-1.019790649414091,5.812492370605469,0.19354248046872158,2.9748001098632812,19.664554595947266,-13.962736606597897,3.9368019104003906,4.238304138183608,-9.558113098144524,-11.56904149055481,-8.396476745605483,0.011349590829922816,-0.017841491848230362,-0.017841491848230362,-1.4946775625971438,22.417152296869293,2.328098411226758
