,Unnamed: 0,left_eyebrow_18x,left_eyebrow_18y,left_eyebrow_20x,left_eyebrow_20y,left_eyebrow_22x,left_eyebrow_22y,right_eyebrow_23x,right_eyebrow_23y,right_eyebrow_25x,right_eyebrow_25y,right_eyebrow_27x,right_eyebrow_27y,left_eye38_x,left_eye38_y,right_eye45_x,right_eye45_y,left_lip49_x,left_lip49_y,lip_center_upper52_x,lip_center_upper52_y,right_lip55_x,right_lip55_y,lip_center_lower58_x,lip_center_lower58_y,trans_x,trans_y,trans_z,rot_x,rot_y,rot_z
0,0,22.319442749023494,-25.315704345703097,3.9375,10.486679077148409,-11.313556671142578,13.885437011718722,-43.94076585769653,9.062255859375,-10.174003601074219,20.06932067871091,0.8463592529296591,14.928848266601562,19.727951049804688,-6.92578125,13.345672607421875,-2.68402099609375,40.20050048828125,34.326332092285156,-39.47550678253174,26.33865737915039,3.5732955932617188,-22.09825897216797,-26.029894292354587,-0.8319320678710938,0.017489847727119923,-0.033551622182130814,-0.033551622182130814,-4.29418090294606,50.03698656955995,1.2310556628302307
