,Unnamed: 0,left_eyebrow_18x,left_eyebrow_18y,left_eyebrow_20x,left_eyebrow_20y,left_eyebrow_22x,left_eyebrow_22y,right_eyebrow_23x,right_eyebrow_23y,right_eyebrow_25x,right_eyebrow_25y,right_eyebrow_27x,right_eyebrow_27y,left_eye38_x,left_eye38_y,right_eye45_x,right_eye45_y,left_lip49_x,left_lip49_y,lip_center_upper52_x,lip_center_upper52_y,right_lip55_x,right_lip55_y,lip_center_lower58_x,lip_center_lower58_y,trans_x,trans_y,trans_z,rot_x,rot_y,rot_z
0,0,7.8809661865234375,-18.159133911132812,0.3122711181640909,12.304534912109347,-12.623767852783203,10.58525085449213,-14.76541996002197,10.798095703125,-9.353981018066378,23.061004638671875,-0.5061492919922159,-3.7110748291015625,8.106094360351562,-1.6615600585937784,8.413108825683594,-0.430908203125,1.4145965576171875,8.974777221679688,-16.25727140903473,7.881114959716804,5.4374542236328125,-15.1832275390625,-9.236572206020355,5.155426025390611,0.005332181623089127,-0.022603042423725128,-0.022603042423725128,5.860403476947331,29.85258393947671,2.395254812428473
