,Unnamed: 0,left_eyebrow_18x,left_eyebrow_18y,left_eyebrow_20x,left_eyebrow_20y,left_eyebrow_22x,left_eyebrow_22y,right_eyebrow_23x,right_eyebrow_23y,right_eyebrow_25x,right_eyebrow_25y,right_eyebrow_27x,right_eyebrow_27y,left_eye38_x,left_eye38_y,right_eye45_x,right_eye45_y,left_lip49_x,left_lip49_y,lip_center_upper52_x,lip_center_upper52_y,right_lip55_x,right_lip55_y,lip_center_lower58_x,lip_center_lower58_y,trans_x,trans_y,trans_z,rot_x,rot_y,rot_z
0,0,30.509124755859375,-57.53074645996091,16.55677032470703,8.111968994140682,-18.222980499267578,24.60833740234372,-52.80389404296875,12.069442749023438,-23.4307861328125,23.632965087890625,-0.2909851074218466,-7.1775054931640625,17.689842224121094,15.656234741210938,12.073783874511719,17.88865661621091,32.016780853271484,9.380012512207045,-34.44170665740967,12.9617691040039,10.394851684570327,-33.45565414428711,-19.868225693702698,35.57394409179689,0.03355938894674182,0.004919074475765214,0.004919074475765214,11.437951019531942,40.51922754577507,6.165529940400593
