,Unnamed: 0,left_eyebrow_18x,left_eyebrow_18y,left_eyebrow_20x,left_eyebrow_20y,left_eyebrow_22x,left_eyebrow_22y,right_eyebrow_23x,right_eyebrow_23y,right_eyebrow_25x,right_eyebrow_25y,right_eyebrow_27x,right_eyebrow_27y,left_eye38_x,left_eye38_y,right_eye45_x,right_eye45_y,left_lip49_x,left_lip49_y,lip_center_upper52_x,lip_center_upper52_y,right_lip55_x,right_lip55_y,lip_center_lower58_x,lip_center_lower58_y,trans_x,trans_y,trans_z,rot_x,rot_y,rot_z
0,0,1.412338256835966,-10.873672485351591,3.3379440307617188,10.04949951171875,-7.181997299194336,30.45703125,-1.9419288635253906,29.02296447753909,-8.039817810058565,13.714065551757756,-0.2274627685546875,-10.835861206054688,-1.5974197387695312,-10.137954711914062,6.553108215332031,-9.504180908203097,1.4037933349609375,-2.5701522827148438,-3.5726753473281865,13.868448257446289,-3.7564315795898295,-10.385028839111342,-2.955513209104538,18.58332061767578,-0.002793194551486522,-0.008483633399009705,-0.008483633399009705,25.53676887078945,7.322054051881225,0.05384781142502515
