,Unnamed: 0,left_eyebrow_18x,left_eyebrow_18y,left_eyebrow_20x,left_eyebrow_20y,left_eyebrow_22x,left_eyebrow_22y,right_eyebrow_23x,right_eyebrow_23y,right_eyebrow_25x,right_eyebrow_25y,right_eyebrow_27x,right_eyebrow_27y,left_eye38_x,left_eye38_y,right_eye45_x,right_eye45_y,left_lip49_x,left_lip49_y,lip_center_upper52_x,lip_center_upper52_y,right_lip55_x,right_lip55_y,lip_center_lower58_x,lip_center_lower58_y,trans_x,trans_y,trans_z,rot_x,rot_y,rot_z
0,0,17.436599731445312,-25.131561279296875,-0.6104583740234517,3.2903442382812784,-19.148571014404297,19.192459106445312,-27.96037095785141,19.62365722656247,-15.538238525390625,17.408889770507812,3.0601654052734375,1.6060180664062784,10.030715942382812,-11.161315917968722,4.4197540283203125,-2.4903717041015625,8.623489379882827,7.4621505737304545,-29.372672557830814,25.40186882019044,16.249435424804673,-29.690006256103516,-20.787713766098022,14.109771728515625,0.03051063301973045,-0.022545471787452698,-0.022545471787452698,5.992394559328091,36.04942796606156,-0.45609370687463224
