,Unnamed: 0,left_eyebrow_18x,left_eyebrow_18y,left_eyebrow_20x,left_eyebrow_20y,left_eyebrow_22x,left_eyebrow_22y,right_eyebrow_23x,right_eyebrow_23y,right_eyebrow_25x,right_eyebrow_25y,right_eyebrow_27x,right_eyebrow_27y,left_eye38_x,left_eye38_y,right_eye45_x,right_eye45_y,left_lip49_x,left_lip49_y,lip_center_upper52_x,lip_center_upper52_y,right_lip55_x,right_lip55_y,lip_center_lower58_x,lip_center_lower58_y,trans_x,trans_y,trans_z,rot_x,rot_y,rot_z
0,0,1.8501586914062216,-11.004074096679688,2.8228454589843466,8.708190917968722,-2.2547378540039062,20.434646606445284,-21.402751922607422,22.3697509765625,-13.026588439941406,22.145172119140597,3.7705383300780966,0.4059600830077841,9.540664672851562,-17.586929321289062,2.274719238281236,-12.106613159179688,11.177574157714844,13.150428771972663,-15.232016324996948,10.897466659545898,5.106414794921861,-10.077205657958984,-11.126110881567001,10.988258361816392,0.010243054653983565,-0.014890111982822404,-0.014890111982822404,9.592380535193,22.301803509304307,-0.5790519050986755
