,Unnamed: 0,left_eyebrow_18x,left_eyebrow_18y,left_eyebrow_20x,left_eyebrow_20y,left_eyebrow_22x,left_eyebrow_22y,right_eyebrow_23x,right_eyebrow_23y,right_eyebrow_25x,right_eyebrow_25y,right_eyebrow_27x,right_eyebrow_27y,left_eye38_x,left_eye38_y,right_eye45_x,right_eye45_y,left_lip49_x,left_lip49_y,lip_center_upper52_x,lip_center_upper52_y,right_lip55_x,right_lip55_y,lip_center_lower58_x,lip_center_lower58_y,trans_x,trans_y,trans_z,rot_x,rot_y,rot_z
0,0,1.7349090576171875,0.3663024902344034,4.146049499511719,9.516296386718722,1.88250732421875,8.046539306640653,-10.232313156127937,8.921218872070284,-7.8995513916015625,13.046447753906278,-0.067901611328125,3.3023681640625284,2.70941162109375,-3.402435302734375,5.606651306152358,0.093841552734375,0.01462554931639204,5.503116607666016,-3.591530442237854,8.259780883789055,3.1863250732421875,-2.118305206298828,-1.3735079318284988,3.8563156127929688,-0.0281019676476717,-0.009205374866724014,-0.009205374866724014,3.4767879194385385,29.13915428449706,0.4537633322985326
