,Unnamed: 0,left_eyebrow_18x,left_eyebrow_18y,left_eyebrow_20x,left_eyebrow_20y,left_eyebrow_22x,left_eyebrow_22y,right_eyebrow_23x,right_eyebrow_23y,right_eyebrow_25x,right_eyebrow_25y,right_eyebrow_27x,right_eyebrow_27y,left_eye38_x,left_eye38_y,right_eye45_x,right_eye45_y,left_lip49_x,left_lip49_y,lip_center_upper52_x,lip_center_upper52_y,right_lip55_x,right_lip55_y,lip_center_lower58_x,lip_center_lower58_y,trans_x,trans_y,trans_z,rot_x,rot_y,rot_z
0,0,15.639556884765625,-16.65086364746091,8.526626586914062,12.867706298828125,-7.751468658447266,14.665115356445284,-27.83638763427735,17.40087890625,-15.856231689453125,21.894699096679716,-0.08624267578125,3.3291625976562784,6.60491943359375,-3.8841094970703125,8.62893676757811,0.5381164550781534,23.734054565429673,21.8970947265625,-16.76286542415619,9.152339935302734,7.451568603515625,-7.965476989746094,-13.186129212379456,-5.5271148681640625,-0.004680252168327569,-0.014094624668359756,-0.014094624668359756,7.075089865197837,40.07462628367091,3.8438755821742356
