,Unnamed: 0,left_eyebrow_18x,left_eyebrow_18y,left_eyebrow_20x,left_eyebrow_20y,left_eyebrow_22x,left_eyebrow_22y,right_eyebrow_23x,right_eyebrow_23y,right_eyebrow_25x,right_eyebrow_25y,right_eyebrow_27x,right_eyebrow_27y,left_eye38_x,left_eye38_y,right_eye45_x,right_eye45_y,left_lip49_x,left_lip49_y,lip_center_upper52_x,lip_center_upper52_y,right_lip55_x,right_lip55_y,lip_center_lower58_x,lip_center_lower58_y,trans_x,trans_y,trans_z,rot_x,rot_y,rot_z
0,0,5.911941528320369,-2.2952423095703693,-3.1905899047851562,6.238876342773409,-3.936023712158203,3.169219970703125,-23.60060977935791,4.2011566162109375,-8.29486083984375,16.136276245117216,2.100830078125,11.187438964843722,3.8956375122070312,1.1669006347655966,12.51815795898439,5.204208374023466,18.28966522216797,18.9051513671875,-9.46568161249161,9.721000671386719,0.8301239013671733,-5.584384918212891,-7.892904698848724,-9.578567504882812,0.02987239044159651,0.023674789990764115,0.023674789990764115,-1.7373862961441189,27.347800291615137,-1.1458711077260122
