,Unnamed: 0,left_eyebrow_18x,left_eyebrow_18y,left_eyebrow_20x,left_eyebrow_20y,left_eyebrow_22x,left_eyebrow_22y,right_eyebrow_23x,right_eyebrow_23y,right_eyebrow_25x,right_eyebrow_25y,right_eyebrow_27x,right_eyebrow_27y,left_eye38_x,left_eye38_y,right_eye45_x,right_eye45_y,left_lip49_x,left_lip49_y,lip_center_upper52_x,lip_center_upper52_y,right_lip55_x,right_lip55_y,lip_center_lower58_x,lip_center_lower58_y,trans_x,trans_y,trans_z,rot_x,rot_y,rot_z
0,0,-1.564208984375,1.6862335205078125,4.479530334472628,7.9017333984375,5.080789566040039,6.073394775390625,-8.610317230224616,7.4749755859375,-4.320404052734347,8.909225463867188,2.8503570556640625,3.491912841796875,1.7652130126953125,-6.296066284179716,1.0628509521484233,-7.101516723632784,2.4082107543945455,4.8260955810546875,0.7316611409187319,-1.297069549560554,-4.303039550781236,2.2863731384277344,0.9196726083755498,0.6443023681640625,0.02397521177772433,0.027558781206607822,0.027558781206607822,3.462228229365749,4.991965331263964,0.39254151252824787
