,Unnamed: 0,left_eyebrow_18x,left_eyebrow_18y,left_eyebrow_20x,left_eyebrow_20y,left_eyebrow_22x,left_eyebrow_22y,right_eyebrow_23x,right_eyebrow_23y,right_eyebrow_25x,right_eyebrow_25y,right_eyebrow_27x,right_eyebrow_27y,left_eye38_x,left_eye38_y,right_eye45_x,right_eye45_y,left_lip49_x,left_lip49_y,lip_center_upper52_x,lip_center_upper52_y,right_lip55_x,right_lip55_y,lip_center_lower58_x,lip_center_lower58_y,trans_x,trans_y,trans_z,rot_x,rot_y,rot_z
0,0,23.744369506835966,-30.625198364257784,4.902755737304716,2.9871520996093466,-21.563213348388672,22.7275390625,-28.935865402221687,26.57537841796875,-17.509445190429688,24.273834228515653,2.5961151123046307,-2.0959167480469034,20.147445678710938,-17.230484008789062,5.971916198730469,-11.564590454101562,13.284927368164062,27.037071228027344,-36.894150733947754,25.847166061401364,12.660514831542969,-22.408355712890625,-24.316157341003418,13.865882873535156,0.009581474587321283,-0.018742956221103668,-0.018742956221103668,14.158350440780119,45.29789133376437,-4.43890323575451
