,Unnamed: 0,left_eyebrow_18x,left_eyebrow_18y,left_eyebrow_20x,left_eyebrow_20y,left_eyebrow_22x,left_eyebrow_22y,right_eyebrow_23x,right_eyebrow_23y,right_eyebrow_25x,right_eyebrow_25y,right_eyebrow_27x,right_eyebrow_27y,left_eye38_x,left_eye38_y,right_eye45_x,right_eye45_y,left_lip49_x,left_lip49_y,lip_center_upper52_x,lip_center_upper52_y,right_lip55_x,right_lip55_y,lip_center_lower58_x,lip_center_lower58_y,trans_x,trans_y,trans_z,rot_x,rot_y,rot_z
0,0,2.9701995849609375,-9.495162963867216,-0.17630004882815342,0.2493438720703125,0.5664939880371094,7.536865234374943,-10.618085861206058,-0.8280944824218466,-5.709739685058622,6.7176971435546875,0.43603515625,2.263412475585909,4.6379013061523295,-0.2066192626953125,4.796051025390597,3.771575927734375,7.0098419189453125,11.964668273925781,-20.491577863693237,4.3359222412109375,5.596183776855469,-8.590831756591797,-15.306458711624146,3.8618545532226562,0.0021264463430270553,-0.0015927702188491752,-0.0015927702188491752,-1.3294586239211308,22.574875708635574,0.15352350459565822
