,Unnamed: 0,left_eyebrow_18x,left_eyebrow_18y,left_eyebrow_20x,left_eyebrow_20y,left_eyebrow_22x,left_eyebrow_22y,right_eyebrow_23x,right_eyebrow_23y,right_eyebrow_25x,right_eyebrow_25y,right_eyebrow_27x,right_eyebrow_27y,left_eye38_x,left_eye38_y,right_eye45_x,right_eye45_y,left_lip49_x,left_lip49_y,lip_center_upper52_x,lip_center_upper52_y,right_lip55_x,right_lip55_y,lip_center_lower58_x,lip_center_lower58_y,trans_x,trans_y,trans_z,rot_x,rot_y,rot_z
0,0,56.21537780761719,-19.338912963867188,13.338005065917983,11.773620605468778,-29.328670501708977,15.590286254882812,-57.391801834106445,14.055496215820312,-28.953353881835923,16.869186401367188,7.032806396484375,10.937911987304688,12.435638427734375,-10.273452758789062,-6.8306121826171875,-2.3967132568359375,29.725379943847656,2.6988296508789062,-39.603840351104736,1.4931068420410227,19.4386444091797,-3.10797119140625,-20.83065038919449,3.6185379028320312,0.027797641698271036,-0.004975259304046631,-0.004975259304046631,3.2957967201853755,37.70745781908517,2.147330748635323
