,Unnamed: 0,left_eyebrow_18x,left_eyebrow_18y,left_eyebrow_20x,left_eyebrow_20y,left_eyebrow_22x,left_eyebrow_22y,right_eyebrow_23x,right_eyebrow_23y,right_eyebrow_25x,right_eyebrow_25y,right_eyebrow_27x,right_eyebrow_27y,left_eye38_x,left_eye38_y,right_eye45_x,right_eye45_y,left_lip49_x,left_lip49_y,lip_center_upper52_x,lip_center_upper52_y,right_lip55_x,right_lip55_y,lip_center_lower58_x,lip_center_lower58_y,trans_x,trans_y,trans_z,rot_x,rot_y,rot_z
0,0,-3.13885498046875,0.2056427001953125,4.143272399902301,7.1510009765625,8.707412719726559,3.9579467773437216,-2.2917289733886754,-2.9625854492187216,-1.6233901977539347,0.1359405517578125,0.43994140625,-0.35722351074224434,1.2008209228515483,2.702301025390625,-0.5189895629882955,2.584014892578125,1.6645050048827983,0.39825439453125,-0.3545336723327641,-0.5138778686523438,1.7713775634765625,4.138050079345689,-0.668869614601135,-1.809440612792983,0.0008254154090536758,0.0024969950318336556,0.0024969950318336556,-0.3504174241769099,-2.3273368582773934,-0.8889722230304626
