,Unnamed: 0,left_eyebrow_18x,left_eyebrow_18y,left_eyebrow_20x,left_eyebrow_20y,left_eyebrow_22x,left_eyebrow_22y,right_eyebrow_23x,right_eyebrow_23y,right_eyebrow_25x,right_eyebrow_25y,right_eyebrow_27x,right_eyebrow_27y,left_eye38_x,left_eye38_y,right_eye45_x,right_eye45_y,left_lip49_x,left_lip49_y,lip_center_upper52_x,lip_center_upper52_y,right_lip55_x,right_lip55_y,lip_center_lower58_x,lip_center_lower58_y,trans_x,trans_y,trans_z,rot_x,rot_y,rot_z
0,0,3.07110595703125,-3.1516571044921875,4.921089172363281,9.41558837890625,3.4777755737304688,13.017501831054688,-4.832586288452145,15.812591552734403,-8.588417053222642,12.390594482421875,-2.2095184326171875,-4.544387817382841,4.121055603027344,-8.247589111328097,-3.0220413208007812,-6.4375457763671875,-8.268096923828125,-5.635227203369141,-3.363999843597412,6.790462493896484,4.4356765747070455,-3.8053512573242188,0.0013685822486877441,4.078620910644531,-0.001072386745363474,-0.010254442691802979,-0.010254442691802979,9.626371054301202,1.027053853437358,-0.9777101354186346
