,Unnamed: 0,left_eyebrow_18x,left_eyebrow_18y,left_eyebrow_20x,left_eyebrow_20y,left_eyebrow_22x,left_eyebrow_22y,right_eyebrow_23x,right_eyebrow_23y,right_eyebrow_25x,right_eyebrow_25y,right_eyebrow_27x,right_eyebrow_27y,left_eye38_x,left_eye38_y,right_eye45_x,right_eye45_y,left_lip49_x,left_lip49_y,lip_center_upper52_x,lip_center_upper52_y,right_lip55_x,right_lip55_y,lip_center_lower58_x,lip_center_lower58_y,trans_x,trans_y,trans_z,rot_x,rot_y,rot_z
0,0,18.89479064941409,-25.103668212890653,-9.55492401123044,-6.103454589843778,-18.08171844482422,1.546966552734375,-44.25595664978027,-2.262130737304716,-5.7022705078125,12.817565917968778,-1.8038024902344034,18.6217041015625,13.815345764160156,0.004165649414034078,20.891220092773423,8.940719604492188,47.874988555908196,31.940879821777344,-25.004245340824127,14.422809600830078,-6.839256286621108,-16.44662857055664,-13.044247090816498,0.8789825439453125,0.050445794127881534,0.026027978514321152,0.026027978514321152,0.10861580365291701,39.66157319591616,2.2560946687163463
