,Unnamed: 0,left_eyebrow_18x,left_eyebrow_18y,left_eyebrow_20x,left_eyebrow_20y,left_eyebrow_22x,left_eyebrow_22y,right_eyebrow_23x,right_eyebrow_23y,right_eyebrow_25x,right_eyebrow_25y,right_eyebrow_27x,right_eyebrow_27y,left_eye38_x,left_eye38_y,right_eye45_x,right_eye45_y,left_lip49_x,left_lip49_y,lip_center_upper52_x,lip_center_upper52_y,right_lip55_x,right_lip55_y,lip_center_lower58_x,lip_center_lower58_y,trans_x,trans_y,trans_z,rot_x,rot_y,rot_z
0,0,30.517501831054688,-26.720550537109375,9.847084045410128,9.2447509765625,-15.55771255493164,24.74749755859375,-48.41894292831421,17.59100341796878,-12.291694641113281,21.769027709960938,7.214111328125,5.944610595703153,19.98065185546875,-13.414306640625,-0.02064514160157671,-10.83966064453125,32.69939422607422,20.771827697753906,-41.25089144706726,20.45115852355957,3.111122131347642,-12.957874298095703,-21.617586940526962,14.29934692382811,0.031202031474094838,-0.011079970747232437,-0.011079970747232437,10.645230257247515,39.07673279122888,2.476856387145616
