,Unnamed: 0,left_eyebrow_18x,left_eyebrow_18y,left_eyebrow_20x,left_eyebrow_20y,left_eyebrow_22x,left_eyebrow_22y,right_eyebrow_23x,right_eyebrow_23y,right_eyebrow_25x,right_eyebrow_25y,right_eyebrow_27x,right_eyebrow_27y,left_eye38_x,left_eye38_y,right_eye45_x,right_eye45_y,left_lip49_x,left_lip49_y,lip_center_upper52_x,lip_center_upper52_y,right_lip55_x,right_lip55_y,lip_center_lower58_x,lip_center_lower58_y,trans_x,trans_y,trans_z,rot_x,rot_y,rot_z
0,0,-0.5618743896484375,-2.2240753173828125,8.963546752929659,11.617324829101534,12.16653823852539,16.72285461425784,-14.452127456665039,22.5360107421875,-10.847686767578125,15.431625366210938,2.9541931152344034,-2.31109619140625,-0.773536682128892,-14.762542724609347,-1.330711364746108,-13.37188720703125,7.6165313720703125,4.134994506835945,1.0508992671966557,9.114343643188477,-2.7663726806640767,0.7700462341308594,1.376076489686966,6.213829040527358,-0.001783504441846162,-0.01197095587849617,-0.01197095587849617,11.133515882611785,0.4497305637528708,-1.16693338212341
