,Unnamed: 0,left_eyebrow_18x,left_eyebrow_18y,left_eyebrow_20x,left_eyebrow_20y,left_eyebrow_22x,left_eyebrow_22y,right_eyebrow_23x,right_eyebrow_23y,right_eyebrow_25x,right_eyebrow_25y,right_eyebrow_27x,right_eyebrow_27y,left_eye38_x,left_eye38_y,right_eye45_x,right_eye45_y,left_lip49_x,left_lip49_y,lip_center_upper52_x,lip_center_upper52_y,right_lip55_x,right_lip55_y,lip_center_lower58_x,lip_center_lower58_y,trans_x,trans_y,trans_z,rot_x,rot_y,rot_z
0,0,7.9177703857421875,-19.719131469726534,8.433715820312557,6.975418090820284,-5.59686279296875,23.777786254882812,-11.043247222900398,29.788375854492188,-16.23522186279297,21.736297607421875,0.4200592041015625,-11.758575439453125,10.056175231933594,-15.449188232421847,3.4126815795898438,-12.337432861328125,-2.4465789794921875,11.897621154785156,-17.66957187652588,20.936059951782223,6.2744064331054545,-12.532428741455071,-13.348750114440918,10.699676513671875,-0.0027616843581199646,-0.02942378353327513,-0.02942378353327513,17.29203273967017,26.315268682480664,-7.291837839220973
