,Unnamed: 0,left_eyebrow_18x,left_eyebrow_18y,left_eyebrow_20x,left_eyebrow_20y,left_eyebrow_22x,left_eyebrow_22y,right_eyebrow_23x,right_eyebrow_23y,right_eyebrow_25x,right_eyebrow_25y,right_eyebrow_27x,right_eyebrow_27y,left_eye38_x,left_eye38_y,right_eye45_x,right_eye45_y,left_lip49_x,left_lip49_y,lip_center_upper52_x,lip_center_upper52_y,right_lip55_x,right_lip55_y,lip_center_lower58_x,lip_center_lower58_y,trans_x,trans_y,trans_z,rot_x,rot_y,rot_z
0,0,1.683837890625,-4.2391815185546875,5.5785293579101705,8.713470458984403,5.0386199951171875,10.919967651367188,-7.194694519042969,11.191696166992159,-4.9289398193359375,7.673385620117216,1.4421844482421307,-1.5982208251953125,-1.4348068237304545,-7.5972747802734375,1.4092483520507528,-6.502593994140625,1.1449661254882812,2.8391647338867188,-2.620357573032379,1.371479034423821,-1.108169555664034,-2.5180740356445312,0.3957580327987671,1.5805435180664205,-0.003525949432514608,-0.00593623286113143,-0.00593623286113143,4.87304102880564,1.537330290334991,0.5050835673313334
