,Unnamed: 0,left_eyebrow_18x,left_eyebrow_18y,left_eyebrow_20x,left_eyebrow_20y,left_eyebrow_22x,left_eyebrow_22y,right_eyebrow_23x,right_eyebrow_23y,right_eyebrow_25x,right_eyebrow_25y,right_eyebrow_27x,right_eyebrow_27y,left_eye38_x,left_eye38_y,right_eye45_x,right_eye45_y,left_lip49_x,left_lip49_y,lip_center_upper52_x,lip_center_upper52_y,right_lip55_x,right_lip55_y,lip_center_lower58_x,lip_center_lower58_y,trans_x,trans_y,trans_z,rot_x,rot_y,rot_z
0,0,23.8497314453125,-47.99438476562497,4.960174560546847,0.9517059326171875,-19.339622497558594,10.453689575195312,-21.392888069152836,1.328506469726591,-7.899505615234403,9.785995483398438,-2.120819091796875,-3.2158660888671875,14.854927062988267,8.955429077148438,8.548400878906236,10.718841552734375,32.23585891723633,21.535781860351562,-47.10819125175476,23.00372314453125,4.318244934082031,-22.43447494506836,-24.103662729263306,10.8785400390625,0.01904830965213478,4.690885543823936e-05,4.690885543823936e-05,-0.1680441047257544,41.63600978659063,5.592251683047506
