,Unnamed: 0,left_eyebrow_18x,left_eyebrow_18y,left_eyebrow_20x,left_eyebrow_20y,left_eyebrow_22x,left_eyebrow_22y,right_eyebrow_23x,right_eyebrow_23y,right_eyebrow_25x,right_eyebrow_25y,right_eyebrow_27x,right_eyebrow_27y,left_eye38_x,left_eye38_y,right_eye45_x,right_eye45_y,left_lip49_x,left_lip49_y,lip_center_upper52_x,lip_center_upper52_y,right_lip55_x,right_lip55_y,lip_center_lower58_x,lip_center_lower58_y,trans_x,trans_y,trans_z,rot_x,rot_y,rot_z
0,0,4.2746124267578125,-14.318817138671875,-2.157394409179716,1.488296508789034,-5.012710571289055,11.478179931640653,-10.471694946289055,10.513839721679688,-0.7637863159179688,14.014633178710938,6.8423309326171875,5.218048095703182,2.8449630737304545,4.2734527587890625,4.465019226074219,2.0648040771484375,14.603713989257812,14.856132507324219,-13.054379016160965,6.1151275634765625,-0.1380157470703125,-14.132579803466797,-11.868187040090561,7.8343963623046875,-0.0027989472437184304,-0.001272004097700119,-0.001272004097700119,-0.0015934990332207022,32.7241507257978,-0.0045920426935917025
