,Unnamed: 0,left_eyebrow_18x,left_eyebrow_18y,left_eyebrow_20x,left_eyebrow_20y,left_eyebrow_22x,left_eyebrow_22y,right_eyebrow_23x,right_eyebrow_23y,right_eyebrow_25x,right_eyebrow_25y,right_eyebrow_27x,right_eyebrow_27y,left_eye38_x,left_eye38_y,right_eye45_x,right_eye45_y,left_lip49_x,left_lip49_y,lip_center_upper52_x,lip_center_upper52_y,right_lip55_x,right_lip55_y,lip_center_lower58_x,lip_center_lower58_y,trans_x,trans_y,trans_z,rot_x,rot_y,rot_z
0,0,1.9537811279296307,-14.956176757812472,18.199577331542983,22.540634155273438,14.930767059326172,38.553237915039034,-12.511764526367184,37.1241760253906,-15.560951232910128,25.238250732421847,-0.02893066406247158,-12.511795043945284,3.1302413940429688,-12.946090698242159,-4.334663391113267,-14.21002197265625,-1.5132904052734375,-1.5157089233398366,-0.8295948505401607,16.515670776367188,3.55267333984375,-5.850811004638672,0.29224836826324463,18.720252990722656,0.0022167654242366552,-0.013218283653259277,-0.013218283653259277,23.48836470586207,-3.156864804945301,0.29677945910615566
