,Unnamed: 0,left_eyebrow_18x,left_eyebrow_18y,left_eyebrow_20x,left_eyebrow_20y,left_eyebrow_22x,left_eyebrow_22y,right_eyebrow_23x,right_eyebrow_23y,right_eyebrow_25x,right_eyebrow_25y,right_eyebrow_27x,right_eyebrow_27y,left_eye38_x,left_eye38_y,right_eye45_x,right_eye45_y,left_lip49_x,left_lip49_y,lip_center_upper52_x,lip_center_upper52_y,right_lip55_x,right_lip55_y,lip_center_lower58_x,lip_center_lower58_y,trans_x,trans_y,trans_z,rot_x,rot_y,rot_z
0,0,18.62786865234372,-26.685150146484403,-3.454147338867159,5.1065826416015625,-16.951690673828118,15.840499877929688,-40.14811873435974,11.311645507812472,-14.94918823242186,19.674224853515653,2.4601287841796875,5.0927734375,16.504730224609375,-1.770843505859375,8.728759765625,-0.384552001953125,29.477230072021477,13.278369903564453,-27.196718215942386,3.391693115234368,7.1509246826171875,-22.484481811523438,-22.512512683868405,18.6624755859375,0.023996199015527964,-0.0027335360646247794,-0.0027335360646247794,-0.18818761955162167,39.279493661241034,0.009233992933825763
