,Unnamed: 0,left_eyebrow_18x,left_eyebrow_18y,left_eyebrow_20x,left_eyebrow_20y,left_eyebrow_22x,left_eyebrow_22y,right_eyebrow_23x,right_eyebrow_23y,right_eyebrow_25x,right_eyebrow_25y,right_eyebrow_27x,right_eyebrow_27y,left_eye38_x,left_eye38_y,right_eye45_x,right_eye45_y,left_lip49_x,left_lip49_y,lip_center_upper52_x,lip_center_upper52_y,right_lip55_x,right_lip55_y,lip_center_lower58_x,lip_center_lower58_y,trans_x,trans_y,trans_z,rot_x,rot_y,rot_z
0,0,20.83758544921878,-34.724212646484375,-2.994064331054716,-9.285125732421847,-20.58786392211914,15.175521850585938,-44.50641298294068,4.928695678710909,-11.9091796875,10.609878540039034,2.976776123046875,11.370040893554659,23.431350708007812,-10.000900268554688,5.596549987792969,-4.873397827148466,34.16316223144533,22.061992645263672,-29.923550084233284,19.185565948486335,4.227386474609389,-21.85894012451172,-20.04367232322693,-5.3544921875,0.022008852567523718,-0.007461883127689362,-0.007461883127689362,-2.9444011214611474,41.04797254370574,4.988816674233038
