,Unnamed: 0,left_eyebrow_18x,left_eyebrow_18y,left_eyebrow_20x,left_eyebrow_20y,left_eyebrow_22x,left_eyebrow_22y,right_eyebrow_23x,right_eyebrow_23y,right_eyebrow_25x,right_eyebrow_25y,right_eyebrow_27x,right_eyebrow_27y,left_eye38_x,left_eye38_y,right_eye45_x,right_eye45_y,left_lip49_x,left_lip49_y,lip_center_upper52_x,lip_center_upper52_y,right_lip55_x,right_lip55_y,lip_center_lower58_x,lip_center_lower58_y,trans_x,trans_y,trans_z,rot_x,rot_y,rot_z
0,0,9.808807373046903,-23.06422424316409,-1.0518798828125,-1.767913818359375,-10.918281555175781,14.423736572265597,-24.188969612121582,15.46685791015625,-11.469207763671875,14.337844848632812,1.636215209960966,0.26251220703125,3.5830841064453125,3.097412109375,8.00692749023439,6.082702636718778,20.371749877929688,9.627861022949219,-12.075239300727844,4.054710388183594,13.306289672851548,-25.340316772460945,-8.442329168319702,19.316734313964844,0.01130588399246335,-0.01372759044170379,-0.01372759044170379,6.2761678001748775,25.70490334204528,2.3038158664755195
