,Unnamed: 0,left_eyebrow_18x,left_eyebrow_18y,left_eyebrow_20x,left_eyebrow_20y,left_eyebrow_22x,left_eyebrow_22y,right_eyebrow_23x,right_eyebrow_23y,right_eyebrow_25x,right_eyebrow_25y,right_eyebrow_27x,right_eyebrow_27y,left_eye38_x,left_eye38_y,right_eye45_x,right_eye45_y,left_lip49_x,left_lip49_y,lip_center_upper52_x,lip_center_upper52_y,right_lip55_x,right_lip55_y,lip_center_lower58_x,lip_center_lower58_y,trans_x,trans_y,trans_z,rot_x,rot_y,rot_z
0,0,16.250198364257812,-32.06251525878906,1.847015380859375,1.1836090087890625,-13.128631591796868,10.280029296875057,-39.26906085014343,9.665176391601562,-15.123802185058622,25.960494995117188,2.9258422851562784,5.289184570312528,14.66717529296875,-3.9626312255859375,13.785408020019531,0.7911224365234375,23.979042053222642,29.97034454345703,-35.388895988464355,19.81097412109375,-3.044647216796861,-16.12391662597657,-20.995590448379517,10.530754089355455,0.05306141171604394,0.02742546983063221,0.02742546983063221,5.08202287808699,43.87992423619044,2.7699641448560253
