,Unnamed: 0,left_eyebrow_18x,left_eyebrow_18y,left_eyebrow_20x,left_eyebrow_20y,left_eyebrow_22x,left_eyebrow_22y,right_eyebrow_23x,right_eyebrow_23y,right_eyebrow_25x,right_eyebrow_25y,right_eyebrow_27x,right_eyebrow_27y,left_eye38_x,left_eye38_y,right_eye45_x,right_eye45_y,left_lip49_x,left_lip49_y,lip_center_upper52_x,lip_center_upper52_y,right_lip55_x,right_lip55_y,lip_center_lower58_x,lip_center_lower58_y,trans_x,trans_y,trans_z,rot_x,rot_y,rot_z
0,0,4.3189697265625,-15.639205932617188,-8.247802734375,0.7860870361328125,-11.43387222290039,10.200103759765625,-18.436889648437507,10.81842041015625,-9.847152709960909,11.798919677734403,0.7964324951171875,0.36189270019536934,10.364578247070312,-7.094345092773494,5.751266479492202,-3.2204742431640625,10.297065734863281,14.04384613037108,-9.8568394780159,6.508705139160163,8.693885803222656,-14.915390014648445,-8.149341255426407,3.5226974487304688,0.0009856044780462985,-0.008493144065141678,-0.008493144065141678,2.7450233550103604,22.40433797038304,-2.074703670160537
