,Unnamed: 0,left_eyebrow_18x,left_eyebrow_18y,left_eyebrow_20x,left_eyebrow_20y,left_eyebrow_22x,left_eyebrow_22y,right_eyebrow_23x,right_eyebrow_23y,right_eyebrow_25x,right_eyebrow_25y,right_eyebrow_27x,right_eyebrow_27y,left_eye38_x,left_eye38_y,right_eye45_x,right_eye45_y,left_lip49_x,left_lip49_y,lip_center_upper52_x,lip_center_upper52_y,right_lip55_x,right_lip55_y,lip_center_lower58_x,lip_center_lower58_y,trans_x,trans_y,trans_z,rot_x,rot_y,rot_z
0,0,16.349456787109403,-47.07893371582037,12.861007690429688,-1.1140747070312784,-7.643245697021477,21.110321044921903,-26.9979543685913,15.751205444335909,-5.7767562866210795,18.473770141601562,4.822326660156278,1.0009765625,14.949913024902344,5.802886962890625,8.32590484619142,5.544647216796875,27.754470825195312,27.452972412109375,-23.648200541734695,18.87185287475586,4.7874603271484375,-26.04424285888672,-12.552886098623276,16.347335815429688,0.015030063019366937,0.003452397882938385,0.003452397882938385,4.330225890395984,40.353369975274546,6.423859255194337
