,Unnamed: 0,left_eyebrow_18x,left_eyebrow_18y,left_eyebrow_20x,left_eyebrow_20y,left_eyebrow_22x,left_eyebrow_22y,right_eyebrow_23x,right_eyebrow_23y,right_eyebrow_25x,right_eyebrow_25y,right_eyebrow_27x,right_eyebrow_27y,left_eye38_x,left_eye38_y,right_eye45_x,right_eye45_y,left_lip49_x,left_lip49_y,lip_center_upper52_x,lip_center_upper52_y,right_lip55_x,right_lip55_y,lip_center_lower58_x,lip_center_lower58_y,trans_x,trans_y,trans_z,rot_x,rot_y,rot_z
0,0,0.05213928222653408,-8.351043701171875,12.102653503417983,15.833786010742188,9.535545349121094,23.892303466796875,-10.849800109863288,23.620025634765653,-13.943809509277344,18.068954467773438,-0.3323211669922159,-10.845672607421903,2.5622329711914062,-13.720840454101562,-1.502433776855483,-10.495880126953125,-4.047241210937472,-0.2461700439453125,-2.895699381828308,15.008747100830067,-1.2395706176757812,1.7748298645019531,-0.177964448928833,8.013740539550781,-0.00963907828554511,-0.024049703031778336,-0.024049703031778336,14.526697514534373,8.951903091204274,0.5113657849441453
