,Unnamed: 0,left_eyebrow_18x,left_eyebrow_18y,left_eyebrow_20x,left_eyebrow_20y,left_eyebrow_22x,left_eyebrow_22y,right_eyebrow_23x,right_eyebrow_23y,right_eyebrow_25x,right_eyebrow_25y,right_eyebrow_27x,right_eyebrow_27y,left_eye38_x,left_eye38_y,right_eye45_x,right_eye45_y,left_lip49_x,left_lip49_y,lip_center_upper52_x,lip_center_upper52_y,right_lip55_x,right_lip55_y,lip_center_lower58_x,lip_center_lower58_y,trans_x,trans_y,trans_z,rot_x,rot_y,rot_z
0,0,-1.5604095458984375,-1.61419677734375,9.91046142578125,13.557098388671875,13.64483451843262,13.213897705078153,-13.0028076171875,14.361862182617188,-8.698196411132841,17.814651489257812,1.712203979492216,-1.5089569091796875,-0.6713333129882812,-2.6715087890625,0.108642578125,-6.300231933593722,1.9227447509765483,2.8567848205566406,0.03314709663391069,5.547515869140625,-3.0592193603515483,4.035976409912102,-0.7793970108032227,4.2369232177734375,0.034246460534632206,0.02539485320448875,0.02539485320448875,8.693916712835176,-5.824229302308202,-1.793459479929456
