,Unnamed: 0,left_eyebrow_18x,left_eyebrow_18y,left_eyebrow_20x,left_eyebrow_20y,left_eyebrow_22x,left_eyebrow_22y,right_eyebrow_23x,right_eyebrow_23y,right_eyebrow_25x,right_eyebrow_25y,right_eyebrow_27x,right_eyebrow_27y,left_eye38_x,left_eye38_y,right_eye45_x,right_eye45_y,left_lip49_x,left_lip49_y,lip_center_upper52_x,lip_center_upper52_y,right_lip55_x,right_lip55_y,lip_center_lower58_x,lip_center_lower58_y,trans_x,trans_y,trans_z,rot_x,rot_y,rot_z
0,0,-2.3295593261718466,-3.47698974609375,1.773162841796875,3.45721435546875,4.577600479125973,8.515716552734347,-8.353925704956055,11.581283569335938,-6.5336074829101705,6.540618896484375,0.07771301269534092,-3.507705688476591,-0.8460998535155966,-4.576522827148466,2.427276611328125,-3.9126586914062216,3.809234619140625,2.2410812377929688,-2.1095199882984166,1.3437328338623047,-2.0252838134765625,1.4223403930663991,-1.2357929944992065,-1.8261260986327983,-0.004427090520039201,-0.005192112177610397,-0.005192112177610397,5.47640203659824,4.958264306948535,0.005141380587008665
