,Unnamed: 0,left_eyebrow_18x,left_eyebrow_18y,left_eyebrow_20x,left_eyebrow_20y,left_eyebrow_22x,left_eyebrow_22y,right_eyebrow_23x,right_eyebrow_23y,right_eyebrow_25x,right_eyebrow_25y,right_eyebrow_27x,right_eyebrow_27y,left_eye38_x,left_eye38_y,right_eye45_x,right_eye45_y,left_lip49_x,left_lip49_y,lip_center_upper52_x,lip_center_upper52_y,right_lip55_x,right_lip55_y,lip_center_lower58_x,lip_center_lower58_y,trans_x,trans_y,trans_z,rot_x,rot_y,rot_z
0,0,-4.566436767578125,0.16162109375,0.7296524047851562,4.5204620361328125,3.7550735473632884,8.205047607421903,-3.0328330993652273,7.772964477539091,3.8823318481445312,4.9717559814453125,6.0907135009765625,1.2498779296875284,-0.8597564697265625,1.1660766601562784,1.4398345947265625,-0.7804260253905966,7.295204162597656,-0.26450347900390625,1.0236678421497345,1.683361053466804,-13.243858337402344,-0.38594818115234375,-0.014470830559730558,2.1245040893554688,0.0026736834843177344,-0.003847893327474594,-0.003847893327474594,2.146097489730917,-3.159621590972817,0.13031901646626376
