,Unnamed: 0,left_eyebrow_18x,left_eyebrow_18y,left_eyebrow_20x,left_eyebrow_20y,left_eyebrow_22x,left_eyebrow_22y,right_eyebrow_23x,right_eyebrow_23y,right_eyebrow_25x,right_eyebrow_25y,right_eyebrow_27x,right_eyebrow_27y,left_eye38_x,left_eye38_y,right_eye45_x,right_eye45_y,left_lip49_x,left_lip49_y,lip_center_upper52_x,lip_center_upper52_y,right_lip55_x,right_lip55_y,lip_center_lower58_x,lip_center_lower58_y,trans_x,trans_y,trans_z,rot_x,rot_y,rot_z
0,0,4.327728271484403,-9.292800903320312,1.2642135620117188,4.524093627929716,-0.2565269470214915,8.596115112304688,-15.25330924987793,9.10382080078125,-5.592765808105469,16.49383544921872,7.005630493164034,7.5952606201171875,5.557525634765625,-7.52386474609375,0.82318115234375,-8.305923461914062,14.269828796386719,11.628829956054688,-14.074708700180054,9.456527709960945,-2.95965576171875,-14.726486206054688,-10.324426472187042,7.204368591308594,-0.0008868390359566546,-0.01781469769775868,-0.01781469769775868,0.7062124384816204,24.462396368517755,1.247000339426916
