,Unnamed: 0,left_eyebrow_18x,left_eyebrow_18y,left_eyebrow_20x,left_eyebrow_20y,left_eyebrow_22x,left_eyebrow_22y,right_eyebrow_23x,right_eyebrow_23y,right_eyebrow_25x,right_eyebrow_25y,right_eyebrow_27x,right_eyebrow_27y,left_eye38_x,left_eye38_y,right_eye45_x,right_eye45_y,left_lip49_x,left_lip49_y,lip_center_upper52_x,lip_center_upper52_y,right_lip55_x,right_lip55_y,lip_center_lower58_x,lip_center_lower58_y,trans_x,trans_y,trans_z,rot_x,rot_y,rot_z
0,0,-4.512939453125,7.447998046875,3.473587036132841,16.178756713867216,9.716243743896477,7.654693603515625,-8.435699462890632,7.574157714843778,-6.0947723388671875,7.2576446533203125,1.8258666992187216,4.446380615234347,-2.2041778564452983,-6.77294921875,0.513885498046875,-6.4415283203125,1.0511474609374716,-0.7230606079101562,0.14431285858154297,6.591949462890625,-4.025680541992202,2.0694236755371094,0.3228578567504887,1.7130203247070312,0.0014620982110500327,-0.0012854263186454704,-0.0012854263186454704,6.9087516134419715,-0.988536177045094,-1.713532681793101
