,Unnamed: 0,left_eyebrow_18x,left_eyebrow_18y,left_eyebrow_20x,left_eyebrow_20y,left_eyebrow_22x,left_eyebrow_22y,right_eyebrow_23x,right_eyebrow_23y,right_eyebrow_25x,right_eyebrow_25y,right_eyebrow_27x,right_eyebrow_27y,left_eye38_x,left_eye38_y,right_eye45_x,right_eye45_y,left_lip49_x,left_lip49_y,lip_center_upper52_x,lip_center_upper52_y,right_lip55_x,right_lip55_y,lip_center_lower58_x,lip_center_lower58_y,trans_x,trans_y,trans_z,rot_x,rot_y,rot_z
0,0,19.078338623046875,-35.12904357910156,-3.931610107421875,-3.298828125,-18.403579711914062,11.146408081054716,-40.15343761444092,10.131561279296875,-14.58039093017581,19.652328491210966,-3.6100158691406534,8.277542114257812,14.979209899902344,-8.352050781249972,13.881454467773438,0.61749267578125,32.07337951660158,23.557464599609368,-21.47150754928589,8.071403503417976,8.974388122558594,-31.276798248291016,-10.62303763628006,14.461616516113281,0.012032430560793728,0.003770824521780014,0.003770824521780014,7.6205615225469545,45.3429495901464,3.3088842529724407
