,Unnamed: 0,left_eyebrow_18x,left_eyebrow_18y,left_eyebrow_20x,left_eyebrow_20y,left_eyebrow_22x,left_eyebrow_22y,right_eyebrow_23x,right_eyebrow_23y,right_eyebrow_25x,right_eyebrow_25y,right_eyebrow_27x,right_eyebrow_27y,left_eye38_x,left_eye38_y,right_eye45_x,right_eye45_y,left_lip49_x,left_lip49_y,lip_center_upper52_x,lip_center_upper52_y,right_lip55_x,right_lip55_y,lip_center_lower58_x,lip_center_lower58_y,trans_x,trans_y,trans_z,rot_x,rot_y,rot_z
0,0,10.623352050781278,-26.772293090820284,-5.171348571777344,7.071624755859375,-14.945781707763672,10.687728881835909,-31.761059761047363,9.13484191894537,-5.039207458496108,20.7275390625,3.0075683593750284,15.534759521484347,19.157135009765625,-7.158706665039034,8.724319458007827,1.4005126953125,40.229122161865234,19.32353973388672,-20.83991312980652,14.76247787475586,4.769989013671875,-28.171192169189446,-17.643197059631348,16.529655456542955,0.02021791459992528,-0.007983338087797158,-0.007983338087797158,-3.1795419403907688,41.85353222416585,5.397325603032205
