,Unnamed: 0,left_eyebrow_18x,left_eyebrow_18y,left_eyebrow_20x,left_eyebrow_20y,left_eyebrow_22x,left_eyebrow_22y,right_eyebrow_23x,right_eyebrow_23y,right_eyebrow_25x,right_eyebrow_25y,right_eyebrow_27x,right_eyebrow_27y,left_eye38_x,left_eye38_y,right_eye45_x,right_eye45_y,left_lip49_x,left_lip49_y,lip_center_upper52_x,lip_center_upper52_y,right_lip55_x,right_lip55_y,lip_center_lower58_x,lip_center_lower58_y,trans_x,trans_y,trans_z,rot_x,rot_y,rot_z
0,0,7.0882110595703125,-9.6663818359375,6.335212707519517,3.328964233398466,1.3270950317382884,14.200942993164091,-24.727642059326172,13.509948730468722,-13.778198242187514,16.224655151367188,0.4119567871093466,2.3320159912109375,6.81817626953125,-13.48297119140625,8.158119201660156,-6.0167388916015625,11.443161010742202,9.123199462890618,-5.526920795440672,2.3867340087890625,8.756698608398438,-14.689373016357422,-6.0419610142707825,4.975738525390625,-0.007889414264354855,-0.0073805563151836395,-0.0073805563151836395,7.69304091056098,28.005190434714564,-0.19451310012945955
