,Unnamed: 0,left_eyebrow_18x,left_eyebrow_18y,left_eyebrow_20x,left_eyebrow_20y,left_eyebrow_22x,left_eyebrow_22y,right_eyebrow_23x,right_eyebrow_23y,right_eyebrow_25x,right_eyebrow_25y,right_eyebrow_27x,right_eyebrow_27y,left_eye38_x,left_eye38_y,right_eye45_x,right_eye45_y,left_lip49_x,left_lip49_y,lip_center_upper52_x,lip_center_upper52_y,right_lip55_x,right_lip55_y,lip_center_lower58_x,lip_center_lower58_y,trans_x,trans_y,trans_z,rot_x,rot_y,rot_z
0,0,7.653259277343778,-29.478042602539062,0.2719268798828409,9.758041381835966,-3.320579528808601,16.88940429687503,-35.76000690460206,13.374633789062528,-12.759735107421875,20.768417358398438,3.560897827148409,8.564270019531222,14.292800903320327,-6.983856201171875,9.316993713378906,-0.90313720703125,23.44686126708983,26.284915924072266,-21.16893696784973,16.111064910888672,9.169013977050753,-27.068988800048828,-14.885105848312378,14.998428344726562,0.020662778988480568,0.005182206630706794,0.005182206630706794,5.445571893914161,38.214853313099916,1.7217174690359833
