,Unnamed: 0,left_eyebrow_18x,left_eyebrow_18y,left_eyebrow_20x,left_eyebrow_20y,left_eyebrow_22x,left_eyebrow_22y,right_eyebrow_23x,right_eyebrow_23y,right_eyebrow_25x,right_eyebrow_25y,right_eyebrow_27x,right_eyebrow_27y,left_eye38_x,left_eye38_y,right_eye45_x,right_eye45_y,left_lip49_x,left_lip49_y,lip_center_upper52_x,lip_center_upper52_y,right_lip55_x,right_lip55_y,lip_center_lower58_x,lip_center_lower58_y,trans_x,trans_y,trans_z,rot_x,rot_y,rot_z
0,0,1.6178894042969034,-1.5210723876953125,-1.5813293457030966,6.8387451171875,-2.726961135864258,2.7859497070312784,-0.7292861938476598,4.888900756835909,-5.288650512695341,7.815093994140625,-4.269424438476534,-2.5699462890625,-0.9524765014648438,-1.8911590576171875,0.810302734375,-2.1294403076171875,-0.06109619140625,-0.0704803466796804,1.8775873184204102,-0.33304595947265625,3.7205810546875,2.3949127197265625,2.133749783039093,-3.7928466796875,3.569107502698855e-05,-0.007869988679885864,-0.007869988679885864,3.9949414007896062,0.8273681527429451,0.3538265158286852
