,Unnamed: 0,left_eyebrow_18x,left_eyebrow_18y,left_eyebrow_20x,left_eyebrow_20y,left_eyebrow_22x,left_eyebrow_22y,right_eyebrow_23x,right_eyebrow_23y,right_eyebrow_25x,right_eyebrow_25y,right_eyebrow_27x,right_eyebrow_27y,left_eye38_x,left_eye38_y,right_eye45_x,right_eye45_y,left_lip49_x,left_lip49_y,lip_center_upper52_x,lip_center_upper52_y,right_lip55_x,right_lip55_y,lip_center_lower58_x,lip_center_lower58_y,trans_x,trans_y,trans_z,rot_x,rot_y,rot_z
0,0,0.4047088623046875,-2.998336791992216,9.201934814453125,13.026870727539091,10.870891571044925,12.4072265625,-10.427835464477543,13.80914306640625,-9.302490234375028,10.833740234375,-1.356521606445284,-2.7735748291015625,-2.5524978637695312,-9.937713623046903,1.1702346801757812,-8.835327148437528,6.310249328613281,-3.06915283203125,5.13889741897583,-2.691112518310547,-0.13904571533203125,-3.4725570678710866,3.5811068415641785,4.648223876953125,0.0009899115539155905,-0.006687212735414498,-0.006687212735414498,6.879890382395586,-1.3415046272056257,-0.436719574991006
