,Unnamed: 0,left_eyebrow_18x,left_eyebrow_18y,left_eyebrow_20x,left_eyebrow_20y,left_eyebrow_22x,left_eyebrow_22y,right_eyebrow_23x,right_eyebrow_23y,right_eyebrow_25x,right_eyebrow_25y,right_eyebrow_27x,right_eyebrow_27y,left_eye38_x,left_eye38_y,right_eye45_x,right_eye45_y,left_lip49_x,left_lip49_y,lip_center_upper52_x,lip_center_upper52_y,right_lip55_x,right_lip55_y,lip_center_lower58_x,lip_center_lower58_y,trans_x,trans_y,trans_z,rot_x,rot_y,rot_z
0,0,-3.965805053710909,4.5879364013671875,2.8111190795898295,2.9707946777343466,6.076858520507805,5.364166259765625,-2.3878326416015625,4.093963623046875,-2.239959716796875,1.1192626953125,-0.24633789062502842,2.3399200439453125,0.629638671875,-4.2111663818359375,1.48858642578125,-5.041412353515625,4.736656188964858,-1.2998085021972656,-3.2189490795135502,1.1218223571777344,-4.1609039306640625,3.4492835998535156,1.0020753890275955,4.644432067871094,0.0021943387109786263,-0.008460681885480888,-0.008460681885480888,2.1121347695023367,-2.891919631412355,-0.49258312253264525
