,Unnamed: 0,left_eyebrow_18x,left_eyebrow_18y,left_eyebrow_20x,left_eyebrow_20y,left_eyebrow_22x,left_eyebrow_22y,right_eyebrow_23x,right_eyebrow_23y,right_eyebrow_25x,right_eyebrow_25y,right_eyebrow_27x,right_eyebrow_27y,left_eye38_x,left_eye38_y,right_eye45_x,right_eye45_y,left_lip49_x,left_lip49_y,lip_center_upper52_x,lip_center_upper52_y,right_lip55_x,right_lip55_y,lip_center_lower58_x,lip_center_lower58_y,trans_x,trans_y,trans_z,rot_x,rot_y,rot_z
0,0,16.152328491210938,-43.23660278320315,9.502609252929688,0.7043762207030966,-3.7010841369628906,29.046401977539062,-43.82289981842041,30.414703369140625,-22.357284545898423,21.635025024414034,1.899093627929716,-2.708114624023466,17.532501220703125,-20.624526977539062,4.5709228515625,-12.489181518554716,24.15169143676757,31.421764373779297,-25.906591922044754,45.65416145324707,6.539710998535156,-20.993633270263672,-22.283924102783203,17.822799682617173,0.023102394305169582,-0.0014341510832309584,-0.0014341510832309584,11.494620197569526,40.598368642962015,4.902296262040279
