,Unnamed: 0,left_eyebrow_18x,left_eyebrow_18y,left_eyebrow_20x,left_eyebrow_20y,left_eyebrow_22x,left_eyebrow_22y,right_eyebrow_23x,right_eyebrow_23y,right_eyebrow_25x,right_eyebrow_25y,right_eyebrow_27x,right_eyebrow_27y,left_eye38_x,left_eye38_y,right_eye45_x,right_eye45_y,left_lip49_x,left_lip49_y,lip_center_upper52_x,lip_center_upper52_y,right_lip55_x,right_lip55_y,lip_center_lower58_x,lip_center_lower58_y,trans_x,trans_y,trans_z,rot_x,rot_y,rot_z
0,0,15.188568115234403,-16.921951293945312,-4.143234252929659,2.9963684082030966,-15.972955703735352,4.6745147705078125,-16.719429969787598,7.970230102539091,-12.02120971679686,17.68376159667966,-2.0903015136718466,-1.5114593505859943,4.1832122802734375,-1.9805908203125,8.91259765625,1.6537017822265625,4.020782470703125,15.618900299072266,-8.082293987274168,1.3467292785644531,7.964973449707031,-14.213443756103516,-9.720177173614502,0.2122955322265625,-0.0007216525264084339,-0.03690797835588455,-0.03690797835588455,2.339478979194036,23.753962303915387,-0.4580645558654758
