,Unnamed: 0,left_eyebrow_18x,left_eyebrow_18y,left_eyebrow_20x,left_eyebrow_20y,left_eyebrow_22x,left_eyebrow_22y,right_eyebrow_23x,right_eyebrow_23y,right_eyebrow_25x,right_eyebrow_25y,right_eyebrow_27x,right_eyebrow_27y,left_eye38_x,left_eye38_y,right_eye45_x,right_eye45_y,left_lip49_x,left_lip49_y,lip_center_upper52_x,lip_center_upper52_y,right_lip55_x,right_lip55_y,lip_center_lower58_x,lip_center_lower58_y,trans_x,trans_y,trans_z,rot_x,rot_y,rot_z
0,0,22.84181213378909,-45.600494384765625,1.1272583007812784,-3.6378784179687784,-21.092729568481445,11.068939208984347,-27.066859126091003,6.1226959228515625,-9.263908386230469,18.87731933593753,-4.439285278320284,-0.3376464843750284,10.052383422851562,8.691253662109375,13.586006164550781,11.1895751953125,25.614295959472656,22.864063262939453,-23.510243892669674,13.271656036376953,7.180831909179673,-24.596845626831055,-18.205649852752686,6.5354156494140625,0.024362530093640093,-0.026645340025424943,-0.026645340025424943,7.488573333649507,33.78420653043977,3.2607940076951762
