,Unnamed: 0,left_eyebrow_18x,left_eyebrow_18y,left_eyebrow_20x,left_eyebrow_20y,left_eyebrow_22x,left_eyebrow_22y,right_eyebrow_23x,right_eyebrow_23y,right_eyebrow_25x,right_eyebrow_25y,right_eyebrow_27x,right_eyebrow_27y,left_eye38_x,left_eye38_y,right_eye45_x,right_eye45_y,left_lip49_x,left_lip49_y,lip_center_upper52_x,lip_center_upper52_y,right_lip55_x,right_lip55_y,lip_center_lower58_x,lip_center_lower58_y,trans_x,trans_y,trans_z,rot_x,rot_y,rot_z
0,0,16.148483276367188,-19.100509643554688,-8.557235717773438,-0.3642425537109659,-16.6104965209961,5.186950683593778,-34.45297425985336,0.4020996093749716,-15.0694580078125,18.792999267578097,-0.8955078125,10.389175415039091,9.123085021972656,-0.04513549804684658,9.654190063476562,5.14019775390625,13.308219909667969,21.696842193603523,-25.314721792936325,9.462699890136715,15.373596191406264,-23.436969757080078,-14.089956521987915,6.212806701660156,0.023807019460946318,-0.006812423467636108,-0.006812423467636108,-5.31936841062941,33.389792334452,-0.961949663098534
