,Unnamed: 0,left_eyebrow_18x,left_eyebrow_18y,left_eyebrow_20x,left_eyebrow_20y,left_eyebrow_22x,left_eyebrow_22y,right_eyebrow_23x,right_eyebrow_23y,right_eyebrow_25x,right_eyebrow_25y,right_eyebrow_27x,right_eyebrow_27y,left_eye38_x,left_eye38_y,right_eye45_x,right_eye45_y,left_lip49_x,left_lip49_y,lip_center_upper52_x,lip_center_upper52_y,right_lip55_x,right_lip55_y,lip_center_lower58_x,lip_center_lower58_y,trans_x,trans_y,trans_z,rot_x,rot_y,rot_z
0,0,1.082061767578125,-7.429519653320341,7.826690673828125,11.618026733398409,8.479917526245114,12.596633911132841,-2.3094825744628835,10.31315612792963,-4.820266723632784,9.000869750976562,-1.541702270507784,-7.1963653564453125,-6.0089874267578125,2.6602172851562784,-0.38364410400390625,1.9462890625,-1.9126815795898438,-0.45220184326171164,-1.1190511882305145,5.9560241699218714,-1.7189865112304688,1.803050994873054,-0.07566952705383301,2.8626861572265625,0.005138481545145623,0.001766987144947045,0.001766987144947045,10.099785470778475,-4.675459037330417,-1.465327753498455
