,Unnamed: 0,left_eyebrow_18x,left_eyebrow_18y,left_eyebrow_20x,left_eyebrow_20y,left_eyebrow_22x,left_eyebrow_22y,right_eyebrow_23x,right_eyebrow_23y,right_eyebrow_25x,right_eyebrow_25y,right_eyebrow_27x,right_eyebrow_27y,left_eye38_x,left_eye38_y,right_eye45_x,right_eye45_y,left_lip49_x,left_lip49_y,lip_center_upper52_x,lip_center_upper52_y,right_lip55_x,right_lip55_y,lip_center_lower58_x,lip_center_lower58_y,trans_x,trans_y,trans_z,rot_x,rot_y,rot_z
0,0,3.1634521484375,-0.20068359375,-1.2812805175781534,-8.023574829101591,1.0544357299804688,-8.243789672851562,-4.814857482910156,-6.188919067382841,-4.0213623046875,3.276046752929659,-3.3905792236328125,0.13568115234377842,3.3310699462890625,6.69891357421875,3.5182876586914205,7.9939727783203125,-5.8046417236328125,-5.170494079589851,-6.67141479253769,-18.012219429016113,5.276985168457031,-7.574268341064453,-4.408307194709778,17.351203918457017,-0.016465127933770418,-0.004468489438295364,-0.004468489438295364,-0.6263314701208775,15.288647385461744,-2.013658897307307
