,Unnamed: 0,left_eyebrow_18x,left_eyebrow_18y,left_eyebrow_20x,left_eyebrow_20y,left_eyebrow_22x,left_eyebrow_22y,right_eyebrow_23x,right_eyebrow_23y,right_eyebrow_25x,right_eyebrow_25y,right_eyebrow_27x,right_eyebrow_27y,left_eye38_x,left_eye38_y,right_eye45_x,right_eye45_y,left_lip49_x,left_lip49_y,lip_center_upper52_x,lip_center_upper52_y,right_lip55_x,right_lip55_y,lip_center_lower58_x,lip_center_lower58_y,trans_x,trans_y,trans_z,rot_x,rot_y,rot_z
0,0,-1.1233215332030966,3.02099609375,1.1540679931640057,12.454437255859375,10.557380676269531,3.1693267822265625,17.85958480834961,-1.878341674804659,2.4495239257812216,-2.18621826171875,-15.902770996093693,-19.857009887695312,-7.912437438964844,6.0718994140625,-2.18768310546875,6.8576812744140625,-6.974357604980469,-10.5440673828125,15.91843295097351,-8.857625961303711,-10.132339477539062,22.72203826904296,10.45249104499817,11.5264892578125,-0.0025353209930472076,0.01719086989760399,0.01719086989760399,-4.283891812895746,-29.48606940793262,-1.3770205976495398
