,Unnamed: 0,left_eyebrow_18x,left_eyebrow_18y,left_eyebrow_20x,left_eyebrow_20y,left_eyebrow_22x,left_eyebrow_22y,right_eyebrow_23x,right_eyebrow_23y,right_eyebrow_25x,right_eyebrow_25y,right_eyebrow_27x,right_eyebrow_27y,left_eye38_x,left_eye38_y,right_eye45_x,right_eye45_y,left_lip49_x,left_lip49_y,lip_center_upper52_x,lip_center_upper52_y,right_lip55_x,right_lip55_y,lip_center_lower58_x,lip_center_lower58_y,trans_x,trans_y,trans_z,rot_x,rot_y,rot_z
0,0,-7.547882080078153,3.630035400390625,8.991012573242159,7.2285003662109375,22.02350616455079,3.951324462890625,23.876914978027344,8.288726806640597,-1.4067687988280966,-0.639892578125,-36.08485412597656,-27.015182495117188,-1.6964645385742188,-0.9050598144530966,-16.897705078125,-4.255233764648466,-5.445381164550781,-17.14855194091797,41.940225481987,3.600364685058601,-22.663017272949205,17.06235122680664,23.01924556493759,19.640838623046875,0.01689388556405902,0.050530171021819115,0.050530171021819115,7.88664595984075,-53.369249269336194,-9.153860862776655
