,Unnamed: 0,left_eyebrow_18x,left_eyebrow_18y,left_eyebrow_20x,left_eyebrow_20y,left_eyebrow_22x,left_eyebrow_22y,right_eyebrow_23x,right_eyebrow_23y,right_eyebrow_25x,right_eyebrow_25y,right_eyebrow_27x,right_eyebrow_27y,left_eye38_x,left_eye38_y,right_eye45_x,right_eye45_y,left_lip49_x,left_lip49_y,lip_center_upper52_x,lip_center_upper52_y,right_lip55_x,right_lip55_y,lip_center_lower58_x,lip_center_lower58_y,trans_x,trans_y,trans_z,rot_x,rot_y,rot_z
0,0,-2.1785278320312784,5.1435394287109375,2.6932983398437216,0.08586120605471592,6.90138244628907,-3.1951293945312216,9.082172393798828,-2.729690551757841,5.788146972656278,-4.9837493896484375,-10.888961791992216,-9.001419067382841,0.4884948730468608,-0.2792816162109375,-5.567878723144531,-3.5679168701171875,-4.068176269531236,-16.2271728515625,16.864745020866394,-10.331516265869134,-1.5888595581054545,10.29495620727539,10.491930425167084,14.070510864257798,0.03312174277380109,0.03424537181854248,0.03424537181854248,2.5496203233507067,-38.00106215021938,-5.101007896486441
