,Unnamed: 0,left_eyebrow_18x,left_eyebrow_18y,left_eyebrow_20x,left_eyebrow_20y,left_eyebrow_22x,left_eyebrow_22y,right_eyebrow_23x,right_eyebrow_23y,right_eyebrow_25x,right_eyebrow_25y,right_eyebrow_27x,right_eyebrow_27y,left_eye38_x,left_eye38_y,right_eye45_x,right_eye45_y,left_lip49_x,left_lip49_y,lip_center_upper52_x,lip_center_upper52_y,right_lip55_x,right_lip55_y,lip_center_lower58_x,lip_center_lower58_y,trans_x,trans_y,trans_z,rot_x,rot_y,rot_z
0,0,-0.3892822265625284,4.240997314453125,-6.428634643554716,-5.0796051025390625,-3.3372650146484375,-5.4030303955078125,5.601417541503913,-4.0743560791015625,5.239791870117216,-3.6286163330078125,1.5207366943359375,2.760421752929716,1.2196884155273438,-2.0924072265625284,-1.5154418945312642,-1.786468505859375,4.3222808837890625,-5.948848724365234,-1.1436142921447754,-18.016941070556634,-1.3936309814453267,-7.419219970703125,1.8886766433715825,24.8162078857422,-0.005460140760987998,0.015602391213178635,0.015602391213178635,-3.932564826796265,4.841327171192883,-0.8820601875856238
