,Unnamed: 0,left_eyebrow_18x,left_eyebrow_18y,left_eyebrow_20x,left_eyebrow_20y,left_eyebrow_22x,left_eyebrow_22y,right_eyebrow_23x,right_eyebrow_23y,right_eyebrow_25x,right_eyebrow_25y,right_eyebrow_27x,right_eyebrow_27y,left_eye38_x,left_eye38_y,right_eye45_x,right_eye45_y,left_lip49_x,left_lip49_y,lip_center_upper52_x,lip_center_upper52_y,right_lip55_x,right_lip55_y,lip_center_lower58_x,lip_center_lower58_y,trans_x,trans_y,trans_z,rot_x,rot_y,rot_z
0,0,-1.519134521484375,2.4754028320312784,2.6078033447265057,10.98919677734375,10.608295440673828,3.4019775390625284,16.789447784423828,-1.14422607421875,2.019332885742216,-1.918411254882841,-16.289443969726506,-20.820449829101562,-4.034263610839844,1.8679351806640625,-3.9534072875976562,1.9086151123046875,-11.728195190429688,-10.90450668334961,17.7838351726532,-5.286010742187493,-4.408775329589844,19.60332489013671,9.884811639785768,8.289054870605469,-0.00857826741412282,0.01876457780599594,0.01876457780599594,-3.171898703880191,-24.98844955545844,-3.1390999401807016
