,Unnamed: 0,left_eyebrow_18x,left_eyebrow_18y,left_eyebrow_20x,left_eyebrow_20y,left_eyebrow_22x,left_eyebrow_22y,right_eyebrow_23x,right_eyebrow_23y,right_eyebrow_25x,right_eyebrow_25y,right_eyebrow_27x,right_eyebrow_27y,left_eye38_x,left_eye38_y,right_eye45_x,right_eye45_y,left_lip49_x,left_lip49_y,lip_center_upper52_x,lip_center_upper52_y,right_lip55_x,right_lip55_y,lip_center_lower58_x,lip_center_lower58_y,trans_x,trans_y,trans_z,rot_x,rot_y,rot_z
0,0,0.8822784423828125,3.597625732421875,0.011947631835909078,13.061553955078125,2.9160232543945384,-3.4440917968750284,17.10059356689453,-4.0263671875,8.297256469726562,-7.37957763671875,-8.911468505859347,-8.806777954101534,-5.5404205322265625,3.6012725830078125,-5.175788879394531,4.159637451171847,-3.2578582763671733,-19.597282409667983,14.904738903045654,-6.054180145263672,-6.4634857177734375,10.800338745117188,11.273808240890505,12.355880737304688,-0.0038572787307202807,-0.0021388493478298187,-0.0021388493478298187,0.3026704630036594,-27.679812870814583,0.22690034337184262
