,Unnamed: 0,left_eyebrow_18x,left_eyebrow_18y,left_eyebrow_20x,left_eyebrow_20y,left_eyebrow_22x,left_eyebrow_22y,right_eyebrow_23x,right_eyebrow_23y,right_eyebrow_25x,right_eyebrow_25y,right_eyebrow_27x,right_eyebrow_27y,left_eye38_x,left_eye38_y,right_eye45_x,right_eye45_y,left_lip49_x,left_lip49_y,lip_center_upper52_x,lip_center_upper52_y,right_lip55_x,right_lip55_y,lip_center_lower58_x,lip_center_lower58_y,trans_x,trans_y,trans_z,rot_x,rot_y,rot_z
0,0,-1.696533203125,4.779418945312472,-6.4243011474609375,6.091583251953097,-0.5543899536132812,4.18475341796875,7.492294311523445,6.0503082275390625,0.07244873046877842,4.553619384765653,0.71875,-2.76556396484375,2.5310745239257812,-7.308502197265597,-0.7915267944335938,-4.349151611328125,-5.429153442382827,-12.186374664306634,-8.983880996704103,1.9847869873046946,-16.76976776123047,-13.733097076416016,-6.919132232666014,21.10507202148439,0.006105039268732071,0.006866805255413062,0.006866805255413062,7.9198988425495,-3.191874151320601,-1.973452505003309
