,Unnamed: 0,left_eyebrow_18x,left_eyebrow_18y,left_eyebrow_20x,left_eyebrow_20y,left_eyebrow_22x,left_eyebrow_22y,right_eyebrow_23x,right_eyebrow_23y,right_eyebrow_25x,right_eyebrow_25y,right_eyebrow_27x,right_eyebrow_27y,left_eye38_x,left_eye38_y,right_eye45_x,right_eye45_y,left_lip49_x,left_lip49_y,lip_center_upper52_x,lip_center_upper52_y,right_lip55_x,right_lip55_y,lip_center_lower58_x,lip_center_lower58_y,trans_x,trans_y,trans_z,rot_x,rot_y,rot_z
0,0,2.007110595703068,1.941131591796875,0.4343109130859091,-9.373397827148438,-4.0748939514160085,-3.453460693359375,-1.2468185424804688,-3.389816284179716,2.431350708007841,-2.1509552001953125,-1.924072265625,3.7622833251953125,8.759925842285156,-5.554229736328125,1.7456741333007812,-6.53759765625,3.4701080322265625,-2.8477821350097656,-0.6808203458786009,-15.098108291625966,-0.48586273193357954,-5.109859466552734,-2.2583855986595154,11.589546203613281,0.014818867202848196,0.038085607811808586,0.038085607811808586,1.3036563565953716,10.236362242245079,-3.4204297934416865
