,Unnamed: 0,left_eyebrow_18x,left_eyebrow_18y,left_eyebrow_20x,left_eyebrow_20y,left_eyebrow_22x,left_eyebrow_22y,right_eyebrow_23x,right_eyebrow_23y,right_eyebrow_25x,right_eyebrow_25y,right_eyebrow_27x,right_eyebrow_27y,left_eye38_x,left_eye38_y,right_eye45_x,right_eye45_y,left_lip49_x,left_lip49_y,lip_center_upper52_x,lip_center_upper52_y,right_lip55_x,right_lip55_y,lip_center_lower58_x,lip_center_lower58_y,trans_x,trans_y,trans_z,rot_x,rot_y,rot_z
0,0,-6.7424468994140625,9.4765625,-1.256500244140625,9.306777954101562,6.09367370605468,-2.938247680664091,18.5715789794922,-6.1433868408203125,9.778030395507812,-4.751403808593722,-8.405487060546875,-6.9190826416015625,-2.5436553955078125,0.2635345458984375,-6.0811920166015625,-0.5976715087890625,-1.98590087890625,-19.26913833618164,15.955600500106812,-18.188892364501946,-7.6932525634765625,5.352294921875,11.970196723937988,25.111610412597656,0.0028534636367112407,0.009894177317619324,0.009894177317619324,-6.667544867168269,-33.101437107008906,-1.1178889247931114
