,Unnamed: 0,left_eyebrow_18x,left_eyebrow_18y,left_eyebrow_20x,left_eyebrow_20y,left_eyebrow_22x,left_eyebrow_22y,right_eyebrow_23x,right_eyebrow_23y,right_eyebrow_25x,right_eyebrow_25y,right_eyebrow_27x,right_eyebrow_27y,left_eye38_x,left_eye38_y,right_eye45_x,right_eye45_y,left_lip49_x,left_lip49_y,lip_center_upper52_x,lip_center_upper52_y,right_lip55_x,right_lip55_y,lip_center_lower58_x,lip_center_lower58_y,trans_x,trans_y,trans_z,rot_x,rot_y,rot_z
0,0,-0.4261932373047159,1.956222534179716,-0.17021179199215908,-8.79351806640625,3.7987747192382812,-5.518280029296875,-0.7989959716796946,-6.9274749755859375,5.476112365722656,-10.076080322265597,2.7069244384765625,2.64447021484375,0.036712646484375,-2.1602020263671875,-0.6007461547851562,-3.357650756835909,2.7151718139648295,3.653728485107422,0.8999271392822261,-16.657777786254886,-6.312049865722656,3.1161346435546875,1.4777818322181702,7.646575927734361,0.004042968270368874,0.004221923649311059,0.004221923649311059,-6.851675136441191,-1.0286936569289091,2.750766110306996
