,Unnamed: 0,left_eyebrow_18x,left_eyebrow_18y,left_eyebrow_20x,left_eyebrow_20y,left_eyebrow_22x,left_eyebrow_22y,right_eyebrow_23x,right_eyebrow_23y,right_eyebrow_25x,right_eyebrow_25y,right_eyebrow_27x,right_eyebrow_27y,left_eye38_x,left_eye38_y,right_eye45_x,right_eye45_y,left_lip49_x,left_lip49_y,lip_center_upper52_x,lip_center_upper52_y,right_lip55_x,right_lip55_y,lip_center_lower58_x,lip_center_lower58_y,trans_x,trans_y,trans_z,rot_x,rot_y,rot_z
0,0,1.1097869873046875,-0.24818420410159092,7.129241943359347,18.007781982421875,18.76766586303712,-0.267242431640625,34.40044403076172,1.4850463867187216,8.616409301757812,-2.7224273681640625,-30.049713134765597,-27.029708862304716,-4.889488220214844,8.999130249023438,-15.440971374511719,11.312271118164062,-8.29025268554686,-30.978210449218764,40.689836025238044,0.5598945617675781,-21.921440124511705,15.496932983398438,21.918378591537472,25.108734130859375,-0.011021932587027548,0.01482769846916198,0.01482769846916198,5.126905801787415,-45.14391960082557,-3.5599246866138357
