,Unnamed: 0,left_eyebrow_18x,left_eyebrow_18y,left_eyebrow_20x,left_eyebrow_20y,left_eyebrow_22x,left_eyebrow_22y,right_eyebrow_23x,right_eyebrow_23y,right_eyebrow_25x,right_eyebrow_25y,right_eyebrow_27x,right_eyebrow_27y,left_eye38_x,left_eye38_y,right_eye45_x,right_eye45_y,left_lip49_x,left_lip49_y,lip_center_upper52_x,lip_center_upper52_y,right_lip55_x,right_lip55_y,lip_center_lower58_x,lip_center_lower58_y,trans_x,trans_y,trans_z,rot_x,rot_y,rot_z
0,0,0.3307800292968466,1.787460327148409,-4.129737854003906,-4.5425262451171875,-3.0787696838378835,-0.1933135986328125,-0.05947303771972301,2.71832275390625,-0.03398132324220171,-0.21647644042963066,-0.20829772949213066,4.010406494140625,-1.277244567871108,-5.187469482421875,-1.1846466064452983,-6.8743133544921875,8.813507080078125,-2.2138442993164134,-0.3068079948425293,-9.652936935424812,0.9504013061523438,-2.790985107421882,0.9555051326751713,13.874732971191406,-0.00324931275099516,0.00603894516825676,0.00603894516825676,0.8488583367945508,4.01274993147992,-0.49925387319551673
