,Unnamed: 0,left_eyebrow_18x,left_eyebrow_18y,left_eyebrow_20x,left_eyebrow_20y,left_eyebrow_22x,left_eyebrow_22y,right_eyebrow_23x,right_eyebrow_23y,right_eyebrow_25x,right_eyebrow_25y,right_eyebrow_27x,right_eyebrow_27y,left_eye38_x,left_eye38_y,right_eye45_x,right_eye45_y,left_lip49_x,left_lip49_y,lip_center_upper52_x,lip_center_upper52_y,right_lip55_x,right_lip55_y,lip_center_lower58_x,lip_center_lower58_y,trans_x,trans_y,trans_z,rot_x,rot_y,rot_z
0,0,2.6070709228515625,5.9645843505859375,0.849609375,0.3566589355468466,4.556369781494141,-6.791595458984375,6.385425567626953,-9.489593505859403,-1.265090942382841,-7.330810546875057,-9.696960449218722,-3.6522216796875,-5.7251052856445455,8.199325561523438,-2.2576751708984375,5.8646392822265625,-10.567047119140625,-19.06072616577149,10.032019197940828,-18.117684364318848,0.91119384765625,4.573524475097656,4.534487366676331,16.417984008789062,0.002422673627734185,-0.008136585354804986,-0.008136585354804986,-1.790387751432714,-34.3992592681045,-0.4699740759565374
