,Unnamed: 0,left_eyebrow_18x,left_eyebrow_18y,left_eyebrow_20x,left_eyebrow_20y,left_eyebrow_22x,left_eyebrow_22y,right_eyebrow_23x,right_eyebrow_23y,right_eyebrow_25x,right_eyebrow_25y,right_eyebrow_27x,right_eyebrow_27y,left_eye38_x,left_eye38_y,right_eye45_x,right_eye45_y,left_lip49_x,left_lip49_y,lip_center_upper52_x,lip_center_upper52_y,right_lip55_x,right_lip55_y,lip_center_lower58_x,lip_center_lower58_y,trans_x,trans_y,trans_z,rot_x,rot_y,rot_z
0,0,1.405975341796875,2.5328674316406534,7.787368774414006,2.6012573242187216,27.049304008483887,-4.9925384521484375,28.917247772216797,-5.433822631835994,1.4769897460937216,-9.320678710937528,-30.6285400390625,-29.0062255859375,-6.5127410888671875,3.65814208984375,-17.966796875,3.0287017822265625,-25.368331909179688,-31.276935577392585,30.24835067987442,-8.506996154785156,-9.563690185546875,14.335243225097656,15.150753617286682,23.523788452148438,-0.005983534734696149,0.009896136820316322,0.009896136820316322,3.613920931729189,-53.106475146819534,-5.260371817880369
