,Unnamed: 0,left_eyebrow_18x,left_eyebrow_18y,left_eyebrow_20x,left_eyebrow_20y,left_eyebrow_22x,left_eyebrow_22y,right_eyebrow_23x,right_eyebrow_23y,right_eyebrow_25x,right_eyebrow_25y,right_eyebrow_27x,right_eyebrow_27y,left_eye38_x,left_eye38_y,right_eye45_x,right_eye45_y,left_lip49_x,left_lip49_y,lip_center_upper52_x,lip_center_upper52_y,right_lip55_x,right_lip55_y,lip_center_lower58_x,lip_center_lower58_y,trans_x,trans_y,trans_z,rot_x,rot_y,rot_z
0,0,-3.293899536132784,-0.2268829345703125,1.102294921875,-1.989959716796875,5.733358383178707,1.1278076171875,25.579790115356445,-1.19732666015625,14.2977294921875,-8.854217529296875,-14.377578735351562,-18.89540100097659,-2.8528823852539062,7.1941986083984375,-6.627166748046861,3.9933319091796875,-6.514198303222656,-21.42786788940431,10.654801994562149,-7.57947921752929,-8.671043395996094,14.704917907714844,13.16968624293804,14.711448669433594,0.004926649620756507,-0.027878336608409895,-0.027878336608409895,-2.966804354863575,-36.24176689194546,1.1115207020991311
