,Unnamed: 0,left_eyebrow_18x,left_eyebrow_18y,left_eyebrow_20x,left_eyebrow_20y,left_eyebrow_22x,left_eyebrow_22y,right_eyebrow_23x,right_eyebrow_23y,right_eyebrow_25x,right_eyebrow_25y,right_eyebrow_27x,right_eyebrow_27y,left_eye38_x,left_eye38_y,right_eye45_x,right_eye45_y,left_lip49_x,left_lip49_y,lip_center_upper52_x,lip_center_upper52_y,right_lip55_x,right_lip55_y,lip_center_lower58_x,lip_center_lower58_y,trans_x,trans_y,trans_z,rot_x,rot_y,rot_z
0,0,4.442108154296847,-0.1309356689453125,-4.114669799804716,1.742752075195284,-13.924808502197266,-4.3585968017578125,13.40488052368164,-5.228179931640597,2.7957153320312216,0.5171356201171875,-5.94482421875,-0.6174011230468182,1.2770538330078125,6.9535980224609375,0.9177017211914062,5.4551849365234375,-0.0544281005859375,-11.043651580810547,0.35412681102752686,-24.941229820251465,3.2450332641601562,-6.960109710693345,-2.427600473165512,30.536865234375,-0.00235378579236567,-0.12826844304800034,-0.12826844304800034,-3.1161142682937406,4.8034762692987965,176.63846227276971
