,Unnamed: 0,left_eyebrow_18x,left_eyebrow_18y,left_eyebrow_20x,left_eyebrow_20y,left_eyebrow_22x,left_eyebrow_22y,right_eyebrow_23x,right_eyebrow_23y,right_eyebrow_25x,right_eyebrow_25y,right_eyebrow_27x,right_eyebrow_27y,left_eye38_x,left_eye38_y,right_eye45_x,right_eye45_y,left_lip49_x,left_lip49_y,lip_center_upper52_x,lip_center_upper52_y,right_lip55_x,right_lip55_y,lip_center_lower58_x,lip_center_lower58_y,trans_x,trans_y,trans_z,rot_x,rot_y,rot_z
0,0,-0.1397247314453125,5.1513519287109375,2.0643081665039062,13.304428100585966,13.39676475524903,3.8746795654296875,12.042572021484375,3.9297332763671875,6.539230346679716,2.99468994140625,-7.7666015625,-14.279251098632812,-8.3797607421875,-0.259429931640625,-7.977226257324219,-0.0747222900390625,2.292640686035142,-16.00406265258789,13.619265079498291,-11.222021102905277,-19.657958984375,8.63691329956054,12.746482372283936,22.043815612792983,-0.0015171905979514122,-0.008679822087287903,-0.008679822087287903,-2.9070818095305073,-27.2272997753169,0.47941230390468603
