,Unnamed: 0,left_eyebrow_18x,left_eyebrow_18y,left_eyebrow_20x,left_eyebrow_20y,left_eyebrow_22x,left_eyebrow_22y,right_eyebrow_23x,right_eyebrow_23y,right_eyebrow_25x,right_eyebrow_25y,right_eyebrow_27x,right_eyebrow_27y,left_eye38_x,left_eye38_y,right_eye45_x,right_eye45_y,left_lip49_x,left_lip49_y,lip_center_upper52_x,lip_center_upper52_y,right_lip55_x,right_lip55_y,lip_center_lower58_x,lip_center_lower58_y,trans_x,trans_y,trans_z,rot_x,rot_y,rot_z
0,0,-4.407623291015653,5.034393310546875,9.883445739746108,10.874771118164091,31.72263193130494,2.240859985351534,28.754638671874986,4.031906127929716,-4.98583984375,3.1019287109374716,-43.29895019531247,-31.125640869140625,-8.179763793945312,8.440582275390625,-15.587684631347656,11.317703247070312,-4.217948913574219,-16.503799438476562,30.581998348236077,-6.010494232177734,-17.65412139892578,22.424221038818352,14.64878797531128,22.28607940673828,-0.026208106894046065,0.013867400586605072,0.013867400586605072,-0.9124576002981657,-37.82947085769488,-1.6780048880047487
