,Unnamed: 0,left_eyebrow_18x,left_eyebrow_18y,left_eyebrow_20x,left_eyebrow_20y,left_eyebrow_22x,left_eyebrow_22y,right_eyebrow_23x,right_eyebrow_23y,right_eyebrow_25x,right_eyebrow_25y,right_eyebrow_27x,right_eyebrow_27y,left_eye38_x,left_eye38_y,right_eye45_x,right_eye45_y,left_lip49_x,left_lip49_y,lip_center_upper52_x,lip_center_upper52_y,right_lip55_x,right_lip55_y,lip_center_lower58_x,lip_center_lower58_y,trans_x,trans_y,trans_z,rot_x,rot_y,rot_z
0,0,5.950927734375,-0.119720458984375,0.6928863525390625,-2.863525390625,-1.1528968811035156,-12.987594604492216,4.321636199951172,-11.647903442382841,0.7495269775390909,-5.4903106689453125,-3.7367095947265625,-0.740142822265625,-0.9202194213867188,13.810699462890625,-0.5363998413085938,14.122787475585966,-7.2188873291015625,-4.9690513610839915,-0.6014832854270936,-10.953432083129883,6.204170227050767,-6.965431213378913,0.485190287232399,8.485610961914062,-0.0008743457728996875,-0.0018889904022216797,-0.0018889904022216797,-8.098128804363364,-0.35433694253330883,-0.7953411876390641
