,Unnamed: 0,left_eyebrow_18x,left_eyebrow_18y,left_eyebrow_20x,left_eyebrow_20y,left_eyebrow_22x,left_eyebrow_22y,right_eyebrow_23x,right_eyebrow_23y,right_eyebrow_25x,right_eyebrow_25y,right_eyebrow_27x,right_eyebrow_27y,left_eye38_x,left_eye38_y,right_eye45_x,right_eye45_y,left_lip49_x,left_lip49_y,lip_center_upper52_x,lip_center_upper52_y,right_lip55_x,right_lip55_y,lip_center_lower58_x,lip_center_lower58_y,trans_x,trans_y,trans_z,rot_x,rot_y,rot_z
0,0,1.7958221435546875,4.841766357421875,-4.882339477539091,7.637496948242159,-7.123313903808587,-4.2573394775390625,21.37759780883789,-3.665924072265625,1.424118041992159,-1.402053833007841,-13.704833984375,-11.786880493164006,-5.722076416015625,7.464263916015625,-4.5251617431640625,9.196990966796875,-2.1675949096679688,-24.985210418701165,19.797799229621887,-23.08619976043701,-3.076080322265625,4.1537818908691335,13.831730037927626,34.14653778076172,0.0021177659509703517,-0.130203977227211,-0.130203977227211,-1.7158216189502893,-31.521247578927117,177.18827181716307
