,Unnamed: 0,left_eyebrow_18x,left_eyebrow_18y,left_eyebrow_20x,left_eyebrow_20y,left_eyebrow_22x,left_eyebrow_22y,right_eyebrow_23x,right_eyebrow_23y,right_eyebrow_25x,right_eyebrow_25y,right_eyebrow_27x,right_eyebrow_27y,left_eye38_x,left_eye38_y,right_eye45_x,right_eye45_y,left_lip49_x,left_lip49_y,lip_center_upper52_x,lip_center_upper52_y,right_lip55_x,right_lip55_y,lip_center_lower58_x,lip_center_lower58_y,trans_x,trans_y,trans_z,rot_x,rot_y,rot_z
0,0,2.8877105712890625,6.068145751953153,-3.3347244262695597,-0.301727294921875,-4.98887825012207,-11.107452392578153,20.857664108276367,-11.025299072265653,10.35308837890625,-3.420974731445341,-6.819183349609375,0.4980316162109375,-1.5694656372070312,10.295806884765625,-3.4648818969726705,8.220321655273438,-4.9074935913085795,-13.27041625976561,1.1408418416976929,-19.369213104248047,1.4635772705078125,-1.2277717590332031,1.1239030659198759,16.619560241699205,0.009232817450538278,-0.002093203365802765,-0.002093203365802765,-9.106268295020095,-9.20781870008932,1.0111275783154516
