,Unnamed: 0,left_eyebrow_18x,left_eyebrow_18y,left_eyebrow_20x,left_eyebrow_20y,left_eyebrow_22x,left_eyebrow_22y,right_eyebrow_23x,right_eyebrow_23y,right_eyebrow_25x,right_eyebrow_25y,right_eyebrow_27x,right_eyebrow_27y,left_eye38_x,left_eye38_y,right_eye45_x,right_eye45_y,left_lip49_x,left_lip49_y,lip_center_upper52_x,lip_center_upper52_y,right_lip55_x,right_lip55_y,lip_center_lower58_x,lip_center_lower58_y,trans_x,trans_y,trans_z,rot_x,rot_y,rot_z
0,0,-5.853637695312472,9.990829467773438,2.974494934082017,15.355575561523438,33.12373733520508,-10.021591186523466,26.509346008300785,0.5732574462890341,3.311584472656264,1.6708526611328125,-30.32928466796875,-20.413619995117188,-7.611244201660156,7.627700805664091,-21.753562927246094,10.489486694335938,-3.3734893798828267,-25.146800994873047,44.84211206436157,-3.0097885131835866,-20.372283935546875,21.813499450683594,22.77038548886776,21.153717041015625,-0.025916028302162886,-0.018143322318792364,-0.018143322318792364,-5.400716784555522,-43.40560808931901,-0.7501406216207382
