,Unnamed: 0,left_eyebrow_18x,left_eyebrow_18y,left_eyebrow_20x,left_eyebrow_20y,left_eyebrow_22x,left_eyebrow_22y,right_eyebrow_23x,right_eyebrow_23y,right_eyebrow_25x,right_eyebrow_25y,right_eyebrow_27x,right_eyebrow_27y,left_eye38_x,left_eye38_y,right_eye45_x,right_eye45_y,left_lip49_x,left_lip49_y,lip_center_upper52_x,lip_center_upper52_y,right_lip55_x,right_lip55_y,lip_center_lower58_x,lip_center_lower58_y,trans_x,trans_y,trans_z,rot_x,rot_y,rot_z
0,0,-7.563705444335909,12.615158081054716,7.261016845703125,-3.582122802734375,29.314337253570557,-10.79681396484375,39.33108901977539,-10.394836425781278,-11.598220825195327,-21.917587280273438,-60.4964294433594,-26.832595825195312,-4.972129821777344,8.149978637695312,-10.33349609375,10.077804565429716,-14.94271087646483,-17.004074096679688,34.13076901435853,-20.845666885375973,-17.55419158935547,27.192398071289062,18.530262231826782,12.243698120117188,-0.0021243933588266355,0.0026817843317985604,0.0026817843317985604,-3.86859987464054,-51.48768619854951,7.582206283128143
