,Unnamed: 0,left_eyebrow_18x,left_eyebrow_18y,left_eyebrow_20x,left_eyebrow_20y,left_eyebrow_22x,left_eyebrow_22y,right_eyebrow_23x,right_eyebrow_23y,right_eyebrow_25x,right_eyebrow_25y,right_eyebrow_27x,right_eyebrow_27y,left_eye38_x,left_eye38_y,right_eye45_x,right_eye45_y,left_lip49_x,left_lip49_y,lip_center_upper52_x,lip_center_upper52_y,right_lip55_x,right_lip55_y,lip_center_lower58_x,lip_center_lower58_y,trans_x,trans_y,trans_z,rot_x,rot_y,rot_z
0,0,7.483367919921847,-7.280731201171875,0.3017272949218608,-8.531097412109375,-9.917407989501953,-5.738388061523466,10.840772628784176,-5.753082275390653,0.470947265625,-7.78607177734375,-10.309585571289034,-8.030853271484347,2.2484817504882812,9.528778076171875,1.394012451171875,7.2474212646484375,-11.468338012695312,-22.835285186767564,-4.240431904792785,11.631492614746094,11.004440307617173,-17.707054138183608,-3.6804627180099487,23.75408172607422,-0.003452954231761396,-0.020182646811008446,-0.020182646811008446,-1.866076363991588,4.289610393058167,-0.5941634312336777
