,Unnamed: 0,left_eyebrow_18x,left_eyebrow_18y,left_eyebrow_20x,left_eyebrow_20y,left_eyebrow_22x,left_eyebrow_22y,right_eyebrow_23x,right_eyebrow_23y,right_eyebrow_25x,right_eyebrow_25y,right_eyebrow_27x,right_eyebrow_27y,left_eye38_x,left_eye38_y,right_eye45_x,right_eye45_y,left_lip49_x,left_lip49_y,lip_center_upper52_x,lip_center_upper52_y,right_lip55_x,right_lip55_y,lip_center_lower58_x,lip_center_lower58_y,trans_x,trans_y,trans_z,rot_x,rot_y,rot_z
0,0,4.8691253662109375,-1.7662658691405966,1.5350723266601562,-0.8123626708984375,-2.4408302307128906,-6.635299682617216,22.558408737182614,-9.913223266601591,4.982452392578111,-10.628463745117188,-18.7586669921875,-13.147384643554659,-0.399993896484375,11.130615234375,-2.833465576171875,8.128631591796875,-16.80548095703125,-31.255504608154283,7.770845532417297,12.940448760986328,8.264808654785156,-9.612468719482436,9.397219777107239,22.88025665283203,-0.0052177225006744266,-0.03295735269784927,-0.03295735269784927,-1.146959745186678,-22.21632466897296,0.5427727075877198
