,Unnamed: 0,left_eyebrow_18x,left_eyebrow_18y,left_eyebrow_20x,left_eyebrow_20y,left_eyebrow_22x,left_eyebrow_22y,right_eyebrow_23x,right_eyebrow_23y,right_eyebrow_25x,right_eyebrow_25y,right_eyebrow_27x,right_eyebrow_27y,left_eye38_x,left_eye38_y,right_eye45_x,right_eye45_y,left_lip49_x,left_lip49_y,lip_center_upper52_x,lip_center_upper52_y,right_lip55_x,right_lip55_y,lip_center_lower58_x,lip_center_lower58_y,trans_x,trans_y,trans_z,rot_x,rot_y,rot_z
0,0,1.0638885498046875,6.109771728515625,3.2629013061523438,4.11279296875,15.173803329467773,-9.448364257812557,44.10373878479004,-11.913391113281278,8.86329650878902,-13.123062133789062,-41.799713134765625,-24.864639282226534,-1.9556350708007812,13.10211181640625,-13.467613220214844,10.815826416015625,-26.711692810058594,-40.76042556762694,32.54590332508087,15.782787322998047,-4.071495056152344,-0.158203125,23.639721035957336,25.79503631591797,-0.022452355711720884,-0.019882664084434502,-0.019882664084434502,-1.5840455807697025,-42.42434655299185,-1.3011512626560884
