,Unnamed: 0,left_eyebrow_18x,left_eyebrow_18y,left_eyebrow_20x,left_eyebrow_20y,left_eyebrow_22x,left_eyebrow_22y,right_eyebrow_23x,right_eyebrow_23y,right_eyebrow_25x,right_eyebrow_25y,right_eyebrow_27x,right_eyebrow_27y,left_eye38_x,left_eye38_y,right_eye45_x,right_eye45_y,left_lip49_x,left_lip49_y,lip_center_upper52_x,lip_center_upper52_y,right_lip55_x,right_lip55_y,lip_center_lower58_x,lip_center_lower58_y,trans_x,trans_y,trans_z,rot_x,rot_y,rot_z
0,0,-0.11651611328127842,-6.922271728515625,1.5433349609375,15.495910644531222,-3.37786865234375,8.89569091796875,24.508716583251953,6.534103393554716,6.11993408203125,4.3515472412109375,-13.482406616210966,-20.743637084960938,2.2856979370117188,4.733551025390597,-7.1396026611328125,2.7508239746093466,-3.0930328369140625,-20.110736846923835,15.003870248794557,-18.35657691955567,-6.784614562988281,2.5448379516601705,12.335103988647461,40.92480087280273,-0.0008573536761105069,0.007679380476474762,0.007679380476474762,12.264719870235885,-31.68307336623185,-3.48632548811465
