,Unnamed: 0,left_eyebrow_18x,left_eyebrow_18y,left_eyebrow_20x,left_eyebrow_20y,left_eyebrow_22x,left_eyebrow_22y,right_eyebrow_23x,right_eyebrow_23y,right_eyebrow_25x,right_eyebrow_25y,right_eyebrow_27x,right_eyebrow_27y,left_eye38_x,left_eye38_y,right_eye45_x,right_eye45_y,left_lip49_x,left_lip49_y,lip_center_upper52_x,lip_center_upper52_y,right_lip55_x,right_lip55_y,lip_center_lower58_x,lip_center_lower58_y,trans_x,trans_y,trans_z,rot_x,rot_y,rot_z
0,0,4.667083740234347,-6.891448974609375,-3.5392913818359375,4.576004028320284,-16.224868774414062,4.6040802001953125,13.750560760498047,1.12689208984375,5.63775634765625,4.3805694580078125,-1.7188110351562784,-2.1409912109375,5.300811767578125,3.019851684570284,-2.555511474609375,-0.3851776123046591,7.073997497558594,-6.309680938720703,-2.490816831588745,-21.539556503295902,-0.36336517333984375,-12.041316986083977,-1.351721048355103,39.176883697509744,-0.012990356422960755,0.020622011274099357,0.020622011274099357,6.978323341319594,10.905016740482308,-3.2922138327979513
