,Unnamed: 0,left_eyebrow_18x,left_eyebrow_18y,left_eyebrow_20x,left_eyebrow_20y,left_eyebrow_22x,left_eyebrow_22y,right_eyebrow_23x,right_eyebrow_23y,right_eyebrow_25x,right_eyebrow_25y,right_eyebrow_27x,right_eyebrow_27y,left_eye38_x,left_eye38_y,right_eye45_x,right_eye45_y,left_lip49_x,left_lip49_y,lip_center_upper52_x,lip_center_upper52_y,right_lip55_x,right_lip55_y,lip_center_lower58_x,lip_center_lower58_y,trans_x,trans_y,trans_z,rot_x,rot_y,rot_z
0,0,2.0704498291015625,4.5636138916015625,-5.72650146484375,-5.8346099853515625,-3.877147674560547,-13.894424438476591,3.2008018493652344,-13.115661621093778,3.249542236328125,-3.221328735351591,-4.104217529296875,4.1752166748046875,2.9333877563476562,10.888778686523438,0.008270263671875,9.569290161132812,-1.9016723632812358,-11.925060272216804,0.7341789305210114,-33.429484367370605,1.6336212158203125,-9.608444213867188,2.927016258239745,27.227302551269545,-0.0007255227537825704,0.00787484459578991,0.00787484459578991,-5.731366571977803,0.4476391358838351,-0.3955501435155693
