,Unnamed: 0,left_eyebrow_18x,left_eyebrow_18y,left_eyebrow_20x,left_eyebrow_20y,left_eyebrow_22x,left_eyebrow_22y,right_eyebrow_23x,right_eyebrow_23y,right_eyebrow_25x,right_eyebrow_25y,right_eyebrow_27x,right_eyebrow_27y,left_eye38_x,left_eye38_y,right_eye45_x,right_eye45_y,left_lip49_x,left_lip49_y,lip_center_upper52_x,lip_center_upper52_y,right_lip55_x,right_lip55_y,lip_center_lower58_x,lip_center_lower58_y,trans_x,trans_y,trans_z,rot_x,rot_y,rot_z
0,0,0.2100982666015625,0.1260528564453125,-3.6742553710937216,-9.783309936523438,-7.154491424560547,-9.89599609375,2.2943382263183523,-9.618865966796875,4.518325805664034,-10.035797119140625,-1.864334106445341,0.6510009765625,6.45294189453125,5.857208251953125,2.7094345092773438,6.093856811523409,1.6785354614257812,-7.361236572265625,-5.1093615889549255,-15.572189331054688,3.6915817260742188,-8.241455078125,-4.222583055496216,13.813346862792969,-0.022104154573753473,0.011975340545177467,0.011975340545177467,-3.321856941002739,23.31981071501916,-2.599758971636149
