,Unnamed: 0,left_eyebrow_18x,left_eyebrow_18y,left_eyebrow_20x,left_eyebrow_20y,left_eyebrow_22x,left_eyebrow_22y,right_eyebrow_23x,right_eyebrow_23y,right_eyebrow_25x,right_eyebrow_25y,right_eyebrow_27x,right_eyebrow_27y,left_eye38_x,left_eye38_y,right_eye45_x,right_eye45_y,left_lip49_x,left_lip49_y,lip_center_upper52_x,lip_center_upper52_y,right_lip55_x,right_lip55_y,lip_center_lower58_x,lip_center_lower58_y,trans_x,trans_y,trans_z,rot_x,rot_y,rot_z
0,0,-1.0711212158203125,2.899200439453068,-3.4684600830078125,-0.931304931640625,-4.285343170166016,-1.7377624511718466,2.2020759582519567,-1.114837646484375,1.5182418823242188,0.065155029296875,-0.7663116455078125,2.1964263916015625,-1.0390777587890767,-1.2789459228515625,-4.699630737304673,-3.48272705078125,2.4138565063476562,-4.319782257080078,5.126363754272461,-5.121046066284176,-1.7455062866210938,-2.18572998046875,7.382613897323608,15.677337646484375,0.021285379538312554,-0.008434630930423737,-0.008434630930423737,0.1559712872486254,-15.242645058419859,8.613494143414389
