,Unnamed: 0,left_eyebrow_18x,left_eyebrow_18y,left_eyebrow_20x,left_eyebrow_20y,left_eyebrow_22x,left_eyebrow_22y,right_eyebrow_23x,right_eyebrow_23y,right_eyebrow_25x,right_eyebrow_25y,right_eyebrow_27x,right_eyebrow_27y,left_eye38_x,left_eye38_y,right_eye45_x,right_eye45_y,left_lip49_x,left_lip49_y,lip_center_upper52_x,lip_center_upper52_y,right_lip55_x,right_lip55_y,lip_center_lower58_x,lip_center_lower58_y,trans_x,trans_y,trans_z,rot_x,rot_y,rot_z
0,0,3.22491455078125,6.144561767578125,-5.333404541015639,-0.39678955078125,-6.082542419433594,-5.235107421875,7.21852111816407,-5.130920410156222,5.07801818847652,-3.27545166015625,-2.912384033203125,6.437713623046847,-2.951568603515625,0.247100830078125,-1.6570968627929688,-1.6215209960937216,4.251907348632827,-6.17564773559571,4.225773751735687,-14.716432571411133,-4.563865661621094,-3.5144004821777344,3.502959132194519,17.682579040527344,0.00787038414273411,-0.011407171608880162,-0.011407171608880162,-6.440888642082738,-7.19524223078072,0.7481049825105419
