,Unnamed: 0,left_eyebrow_18x,left_eyebrow_18y,left_eyebrow_20x,left_eyebrow_20y,left_eyebrow_22x,left_eyebrow_22y,right_eyebrow_23x,right_eyebrow_23y,right_eyebrow_25x,right_eyebrow_25y,right_eyebrow_27x,right_eyebrow_27y,left_eye38_x,left_eye38_y,right_eye45_x,right_eye45_y,left_lip49_x,left_lip49_y,lip_center_upper52_x,lip_center_upper52_y,right_lip55_x,right_lip55_y,lip_center_lower58_x,lip_center_lower58_y,trans_x,trans_y,trans_z,rot_x,rot_y,rot_z
0,0,3.6470031738280966,-5.930206298828125,-0.764984130859375,-5.192337036132784,-8.333656311035156,-4.914245605468778,9.214622497558594,-9.296340942382841,7.413093566894531,-3.069992065429716,-0.05261230468752842,-3.351211547851534,2.662261962890625,7.638153076171875,0.0211639404296875,9.904205322265597,1.830078125,-2.961120605468764,-2.6708085536956787,-16.3855037689209,2.1012039184570312,-7.511497497558587,-2.053276866674423,22.339576721191392,0.002806143835186959,0.036593629978597164,0.036593629978597164,-1.8945415180892153,27.263038603223514,0.6570882571849449
