,Unnamed: 0,left_eyebrow_18x,left_eyebrow_18y,left_eyebrow_20x,left_eyebrow_20y,left_eyebrow_22x,left_eyebrow_22y,right_eyebrow_23x,right_eyebrow_23y,right_eyebrow_25x,right_eyebrow_25y,right_eyebrow_27x,right_eyebrow_27y,left_eye38_x,left_eye38_y,right_eye45_x,right_eye45_y,left_lip49_x,left_lip49_y,lip_center_upper52_x,lip_center_upper52_y,right_lip55_x,right_lip55_y,lip_center_lower58_x,lip_center_lower58_y,trans_x,trans_y,trans_z,rot_x,rot_y,rot_z
0,0,0.54876708984375,1.8526458740234375,-7.579833984375,-10.390884399414062,-8.374908447265632,-10.201324462890625,10.200096130371094,-8.9871826171875,8.819709777832003,-9.93280029296875,-0.88134765625,-1.0035400390625,-1.9600906372070455,12.339736938476591,0.7531356811523153,12.720489501953125,3.2996902465820312,-3.650482177734382,1.5252323746681213,-31.7326717376709,-9.332771301269545,1.5121803283691406,2.625987052917482,13.989517211914077,-0.010561061091721058,0.018721524626016617,0.018721524626016617,-3.4426024950758016,11.905920050725685,-3.2804755192129824
