,Unnamed: 0,left_eyebrow_18x,left_eyebrow_18y,left_eyebrow_20x,left_eyebrow_20y,left_eyebrow_22x,left_eyebrow_22y,right_eyebrow_23x,right_eyebrow_23y,right_eyebrow_25x,right_eyebrow_25y,right_eyebrow_27x,right_eyebrow_27y,left_eye38_x,left_eye38_y,right_eye45_x,right_eye45_y,left_lip49_x,left_lip49_y,lip_center_upper52_x,lip_center_upper52_y,right_lip55_x,right_lip55_y,lip_center_lower58_x,lip_center_lower58_y,trans_x,trans_y,trans_z,rot_x,rot_y,rot_z
0,0,-6.171127319335966,14.700485229492188,-2.738708496093764,-6.4723358154296875,24.52164363861084,-12.9464111328125,29.204593658447273,-11.363296508789062,5.081756591796861,-19.397628784179688,-49.97068786621094,-14.105850219726562,-7.934265136718764,4.4908599853515625,-10.695991516113281,9.14605712890625,2.9469070434570312,-18.45977020263672,51.066416680812836,-13.629537582397461,-22.213134765625,25.61240005493164,21.94317352771759,5.351119995117173,-0.021191873936913908,-0.020512987859547138,-0.020512987859547138,-10.82163143821761,-44.7215375416978,0.7533077429617956
