,Unnamed: 0,left_eyebrow_18x,left_eyebrow_18y,left_eyebrow_20x,left_eyebrow_20y,left_eyebrow_22x,left_eyebrow_22y,right_eyebrow_23x,right_eyebrow_23y,right_eyebrow_25x,right_eyebrow_25y,right_eyebrow_27x,right_eyebrow_27y,left_eye38_x,left_eye38_y,right_eye45_x,right_eye45_y,left_lip49_x,left_lip49_y,lip_center_upper52_x,lip_center_upper52_y,right_lip55_x,right_lip55_y,lip_center_lower58_x,lip_center_lower58_y,trans_x,trans_y,trans_z,rot_x,rot_y,rot_z
0,0,1.1979217529296875,-3.992721557617159,-7.359375,-10.971282958984403,-16.20843505859375,-7.8226470947265625,13.517642974853509,-8.851943969726591,9.300781250000014,-5.373504638671903,-0.06387329101565342,-2.19854736328125,1.1570663452148438,5.965576171874972,-1.049072265625,6.150741577148466,4.939109802246108,-1.5042800903320241,-0.6670517548918724,-14.052619934082031,-2.6781082153320312,-4.838111877441406,-1.9768763110041618,7.398208618164034,-0.005536831391509623,0.00464363768696785,0.00464363768696785,-5.318366736375572,4.798322614758343,-0.35638331704931114
