,Unnamed: 0,left_eyebrow_18x,left_eyebrow_18y,left_eyebrow_20x,left_eyebrow_20y,left_eyebrow_22x,left_eyebrow_22y,right_eyebrow_23x,right_eyebrow_23y,right_eyebrow_25x,right_eyebrow_25y,right_eyebrow_27x,right_eyebrow_27y,left_eye38_x,left_eye38_y,right_eye45_x,right_eye45_y,left_lip49_x,left_lip49_y,lip_center_upper52_x,lip_center_upper52_y,right_lip55_x,right_lip55_y,lip_center_lower58_x,lip_center_lower58_y,trans_x,trans_y,trans_z,rot_x,rot_y,rot_z
0,0,-9.32965087890625,5.829498291015625,3.5973968505859375,-12.173538208007812,20.86444091796875,-11.126678466796875,14.928909301757812,-14.369155883789062,-1.1632308959960795,-23.180831909179688,-31.50511169433591,-22.460006713867188,-6.9053955078125,20.37664794921878,-14.166549682617202,24.856094360351562,-11.924674987792969,-18.71056747436524,31.10354256629944,-26.088142395019535,-12.85775756835939,26.61566162109375,8.844383716583252,12.324943542480483,-0.015420959331095219,0.0154806450009346,0.0154806450009346,-3.80393605858574,-53.66432627566202,-3.1697358114635144
