,Unnamed: 0,left_eyebrow_18x,left_eyebrow_18y,left_eyebrow_20x,left_eyebrow_20y,left_eyebrow_22x,left_eyebrow_22y,right_eyebrow_23x,right_eyebrow_23y,right_eyebrow_25x,right_eyebrow_25y,right_eyebrow_27x,right_eyebrow_27y,left_eye38_x,left_eye38_y,right_eye45_x,right_eye45_y,left_lip49_x,left_lip49_y,lip_center_upper52_x,lip_center_upper52_y,right_lip55_x,right_lip55_y,lip_center_lower58_x,lip_center_lower58_y,trans_x,trans_y,trans_z,rot_x,rot_y,rot_z
0,0,2.0924224853515625,0.6860809326171875,-13.427932739257841,-11.275375366210909,-16.829715728759773,-15.384353637695284,17.829795837402344,-14.898330688476562,14.521476745605469,-8.102569580078125,-0.8175201416015341,0.6543884277343466,-7.683708190917969,17.674835205078125,5.783096313476577,18.933425903320312,12.982635498046875,-0.7090606689453054,-1.1102859973907475,-44.66252875328065,-14.746223449707031,-0.7924919128417969,3.8848325759172444,23.311691284179688,0.026569395558908585,0.0201057568192482,0.0201057568192482,-13.292135316948212,-29.434118313801747,2.206408128860903
