,Unnamed: 0,left_eyebrow_18x,left_eyebrow_18y,left_eyebrow_20x,left_eyebrow_20y,left_eyebrow_22x,left_eyebrow_22y,right_eyebrow_23x,right_eyebrow_23y,right_eyebrow_25x,right_eyebrow_25y,right_eyebrow_27x,right_eyebrow_27y,left_eye38_x,left_eye38_y,right_eye45_x,right_eye45_y,left_lip49_x,left_lip49_y,lip_center_upper52_x,lip_center_upper52_y,right_lip55_x,right_lip55_y,lip_center_lower58_x,lip_center_lower58_y,trans_x,trans_y,trans_z,rot_x,rot_y,rot_z
0,0,2.9200439453125,-1.298065185546875,0.6145782470703409,-0.6156463623046875,-1.2942123413085938,-0.938812255859375,3.811542510986328,0.3276214599609375,0.2322845458984375,-2.4757080078124716,-3.025360107421875,-2.6628875732422443,2.403106689453125,-2.878143310546875,-1.7929153442382812,-2.394256591796875,-4.1384124755859375,-6.100193023681641,1.0298762321472172,-8.654645919799805,4.710334777832031,-4.4463043212890625,-0.19147229194641113,18.157379150390625,0.0009078197181224823,0.009642160031944513,0.009642160031944513,2.0346849680685697,-0.6133123500286857,1.4239899180210243
