,Unnamed: 0,left_eyebrow_18x,left_eyebrow_18y,left_eyebrow_20x,left_eyebrow_20y,left_eyebrow_22x,left_eyebrow_22y,right_eyebrow_23x,right_eyebrow_23y,right_eyebrow_25x,right_eyebrow_25y,right_eyebrow_27x,right_eyebrow_27y,left_eye38_x,left_eye38_y,right_eye45_x,right_eye45_y,left_lip49_x,left_lip49_y,lip_center_upper52_x,lip_center_upper52_y,right_lip55_x,right_lip55_y,lip_center_lower58_x,lip_center_lower58_y,trans_x,trans_y,trans_z,rot_x,rot_y,rot_z
0,0,-7.580718994140625,-11.639602661132812,7.904006958007841,-4.97674560546875,14.946624755859375,-2.173187255859375,33.849098205566406,2.818359375,-0.8189086914062642,-0.5962219238281534,-38.05128479003909,-40.134796142578125,-1.8166122436523438,19.175628662109347,-18.77097320556642,23.02368164062503,-1.9687042236328125,-15.56409835815429,47.30346051603556,2.3201942443847656,-27.82030487060547,6.221961975097656,22.835443921387196,17.42133331298828,-0.02577029395615682,0.008089356124401093,0.008089356124401093,1.6576778787519875,-42.689762538631356,-8.633746391809728
