,Unnamed: 0,left_eyebrow_18x,left_eyebrow_18y,left_eyebrow_20x,left_eyebrow_20y,left_eyebrow_22x,left_eyebrow_22y,right_eyebrow_23x,right_eyebrow_23y,right_eyebrow_25x,right_eyebrow_25y,right_eyebrow_27x,right_eyebrow_27y,left_eye38_x,left_eye38_y,right_eye45_x,right_eye45_y,left_lip49_x,left_lip49_y,lip_center_upper52_x,lip_center_upper52_y,right_lip55_x,right_lip55_y,lip_center_lower58_x,lip_center_lower58_y,trans_x,trans_y,trans_z,rot_x,rot_y,rot_z
0,0,-1.531631469726534,-6.321166992187528,18.640640258789062,1.4639739990234375,26.92876815795899,8.855712890624972,36.92685699462891,12.029342651367188,3.1478424072265057,-7.868408203125,-36.59233093261719,-39.034133911132784,-2.938201904296875,-0.947845458984375,-19.02002716064453,2.2821044921875,-10.283462524414062,-23.713794708251953,36.93284845352173,3.3049507141113352,-9.565582275390625,13.96818542480468,19.79493999481201,29.323707580566406,-0.02541453763842583,-0.0002613421529531479,-0.0002613421529531479,2.9537770668840344,-46.207108745307565,-4.471366552590823
