,Unnamed: 0,left_eyebrow_18x,left_eyebrow_18y,left_eyebrow_20x,left_eyebrow_20y,left_eyebrow_22x,left_eyebrow_22y,right_eyebrow_23x,right_eyebrow_23y,right_eyebrow_25x,right_eyebrow_25y,right_eyebrow_27x,right_eyebrow_27y,left_eye38_x,left_eye38_y,right_eye45_x,right_eye45_y,left_lip49_x,left_lip49_y,lip_center_upper52_x,lip_center_upper52_y,right_lip55_x,right_lip55_y,lip_center_lower58_x,lip_center_lower58_y,trans_x,trans_y,trans_z,rot_x,rot_y,rot_z
0,0,-6.09326171875,8.785552978515625,7.955329895019517,-3.8383941650390625,33.05035352706909,-17.011566162109403,32.65713500976564,-21.63409423828128,9.393714904785185,-17.220443725585966,-45.60441589355469,-18.472427368164062,-0.76214599609375,15.752059936523438,-14.944801330566406,15.776611328125,-14.231544494628906,-21.20354843139649,26.69665789604187,-16.1020565032959,-31.220626831054688,12.409015655517578,12.377549409866333,14.017509460449205,0.018071277998387814,0.032757218927145004,0.032757218927145004,-4.7715400689036365,-42.83350729518793,-3.4164795415314995
