,Unnamed: 0,left_eyebrow_18x,left_eyebrow_18y,left_eyebrow_20x,left_eyebrow_20y,left_eyebrow_22x,left_eyebrow_22y,right_eyebrow_23x,right_eyebrow_23y,right_eyebrow_25x,right_eyebrow_25y,right_eyebrow_27x,right_eyebrow_27y,left_eye38_x,left_eye38_y,right_eye45_x,right_eye45_y,left_lip49_x,left_lip49_y,lip_center_upper52_x,lip_center_upper52_y,right_lip55_x,right_lip55_y,lip_center_lower58_x,lip_center_lower58_y,trans_x,trans_y,trans_z,rot_x,rot_y,rot_z
0,0,2.6035614013671875,7.011581420898409,-10.082962036132841,-7.5321044921875,-4.234249114990234,-17.020111083984347,22.7071533203125,-17.65045166015625,14.82324981689456,-16.620590209960966,-16.0751953125,-8.883117675781278,-12.247734069824205,15.641143798828125,1.4241104125976562,19.724777221679688,1.5256423950195312,-10.228504180908203,22.297378063201908,-40.60491800308228,-16.321212768554688,11.243213653564453,13.861708834767342,30.663909912109375,0.011033536167815328,0.014533411711454391,0.014533411711454391,-13.70935021414903,-39.88427864986461,1.3739032340669484
