,Unnamed: 0,left_eyebrow_18x,left_eyebrow_18y,left_eyebrow_20x,left_eyebrow_20y,left_eyebrow_22x,left_eyebrow_22y,right_eyebrow_23x,right_eyebrow_23y,right_eyebrow_25x,right_eyebrow_25y,right_eyebrow_27x,right_eyebrow_27y,left_eye38_x,left_eye38_y,right_eye45_x,right_eye45_y,left_lip49_x,left_lip49_y,lip_center_upper52_x,lip_center_upper52_y,right_lip55_x,right_lip55_y,lip_center_lower58_x,lip_center_lower58_y,trans_x,trans_y,trans_z,rot_x,rot_y,rot_z
0,0,1.5048370361328125,4.4752960205078125,-4.701698303222656,-3.4010009765625,1.2641258239746094,-16.617477416992216,20.84799575805664,-20.326766967773466,11.995994567871122,-13.443862915039062,-14.393997192382841,-8.792816162109403,-1.3076248168945312,14.193496704101562,-5.663871765136719,15.19305419921875,-9.503349304199219,-18.149539947509773,8.781393766403198,-19.738088607788086,-8.524688720703125,3.176708221435547,5.27919602394104,17.48068237304686,0.04216486308723689,0.03177268989384174,0.03177268989384174,-6.383784056433298,-33.11709925713937,-0.5964339537323468
