,Unnamed: 0,left_eyebrow_18x,left_eyebrow_18y,left_eyebrow_20x,left_eyebrow_20y,left_eyebrow_22x,left_eyebrow_22y,right_eyebrow_23x,right_eyebrow_23y,right_eyebrow_25x,right_eyebrow_25y,right_eyebrow_27x,right_eyebrow_27y,left_eye38_x,left_eye38_y,right_eye45_x,right_eye45_y,left_lip49_x,left_lip49_y,lip_center_upper52_x,lip_center_upper52_y,right_lip55_x,right_lip55_y,lip_center_lower58_x,lip_center_lower58_y,trans_x,trans_y,trans_z,rot_x,rot_y,rot_z
0,0,1.270370483398466,18.010726928710938,-6.081550598144517,-3.0144195556640625,5.257091522216797,-22.10858154296875,25.447002410888672,-24.375991821289062,13.339103698730469,-16.672149658203153,-15.153030395507784,-0.160552978515625,-8.480949401855455,0.0686187744140625,-12.294662475585938,-0.129547119140625,-6.979850769042969,-8.878238677978516,19.69173288345337,-18.68490791320801,-10.626419067382812,17.311656951904297,14.812252640724182,7.516975402832017,0.012128510745242238,0.021274037659168243,0.021274037659168243,-9.207110884548655,-38.937402943709614,-1.3509510518243841
