,Unnamed: 0,left_eyebrow_18x,left_eyebrow_18y,left_eyebrow_20x,left_eyebrow_20y,left_eyebrow_22x,left_eyebrow_22y,right_eyebrow_23x,right_eyebrow_23y,right_eyebrow_25x,right_eyebrow_25y,right_eyebrow_27x,right_eyebrow_27y,left_eye38_x,left_eye38_y,right_eye45_x,right_eye45_y,left_lip49_x,left_lip49_y,lip_center_upper52_x,lip_center_upper52_y,right_lip55_x,right_lip55_y,lip_center_lower58_x,lip_center_lower58_y,trans_x,trans_y,trans_z,rot_x,rot_y,rot_z
0,0,-8.377578735351562,-3.343490600585909,-1.0024566650390625,2.546279907226534,4.852033615112308,-0.46209716796875,12.481418609619148,1.679534912109375,-9.019180297851562,-2.2186279296875,-18.478683471679716,-29.472518920898466,0.0623321533203125,12.779510498046847,-11.329017639160156,17.5794677734375,-2.0799484252929545,-26.601879119873047,22.53227400779724,-26.54622459411621,-12.135963439941406,10.229995727539062,5.647527128458023,36.169952392578125,-0.007153570360969752,0.008677568286657326,0.008677568286657326,-0.6863187275689868,-44.864403922327,-2.4660953474221907
