,Unnamed: 0,left_eyebrow_18x,left_eyebrow_18y,left_eyebrow_20x,left_eyebrow_20y,left_eyebrow_22x,left_eyebrow_22y,right_eyebrow_23x,right_eyebrow_23y,right_eyebrow_25x,right_eyebrow_25y,right_eyebrow_27x,right_eyebrow_27y,left_eye38_x,left_eye38_y,right_eye45_x,right_eye45_y,left_lip49_x,left_lip49_y,lip_center_upper52_x,lip_center_upper52_y,right_lip55_x,right_lip55_y,lip_center_lower58_x,lip_center_lower58_y,trans_x,trans_y,trans_z,rot_x,rot_y,rot_z
0,0,-0.18743896484377842,-0.07934570312497158,-4.831405639648466,-4.836029052734375,-3.2914962768554688,-6.1761627197265625,2.5536842346191406,-7.051437377929716,2.3998870849609375,-9.878402709960966,-0.17024230957034092,-0.3906402587890625,1.606170654296875,5.4464874267578125,-1.5164031982421733,4.551071166992244,3.4122314453125,-5.10882568359375,-0.9103781636804342,-13.784381866455082,-2.9117202758789062,-4.6254425048828125,3.114672064781189,12.997772216796875,0.005591026507318017,0.010023023933172219,0.010023023933172219,-2.532046710359036,-5.178416628174441,1.9919705404084236
