,Unnamed: 0,left_eyebrow_18x,left_eyebrow_18y,left_eyebrow_20x,left_eyebrow_20y,left_eyebrow_22x,left_eyebrow_22y,right_eyebrow_23x,right_eyebrow_23y,right_eyebrow_25x,right_eyebrow_25y,right_eyebrow_27x,right_eyebrow_27y,left_eye38_x,left_eye38_y,right_eye45_x,right_eye45_y,left_lip49_x,left_lip49_y,lip_center_upper52_x,lip_center_upper52_y,right_lip55_x,right_lip55_y,lip_center_lower58_x,lip_center_lower58_y,trans_x,trans_y,trans_z,rot_x,rot_y,rot_z
0,0,-2.8253936767578693,3.4713287353515625,-2.3751983642578125,9.924285888671875,1.138458251953125,2.848129272460966,19.977787017822266,-0.3211212158202841,4.945922851562528,1.2912902832031818,-9.547424316406307,-13.514450073242159,-2.70001220703125,-0.8728027343750284,-6.217689514160156,1.563796997070284,2.0676956176757812,-21.053264617919922,16.64466141909361,-15.015556335449219,-13.264541625976562,5.623954772949219,12.756581544876099,25.690429687500014,0.003939390415325761,0.0036749467253685136,0.0036749467253685136,-0.03012235507553207,-28.98785597392299,1.5959885267105394
