,Unnamed: 0,left_eyebrow_18x,left_eyebrow_18y,left_eyebrow_20x,left_eyebrow_20y,left_eyebrow_22x,left_eyebrow_22y,right_eyebrow_23x,right_eyebrow_23y,right_eyebrow_25x,right_eyebrow_25y,right_eyebrow_27x,right_eyebrow_27y,left_eye38_x,left_eye38_y,right_eye45_x,right_eye45_y,left_lip49_x,left_lip49_y,lip_center_upper52_x,lip_center_upper52_y,right_lip55_x,right_lip55_y,lip_center_lower58_x,lip_center_lower58_y,trans_x,trans_y,trans_z,rot_x,rot_y,rot_z
0,0,-2.1895599365234375,0.1868896484375,3.8108291625976562,13.668273925781278,19.31028938293457,3.5778656005859375,34.24634552001955,3.6949462890624716,12.110626220703125,-7.040222167968778,-28.307159423828125,-29.91656494140625,-8.883155822753892,4.2170257568359375,-16.79045867919922,7.640899658203125,-2.8335494995117188,-23.80577659606934,43.17950105667114,-7.619411468505856,-15.856849670410156,21.713111877441406,22.463671922683712,22.79346466064453,-0.0262663708999753,0.009129349142312997,0.009129349142312997,1.7513675800523911,-45.37132165795899,-2.477856303260643
