,Unnamed: 0,left_eyebrow_18x,left_eyebrow_18y,left_eyebrow_20x,left_eyebrow_20y,left_eyebrow_22x,left_eyebrow_22y,right_eyebrow_23x,right_eyebrow_23y,right_eyebrow_25x,right_eyebrow_25y,right_eyebrow_27x,right_eyebrow_27y,left_eye38_x,left_eye38_y,right_eye45_x,right_eye45_y,left_lip49_x,left_lip49_y,lip_center_upper52_x,lip_center_upper52_y,right_lip55_x,right_lip55_y,lip_center_lower58_x,lip_center_lower58_y,trans_x,trans_y,trans_z,rot_x,rot_y,rot_z
0,0,-1.988662719726591,3.214614868164034,8.015609741210938,15.74189758300787,15.351020812988281,9.656402587890625,10.12537765502929,0.673248291015625,5.008911132812443,-2.7354583740234375,-8.182846069335994,-9.260940551757812,-5.613449096679673,-2.8528137207030966,-3.7755508422851562,-4.571685791015625,-1.6208267211914205,-12.798137664794915,19.7041757106781,-11.836702346801758,-10.156288146972656,9.714088439941406,13.718344032764433,25.82047271728517,0.03696565376594663,0.023253683000802994,0.023253683000802994,4.4226857665641415,-34.88545006047507,1.463685535616004
