,Unnamed: 0,left_eyebrow_18x,left_eyebrow_18y,left_eyebrow_20x,left_eyebrow_20y,left_eyebrow_22x,left_eyebrow_22y,right_eyebrow_23x,right_eyebrow_23y,right_eyebrow_25x,right_eyebrow_25y,right_eyebrow_27x,right_eyebrow_27y,left_eye38_x,left_eye38_y,right_eye45_x,right_eye45_y,left_lip49_x,left_lip49_y,lip_center_upper52_x,lip_center_upper52_y,right_lip55_x,right_lip55_y,lip_center_lower58_x,lip_center_lower58_y,trans_x,trans_y,trans_z,rot_x,rot_y,rot_z
0,0,-6.890777587890597,-1.26702880859375,14.30745697021483,9.104690551757812,41.50275039672852,11.671463012695341,14.6343994140625,12.549468994140625,-9.207473754882841,1.68505859375,-41.92193603515625,-31.590194702148466,-7.053764343261719,-3.1566009521484375,-18.42664337158203,-5.525238037109375,-6.177970886230469,-15.05060958862304,37.78806802630424,10.855352401733395,-42.457149505615234,24.069168090820312,12.909509181976318,12.033012390136719,-0.018222914543002844,-0.0015644282102584839,-0.0015644282102584839,9.15380211944961,-50.4146754499213,-4.269645127590816
