,Unnamed: 0,left_eyebrow_18x,left_eyebrow_18y,left_eyebrow_20x,left_eyebrow_20y,left_eyebrow_22x,left_eyebrow_22y,right_eyebrow_23x,right_eyebrow_23y,right_eyebrow_25x,right_eyebrow_25y,right_eyebrow_27x,right_eyebrow_27y,left_eye38_x,left_eye38_y,right_eye45_x,right_eye45_y,left_lip49_x,left_lip49_y,lip_center_upper52_x,lip_center_upper52_y,right_lip55_x,right_lip55_y,lip_center_lower58_x,lip_center_lower58_y,trans_x,trans_y,trans_z,rot_x,rot_y,rot_z
0,0,0.2775573730469034,-0.7284698486328125,3.882843017578068,7.0336761474609375,5.62974929809571,9.519653320312528,-5.615562438964837,10.477813720703097,-4.658874511718778,8.702774047851591,0.24647521972659092,-1.3182830810546875,0.12401580810546875,-9.937377929687528,-1.6079940795898438,-9.885452270507812,6.064353942871094,0.11805343627929688,3.11651799082756,-11.500846862792972,-7.45025634765625,0.428436279296875,1.194201707839965,27.386497497558608,-0.004800235386937857,-0.007022172212600708,-0.007022172212600708,5.088355661728067,5.955931412226104,-0.08662843838475354
