,Unnamed: 0,left_eyebrow_18x,left_eyebrow_18y,left_eyebrow_20x,left_eyebrow_20y,left_eyebrow_22x,left_eyebrow_22y,right_eyebrow_23x,right_eyebrow_23y,right_eyebrow_25x,right_eyebrow_25y,right_eyebrow_27x,right_eyebrow_27y,left_eye38_x,left_eye38_y,right_eye45_x,right_eye45_y,left_lip49_x,left_lip49_y,lip_center_upper52_x,lip_center_upper52_y,right_lip55_x,right_lip55_y,lip_center_lower58_x,lip_center_lower58_y,trans_x,trans_y,trans_z,rot_x,rot_y,rot_z
0,0,-5.886322021484375,-0.6262664794921875,-4.0854644775390625,8.145538330078125,-0.5771255493164062,-0.8182220458984091,26.186771392822266,-2.3115234375,13.218505859375028,-5.137741088867159,-12.813949584960938,-19.523284912109375,-2.492828369140611,11.386322021484347,-5.797325134277358,12.192703247070312,3.9915618896484375,-27.83786392211914,19.88745665550232,-28.23936271667481,-14.628952026367188,6.75518798828125,8.546309381723404,36.76499938964845,0.015383275516796855,0.006619013845920556,0.006619013845920556,-2.0812330302254667,-41.961481840507844,0.6626402172365811
