,Unnamed: 0,left_eyebrow_18x,left_eyebrow_18y,left_eyebrow_20x,left_eyebrow_20y,left_eyebrow_22x,left_eyebrow_22y,right_eyebrow_23x,right_eyebrow_23y,right_eyebrow_25x,right_eyebrow_25y,right_eyebrow_27x,right_eyebrow_27y,left_eye38_x,left_eye38_y,right_eye45_x,right_eye45_y,left_lip49_x,left_lip49_y,lip_center_upper52_x,lip_center_upper52_y,right_lip55_x,right_lip55_y,lip_center_lower58_x,lip_center_lower58_y,trans_x,trans_y,trans_z,rot_x,rot_y,rot_z
0,0,4.8036651611328125,4.0161895751953125,-0.7512512207030682,1.157623291015625,-3.097137451171868,-8.059234619140653,23.214427947998047,-8.152786254882812,8.613159179687543,-10.866424560546875,-13.395782470703125,-10.426864624023438,-3.8101577758789062,7.188796997070284,-4.751472473144531,8.611480712890625,-11.686187744140625,-15.856655120849602,13.405710220336914,-11.982242584228512,-7.281776428222656,4.11187744140625,9.37127673625946,11.581466674804688,0.0005340855568647393,0.0004011392593383789,0.0004011392593383789,-5.708099625178717,-25.766059023720302,0.23092539717794303
