,Unnamed: 0,left_eyebrow_18x,left_eyebrow_18y,left_eyebrow_20x,left_eyebrow_20y,left_eyebrow_22x,left_eyebrow_22y,right_eyebrow_23x,right_eyebrow_23y,right_eyebrow_25x,right_eyebrow_25y,right_eyebrow_27x,right_eyebrow_27y,left_eye38_x,left_eye38_y,right_eye45_x,right_eye45_y,left_lip49_x,left_lip49_y,lip_center_upper52_x,lip_center_upper52_y,right_lip55_x,right_lip55_y,lip_center_lower58_x,lip_center_lower58_y,trans_x,trans_y,trans_z,rot_x,rot_y,rot_z
0,0,-5.899688720703153,5.85205078125,3.3188934326171875,11.214965820312472,24.842710494995117,0.9675903320312784,31.602611541748047,3.489715576171875,-1.891342163085909,-1.139389038085909,-34.49380493164065,-25.813293457031193,-3.6588211059570312,1.6634674072265625,-21.590263366699205,5.274673461914006,-0.2489013671875,-22.49770736694336,42.7236637994647,-3.873767852783203,-26.350105285644517,13.924156188964844,20.79847264289856,29.64734649658203,-0.01677082502283156,0.01108968630433084,0.01108968630433084,1.8204346699210627,-42.61465063707243,-1.0864185466671874
