,Unnamed: 0,left_eyebrow_18x,left_eyebrow_18y,left_eyebrow_20x,left_eyebrow_20y,left_eyebrow_22x,left_eyebrow_22y,right_eyebrow_23x,right_eyebrow_23y,right_eyebrow_25x,right_eyebrow_25y,right_eyebrow_27x,right_eyebrow_27y,left_eye38_x,left_eye38_y,right_eye45_x,right_eye45_y,left_lip49_x,left_lip49_y,lip_center_upper52_x,lip_center_upper52_y,right_lip55_x,right_lip55_y,lip_center_lower58_x,lip_center_lower58_y,trans_x,trans_y,trans_z,rot_x,rot_y,rot_z
0,0,-1.806732177734375,-2.0378875732421875,-4.182022094726591,3.245407104492159,-7.127788543701172,2.220321655273466,8.50845718383789,1.3157196044922443,2.632858276367216,1.707504272460966,-0.03471374511721592,-3.305404663085909,2.3017807006835795,-1.515914916992216,-1.80865478515625,0.2621765136718466,9.524772644042969,-8.336372375488281,0.958361856639385,-16.191400527954098,-4.999717712402344,-7.093135833740234,-0.02946937084197998,24.259414672851577,0.00827488279901445,0.0030245818197727273,0.0030245818197727273,-0.0899880898926324,-7.92709254944857,0.9982520121165076
