,Unnamed: 0,left_eyebrow_18x,left_eyebrow_18y,left_eyebrow_20x,left_eyebrow_20y,left_eyebrow_22x,left_eyebrow_22y,right_eyebrow_23x,right_eyebrow_23y,right_eyebrow_25x,right_eyebrow_25y,right_eyebrow_27x,right_eyebrow_27y,left_eye38_x,left_eye38_y,right_eye45_x,right_eye45_y,left_lip49_x,left_lip49_y,lip_center_upper52_x,lip_center_upper52_y,right_lip55_x,right_lip55_y,lip_center_lower58_x,lip_center_lower58_y,trans_x,trans_y,trans_z,rot_x,rot_y,rot_z
0,0,-1.658935546875,0.5846557617187216,6.258316040039006,12.642868041992188,15.225648880004886,12.815216064453125,1.5071029663086009,12.080368041992188,0.4204864501953125,2.8690795898437784,-6.6849517822265625,-15.416290283203125,-6.163658142089844,-8.07476806640625,-8.048408508300781,-9.734237670898438,0.2090148925781392,-13.997867584228516,23.63945314288139,-6.594518661499027,-16.56407928466797,12.648124694824205,9.574022769927979,30.97124481201172,0.01024400838650763,-0.004391800612211234,-0.004391800612211234,9.996674093918633,-39.338283828536156,0.5185162142227262
