,Unnamed: 0,left_eyebrow_18x,left_eyebrow_18y,left_eyebrow_20x,left_eyebrow_20y,left_eyebrow_22x,left_eyebrow_22y,right_eyebrow_23x,right_eyebrow_23y,right_eyebrow_25x,right_eyebrow_25y,right_eyebrow_27x,right_eyebrow_27y,left_eye38_x,left_eye38_y,right_eye45_x,right_eye45_y,left_lip49_x,left_lip49_y,lip_center_upper52_x,lip_center_upper52_y,right_lip55_x,right_lip55_y,lip_center_lower58_x,lip_center_lower58_y,trans_x,trans_y,trans_z,rot_x,rot_y,rot_z
0,0,1.2194671630859375,3.5288543701171875,-1.3557434082031534,9.821029663085909,9.136898040771491,3.912628173828125,25.03041839599609,-0.7711944580077841,8.831512451171875,-10.271240234375028,-21.3033447265625,-21.86889648437503,-11.925140380859375,3.6364898681640625,-8.062011718749986,5.9532928466796875,-1.4473190307617188,-25.610885620117188,27.854403555393215,-3.679533004760742,-2.9559173583984375,15.550254821777344,15.976914286613464,22.783470153808594,0.0019064518273808062,-0.0006973519921302865,-0.0006973519921302865,2.909260079088339,-35.4055528101708,0.3592087260261806
