,Unnamed: 0,left_eyebrow_18x,left_eyebrow_18y,left_eyebrow_20x,left_eyebrow_20y,left_eyebrow_22x,left_eyebrow_22y,right_eyebrow_23x,right_eyebrow_23y,right_eyebrow_25x,right_eyebrow_25y,right_eyebrow_27x,right_eyebrow_27y,left_eye38_x,left_eye38_y,right_eye45_x,right_eye45_y,left_lip49_x,left_lip49_y,lip_center_upper52_x,lip_center_upper52_y,right_lip55_x,right_lip55_y,lip_center_lower58_x,lip_center_lower58_y,trans_x,trans_y,trans_z,rot_x,rot_y,rot_z
0,0,5.82000732421875,2.6318054199218466,-6.175384521484347,-7.134292602539034,-12.941001892089837,-11.998931884765597,11.22134780883789,-10.042495727539034,8.407852172851548,-5.578018188476591,-1.958465576171875,4.291748046875,3.340179443359375,7.110855102539034,1.07489013671875,8.2420654296875,-1.5397872924804545,-4.069240570068352,-3.567726105451584,-13.832769393920891,3.246307373046875,-9.240406036376946,-2.3000026941299447,8.96533203125,-0.00904993829317391,-0.000117093324661241,-0.000117093324661241,-6.121367744363588,5.644338300601276,-0.6936515421099296
