,Unnamed: 0,left_eyebrow_18x,left_eyebrow_18y,left_eyebrow_20x,left_eyebrow_20y,left_eyebrow_22x,left_eyebrow_22y,right_eyebrow_23x,right_eyebrow_23y,right_eyebrow_25x,right_eyebrow_25y,right_eyebrow_27x,right_eyebrow_27y,left_eye38_x,left_eye38_y,right_eye45_x,right_eye45_y,left_lip49_x,left_lip49_y,lip_center_upper52_x,lip_center_upper52_y,right_lip55_x,right_lip55_y,lip_center_lower58_x,lip_center_lower58_y,trans_x,trans_y,trans_z,rot_x,rot_y,rot_z
0,0,-1.3271942138671875,-5.218780517578125,15.671409606933565,3.82928466796875,30.162951469421387,5.2357177734375,32.06764602661133,5.62890625,3.093353271484375,-5.479019165039091,-30.3240966796875,-37.0640869140625,-4.6965179443359375,12.339218139648438,-22.090110778808594,13.710052490234403,-19.263572692871094,-29.024509429931637,25.98537921346724,-1.3748054504394602,-18.42896270751953,13.165847778320312,15.79619014263153,29.3432159423828,-0.01738972868770361,0.02176367118954658,0.02176367118954658,3.6012971820975777,-39.11766666476029,-4.085598672080242
