,Unnamed: 0,left_eyebrow_18x,left_eyebrow_18y,left_eyebrow_20x,left_eyebrow_20y,left_eyebrow_22x,left_eyebrow_22y,right_eyebrow_23x,right_eyebrow_23y,right_eyebrow_25x,right_eyebrow_25y,right_eyebrow_27x,right_eyebrow_27y,left_eye38_x,left_eye38_y,right_eye45_x,right_eye45_y,left_lip49_x,left_lip49_y,lip_center_upper52_x,lip_center_upper52_y,right_lip55_x,right_lip55_y,lip_center_lower58_x,lip_center_lower58_y,trans_x,trans_y,trans_z,rot_x,rot_y,rot_z
0,0,0.7284698486328409,-8.997650146484347,9.294860839843778,13.374542236328125,10.237926483154297,4.557586669921875,-5.344635009765625,6.985626220703125,-6.527496337890625,10.071441650390597,-1.62664794921875,-12.390243530273494,-0.4830780029296875,1.0436096191405966,0.9085006713867188,3.9320220947265625,1.3203506469726562,-0.48329544067383523,0.39654162526130676,16.711673736572266,1.0502548217773438,4.820705413818352,0.6474451124668124,5.196083068847656,1.6319332644343593e-05,0.005859481170773506,0.005859481170773506,3.5421973252345653,-0.7478236359985673,-1.425057401061228
