,Unnamed: 0,left_eyebrow_18x,left_eyebrow_18y,left_eyebrow_20x,left_eyebrow_20y,left_eyebrow_22x,left_eyebrow_22y,right_eyebrow_23x,right_eyebrow_23y,right_eyebrow_25x,right_eyebrow_25y,right_eyebrow_27x,right_eyebrow_27y,left_eye38_x,left_eye38_y,right_eye45_x,right_eye45_y,left_lip49_x,left_lip49_y,lip_center_upper52_x,lip_center_upper52_y,right_lip55_x,right_lip55_y,lip_center_lower58_x,lip_center_lower58_y,trans_x,trans_y,trans_z,rot_x,rot_y,rot_z
0,0,-1.7259674072265625,6.806411743164091,10.66986083984375,19.96434020996091,31.235218048095703,3.6513214111328125,18.813461303710938,-4.89013671875,1.0168609619140625,-5.06915283203125,-17.671356201171847,-21.158355712890625,-8.584655761718736,5.756393432617159,-17.48906707763672,6.231903076171847,-8.373474121093764,-31.15676879882813,27.88250231742859,-2.6332931518554688,-20.850929260253906,4.703746795654297,15.963944599032402,19.035202026367188,-0.02265750803053379,-0.0045785605907440186,-0.0045785605907440186,5.090867886668091,-36.2434225668429,-4.439843147434856
