,Unnamed: 0,left_eyebrow_18x,left_eyebrow_18y,left_eyebrow_20x,left_eyebrow_20y,left_eyebrow_22x,left_eyebrow_22y,right_eyebrow_23x,right_eyebrow_23y,right_eyebrow_25x,right_eyebrow_25y,right_eyebrow_27x,right_eyebrow_27y,left_eye38_x,left_eye38_y,right_eye45_x,right_eye45_y,left_lip49_x,left_lip49_y,lip_center_upper52_x,lip_center_upper52_y,right_lip55_x,right_lip55_y,lip_center_lower58_x,lip_center_lower58_y,trans_x,trans_y,trans_z,rot_x,rot_y,rot_z
0,0,-6.8159942626953125,5.86407470703125,12.237449645996122,13.450454711914091,27.34268856048584,4.760437011718722,20.38167190551757,3.4613037109375284,6.1205596923828125,1.306472778320341,-23.16241455078128,-21.415908813476562,-5.319290161132827,2.1748199462890625,-13.661224365234375,2.34197998046875,-8.570480346679702,-25.137435913085938,29.131585597991943,3.0703506469726562,-36.154968261718764,11.382732391357422,22.57463490962982,17.525634765625,-0.02041091187857091,0.005449719727039337,0.005449719727039337,0.1890088369153542,-41.666479299244266,-1.1809235363644162
