,Unnamed: 0,left_eyebrow_18x,left_eyebrow_18y,left_eyebrow_20x,left_eyebrow_20y,left_eyebrow_22x,left_eyebrow_22y,right_eyebrow_23x,right_eyebrow_23y,right_eyebrow_25x,right_eyebrow_25y,right_eyebrow_27x,right_eyebrow_27y,left_eye38_x,left_eye38_y,right_eye45_x,right_eye45_y,left_lip49_x,left_lip49_y,lip_center_upper52_x,lip_center_upper52_y,right_lip55_x,right_lip55_y,lip_center_lower58_x,lip_center_lower58_y,trans_x,trans_y,trans_z,rot_x,rot_y,rot_z
0,0,4.1375274658203125,2.833236694335966,-4.678070068359347,4.7884368896484375,-5.577667236328118,-5.81658935546875,28.406307220458984,-4.599609375,10.230377197265625,-3.71258544921875,-9.971771240234375,-11.052032470703125,-8.85113525390625,10.33544921875,-7.046730041503906,11.20928955078125,-3.1607131958008097,-16.30628585815431,13.236443758010864,-0.046875,-3.2581787109375,8.834220886230469,11.198752880096436,1.2937088012695312,0.014922583941370249,-0.012538108974695206,-0.012538108974695206,-0.41016843645483725,-41.67333204980082,0.07191774724682531
