,Unnamed: 0,left_eyebrow_18x,left_eyebrow_18y,left_eyebrow_20x,left_eyebrow_20y,left_eyebrow_22x,left_eyebrow_22y,right_eyebrow_23x,right_eyebrow_23y,right_eyebrow_25x,right_eyebrow_25y,right_eyebrow_27x,right_eyebrow_27y,left_eye38_x,left_eye38_y,right_eye45_x,right_eye45_y,left_lip49_x,left_lip49_y,lip_center_upper52_x,lip_center_upper52_y,right_lip55_x,right_lip55_y,lip_center_lower58_x,lip_center_lower58_y,trans_x,trans_y,trans_z,rot_x,rot_y,rot_z
0,0,-0.9636077880859375,-7.42791748046875,18.80383300781247,14.666641235351534,21.920999526977536,7.836242675781222,23.044471740722656,3.7259063720703693,4.3518829345703125,4.123718261718665,-27.73052978515628,-30.76092529296878,-3.544403076171875,7.9057769775390625,-14.8553466796875,5.5997161865234375,-22.350341796875,-23.498783111572273,14.385539531707762,4.372623443603516,-6.285987854003906,14.552906036376953,11.531447410583496,15.934684753417969,-0.01872168481349945,0.014423517510294914,0.014423517510294914,8.446264567377476,-37.36227669614253,-2.288775964951063
