,Unnamed: 0,left_eyebrow_18x,left_eyebrow_18y,left_eyebrow_20x,left_eyebrow_20y,left_eyebrow_22x,left_eyebrow_22y,right_eyebrow_23x,right_eyebrow_23y,right_eyebrow_25x,right_eyebrow_25y,right_eyebrow_27x,right_eyebrow_27y,left_eye38_x,left_eye38_y,right_eye45_x,right_eye45_y,left_lip49_x,left_lip49_y,lip_center_upper52_x,lip_center_upper52_y,right_lip55_x,right_lip55_y,lip_center_lower58_x,lip_center_lower58_y,trans_x,trans_y,trans_z,rot_x,rot_y,rot_z
0,0,-4.212493896484347,-0.5536956787109375,10.022872924804688,11.632888793945312,31.271577835083015,9.015457153320284,14.708351135253913,7.080413818359403,-0.6979522705078125,-4.19384765625,-24.67822265625,-31.454971313476562,-2.5491180419921733,-0.3720855712890625,-17.530677795410156,3.3565826416015625,-10.706520080566392,-28.67883491516113,37.24181890487671,4.369810104370121,-18.46433258056642,10.778530120849602,17.92541980743408,43.64285278320311,-0.011373397894203665,0.01476705819368361,0.01476705819368361,9.735598674998737,-46.821429329831794,-4.205003341903769
