,Unnamed: 0,left_eyebrow_18x,left_eyebrow_18y,left_eyebrow_20x,left_eyebrow_20y,left_eyebrow_22x,left_eyebrow_22y,right_eyebrow_23x,right_eyebrow_23y,right_eyebrow_25x,right_eyebrow_25y,right_eyebrow_27x,right_eyebrow_27y,left_eye38_x,left_eye38_y,right_eye45_x,right_eye45_y,left_lip49_x,left_lip49_y,lip_center_upper52_x,lip_center_upper52_y,right_lip55_x,right_lip55_y,lip_center_lower58_x,lip_center_lower58_y,trans_x,trans_y,trans_z,rot_x,rot_y,rot_z
0,0,-2.8715057373046875,3.100082397460909,6.864906311035156,4.8482818603515625,27.545799255371094,-0.3949432373047159,36.37506866455078,2.2117614746094034,4.7437591552734375,-7.75457763671875,-46.41923522949219,-21.09942626953125,-3.4955368041992045,-4.6697845458984375,-23.55335235595703,-5.9326934814453125,-6.9466705322265625,-17.219303131103516,36.19403839111329,1.307666778564446,-28.43994140625,12.33704757690429,25.687028884887695,29.17730712890625,0.0009401491479366084,0.0062675103545188834,0.0062675103545188834,9.311126047292742,-52.56549210122758,-2.8730316555887865
