,Unnamed: 0,left_eyebrow_18x,left_eyebrow_18y,left_eyebrow_20x,left_eyebrow_20y,left_eyebrow_22x,left_eyebrow_22y,right_eyebrow_23x,right_eyebrow_23y,right_eyebrow_25x,right_eyebrow_25y,right_eyebrow_27x,right_eyebrow_27y,left_eye38_x,left_eye38_y,right_eye45_x,right_eye45_y,left_lip49_x,left_lip49_y,lip_center_upper52_x,lip_center_upper52_y,right_lip55_x,right_lip55_y,lip_center_lower58_x,lip_center_lower58_y,trans_x,trans_y,trans_z,rot_x,rot_y,rot_z
0,0,-6.897262573242159,2.5768890380859375,7.995811462402372,-3.9563293457031534,19.334192276000966,-9.43353271484375,39.6298828125,-6.63751220703125,8.541778564453153,-13.999343872070312,-36.57630920410156,-24.978439331054688,4.514823913574219,8.060302734375,-24.098960876464844,15.232131958007812,-16.46563720703125,-33.076942443847656,34.366397619247444,-8.24020004272461,-7.7983551025390625,-3.363731384277358,18.512884855270386,36.28257751464844,-0.01419147290289402,-0.0009515658020973171,-0.0009515658020973171,-3.790621690351174,-46.06845382551171,-7.503805190458774
