,Unnamed: 0,left_eyebrow_18x,left_eyebrow_18y,left_eyebrow_20x,left_eyebrow_20y,left_eyebrow_22x,left_eyebrow_22y,right_eyebrow_23x,right_eyebrow_23y,right_eyebrow_25x,right_eyebrow_25y,right_eyebrow_27x,right_eyebrow_27y,left_eye38_x,left_eye38_y,right_eye45_x,right_eye45_y,left_lip49_x,left_lip49_y,lip_center_upper52_x,lip_center_upper52_y,right_lip55_x,right_lip55_y,lip_center_lower58_x,lip_center_lower58_y,trans_x,trans_y,trans_z,rot_x,rot_y,rot_z
0,0,-1.9885253906250284,5.91290283203125,0.8988494873046875,-1.1426849365234375,4.87266731262207,-11.608062744140625,10.38759994506836,-11.434814453125028,10.794631958007812,-12.987350463867188,-4.361953735351534,-3.4401702880859375,-6.371620178222642,11.074874877929659,-1.2904205322265625,7.427215576171847,-4.304435729980483,-15.832469940185547,9.078452348709106,-20.371506690979004,-10.78594970703125,5.699848175048828,7.495947241783142,5.854957580566406,-0.001657446846365929,0.0037711486220359802,0.0037711486220359802,-16.03665043509148,-22.724046875580346,1.212831135635481
