,Unnamed: 0,left_eyebrow_18x,left_eyebrow_18y,left_eyebrow_20x,left_eyebrow_20y,left_eyebrow_22x,left_eyebrow_22y,right_eyebrow_23x,right_eyebrow_23y,right_eyebrow_25x,right_eyebrow_25y,right_eyebrow_27x,right_eyebrow_27y,left_eye38_x,left_eye38_y,right_eye45_x,right_eye45_y,left_lip49_x,left_lip49_y,lip_center_upper52_x,lip_center_upper52_y,right_lip55_x,right_lip55_y,lip_center_lower58_x,lip_center_lower58_y,trans_x,trans_y,trans_z,rot_x,rot_y,rot_z
0,0,-1.396499633789091,7.7230224609375,4.601158142089844,2.3960113525390625,16.248365402221676,-6.6440887451171875,39.74007797241211,-3.3561859130859375,5.40185546875,-4.328643798828097,-36.29827880859375,-25.426727294921847,-8.311691284179702,7.7074127197265625,-17.57215118408203,14.31903076171875,-7.25946044921875,-24.516174316406243,38.00555944442749,-9.059282302856449,-15.45456695556642,15.113227844238281,16.097294330596924,24.840240478515625,-0.013653866248205302,-0.015277601778507233,-0.015277601778507233,-0.8418725711566535,-40.294784248939976,-5.578233010749479
