,Unnamed: 0,left_eyebrow_18x,left_eyebrow_18y,left_eyebrow_20x,left_eyebrow_20y,left_eyebrow_22x,left_eyebrow_22y,right_eyebrow_23x,right_eyebrow_23y,right_eyebrow_25x,right_eyebrow_25y,right_eyebrow_27x,right_eyebrow_27y,left_eye38_x,left_eye38_y,right_eye45_x,right_eye45_y,left_lip49_x,left_lip49_y,lip_center_upper52_x,lip_center_upper52_y,right_lip55_x,right_lip55_y,lip_center_lower58_x,lip_center_lower58_y,trans_x,trans_y,trans_z,rot_x,rot_y,rot_z
0,0,-6.024795532226506,13.074325561523466,2.4750061035156534,-3.575759887695284,19.401573181152347,-17.849563598632812,34.6271858215332,-20.404983520507756,12.781173706054659,-14.961654663085938,-37.720245361328125,-14.153915405273438,2.4464035034179688,10.888549804687528,-16.721397399902344,17.498779296875,-12.539588928222656,-25.795244216918945,43.88519763946533,-6.949306488037109,-5.8320770263671875,8.427108764648445,25.926407873630527,20.667068481445327,-0.016201796708628535,-0.01542389765381813,-0.01542389765381813,-7.615559014634545,-41.60871224993372,-4.548818051402518
