,Unnamed: 0,left_eyebrow_18x,left_eyebrow_18y,left_eyebrow_20x,left_eyebrow_20y,left_eyebrow_22x,left_eyebrow_22y,right_eyebrow_23x,right_eyebrow_23y,right_eyebrow_25x,right_eyebrow_25y,right_eyebrow_27x,right_eyebrow_27y,left_eye38_x,left_eye38_y,right_eye45_x,right_eye45_y,left_lip49_x,left_lip49_y,lip_center_upper52_x,lip_center_upper52_y,right_lip55_x,right_lip55_y,lip_center_lower58_x,lip_center_lower58_y,trans_x,trans_y,trans_z,rot_x,rot_y,rot_z
0,0,2.6979064941405966,6.754974365234375,-3.7929992675781534,3.0557708740234375,-2.1995811462402344,-8.995834350585909,29.092815399169908,-8.20751953125,6.199783325195284,-3.3656311035155966,-16.601486206054688,-14.252197265624943,-6.406784057617202,8.721664428710938,-6.56024169921875,13.263397216796875,-4.697181701660156,-19.802745819091797,20.942067623138428,-20.58503532409668,-3.196441650390639,9.135917663574205,12.489303112030031,19.690162658691406,0.010689117712900043,-0.01820024475455284,-0.01820024475455284,-4.103431017419224,-30.925474307956257,-0.13868530552126257
