,Unnamed: 0,left_eyebrow_18x,left_eyebrow_18y,left_eyebrow_20x,left_eyebrow_20y,left_eyebrow_22x,left_eyebrow_22y,right_eyebrow_23x,right_eyebrow_23y,right_eyebrow_25x,right_eyebrow_25y,right_eyebrow_27x,right_eyebrow_27y,left_eye38_x,left_eye38_y,right_eye45_x,right_eye45_y,left_lip49_x,left_lip49_y,lip_center_upper52_x,lip_center_upper52_y,right_lip55_x,right_lip55_y,lip_center_lower58_x,lip_center_lower58_y,trans_x,trans_y,trans_z,rot_x,rot_y,rot_z
0,0,2.691589355468807,11.721343994140653,-8.958831787109347,-10.841629028320284,-8.56855773925782,-20.780227661132812,4.792900085449219,-19.096038818359347,11.238677978515597,-8.8236083984375,-0.661102294921875,13.379028320312528,3.7110137939453125,8.511093139648466,-1.556732177734375,9.01434326171875,-3.221916198730483,-7.888118743896484,1.2578077316284189,-20.44501304626465,6.406005859375,-12.8653335571289,4.2700353264808655,13.546035766601562,-0.002478146110661328,0.002090025693178184,0.002090025693178184,-10.882672681203253,1.4745437269840076,-0.5746455213402104
