,Unnamed: 0,left_eyebrow_18x,left_eyebrow_18y,left_eyebrow_20x,left_eyebrow_20y,left_eyebrow_22x,left_eyebrow_22y,right_eyebrow_23x,right_eyebrow_23y,right_eyebrow_25x,right_eyebrow_25y,right_eyebrow_27x,right_eyebrow_27y,left_eye38_x,left_eye38_y,right_eye45_x,right_eye45_y,left_lip49_x,left_lip49_y,lip_center_upper52_x,lip_center_upper52_y,right_lip55_x,right_lip55_y,lip_center_lower58_x,lip_center_lower58_y,trans_x,trans_y,trans_z,rot_x,rot_y,rot_z
0,0,1.8044128417969034,6.722015380859318,3.6194458007812216,3.3540191650390625,11.358060836792003,-9.713836669921875,8.873367309570312,-6.165206909179716,9.205612182617188,-12.576309204101591,-8.210113525390597,-4.924591064453125,-1.4928817749023438,4.1499786376953125,-5.373725891113281,0.705169677734375,-19.5080108642578,-24.792984008789077,6.073733806610106,11.39973449707032,4.398506164550781,0.3968658447265767,5.671903371810913,5.218818664550781,-0.01711587142199278,-0.0071734338998794625,-0.0071734338998794625,-5.017147257551105,-13.780389295685895,0.6361333098021715
