,Unnamed: 0,left_eyebrow_18x,left_eyebrow_18y,left_eyebrow_20x,left_eyebrow_20y,left_eyebrow_22x,left_eyebrow_22y,right_eyebrow_23x,right_eyebrow_23y,right_eyebrow_25x,right_eyebrow_25y,right_eyebrow_27x,right_eyebrow_27y,left_eye38_x,left_eye38_y,right_eye45_x,right_eye45_y,left_lip49_x,left_lip49_y,lip_center_upper52_x,lip_center_upper52_y,right_lip55_x,right_lip55_y,lip_center_lower58_x,lip_center_lower58_y,trans_x,trans_y,trans_z,rot_x,rot_y,rot_z
0,0,3.246917724609375,-3.615142822265625,-0.7679443359374858,-11.443191528320312,-3.143444061279297,-6.3553466796875,3.5646896362304688,-5.121704101562472,1.3556442260742188,-10.968978881835938,-1.9754180908203125,-2.611602783203125,1.3774566650390767,2.176727294921875,-2.1351470947265625,1.286773681640625,-12.530975341796875,-15.220027923583991,1.4275084137916565,13.30184555053711,9.496475219726562,-14.722763061523438,2.769497871398926,-1.6688690185546875,-0.0009417197434231639,0.0052736178040504525,0.0052736178040504525,2.070525729201722,-0.20905616437207758,-0.1702085698681431
