,Unnamed: 0,left_eyebrow_18x,left_eyebrow_18y,left_eyebrow_20x,left_eyebrow_20y,left_eyebrow_22x,left_eyebrow_22y,right_eyebrow_23x,right_eyebrow_23y,right_eyebrow_25x,right_eyebrow_25y,right_eyebrow_27x,right_eyebrow_27y,left_eye38_x,left_eye38_y,right_eye45_x,right_eye45_y,left_lip49_x,left_lip49_y,lip_center_upper52_x,lip_center_upper52_y,right_lip55_x,right_lip55_y,lip_center_lower58_x,lip_center_lower58_y,trans_x,trans_y,trans_z,rot_x,rot_y,rot_z
0,0,5.513305664062472,-2.838119506835966,-0.37162017822262783,-18.430908203125,0.4402313232421946,-7.782958984375,-0.16038131713866832,-9.265945434570312,1.924995422363267,-19.360443115234347,-4.008132934570284,-0.8708343505859375,1.3996124267578125,5.4455108642578125,-4.510833740234361,2.8877410888671875,-14.421501159667955,-19.15092849731446,3.22858989238739,0.656055450439446,21.51966094970703,-17.341175079345703,1.2988524436950684,15.058334350585952,0.005080261267721652,0.0003233663737773895,0.0003233663737773895,-1.6808663143611775,-4.896484253799001,0.36306030547551504
