,Unnamed: 0,left_eyebrow_18x,left_eyebrow_18y,left_eyebrow_20x,left_eyebrow_20y,left_eyebrow_22x,left_eyebrow_22y,right_eyebrow_23x,right_eyebrow_23y,right_eyebrow_25x,right_eyebrow_25y,right_eyebrow_27x,right_eyebrow_27y,left_eye38_x,left_eye38_y,right_eye45_x,right_eye45_y,left_lip49_x,left_lip49_y,lip_center_upper52_x,lip_center_upper52_y,right_lip55_x,right_lip55_y,lip_center_lower58_x,lip_center_lower58_y,trans_x,trans_y,trans_z,rot_x,rot_y,rot_z
0,0,-6.5441131591796875,8.841934204101562,5.964523315429659,9.991653442382784,31.78752326965332,-2.798751831054659,27.351215362548828,-2.075927734375,8.267242431640625,-8.490066528320284,-25.70945739746091,-27.20365905761716,1.415794372558608,5.970367431640625,-14.241905212402344,4.4206390380859375,-29.394256591796875,-30.04629898071289,27.51878809928894,17.489707946777344,-24.678268432617188,13.741958618164055,14.443401575088501,-3.3791732788085938,-0.029206595849245783,0.025899082422256466,0.025899082422256466,-2.4776658993979717,-33.65435024611936,-1.622929952913219
