,Unnamed: 0,left_eyebrow_18x,left_eyebrow_18y,left_eyebrow_20x,left_eyebrow_20y,left_eyebrow_22x,left_eyebrow_22y,right_eyebrow_23x,right_eyebrow_23y,right_eyebrow_25x,right_eyebrow_25y,right_eyebrow_27x,right_eyebrow_27y,left_eye38_x,left_eye38_y,right_eye45_x,right_eye45_y,left_lip49_x,left_lip49_y,lip_center_upper52_x,lip_center_upper52_y,right_lip55_x,right_lip55_y,lip_center_lower58_x,lip_center_lower58_y,trans_x,trans_y,trans_z,rot_x,rot_y,rot_z
0,0,-3.8836669921875,8.896255493164062,10.184471130371108,3.1035003662109375,29.57244348526001,-2.9452056884765625,34.20194625854492,-3.012832641601534,8.37914276123044,-13.401046752929716,-35.56755065917969,-29.964599609375,1.465538024902358,7.287933349609375,-11.4168701171875,3.204132080078125,-31.10631561279297,-34.04338264465333,30.15024226903915,16.273056030273445,-20.800796508789062,-0.4906730651855469,16.97175765037537,0.8749542236328125,-0.028394725522957742,0.003522925078868873,0.003522925078868873,-9.726196522734268,-35.28001997443527,-2.7407796025612456
