,Unnamed: 0,left_eyebrow_18x,left_eyebrow_18y,left_eyebrow_20x,left_eyebrow_20y,left_eyebrow_22x,left_eyebrow_22y,right_eyebrow_23x,right_eyebrow_23y,right_eyebrow_25x,right_eyebrow_25y,right_eyebrow_27x,right_eyebrow_27y,left_eye38_x,left_eye38_y,right_eye45_x,right_eye45_y,left_lip49_x,left_lip49_y,lip_center_upper52_x,lip_center_upper52_y,right_lip55_x,right_lip55_y,lip_center_lower58_x,lip_center_lower58_y,trans_x,trans_y,trans_z,rot_x,rot_y,rot_z
0,0,-6.3583984375,8.171493530273438,7.12425994873044,8.669677734375,32.860435485839844,-0.52508544921875,24.510761260986328,-0.14617919921875,5.02099609375,-9.924240112304688,-22.060333251953097,-28.514572143554688,2.3822708129882955,5.7157135009765625,-12.389450073242188,3.329376220703125,-30.854995727539062,-34.483083724975586,22.851849317550663,7.106117248535156,-27.221641540527344,4.722698211669922,11.13791012763977,4.934944152832031,-0.024512173142284155,0.007339246571063988,0.007339246571063988,-1.8619183344557175,-32.817758376917624,-0.6196203536205455
