,Unnamed: 0,left_eyebrow_18x,left_eyebrow_18y,left_eyebrow_20x,left_eyebrow_20y,left_eyebrow_22x,left_eyebrow_22y,right_eyebrow_23x,right_eyebrow_23y,right_eyebrow_25x,right_eyebrow_25y,right_eyebrow_27x,right_eyebrow_27y,left_eye38_x,left_eye38_y,right_eye45_x,right_eye45_y,left_lip49_x,left_lip49_y,lip_center_upper52_x,lip_center_upper52_y,right_lip55_x,right_lip55_y,lip_center_lower58_x,lip_center_lower58_y,trans_x,trans_y,trans_z,rot_x,rot_y,rot_z
0,0,2.9614105224609375,3.3855743408203125,4.900222778320284,-2.53985595703125,9.016027450561527,-6.273330688476591,13.176616668701172,-8.522552490234347,5.387390136718778,-15.223556518554659,-12.690414428710938,-10.420639038085994,1.9874954223632812,1.2927703857421875,-8.153068542480469,-0.54071044921875,-29.84529876708983,-23.02812957763672,5.939802408218385,1.2753982543945312,4.033508300781264,-2.0797157287597656,6.715739607810974,20.899429321289062,-0.01145337923662737,0.015373952686786652,0.015373952686786652,-2.8933984394581005,-15.235557138776162,-0.09725513286781462
