,Unnamed: 0,left_eyebrow_18x,left_eyebrow_18y,left_eyebrow_20x,left_eyebrow_20y,left_eyebrow_22x,left_eyebrow_22y,right_eyebrow_23x,right_eyebrow_23y,right_eyebrow_25x,right_eyebrow_25y,right_eyebrow_27x,right_eyebrow_27y,left_eye38_x,left_eye38_y,right_eye45_x,right_eye45_y,left_lip49_x,left_lip49_y,lip_center_upper52_x,lip_center_upper52_y,right_lip55_x,right_lip55_y,lip_center_lower58_x,lip_center_lower58_y,trans_x,trans_y,trans_z,rot_x,rot_y,rot_z
0,0,-7.5596771240234375,6.9781951904296875,10.416442871093722,1.482666015625,42.04117298126221,-6.693878173828153,30.941768646240234,-3.482254028320284,4.05517578125,-9.865432739257812,-35.06771850585935,-30.18505859375,4.952621459960966,6.8232879638671875,-22.470596313476562,10.241317749023438,-32.121864318847656,-26.299762725830078,29.126244306564324,-1.2851333618164062,-27.135150909423828,12.11613464355468,14.923588037490845,7.990814208984375,-0.032424026634544134,0.025352254509925842,0.025352254509925842,-6.270189424719046,-37.84935772210552,-3.7364797600378123
