,Unnamed: 0,left_eyebrow_18x,left_eyebrow_18y,left_eyebrow_20x,left_eyebrow_20y,left_eyebrow_22x,left_eyebrow_22y,right_eyebrow_23x,right_eyebrow_23y,right_eyebrow_25x,right_eyebrow_25y,right_eyebrow_27x,right_eyebrow_27y,left_eye38_x,left_eye38_y,right_eye45_x,right_eye45_y,left_lip49_x,left_lip49_y,lip_center_upper52_x,lip_center_upper52_y,right_lip55_x,right_lip55_y,lip_center_lower58_x,lip_center_lower58_y,trans_x,trans_y,trans_z,rot_x,rot_y,rot_z
0,0,0.6551971435546875,2.0618438720703125,-3.3526000976562784,-9.994277954101591,-0.9597625732421875,-5.8771820068359375,-0.21097183227539062,-5.809890747070369,-3.6816253662109943,-8.433258056640682,-5.3257904052734375,-2.367233276367159,5.327888488769531,0.4381103515625,0.8232345581054545,1.46405029296875,-13.028297424316406,-17.371154785156257,-8.880011022090912,-8.274932861328125,9.862220764160156,-7.358989715576172,-8.193583369255066,19.81981658935547,-0.009082805830985308,0.0015081427991390159,0.0015081427991390159,-0.4786581114302011,7.896267347553906,-0.5765571284041402
