,Unnamed: 0,left_eyebrow_18x,left_eyebrow_18y,left_eyebrow_20x,left_eyebrow_20y,left_eyebrow_22x,left_eyebrow_22y,right_eyebrow_23x,right_eyebrow_23y,right_eyebrow_25x,right_eyebrow_25y,right_eyebrow_27x,right_eyebrow_27y,left_eye38_x,left_eye38_y,right_eye45_x,right_eye45_y,left_lip49_x,left_lip49_y,lip_center_upper52_x,lip_center_upper52_y,right_lip55_x,right_lip55_y,lip_center_lower58_x,lip_center_lower58_y,trans_x,trans_y,trans_z,rot_x,rot_y,rot_z
0,0,-5.059722900390597,8.677444458007841,11.107284545898423,5.945816040039091,39.80792045593262,-1.497238159179716,27.000797271728516,-2.1631011962890625,1.4635009765625,-9.108367919921875,-29.243667602539034,-29.29594421386716,6.6998977661132955,5.9689483642578125,-14.274612426757812,3.1371917724609375,-39.27613830566406,-34.77983093261719,18.916104078292847,4.722724914550781,-28.085025787353516,0.18250656127928977,8.928110361099243,13.5811767578125,-0.03293987503275275,0.025411341339349747,0.025411341339349747,1.5446141631187968,-33.54326650877931,-1.4556633727511614
