,Unnamed: 0,left_eyebrow_18x,left_eyebrow_18y,left_eyebrow_20x,left_eyebrow_20y,left_eyebrow_22x,left_eyebrow_22y,right_eyebrow_23x,right_eyebrow_23y,right_eyebrow_25x,right_eyebrow_25y,right_eyebrow_27x,right_eyebrow_27y,left_eye38_x,left_eye38_y,right_eye45_x,right_eye45_y,left_lip49_x,left_lip49_y,lip_center_upper52_x,lip_center_upper52_y,right_lip55_x,right_lip55_y,lip_center_lower58_x,lip_center_lower58_y,trans_x,trans_y,trans_z,rot_x,rot_y,rot_z
0,0,-5.295928955078153,15.964630126953125,-6.2335052490234375,-5.3012847900390625,4.329864501953125,-11.566802978515597,13.76169586181642,-8.545913696289062,10.040206909179688,-14.185958862304688,-5.195434570312528,1.5709533691406818,-4.4503021240234375,3.9362640380859375,-6.124908447265639,2.7981719970703125,-9.885665893554673,-33.031856536865234,5.85199761390686,-11.897300720214837,-4.538490295410156,-11.982425689697266,7.205381870269775,25.104469299316406,-0.012833013664931059,-0.00955109670758246,-0.00955109670758246,-11.584923777299581,-16.36080271261837,-1.5533856068445107
