,Unnamed: 0,left_eyebrow_18x,left_eyebrow_18y,left_eyebrow_20x,left_eyebrow_20y,left_eyebrow_22x,left_eyebrow_22y,right_eyebrow_23x,right_eyebrow_23y,right_eyebrow_25x,right_eyebrow_25y,right_eyebrow_27x,right_eyebrow_27y,left_eye38_x,left_eye38_y,right_eye45_x,right_eye45_y,left_lip49_x,left_lip49_y,lip_center_upper52_x,lip_center_upper52_y,right_lip55_x,right_lip55_y,lip_center_lower58_x,lip_center_lower58_y,trans_x,trans_y,trans_z,rot_x,rot_y,rot_z
0,0,-3.2809753417969034,4.242248535156222,0.5888671875,2.0036163330078125,10.249765396118164,4.04669189453125,16.608051300048828,-1.9572296142578125,13.192924499511719,-12.512725830078097,-4.6417083740234375,-11.305526733398438,-0.9201049804687358,1.306365966796875,-5.88043212890625,-2.902984619140625,-19.89236450195314,-25.575969696044922,6.937139987945558,2.249866485595703,-11.273200988769531,-5.426235198974609,5.056047022342682,11.74462890625,-0.007071379804983735,-0.004546355456113815,-0.004546355456113815,1.2722645831571997,-19.42093903107159,-0.2533573537672549
