,Unnamed: 0,left_eyebrow_18x,left_eyebrow_18y,left_eyebrow_20x,left_eyebrow_20y,left_eyebrow_22x,left_eyebrow_22y,right_eyebrow_23x,right_eyebrow_23y,right_eyebrow_25x,right_eyebrow_25y,right_eyebrow_27x,right_eyebrow_27y,left_eye38_x,left_eye38_y,right_eye45_x,right_eye45_y,left_lip49_x,left_lip49_y,lip_center_upper52_x,lip_center_upper52_y,right_lip55_x,right_lip55_y,lip_center_lower58_x,lip_center_lower58_y,trans_x,trans_y,trans_z,rot_x,rot_y,rot_z
0,0,-1.050247192382841,7.314453125,5.8040618896484375,1.2245941162109375,25.465906143188484,-4.3307342529296875,21.946527481079105,-3.6243438720703125,4.1131210327148295,-20.96659851074216,-21.88621520996091,-29.38531494140622,-2.805633544921861,9.456832885742188,-14.730049133300767,5.097412109375,-35.939666748046875,-42.683917999267585,20.590789318084717,3.2009201049804616,-15.558815002441406,-0.9579772949218821,11.594264030456543,16.93787384033203,-0.016005832701921463,0.011486880481243134,0.011486880481243134,-0.7920185073592272,-42.35158169034726,-1.17301163959984
