,Unnamed: 0,left_eyebrow_18x,left_eyebrow_18y,left_eyebrow_20x,left_eyebrow_20y,left_eyebrow_22x,left_eyebrow_22y,right_eyebrow_23x,right_eyebrow_23y,right_eyebrow_25x,right_eyebrow_25y,right_eyebrow_27x,right_eyebrow_27y,left_eye38_x,left_eye38_y,right_eye45_x,right_eye45_y,left_lip49_x,left_lip49_y,lip_center_upper52_x,lip_center_upper52_y,right_lip55_x,right_lip55_y,lip_center_lower58_x,lip_center_lower58_y,trans_x,trans_y,trans_z,rot_x,rot_y,rot_z
0,0,-0.8371276855469318,9.609527587890625,1.154739379882784,-2.19189453125,10.683677673339847,-8.91741943359375,13.335666656494148,-11.046264648437528,11.074386596679716,-17.15582275390625,-10.280853271484375,-8.124588012695312,-0.6873855590820312,5.697540283203125,-7.638671875,2.7609252929687216,-21.568397521972656,-37.87110710144043,11.913190722465515,-0.7017669677734233,0.3114471435547017,-9.620559692382812,7.024611413478851,19.076622009277344,0.03129654238000512,0.02970944344997406,0.02970944344997406,1.5114089286202064,-30.96099667572911,-1.2350837306278752
