,Unnamed: 0,left_eyebrow_18x,left_eyebrow_18y,left_eyebrow_20x,left_eyebrow_20y,left_eyebrow_22x,left_eyebrow_22y,right_eyebrow_23x,right_eyebrow_23y,right_eyebrow_25x,right_eyebrow_25y,right_eyebrow_27x,right_eyebrow_27y,left_eye38_x,left_eye38_y,right_eye45_x,right_eye45_y,left_lip49_x,left_lip49_y,lip_center_upper52_x,lip_center_upper52_y,right_lip55_x,right_lip55_y,lip_center_lower58_x,lip_center_lower58_y,trans_x,trans_y,trans_z,rot_x,rot_y,rot_z
0,0,-7.1266021728515625,7.953521728515653,3.778694152832017,7.939605712890625,30.266117334365845,-4.152221679687472,20.962207794189457,2.2102966308593466,6.450164794921918,-8.319320678710938,-21.686721801757812,-28.467559814453125,-1.36090087890625,5.652038574218807,-15.157157897949219,5.676605224609375,-21.261131286621108,-36.85363006591797,31.58886194229126,11.73839187622071,-24.08889770507811,8.873176574707031,15.225187048316002,5.984321594238281,-0.03697453951463104,-0.024007026106119163,-0.024007026106119163,-6.339426131819434,-35.04844278090703,0.5281545657039257
