,Unnamed: 0,left_eyebrow_18x,left_eyebrow_18y,left_eyebrow_20x,left_eyebrow_20y,left_eyebrow_22x,left_eyebrow_22y,right_eyebrow_23x,right_eyebrow_23y,right_eyebrow_25x,right_eyebrow_25y,right_eyebrow_27x,right_eyebrow_27y,left_eye38_x,left_eye38_y,right_eye45_x,right_eye45_y,left_lip49_x,left_lip49_y,lip_center_upper52_x,lip_center_upper52_y,right_lip55_x,right_lip55_y,lip_center_lower58_x,lip_center_lower58_y,trans_x,trans_y,trans_z,rot_x,rot_y,rot_z
0,0,6.7808837890625,-0.15814208984375,0.4743194580077841,-12.183380126953153,-2.1124496459960938,-8.96820068359375,-0.4606475830078125,-10.076065063476534,-1.613967895507841,-14.113815307617159,-3.646743774414034,1.1892700195312784,0.8539657592773438,2.75128173828125,-1.2126770019531392,1.8393402099609375,-20.254425048828125,-14.707977294921875,0.38415610790252686,8.224250793457031,19.760215759277344,-18.35801696777343,0.9614705145359039,7.880210876464844,0.007241004845127463,-0.13214390724897385,-0.13214390724897385,-8.94343494871711,-1.4564066865398495,180.2016485426785
