,Unnamed: 0,left_eyebrow_18x,left_eyebrow_18y,left_eyebrow_20x,left_eyebrow_20y,left_eyebrow_22x,left_eyebrow_22y,right_eyebrow_23x,right_eyebrow_23y,right_eyebrow_25x,right_eyebrow_25y,right_eyebrow_27x,right_eyebrow_27y,left_eye38_x,left_eye38_y,right_eye45_x,right_eye45_y,left_lip49_x,left_lip49_y,lip_center_upper52_x,lip_center_upper52_y,right_lip55_x,right_lip55_y,lip_center_lower58_x,lip_center_lower58_y,trans_x,trans_y,trans_z,rot_x,rot_y,rot_z
0,0,-0.9776458740234091,-1.788223266601591,-4.761543273925781,-12.75042724609375,-2.923519134521488,-6.769836425781278,4.978815078735359,-7.6570892333984375,4.5411376953125,-13.791824340820312,-3.3020629882812784,-3.908737182617216,2.0755081176757812,5.5063629150390625,-1.5873641967773295,4.8846893310546875,-9.266616821289062,-21.0926971435547,0.9701850116252899,-1.16900634765625,6.776565551757798,-13.23824691772461,0.6736122816801071,18.962242126464844,0.0024621004122309387,0.0012851282954216003,0.0012851282954216003,-1.7060748680854996,-2.8579331662615646,-0.21530613335061477
