,Unnamed: 0,left_eyebrow_18x,left_eyebrow_18y,left_eyebrow_20x,left_eyebrow_20y,left_eyebrow_22x,left_eyebrow_22y,right_eyebrow_23x,right_eyebrow_23y,right_eyebrow_25x,right_eyebrow_25y,right_eyebrow_27x,right_eyebrow_27y,left_eye38_x,left_eye38_y,right_eye45_x,right_eye45_y,left_lip49_x,left_lip49_y,lip_center_upper52_x,lip_center_upper52_y,right_lip55_x,right_lip55_y,lip_center_lower58_x,lip_center_lower58_y,trans_x,trans_y,trans_z,rot_x,rot_y,rot_z
0,0,-2.3752136230469034,8.864517211914062,15.910697937011719,10.425964355468807,47.44726467132569,4.9506683349609375,37.665252685546875,9.25048828125,-0.7292327880859375,5.8077545166015625,-44.39300537109372,-35.97532653808594,1.8367385864257812,2.938629150390625,-16.060279846191406,1.668792724609375,-29.542564392089858,-27.693214416503906,23.308959484100342,8.498218536376953,-28.587234497070312,-5.1713829040527415,16.221390247344974,22.23615264892578,-0.02912055561318994,0.01431732252240181,0.01431732252240181,3.638506340965648,-35.85995176315712,-2.2246444447260045
