,Unnamed: 0,left_eyebrow_18x,left_eyebrow_18y,left_eyebrow_20x,left_eyebrow_20y,left_eyebrow_22x,left_eyebrow_22y,right_eyebrow_23x,right_eyebrow_23y,right_eyebrow_25x,right_eyebrow_25y,right_eyebrow_27x,right_eyebrow_27y,left_eye38_x,left_eye38_y,right_eye45_x,right_eye45_y,left_lip49_x,left_lip49_y,lip_center_upper52_x,lip_center_upper52_y,right_lip55_x,right_lip55_y,lip_center_lower58_x,lip_center_lower58_y,trans_x,trans_y,trans_z,rot_x,rot_y,rot_z
0,0,0.18627929687502842,3.1078033447265625,-3.676696777343764,1.684097290039034,3.353588104248047,-6.3160552978515625,14.957969665527347,-2.581253051757841,6.979324340820327,-8.49908447265625,-8.108428955078125,-12.836730957031278,-1.7281494140625,3.3142700195312784,-1.6729278564453125,2.993881225585966,-19.705307006835938,-26.41888427734375,11.840597629547121,9.695697784423835,-0.8013534545898438,-4.716144561767578,6.852680906653404,5.0330963134765625,-0.0158037724904716,-0.026345487684011452,-0.026345487684011452,-4.817182206650007,-16.585760474051416,1.2006018540572034
