,Unnamed: 0,left_eyebrow_18x,left_eyebrow_18y,left_eyebrow_20x,left_eyebrow_20y,left_eyebrow_22x,left_eyebrow_22y,right_eyebrow_23x,right_eyebrow_23y,right_eyebrow_25x,right_eyebrow_25y,right_eyebrow_27x,right_eyebrow_27y,left_eye38_x,left_eye38_y,right_eye45_x,right_eye45_y,left_lip49_x,left_lip49_y,lip_center_upper52_x,lip_center_upper52_y,right_lip55_x,right_lip55_y,lip_center_lower58_x,lip_center_lower58_y,trans_x,trans_y,trans_z,rot_x,rot_y,rot_z
0,0,0.3837432861328125,-1.408721923828125,5.7285919189453125,-4.1096954345703125,9.966943740844727,-5.148300170898466,17.225828170776367,-4.779632568359375,6.031005859374972,-14.314300537109318,-11.638259887695284,-18.99395751953125,-1.8270797729492188,5.4545745849609375,-5.841270446777358,2.0429840087890625,-22.13153839111328,-30.497478485107408,11.114871501922607,9.658340454101562,0.6209716796875,-2.3598709106445312,8.863786965608597,7.1424102783203125,-0.01887920661829412,-0.03698138892650603,-0.03698138892650603,-14.156051730752402,-14.217573630392076,0.31682153296558724
