,Unnamed: 0,left_eyebrow_18x,left_eyebrow_18y,left_eyebrow_20x,left_eyebrow_20y,left_eyebrow_22x,left_eyebrow_22y,right_eyebrow_23x,right_eyebrow_23y,right_eyebrow_25x,right_eyebrow_25y,right_eyebrow_27x,right_eyebrow_27y,left_eye38_x,left_eye38_y,right_eye45_x,right_eye45_y,left_lip49_x,left_lip49_y,lip_center_upper52_x,lip_center_upper52_y,right_lip55_x,right_lip55_y,lip_center_lower58_x,lip_center_lower58_y,trans_x,trans_y,trans_z,rot_x,rot_y,rot_z
0,0,-2.0633239746093466,1.757568359375,0.8413162231445312,-2.2955169677734375,7.416795730590817,-3.52203369140625,20.218828201293945,-5.355316162109347,10.152053833007812,-16.272308349609375,-13.316558837890625,-17.871551513671903,-1.7340774536132812,8.623580932617188,-5.240524291992173,4.696365356445284,-20.74720001220703,-33.12841415405275,5.410472065210342,-1.8560333251953125,-6.0197296142578125,-1.1051368713378835,5.396404191851617,19.67144775390625,-0.0016002301126718521,-0.01831668615341188,-0.01831668615341188,0.0660565616951112,-25.003372390818228,0.9785934594449659
