,Unnamed: 0,left_eyebrow_18x,left_eyebrow_18y,left_eyebrow_20x,left_eyebrow_20y,left_eyebrow_22x,left_eyebrow_22y,right_eyebrow_23x,right_eyebrow_23y,right_eyebrow_25x,right_eyebrow_25y,right_eyebrow_27x,right_eyebrow_27y,left_eye38_x,left_eye38_y,right_eye45_x,right_eye45_y,left_lip49_x,left_lip49_y,lip_center_upper52_x,lip_center_upper52_y,right_lip55_x,right_lip55_y,lip_center_lower58_x,lip_center_lower58_y,trans_x,trans_y,trans_z,rot_x,rot_y,rot_z
0,0,2.203659057617159,8.820388793945284,3.7322006225585653,1.3920288085937784,13.332619667053219,-0.36402893066400566,14.991058349609375,0.06150817871090908,3.4820404052734375,-13.635589599609403,-12.603561401367159,-17.544036865234375,-4.910736083984361,3.55487060546875,-10.375137329101562,3.2714080810546875,-23.641372680664062,-31.003265380859382,12.388568520545958,7.851188659667962,-9.979423522949219,-0.3479728698730469,7.519622325897217,18.40972137451172,-0.007251072325743735,-0.02616877481341362,-0.02616877481341362,1.9424328941748774,-22.427684287066334,5.057291991381946
