,Unnamed: 0,left_eyebrow_18x,left_eyebrow_18y,left_eyebrow_20x,left_eyebrow_20y,left_eyebrow_22x,left_eyebrow_22y,right_eyebrow_23x,right_eyebrow_23y,right_eyebrow_25x,right_eyebrow_25y,right_eyebrow_27x,right_eyebrow_27y,left_eye38_x,left_eye38_y,right_eye45_x,right_eye45_y,left_lip49_x,left_lip49_y,lip_center_upper52_x,lip_center_upper52_y,right_lip55_x,right_lip55_y,lip_center_lower58_x,lip_center_lower58_y,trans_x,trans_y,trans_z,rot_x,rot_y,rot_z
0,0,-5.584564208984375,5.019836425781193,15.224899291992159,0.35850524902349434,43.2809534072876,-2.139724731445284,31.52215576171875,4.6815643310546875,-6.189353942871108,-11.407211303710966,-52.73753356933591,-33.918060302734375,3.1287612915039062,6.6930694580078125,-16.923789978027344,10.731430053710938,-24.797470092773438,-27.089178085327152,34.93399679660797,13.095230102539062,-33.890716552734375,4.663154602050781,11.454738140106203,13.653602600097656,-0.027138717123307284,-0.0246577225625515,-0.0246577225625515,-0.4665293116578484,-41.881215943141626,3.8789852055795015
