,Unnamed: 0,left_eyebrow_18x,left_eyebrow_18y,left_eyebrow_20x,left_eyebrow_20y,left_eyebrow_22x,left_eyebrow_22y,right_eyebrow_23x,right_eyebrow_23y,right_eyebrow_25x,right_eyebrow_25y,right_eyebrow_27x,right_eyebrow_27y,left_eye38_x,left_eye38_y,right_eye45_x,right_eye45_y,left_lip49_x,left_lip49_y,lip_center_upper52_x,lip_center_upper52_y,right_lip55_x,right_lip55_y,lip_center_lower58_x,lip_center_lower58_y,trans_x,trans_y,trans_z,rot_x,rot_y,rot_z
0,0,0.9065246582031534,2.7719268798828125,0.14613342285159092,-6.335968017578125,3.2949256896972656,-6.581512451171847,0.8992156982421946,-6.4334869384765625,0.7888793945312216,-10.933319091796875,-1.999038696289034,-0.06195068359375,1.1892852783202983,-2.9156036376953125,-2.2264175415039205,-2.25048828125,-11.440055847167983,-14.546424865722656,0.4372562766075135,11.677379608154297,11.104911804199219,-11.33558273315429,2.1648328006267548,2.5921783447265625,0.00038568046875298067,0.0022302642464637826,0.0022302642464637826,-0.7790535871651536,0.31997869813575,-0.07720466796619085
