,Unnamed: 0,left_eyebrow_18x,left_eyebrow_18y,left_eyebrow_20x,left_eyebrow_20y,left_eyebrow_22x,left_eyebrow_22y,right_eyebrow_23x,right_eyebrow_23y,right_eyebrow_25x,right_eyebrow_25y,right_eyebrow_27x,right_eyebrow_27y,left_eye38_x,left_eye38_y,right_eye45_x,right_eye45_y,left_lip49_x,left_lip49_y,lip_center_upper52_x,lip_center_upper52_y,right_lip55_x,right_lip55_y,lip_center_lower58_x,lip_center_lower58_y,trans_x,trans_y,trans_z,rot_x,rot_y,rot_z
0,0,1.564651489257841,-0.0123748779296875,5.462600708007827,1.0794219970703125,8.05923080444336,-5.667098999023466,9.85492897033691,-2.6140747070312784,5.124816894531236,-10.551116943359347,-8.758773803710909,-10.603225708007784,-2.0284271240234375,5.537109375,-3.7840805053710938,1.6988372802734375,-12.71231079101564,-21.765419006347642,11.233943104743958,9.741584777832031,4.557746887207031,-4.67865371704103,10.316709637641907,10.122261047363281,-0.014088366529904304,-0.021780893206596368,-0.021780893206596368,-5.303473814588253,-16.575078802006825,0.06427045689315625
