,Unnamed: 0,left_eyebrow_18x,left_eyebrow_18y,left_eyebrow_20x,left_eyebrow_20y,left_eyebrow_22x,left_eyebrow_22y,right_eyebrow_23x,right_eyebrow_23y,right_eyebrow_25x,right_eyebrow_25y,right_eyebrow_27x,right_eyebrow_27y,left_eye38_x,left_eye38_y,right_eye45_x,right_eye45_y,left_lip49_x,left_lip49_y,lip_center_upper52_x,lip_center_upper52_y,right_lip55_x,right_lip55_y,lip_center_lower58_x,lip_center_lower58_y,trans_x,trans_y,trans_z,rot_x,rot_y,rot_z
0,0,-3.4068450927734375,-10.2552490234375,18.2464141845703,18.610626220703097,30.550708770751953,16.266311645507812,37.46939468383789,14.854675292968722,4.0894927978515625,7.7001800537109375,-29.656906127929716,-46.44956970214844,-5.254646301269517,14.835800170898409,-16.6270751953125,15.675018310546875,-18.017028808593736,-30.998371124267578,28.484433412551883,3.7249755859375,-19.59722137451172,6.998565673828125,22.18826389312744,15.167842864990227,-0.02762900199741125,-0.006631061434745789,-0.006631061434745789,9.976018581675277,-39.11387626779245,-5.6881002144514134
