,Unnamed: 0,left_eyebrow_18x,left_eyebrow_18y,left_eyebrow_20x,left_eyebrow_20y,left_eyebrow_22x,left_eyebrow_22y,right_eyebrow_23x,right_eyebrow_23y,right_eyebrow_25x,right_eyebrow_25y,right_eyebrow_27x,right_eyebrow_27y,left_eye38_x,left_eye38_y,right_eye45_x,right_eye45_y,left_lip49_x,left_lip49_y,lip_center_upper52_x,lip_center_upper52_y,right_lip55_x,right_lip55_y,lip_center_lower58_x,lip_center_lower58_y,trans_x,trans_y,trans_z,rot_x,rot_y,rot_z
0,0,0.8986663818359091,4.740478515625028,2.3966979980468466,3.434585571289091,10.8364143371582,0.0362396240234375,15.715627670288086,-3.0919494628906534,9.201385498046875,-15.6806640625,-10.078262329101562,-13.970230102539091,-7.289436340332031,8.8404541015625,-5.3252410888671875,6.53302001953125,-23.057662963867188,-35.62223815917969,12.705634593963623,2.815652847290039,-5.218147277832017,-4.64777755737304,12.557379722595215,28.38703155517578,-0.01048931444529444,-0.016782809048891074,-0.016782809048891074,8.171932579243455,-21.498255336230212,0.685942020409664
