,Unnamed: 0,left_eyebrow_18x,left_eyebrow_18y,left_eyebrow_20x,left_eyebrow_20y,left_eyebrow_22x,left_eyebrow_22y,right_eyebrow_23x,right_eyebrow_23y,right_eyebrow_25x,right_eyebrow_25y,right_eyebrow_27x,right_eyebrow_27y,left_eye38_x,left_eye38_y,right_eye45_x,right_eye45_y,left_lip49_x,left_lip49_y,lip_center_upper52_x,lip_center_upper52_y,right_lip55_x,right_lip55_y,lip_center_lower58_x,lip_center_lower58_y,trans_x,trans_y,trans_z,rot_x,rot_y,rot_z
0,0,-0.9085693359375284,-6.7990875244140625,9.334846496582017,10.610183715820284,11.758827209472656,6.977996826171875,6.663539886474609,5.677581787109403,0.181549072265625,-1.1038360595703125,-4.298919677734403,-18.00927734375,-2.5907058715820312,7.193664550781222,-6.00128173828125,3.164825439453125,-9.530441284179702,-15.887229919433594,11.005228281021118,0.70550537109375,-8.637443542480469,4.04376220703125,12.232647895812988,7.158351898193338,-0.013557626865804195,-0.02030342072248459,-0.02030342072248459,6.415676744135821,-18.1386191443061,-1.5774597974253326
