,Unnamed: 0,left_eyebrow_18x,left_eyebrow_18y,left_eyebrow_20x,left_eyebrow_20y,left_eyebrow_22x,left_eyebrow_22y,right_eyebrow_23x,right_eyebrow_23y,right_eyebrow_25x,right_eyebrow_25y,right_eyebrow_27x,right_eyebrow_27y,left_eye38_x,left_eye38_y,right_eye45_x,right_eye45_y,left_lip49_x,left_lip49_y,lip_center_upper52_x,lip_center_upper52_y,right_lip55_x,right_lip55_y,lip_center_lower58_x,lip_center_lower58_y,trans_x,trans_y,trans_z,rot_x,rot_y,rot_z
0,0,4.595352172851506,-1.021804809570284,3.577102661132784,-7.51666259765625,2.2305316925048793,-1.1199188232421875,1.3960800170898438,-1.731399536132841,1.104019165039091,-10.439056396484432,-3.9588928222655966,0.12144470214840908,-5.5159454345703125,8.506149291992188,0.45250701904296875,5.6534271240234375,-9.910713195800781,-20.28290176391601,5.048971354961395,3.147939682006836,9.820632934570312,-16.91535568237304,5.594792053103447,27.46146392822267,0.0025970168644562364,-0.0007821023464202881,-0.0007821023464202881,6.969911090840365,-4.72991704001365,0.05577202058036912
