,Unnamed: 0,left_eyebrow_18x,left_eyebrow_18y,left_eyebrow_20x,left_eyebrow_20y,left_eyebrow_22x,left_eyebrow_22y,right_eyebrow_23x,right_eyebrow_23y,right_eyebrow_25x,right_eyebrow_25y,right_eyebrow_27x,right_eyebrow_27y,left_eye38_x,left_eye38_y,right_eye45_x,right_eye45_y,left_lip49_x,left_lip49_y,lip_center_upper52_x,lip_center_upper52_y,right_lip55_x,right_lip55_y,lip_center_lower58_x,lip_center_lower58_y,trans_x,trans_y,trans_z,rot_x,rot_y,rot_z
0,0,-4.411270141601534,10.785598754882784,-6.2550888061523295,5.670562744140625,12.956136703491211,-2.446044921875,16.325443267822266,-3.0034332275390625,-0.5854110717773438,-5.9309234619140625,-19.602203369140625,-15.919021606445312,-1.7129898071289205,3.5164031982421875,-2.433868408203111,3.216033935546875,-24.274826049804688,-28.365802764892578,25.76407527923584,11.827602386474616,-15.994491577148438,6.52728271484375,19.409233808517456,21.115989685058594,-0.02586041926406324,-0.010877139866352081,-0.010877139866352081,3.184488495792662,-36.80774928211956,-0.2664886690577657
