,Unnamed: 0,left_eyebrow_18x,left_eyebrow_18y,left_eyebrow_20x,left_eyebrow_20y,left_eyebrow_22x,left_eyebrow_22y,right_eyebrow_23x,right_eyebrow_23y,right_eyebrow_25x,right_eyebrow_25y,right_eyebrow_27x,right_eyebrow_27y,left_eye38_x,left_eye38_y,right_eye45_x,right_eye45_y,left_lip49_x,left_lip49_y,lip_center_upper52_x,lip_center_upper52_y,right_lip55_x,right_lip55_y,lip_center_lower58_x,lip_center_lower58_y,trans_x,trans_y,trans_z,rot_x,rot_y,rot_z
0,0,-3.188034057617159,9.398544311523438,1.4796905517578125,7.380661010742131,9.948078155517578,0.3050994873046591,13.798343658447266,-0.44462585449224434,2.1676635742187216,-6.237548828125,-13.396072387695341,-11.153366088867159,-5.083824157714844,3.0002136230469034,0.804168701171875,-0.5567626953124716,-15.965873718261719,-23.31294441223144,12.630098581314089,2.035785675048828,-8.078872680664062,5.447891235351555,9.949955224990845,12.47186279296875,-0.0048127686604857445,-0.014307662844657898,-0.014307662844657898,1.1461898265580768,-21.166096846048045,-0.08688789802608476
