,Unnamed: 0,left_eyebrow_18x,left_eyebrow_18y,left_eyebrow_20x,left_eyebrow_20y,left_eyebrow_22x,left_eyebrow_22y,right_eyebrow_23x,right_eyebrow_23y,right_eyebrow_25x,right_eyebrow_25y,right_eyebrow_27x,right_eyebrow_27y,left_eye38_x,left_eye38_y,right_eye45_x,right_eye45_y,left_lip49_x,left_lip49_y,lip_center_upper52_x,lip_center_upper52_y,right_lip55_x,right_lip55_y,lip_center_lower58_x,lip_center_lower58_y,trans_x,trans_y,trans_z,rot_x,rot_y,rot_z
0,0,-8.494354248046847,16.955490112304688,5.9976043701171875,9.948150634765625,34.172428488731384,2.373947143554659,25.845985412597656,1.1051330566405966,2.9685668945312216,-10.8985595703125,-27.602767944335994,-24.687225341796875,-0.5208816528320312,4.358856201171875,-11.46173095703125,-1.1258850097655966,-24.073554992675753,-30.066560745239258,30.141131639480587,2.516551971435547,-28.999794006347656,14.256519317626953,13.814294099807737,8.222824096679688,-0.01977597177028656,-0.004355352371931069,-0.004355352371931069,2.4996570110046212,-38.898954181344024,-1.2073733230324202
