,Unnamed: 0,left_eyebrow_18x,left_eyebrow_18y,left_eyebrow_20x,left_eyebrow_20y,left_eyebrow_22x,left_eyebrow_22y,right_eyebrow_23x,right_eyebrow_23y,right_eyebrow_25x,right_eyebrow_25y,right_eyebrow_27x,right_eyebrow_27y,left_eye38_x,left_eye38_y,right_eye45_x,right_eye45_y,left_lip49_x,left_lip49_y,lip_center_upper52_x,lip_center_upper52_y,right_lip55_x,right_lip55_y,lip_center_lower58_x,lip_center_lower58_y,trans_x,trans_y,trans_z,rot_x,rot_y,rot_z
0,0,-2.5257873535155966,5.754150390625,6.8617095947265625,5.3633270263671875,20.91258430480957,-5.258407592773466,20.460096359252926,-3.348800659179716,7.847793579101577,-11.930236816406278,-20.21112060546875,-19.456741333007784,-3.0881118774414062,5.0390625,-10.291763305664062,2.7831878662109375,-16.21778106689453,-29.0369300842285,29.516440510749817,12.706352233886719,-3.5283737182617188,6.309822082519517,21.795560956001285,15.679458618164077,-0.040399152203463004,-0.009407378733158105,-0.009407378733158105,-7.473351695744409,-34.854378362609346,-1.5952444437023952
