,Unnamed: 0,left_eyebrow_18x,left_eyebrow_18y,left_eyebrow_20x,left_eyebrow_20y,left_eyebrow_22x,left_eyebrow_22y,right_eyebrow_23x,right_eyebrow_23y,right_eyebrow_25x,right_eyebrow_25y,right_eyebrow_27x,right_eyebrow_27y,left_eye38_x,left_eye38_y,right_eye45_x,right_eye45_y,left_lip49_x,left_lip49_y,lip_center_upper52_x,lip_center_upper52_y,right_lip55_x,right_lip55_y,lip_center_lower58_x,lip_center_lower58_y,trans_x,trans_y,trans_z,rot_x,rot_y,rot_z
0,0,5.22344970703125,-1.0066680908203125,-0.6204071044921591,-6.262893676757841,-1.9594459533691406,-4.2235565185546875,-0.7163314819336009,-2.225723266601534,2.394515991210909,-4.192367553710909,1.39483642578125,1.7599792480469034,-0.49768829345704546,-0.5959167480468466,-1.0605392456054688,0.48095703125,-5.315345764160156,0.956878662109375,0.868574857711792,-0.8499183654785156,3.5861358642578267,-8.016326904296875,4.0302422642707825,-1.2753219604492188,0.0017895451746881008,-0.005468655377626419,-0.005468655377626419,-1.0007481335985569,-2.0603742265540954,-0.03481433883432983
