,Unnamed: 0,left_eyebrow_18x,left_eyebrow_18y,left_eyebrow_20x,left_eyebrow_20y,left_eyebrow_22x,left_eyebrow_22y,right_eyebrow_23x,right_eyebrow_23y,right_eyebrow_25x,right_eyebrow_25y,right_eyebrow_27x,right_eyebrow_27y,left_eye38_x,left_eye38_y,right_eye45_x,right_eye45_y,left_lip49_x,left_lip49_y,lip_center_upper52_x,lip_center_upper52_y,right_lip55_x,right_lip55_y,lip_center_lower58_x,lip_center_lower58_y,trans_x,trans_y,trans_z,rot_x,rot_y,rot_z
0,0,2.245193481445284,-3.203201293945284,2.1106109619140625,-3.091827392578125,0.5284805297851562,1.747467041015625,0.21107864379882812,-1.0588226318359375,0.3079833984375,-0.765106201171875,0.9317626953124716,0.18606567382809658,-0.5763778686523438,1.3478546142577557,-1.6267929077148295,-0.52203369140625,0.421478271484375,-2.9295425415039134,-0.0545506477355957,-2.3378028869628906,3.075927734375,-7.441272735595696,1.0533874034881592,3.3679618835449148,-0.002707773819565773,-0.005437523126602173,-0.005437523126602173,0.1844433715613949,0.4259307235935781,-1.3186623926038177
