,Unnamed: 0,left_eyebrow_18x,left_eyebrow_18y,left_eyebrow_20x,left_eyebrow_20y,left_eyebrow_22x,left_eyebrow_22y,right_eyebrow_23x,right_eyebrow_23y,right_eyebrow_25x,right_eyebrow_25y,right_eyebrow_27x,right_eyebrow_27y,left_eye38_x,left_eye38_y,right_eye45_x,right_eye45_y,left_lip49_x,left_lip49_y,lip_center_upper52_x,lip_center_upper52_y,right_lip55_x,right_lip55_y,lip_center_lower58_x,lip_center_lower58_y,trans_x,trans_y,trans_z,rot_x,rot_y,rot_z
0,0,-0.1719818115234375,4.455413818359375,-6.117279052734347,-14.321640014648438,-7.067516326904297,-10.984619140625,3.9963912963867188,-9.701248168945312,5.983367919921861,-9.082992553710938,0.04209899902340908,7.166961669921875,0.0820465087890625,2.3600006103515057,-0.4972381591797017,1.375015258789091,1.0066299438476562,-4.179756164550774,-1.1826134547591212,-5.681789398193359,2.8672561645507812,-7.174198150634773,-2.4895706698298454,3.3267440795898295,-0.0016813312540762126,0.002068944275379174,0.002068944275379174,-6.556312953138095,2.3344832477410136,1.3358259392145793
