,Unnamed: 0,left_eyebrow_18x,left_eyebrow_18y,left_eyebrow_20x,left_eyebrow_20y,left_eyebrow_22x,left_eyebrow_22y,right_eyebrow_23x,right_eyebrow_23y,right_eyebrow_25x,right_eyebrow_25y,right_eyebrow_27x,right_eyebrow_27y,left_eye38_x,left_eye38_y,right_eye45_x,right_eye45_y,left_lip49_x,left_lip49_y,lip_center_upper52_x,lip_center_upper52_y,right_lip55_x,right_lip55_y,lip_center_lower58_x,lip_center_lower58_y,trans_x,trans_y,trans_z,rot_x,rot_y,rot_z
0,0,-3.8391876220703125,9.557373046875028,8.910705566406236,-5.327606201171875,33.56636667251587,-9.3626708984375,24.153182983398445,-3.961807250976591,1.5957641601562358,-20.589431762695256,-39.77610778808594,-28.517593383789062,2.6671371459960938,6.8109588623046875,-12.111770629882812,6.7329254150390625,-26.501380920410156,-30.735599517822266,36.937930047512054,8.56698989868164,-21.124595642089844,0.7514762878417969,19.779425740242008,7.066780090332017,-0.04565211327280849,-0.016434497199952602,-0.016434497199952602,-12.965841891839666,-32.06406247681667,-2.1226981662547337
