,Unnamed: 0,left_eyebrow_18x,left_eyebrow_18y,left_eyebrow_20x,left_eyebrow_20y,left_eyebrow_22x,left_eyebrow_22y,right_eyebrow_23x,right_eyebrow_23y,right_eyebrow_25x,right_eyebrow_25y,right_eyebrow_27x,right_eyebrow_27y,left_eye38_x,left_eye38_y,right_eye45_x,right_eye45_y,left_lip49_x,left_lip49_y,lip_center_upper52_x,lip_center_upper52_y,right_lip55_x,right_lip55_y,lip_center_lower58_x,lip_center_lower58_y,trans_x,trans_y,trans_z,rot_x,rot_y,rot_z
0,0,-0.7088165283203125,4.021316528320284,0.9597396850585938,2.6164855957030966,7.82832145690918,-1.685562133789091,14.45205307006836,-1.2364196777344034,9.340515136718722,-7.23583984375,-3.0372619628905966,-10.042572021484347,-4.740592956542969,5.562591552734403,-3.7475128173828125,4.173187255859375,-12.34664916992189,-21.150394439697266,11.510066747665405,-3.196697235107422,-18.98255157470703,-1.8141555786132812,10.933376729488373,13.344650268554702,0.03058497025631368,0.023213617503643036,0.023213617503643036,-0.892758009647296,-28.76075779539704,0.39187840056397993
