,Unnamed: 0,left_eyebrow_18x,left_eyebrow_18y,left_eyebrow_20x,left_eyebrow_20y,left_eyebrow_22x,left_eyebrow_22y,right_eyebrow_23x,right_eyebrow_23y,right_eyebrow_25x,right_eyebrow_25y,right_eyebrow_27x,right_eyebrow_27y,left_eye38_x,left_eye38_y,right_eye45_x,right_eye45_y,left_lip49_x,left_lip49_y,lip_center_upper52_x,lip_center_upper52_y,right_lip55_x,right_lip55_y,lip_center_lower58_x,lip_center_lower58_y,trans_x,trans_y,trans_z,rot_x,rot_y,rot_z
0,0,1.3842315673828125,-3.384872436523466,-2.163215637207003,-16.366180419921847,-0.9149932861328196,-6.690994262695369,0.7609062194824219,-6.571762084960966,4.031333923339844,-14.956848144531278,-0.3621368408203409,-3.1281890869140625,2.5918731689453125,0.3022613525390625,-0.1089630126953125,1.2327423095703125,-8.871978759765625,-17.61309814453125,-1.0682094097137451,2.3875503540039062,7.758460998535156,-19.924442291259766,0.2808887958526609,19.18354034423828,0.028451462276279926,0.03752055671066046,0.03752055671066046,1.3212679583099831,3.362535280464191,0.3888891548650225
