,Unnamed: 0,left_eyebrow_18x,left_eyebrow_18y,left_eyebrow_20x,left_eyebrow_20y,left_eyebrow_22x,left_eyebrow_22y,right_eyebrow_23x,right_eyebrow_23y,right_eyebrow_25x,right_eyebrow_25y,right_eyebrow_27x,right_eyebrow_27y,left_eye38_x,left_eye38_y,right_eye45_x,right_eye45_y,left_lip49_x,left_lip49_y,lip_center_upper52_x,lip_center_upper52_y,right_lip55_x,right_lip55_y,lip_center_lower58_x,lip_center_lower58_y,trans_x,trans_y,trans_z,rot_x,rot_y,rot_z
0,0,-3.0672149658203125,4.291809082031222,14.94482421875,7.97039794921875,31.857337951660163,2.6637268066405966,28.54596710205079,2.8641204833984375,10.429687499999972,-8.760162353515625,-31.12744140625,-26.527725219726562,-5.177001953125,4.443359375,-14.220771789550781,3.7461090087890625,-14.37673187255858,-26.832229614257812,27.970871448516846,12.645095825195312,-5.943817138671875,18.40038299560546,21.130347251892093,9.320930480957031,-0.026785997673869133,-0.002298537641763687,-0.002298537641763687,-0.7546326390912776,-42.45665077617663,-3.3849864111347183
