,Unnamed: 0,left_eyebrow_18x,left_eyebrow_18y,left_eyebrow_20x,left_eyebrow_20y,left_eyebrow_22x,left_eyebrow_22y,right_eyebrow_23x,right_eyebrow_23y,right_eyebrow_25x,right_eyebrow_25y,right_eyebrow_27x,right_eyebrow_27y,left_eye38_x,left_eye38_y,right_eye45_x,right_eye45_y,left_lip49_x,left_lip49_y,lip_center_upper52_x,lip_center_upper52_y,right_lip55_x,right_lip55_y,lip_center_lower58_x,lip_center_lower58_y,trans_x,trans_y,trans_z,rot_x,rot_y,rot_z
0,0,-1.062713623046875,4.562530517578125,3.2246551513671875,4.849868774414034,12.215629577636719,-0.875579833984375,12.644218444824219,-3.814666748046932,3.878143310546875,-10.310684204101562,-9.958602905273438,-11.984832763671875,-1.3481979370117188,0.2097015380859375,-9.934394836425781,-0.7647857666015625,-22.70536041259767,-28.801937103271477,14.53669261932373,2.5796146392822266,5.894309997558594,1.3217277526855469,7.068551063537598,24.179595947265625,-0.0035774381831288338,-0.022999828215688467,-0.022999828215688467,-0.6470152847941311,-26.72529881520459,0.7364563058783142
