,Unnamed: 0,left_eyebrow_18x,left_eyebrow_18y,left_eyebrow_20x,left_eyebrow_20y,left_eyebrow_22x,left_eyebrow_22y,right_eyebrow_23x,right_eyebrow_23y,right_eyebrow_25x,right_eyebrow_25y,right_eyebrow_27x,right_eyebrow_27y,left_eye38_x,left_eye38_y,right_eye45_x,right_eye45_y,left_lip49_x,left_lip49_y,lip_center_upper52_x,lip_center_upper52_y,right_lip55_x,right_lip55_y,lip_center_lower58_x,lip_center_lower58_y,trans_x,trans_y,trans_z,rot_x,rot_y,rot_z
0,0,4.521362304687528,8.588439941406222,-3.3652114868164205,-15.825012207031307,-0.2200775146484375,-10.747161865234347,1.5143661499023509,-12.083068847656222,6.971969604492173,-14.284835815429688,-2.07757568359375,8.621841430664034,2.5930862426757812,-1.06671142578125,-2.6643905639648438,-1.57525634765625,-12.694923400878892,-14.139854431152344,1.8397485613822937,3.5201644897460938,11.833015441894531,-17.263622283935547,2.088848114013672,5.623619079589844,-0.0011746803065761924,-0.0033249654807150364,-0.0033249654807150364,-1.9345351524322325,0.4054128692681821,-1.3552949516249115
