,Unnamed: 0,left_eyebrow_18x,left_eyebrow_18y,left_eyebrow_20x,left_eyebrow_20y,left_eyebrow_22x,left_eyebrow_22y,right_eyebrow_23x,right_eyebrow_23y,right_eyebrow_25x,right_eyebrow_25y,right_eyebrow_27x,right_eyebrow_27y,left_eye38_x,left_eye38_y,right_eye45_x,right_eye45_y,left_lip49_x,left_lip49_y,lip_center_upper52_x,lip_center_upper52_y,right_lip55_x,right_lip55_y,lip_center_lower58_x,lip_center_lower58_y,trans_x,trans_y,trans_z,rot_x,rot_y,rot_z
0,0,-5.582748413085966,10.52490234375,15.008964538574219,-5.59417724609375,41.7488214969635,-8.890396118164091,32.87640380859375,-4.5264129638671875,6.274604797363281,-16.111068725585966,-41.37651062011719,-29.22784423828125,4.5903778076171875,4.23779296875,-12.106163024902344,1.3008422851562784,-29.53546142578125,-23.927101135253913,25.65984606742859,13.998847961425781,-24.710906982421875,5.4573936462402415,11.497372865676882,3.1687545776367045,0.012786638922989365,0.03311981540173292,0.03311981540173292,-2.650505726274815,-33.941640593850074,-2.671908617307174
