,Unnamed: 0,left_eyebrow_18x,left_eyebrow_18y,left_eyebrow_20x,left_eyebrow_20y,left_eyebrow_22x,left_eyebrow_22y,right_eyebrow_23x,right_eyebrow_23y,right_eyebrow_25x,right_eyebrow_25y,right_eyebrow_27x,right_eyebrow_27y,left_eye38_x,left_eye38_y,right_eye45_x,right_eye45_y,left_lip49_x,left_lip49_y,lip_center_upper52_x,lip_center_upper52_y,right_lip55_x,right_lip55_y,lip_center_lower58_x,lip_center_lower58_y,trans_x,trans_y,trans_z,rot_x,rot_y,rot_z
0,0,3.0426940917968466,-1.7507324218749716,-1.2160034179687216,-1.6679077148437784,-2.593585968017578,2.7474822998046875,1.0579147338867188,2.987380981445284,-1.3106079101562216,1.647857666015625,-0.9370269775390625,0.4210510253905966,2.0736618041992188,-1.903564453125,-1.3858261108398295,-4.3781280517578125,-5.976104736328139,-1.6448516845703054,-4.1390862464904785,9.556632995605469,3.4823684692382812,-6.073951721191399,-3.826748251914978,0.39220428466796875,-0.0011937703529838473,-0.006073117256164551,-0.006073117256164551,3.3081109647165725,3.2637182002415392,1.0506611907064296
