,Unnamed: 0,left_eyebrow_18x,left_eyebrow_18y,left_eyebrow_20x,left_eyebrow_20y,left_eyebrow_22x,left_eyebrow_22y,right_eyebrow_23x,right_eyebrow_23y,right_eyebrow_25x,right_eyebrow_25y,right_eyebrow_27x,right_eyebrow_27y,left_eye38_x,left_eye38_y,right_eye45_x,right_eye45_y,left_lip49_x,left_lip49_y,lip_center_upper52_x,lip_center_upper52_y,right_lip55_x,right_lip55_y,lip_center_lower58_x,lip_center_lower58_y,trans_x,trans_y,trans_z,rot_x,rot_y,rot_z
0,0,-0.8219299316405966,10.597503662109375,-2.3115615844726705,-0.798309326171875,6.631208419799801,-5.8455657958984375,15.371273040771491,-5.6617431640625,3.4318389892577983,-11.122375488281278,-12.804168701171903,-9.323287963867216,-1.844978332519517,2.0028839111328125,-5.795463562011719,1.0455474853515625,-14.603927612304702,-24.93074226379395,15.89593595266342,1.7580299377441406,-8.092292785644531,0.37934112548827414,10.28316605091095,6.7128829956054545,-0.01523625699337572,-0.03136672917753458,-0.03136672917753458,-10.713320204045713,-15.722988850646358,-0.8395727837876895
