,Unnamed: 0,left_eyebrow_18x,left_eyebrow_18y,left_eyebrow_20x,left_eyebrow_20y,left_eyebrow_22x,left_eyebrow_22y,right_eyebrow_23x,right_eyebrow_23y,right_eyebrow_25x,right_eyebrow_25y,right_eyebrow_27x,right_eyebrow_27y,left_eye38_x,left_eye38_y,right_eye45_x,right_eye45_y,left_lip49_x,left_lip49_y,lip_center_upper52_x,lip_center_upper52_y,right_lip55_x,right_lip55_y,lip_center_lower58_x,lip_center_lower58_y,trans_x,trans_y,trans_z,rot_x,rot_y,rot_z
0,0,3.1878509521484375,4.590576171875,-0.76251220703125,-4.7441558837890625,0.6182327270507812,-6.78424072265625,-1.4557228088378906,-6.417205810546932,-0.2823638916015625,-6.0150299072265625,-2.8508148193359375,4.319061279296847,2.6407928466796875,-0.818084716796875,-3.5348892211914062,-0.6043701171875,-10.98636627197267,-14.0341796875,1.6948950290679932,-0.126373291015625,16.96340942382814,-14.523975372314453,-0.24841690063476562,22.31932830810547,0.002711711451411249,-0.006009886972606182,-0.006009886972606182,-3.207701364372735,-3.5985460059779184,0.12316021866385185
