,Unnamed: 0,left_eyebrow_18x,left_eyebrow_18y,left_eyebrow_20x,left_eyebrow_20y,left_eyebrow_22x,left_eyebrow_22y,right_eyebrow_23x,right_eyebrow_23y,right_eyebrow_25x,right_eyebrow_25y,right_eyebrow_27x,right_eyebrow_27y,left_eye38_x,left_eye38_y,right_eye45_x,right_eye45_y,left_lip49_x,left_lip49_y,lip_center_upper52_x,lip_center_upper52_y,right_lip55_x,right_lip55_y,lip_center_lower58_x,lip_center_lower58_y,trans_x,trans_y,trans_z,rot_x,rot_y,rot_z
0,0,-2.144058227539034,6.22723388671875,3.455299377441392,0.672210693359375,17.33393096923828,3.458236694335966,14.722286224365234,-0.37799072265625,7.12220001220706,-9.053924560546875,-9.230010986328125,-12.105865478515653,-1.7156982421874858,-0.186492919921875,-9.335159301757812,-4.6946868896484375,-19.212112426757827,-23.546133041381836,6.1835150718688965,4.503135681152337,-12.326332092285156,-8.786750793457024,5.436930373311043,3.0686111450195312,-0.010301480768248437,-0.011663831770420074,-0.011663831770420074,1.6724361187080046,-17.881031112188705,0.3218340459986879
