,Unnamed: 0,left_eyebrow_18x,left_eyebrow_18y,left_eyebrow_20x,left_eyebrow_20y,left_eyebrow_22x,left_eyebrow_22y,right_eyebrow_23x,right_eyebrow_23y,right_eyebrow_25x,right_eyebrow_25y,right_eyebrow_27x,right_eyebrow_27y,left_eye38_x,left_eye38_y,right_eye45_x,right_eye45_y,left_lip49_x,left_lip49_y,lip_center_upper52_x,lip_center_upper52_y,right_lip55_x,right_lip55_y,lip_center_lower58_x,lip_center_lower58_y,trans_x,trans_y,trans_z,rot_x,rot_y,rot_z
0,0,-0.4683685302734375,2.8434906005859375,6.768157958984361,-7.592636108398409,14.159564971923828,-0.4073028564453125,10.12384033203125,-4.038818359374972,2.6853866577148438,-23.114166259765625,-9.647979736328097,-18.245285034179688,-3.4919281005859375,12.554641723632841,-7.8848342895507955,10.761199951171875,-29.56927490234375,-31.274541854858406,7.562519788742065,-1.2513771057128906,-6.2969131469726705,-11.131553649902344,8.036407709121704,20.69089508056642,-0.002749854698777199,-0.008069343864917769,-0.008069343864917769,3.880869989726528,-32.21101151763555,2.8946648960004993
