,Unnamed: 0,left_eyebrow_18x,left_eyebrow_18y,left_eyebrow_20x,left_eyebrow_20y,left_eyebrow_22x,left_eyebrow_22y,right_eyebrow_23x,right_eyebrow_23y,right_eyebrow_25x,right_eyebrow_25y,right_eyebrow_27x,right_eyebrow_27y,left_eye38_x,left_eye38_y,right_eye45_x,right_eye45_y,left_lip49_x,left_lip49_y,lip_center_upper52_x,lip_center_upper52_y,right_lip55_x,right_lip55_y,lip_center_lower58_x,lip_center_lower58_y,trans_x,trans_y,trans_z,rot_x,rot_y,rot_z
0,0,-6.455047607421875,2.7297973632812784,11.400482177734375,12.697006225585938,42.719472378492355,5.9441375732421875,20.361774444580078,9.834945678710938,0.668121337890625,-7.714874267578125,-26.863983154296875,-29.897003173828125,-2.233123779296875,1.03521728515625,-22.33449554443358,-1.7420196533203125,-21.319541931152358,-25.768394470214844,28.84426975250244,15.833335876464844,-24.886322021484375,14.626052856445312,17.468870639801025,10.798332214355455,-0.03145620031864382,-0.00213554501533509,-0.00213554501533509,6.936608081080432,-36.630947366773846,-1.30146014209302
