,Unnamed: 0,left_eyebrow_18x,left_eyebrow_18y,left_eyebrow_20x,left_eyebrow_20y,left_eyebrow_22x,left_eyebrow_22y,right_eyebrow_23x,right_eyebrow_23y,right_eyebrow_25x,right_eyebrow_25y,right_eyebrow_27x,right_eyebrow_27y,left_eye38_x,left_eye38_y,right_eye45_x,right_eye45_y,left_lip49_x,left_lip49_y,lip_center_upper52_x,lip_center_upper52_y,right_lip55_x,right_lip55_y,lip_center_lower58_x,lip_center_lower58_y,trans_x,trans_y,trans_z,rot_x,rot_y,rot_z
0,0,-0.899932861328125,1.5414276123046875,-2.5450897216796875,-6.078170776367216,1.9446945190429688,-3.1426849365234375,-1.9258918762207031,-2.511123657226591,3.720062255859375,-5.334320068359375,3.43609619140625,2.243682861328125,0.23860931396484375,0.9627227783203409,-0.3178863525390625,1.8104248046875,-2.122108459472642,-10.2216796875,-0.7361339628696442,-3.782665252685547,-2.718170166015625,-13.092544555664055,1.4081986248493195,13.910636901855455,0.028758151223883036,0.026736842468380925,0.026736842468380925,0.7562008422256256,-1.8121406816369934,0.14055518056356942
