,Unnamed: 0,left_eyebrow_18x,left_eyebrow_18y,left_eyebrow_20x,left_eyebrow_20y,left_eyebrow_22x,left_eyebrow_22y,right_eyebrow_23x,right_eyebrow_23y,right_eyebrow_25x,right_eyebrow_25y,right_eyebrow_27x,right_eyebrow_27y,left_eye38_x,left_eye38_y,right_eye45_x,right_eye45_y,left_lip49_x,left_lip49_y,lip_center_upper52_x,lip_center_upper52_y,right_lip55_x,right_lip55_y,lip_center_lower58_x,lip_center_lower58_y,trans_x,trans_y,trans_z,rot_x,rot_y,rot_z
0,0,0.5159454345703125,1.2341918945312216,8.243820190429688,7.3805694580078125,10.954627990722663,-2.2414703369140625,12.359985351562514,-3.744979858398409,5.928039550781222,-6.07659912109375,-12.039825439453125,-12.241546630859375,-3.5004119873046875,7.55999755859375,-3.4875640869140625,5.776580810546875,-8.254806518554688,-18.858043670654297,11.009549140930176,4.655113220214844,4.2523345947265625,9.210334777832038,10.618160724639893,1.847412109375,-0.007648692466318607,-0.005769014358520508,-0.005769014358520508,-3.680021178690289,-25.80389014950343,0.5196629728236484
