,Unnamed: 0,left_eyebrow_18x,left_eyebrow_18y,left_eyebrow_20x,left_eyebrow_20y,left_eyebrow_22x,left_eyebrow_22y,right_eyebrow_23x,right_eyebrow_23y,right_eyebrow_25x,right_eyebrow_25y,right_eyebrow_27x,right_eyebrow_27y,left_eye38_x,left_eye38_y,right_eye45_x,right_eye45_y,left_lip49_x,left_lip49_y,lip_center_upper52_x,lip_center_upper52_y,right_lip55_x,right_lip55_y,lip_center_lower58_x,lip_center_lower58_y,trans_x,trans_y,trans_z,rot_x,rot_y,rot_z
0,0,-2.6808013916015625,5.141265869140625,14.916412353515653,-4.891845703124972,36.8191078901291,-9.537628173828153,35.59763717651367,-5.079635620117159,13.02830505371098,-20.889419555664062,-36.67100524902344,-28.352783203125,3.8738555908203125,7.121536254882784,-19.39484405517578,6.72528076171875,-29.076446533203125,-30.777631759643555,27.165973663330078,3.9402046203613352,-26.844688415527344,-6.627552032470696,14.259788870811462,2.9533843994140625,-0.02874153899028897,0.0030098408460617065,0.0030098408460617065,-8.410425391974808,-33.88954472886586,-1.8319520577333954
