,Unnamed: 0,left_eyebrow_18x,left_eyebrow_18y,left_eyebrow_20x,left_eyebrow_20y,left_eyebrow_22x,left_eyebrow_22y,right_eyebrow_23x,right_eyebrow_23y,right_eyebrow_25x,right_eyebrow_25y,right_eyebrow_27x,right_eyebrow_27y,left_eye38_x,left_eye38_y,right_eye45_x,right_eye45_y,left_lip49_x,left_lip49_y,lip_center_upper52_x,lip_center_upper52_y,right_lip55_x,right_lip55_y,lip_center_lower58_x,lip_center_lower58_y,trans_x,trans_y,trans_z,rot_x,rot_y,rot_z
0,0,5.4355010986328125,-1.910354614257784,-0.7101898193359091,-15.006515502929659,-6.528865814208977,-10.486038208007812,4.443122863769531,-8.645355224609318,5.250549316406264,-13.649261474609375,-1.057952880859375,0.99200439453125,1.5107879638672017,2.193405151367159,1.2646255493164205,3.1519317626953125,-9.497100830078125,-13.310821533203125,-1.509403944015503,1.3750572204589986,5.229682922363281,-19.539745330810547,0.5924752950668333,-2.5008621215820312,-0.004578764608595519,0.0006722472608089378,0.0006722472608089378,-5.0262450696954755,2.8707212385092884,-0.3788417704220155
