,Unnamed: 0,left_eyebrow_18x,left_eyebrow_18y,left_eyebrow_20x,left_eyebrow_20y,left_eyebrow_22x,left_eyebrow_22y,right_eyebrow_23x,right_eyebrow_23y,right_eyebrow_25x,right_eyebrow_25y,right_eyebrow_27x,right_eyebrow_27y,left_eye38_x,left_eye38_y,right_eye45_x,right_eye45_y,left_lip49_x,left_lip49_y,lip_center_upper52_x,lip_center_upper52_y,right_lip55_x,right_lip55_y,lip_center_lower58_x,lip_center_lower58_y,trans_x,trans_y,trans_z,rot_x,rot_y,rot_z
0,0,-1.8951873779296875,5.230316162109375,7.794364929199219,15.688674926757812,30.82376527786255,1.452606201171875,28.906250000000007,2.407943725585966,12.781173706054688,-10.974395751953182,-23.81370544433591,-29.357803344726562,-7.748626708984361,3.220794677734375,-18.06224822998047,3.5351409912109375,-18.392967224121094,-37.5408935546875,32.85991716384888,11.421920776367188,-18.651473999023438,15.948837280273438,21.47455334663391,4.9638824462890625,-0.032577927224338055,0.006366811692714684,0.006366811692714684,-1.6144795707333515,-38.14527328887534,-1.3155249780152878
