,Unnamed: 0,left_eyebrow_18x,left_eyebrow_18y,left_eyebrow_20x,left_eyebrow_20y,left_eyebrow_22x,left_eyebrow_22y,right_eyebrow_23x,right_eyebrow_23y,right_eyebrow_25x,right_eyebrow_25y,right_eyebrow_27x,right_eyebrow_27y,left_eye38_x,left_eye38_y,right_eye45_x,right_eye45_y,left_lip49_x,left_lip49_y,lip_center_upper52_x,lip_center_upper52_y,right_lip55_x,right_lip55_y,lip_center_lower58_x,lip_center_lower58_y,trans_x,trans_y,trans_z,rot_x,rot_y,rot_z
0,0,0.533233642578125,4.6775360107421875,-5.452789306640653,-10.810394287109375,0.9274063110351634,-9.950714111328153,-0.9698715209960866,-7.146255493164091,1.33721923828125,-9.295761108398409,-1.487335205078125,3.2559967041015625,-4.369575500488281,7.8280487060546875,1.5875015258789062,7.3211669921875,-5.152976989746108,-16.60248565673828,-1.3343261778354645,2.344213485717777,2.8795166015625,-12.649772644042969,-1.2761230468750004,-2.1771316528320312,-9.628944098949432e-05,0.0005517862737178802,0.0005517862737178802,-5.880679850963922,0.7070000727587535,0.5298457385974253
