,Unnamed: 0,left_eyebrow_18x,left_eyebrow_18y,left_eyebrow_20x,left_eyebrow_20y,left_eyebrow_22x,left_eyebrow_22y,right_eyebrow_23x,right_eyebrow_23y,right_eyebrow_25x,right_eyebrow_25y,right_eyebrow_27x,right_eyebrow_27y,left_eye38_x,left_eye38_y,right_eye45_x,right_eye45_y,left_lip49_x,left_lip49_y,lip_center_upper52_x,lip_center_upper52_y,right_lip55_x,right_lip55_y,lip_center_lower58_x,lip_center_lower58_y,trans_x,trans_y,trans_z,rot_x,rot_y,rot_z
0,0,0.21372985839840908,3.5684051513671875,-3.9011077880859375,-2.460983276367159,-4.531497955322266,-1.9039611816405966,5.497882843017578,-2.904251098632784,1.3271789550781534,-2.610580444335909,-4.147994995117216,1.4389953613281534,0.6959991455078267,3.4623413085937216,1.6232681274414062,4.324325561523409,-0.13348388671875,-14.524654388427734,0.38760989159345627,0.7955284118652344,6.420448303222656,-10.710563659667969,-1.7767784595489502,6.676856994628906,0.0006560431793332104,-6.237253546713395e-05,-6.237253546713395e-05,0.6249755264063164,0.659482399536534,1.6222592669353064
