,Unnamed: 0,left_eyebrow_18x,left_eyebrow_18y,left_eyebrow_20x,left_eyebrow_20y,left_eyebrow_22x,left_eyebrow_22y,right_eyebrow_23x,right_eyebrow_23y,right_eyebrow_25x,right_eyebrow_25y,right_eyebrow_27x,right_eyebrow_27y,left_eye38_x,left_eye38_y,right_eye45_x,right_eye45_y,left_lip49_x,left_lip49_y,lip_center_upper52_x,lip_center_upper52_y,right_lip55_x,right_lip55_y,lip_center_lower58_x,lip_center_lower58_y,trans_x,trans_y,trans_z,rot_x,rot_y,rot_z
0,0,-0.3238067626953125,4.5279693603515625,2.168685913085909,3.4327850341796875,6.427970886230476,-0.3115692138671591,16.60688018798828,-2.338882446289034,5.590118408203153,-6.911071777343722,-11.109268188476591,-11.076538085937472,-3.290855407714858,5.941055297851534,-2.7267303466796875,4.9443511962890625,-13.415298461914062,-23.933883666992188,7.132190696895122,2.099201202392578,-6.556144714355469,-0.7953910827636719,4.878634691238403,6.760475158691406,-0.00744466413743794,-0.00251602008938788,-0.00251602008938788,-1.9412934507522603,-15.423838406959403,2.583263756937365
