,Unnamed: 0,left_eyebrow_18x,left_eyebrow_18y,left_eyebrow_20x,left_eyebrow_20y,left_eyebrow_22x,left_eyebrow_22y,right_eyebrow_23x,right_eyebrow_23y,right_eyebrow_25x,right_eyebrow_25y,right_eyebrow_27x,right_eyebrow_27y,left_eye38_x,left_eye38_y,right_eye45_x,right_eye45_y,left_lip49_x,left_lip49_y,lip_center_upper52_x,lip_center_upper52_y,right_lip55_x,right_lip55_y,lip_center_lower58_x,lip_center_lower58_y,trans_x,trans_y,trans_z,rot_x,rot_y,rot_z
0,0,3.657379150390625,0.7032470703124716,-1.5814056396484375,-6.851669311523466,-0.9521446228027344,-3.4064483642578125,-3.009052276611328,-3.62811279296875,0.7704467773437216,-5.877105712890597,1.2417144775390625,3.181884765625,-0.5408020019531392,0.5654754638671875,-0.8321533203125,1.8426513671874716,-3.5533676147460938,-8.822711944580078,0.31675261259078985,-2.680408477783203,5.579216003417969,-19.068004608154297,2.049015522003174,22.09332275390625,-0.000600623432546854,0.0009533576667308807,0.0009533576667308807,-0.9094582105945657,-0.2527234361908528,-1.4952477005165594
