,Unnamed: 0,left_eyebrow_18x,left_eyebrow_18y,left_eyebrow_20x,left_eyebrow_20y,left_eyebrow_22x,left_eyebrow_22y,right_eyebrow_23x,right_eyebrow_23y,right_eyebrow_25x,right_eyebrow_25y,right_eyebrow_27x,right_eyebrow_27y,left_eye38_x,left_eye38_y,right_eye45_x,right_eye45_y,left_lip49_x,left_lip49_y,lip_center_upper52_x,lip_center_upper52_y,right_lip55_x,right_lip55_y,lip_center_lower58_x,lip_center_lower58_y,trans_x,trans_y,trans_z,rot_x,rot_y,rot_z
0,0,-1.13763427734375,3.3602905273437216,-2.1905670166015625,1.722747802734375,7.372468948364261,-1.524627685546875,16.84187316894531,-2.1847991943359375,6.374267578125,-10.963668823242216,-8.878463745117188,-15.42431640625,-6.549957275390639,2.2098846435546875,-6.257965087890611,2.123992919921875,-9.6474609375,-25.9818115234375,14.865911543369293,10.434738159179688,0.1661834716796875,5.0700225830078125,11.27926242351532,3.810523986816392,-0.009258236503228545,-0.0014592371881008218,-0.0014592371881008218,-1.6725309891332447,-22.46310776185918,0.615899815794444
