,Unnamed: 0,left_eyebrow_18x,left_eyebrow_18y,left_eyebrow_20x,left_eyebrow_20y,left_eyebrow_22x,left_eyebrow_22y,right_eyebrow_23x,right_eyebrow_23y,right_eyebrow_25x,right_eyebrow_25y,right_eyebrow_27x,right_eyebrow_27y,left_eye38_x,left_eye38_y,right_eye45_x,right_eye45_y,left_lip49_x,left_lip49_y,lip_center_upper52_x,lip_center_upper52_y,right_lip55_x,right_lip55_y,lip_center_lower58_x,lip_center_lower58_y,trans_x,trans_y,trans_z,rot_x,rot_y,rot_z
0,0,-5.6773681640625,2.141845703125057,15.039085388183594,8.037811279296875,41.66188907623291,9.489822387695312,23.795017242431634,7.5667724609375,-6.940612792968778,-11.490631103515568,-31.96153259277341,-34.01657104492185,-6.269691467285156,8.226211547851534,-15.048591613769531,4.860702514648409,-19.988357543945327,-36.18664360046387,17.00499129295349,3.6394577026367188,-21.793319702148438,7.581794738769517,10.658734485507011,12.03912353515625,-0.025066964328289032,-0.01722676306962967,-0.01722676306962967,7.848269717052336,-31.791133484044447,-3.139628925489148
