,Unnamed: 0,left_eyebrow_18x,left_eyebrow_18y,left_eyebrow_20x,left_eyebrow_20y,left_eyebrow_22x,left_eyebrow_22y,right_eyebrow_23x,right_eyebrow_23y,right_eyebrow_25x,right_eyebrow_25y,right_eyebrow_27x,right_eyebrow_27y,left_eye38_x,left_eye38_y,right_eye45_x,right_eye45_y,left_lip49_x,left_lip49_y,lip_center_upper52_x,lip_center_upper52_y,right_lip55_x,right_lip55_y,lip_center_lower58_x,lip_center_lower58_y,trans_x,trans_y,trans_z,rot_x,rot_y,rot_z
0,0,1.5001068115234375,-5.9190826416015625,4.1252899169921875,-0.4691314697265909,-0.7360572814941406,2.644500732421875,-2.8694381713867188,-0.7244873046875,-3.6532135009765625,2.524993896484318,-1.0260620117187784,-4.394500732421875,3.1521530151367188,-1.423904418945341,-2.0193252563476562,-0.267791748046875,-4.8353118896484375,-1.683483123779304,-0.8936972618103023,-0.2552833557128906,8.63409423828125,-6.980430603027337,-1.8562030792236324,6.578117370605469,-0.0038319500163197517,0.0023021548986434937,0.0023021548986434937,2.6748864806679737,3.0132261822424535,-0.10952425681789413
