,Unnamed: 0,left_eyebrow_18x,left_eyebrow_18y,left_eyebrow_20x,left_eyebrow_20y,left_eyebrow_22x,left_eyebrow_22y,right_eyebrow_23x,right_eyebrow_23y,right_eyebrow_25x,right_eyebrow_25y,right_eyebrow_27x,right_eyebrow_27y,left_eye38_x,left_eye38_y,right_eye45_x,right_eye45_y,left_lip49_x,left_lip49_y,lip_center_upper52_x,lip_center_upper52_y,right_lip55_x,right_lip55_y,lip_center_lower58_x,lip_center_lower58_y,trans_x,trans_y,trans_z,rot_x,rot_y,rot_z
0,0,-2.7060394287109375,-3.4611663818359375,11.038070678710966,8.751449584960909,15.112705230712884,4.593505859375,5.519412994384766,-0.8740081787109091,-0.838623046875,-2.825897216796932,-9.577972412109403,-15.02923583984375,-2.608795166015625,1.056793212890625,-7.290046691894517,-0.5487823486328125,-13.31961059570314,-13.98076248168946,7.280380725860596,1.1362228393554688,3.926055908203111,9.928730010986328,6.588613271713257,7.328590393066406,-0.0038179485127329826,-0.0022653602063655853,-0.0022653602063655853,3.0892868663926327,-18.88575107985797,0.5910906527983624
