,Unnamed: 0,left_eyebrow_18x,left_eyebrow_18y,left_eyebrow_20x,left_eyebrow_20y,left_eyebrow_22x,left_eyebrow_22y,right_eyebrow_23x,right_eyebrow_23y,right_eyebrow_25x,right_eyebrow_25y,right_eyebrow_27x,right_eyebrow_27y,left_eye38_x,left_eye38_y,right_eye45_x,right_eye45_y,left_lip49_x,left_lip49_y,lip_center_upper52_x,lip_center_upper52_y,right_lip55_x,right_lip55_y,lip_center_lower58_x,lip_center_lower58_y,trans_x,trans_y,trans_z,rot_x,rot_y,rot_z
0,0,1.369720458984375,6.5869598388671875,3.6260681152343466,0.8726348876953125,12.103752136230469,-3.7407684326171875,11.829692840576172,-0.8749694824218466,5.307800292968778,-14.299179077148466,-9.44219970703125,-8.243682861328125,-8.024009704589844,3.716278076171875,-5.7927398681640625,-0.4922637939453125,-17.901885986328125,-23.675903320312507,10.095495223999023,3.030292510986321,-11.074661254882812,5.006374359130852,8.45171070098877,3.3968887329101562,0.006854880368337035,0.002620980143547065,0.002620980143547065,3.797014769295032,-28.258358917849666,1.0241665118877519
