,Unnamed: 0,left_eyebrow_18x,left_eyebrow_18y,left_eyebrow_20x,left_eyebrow_20y,left_eyebrow_22x,left_eyebrow_22y,right_eyebrow_23x,right_eyebrow_23y,right_eyebrow_25x,right_eyebrow_25y,right_eyebrow_27x,right_eyebrow_27y,left_eye38_x,left_eye38_y,right_eye45_x,right_eye45_y,left_lip49_x,left_lip49_y,lip_center_upper52_x,lip_center_upper52_y,right_lip55_x,right_lip55_y,lip_center_lower58_x,lip_center_lower58_y,trans_x,trans_y,trans_z,rot_x,rot_y,rot_z
0,0,3.3880615234375,3.261474609375057,-2.8596038818359375,-8.786453247070256,-1.4207687377929688,-8.093795776367188,1.959014892578118,-6.912353515625,-0.15974426269534092,-10.750823974609432,-4.903579711914034,-0.2034454345703125,1.094627380371108,0.7166290283202841,-0.3281402587890625,2.527633666992159,-8.757003784179702,-16.864768981933594,2.6277843713760376,5.407604217529304,6.93194580078125,-13.444133758544922,-1.454051688313484,6.953956604003906,-0.001267422921955586,-0.004188969731330858,-0.004188969731330858,-3.908295709228816,0.41078515379016967,1.0015376385982253
