,Unnamed: 0,left_eyebrow_18x,left_eyebrow_18y,left_eyebrow_20x,left_eyebrow_20y,left_eyebrow_22x,left_eyebrow_22y,right_eyebrow_23x,right_eyebrow_23y,right_eyebrow_25x,right_eyebrow_25y,right_eyebrow_27x,right_eyebrow_27y,left_eye38_x,left_eye38_y,right_eye45_x,right_eye45_y,left_lip49_x,left_lip49_y,lip_center_upper52_x,lip_center_upper52_y,right_lip55_x,right_lip55_y,lip_center_lower58_x,lip_center_lower58_y,trans_x,trans_y,trans_z,rot_x,rot_y,rot_z
0,0,-0.6896209716796875,12.274520874023438,3.6262359619140625,7.915161132812472,29.16912269592286,-2.4087982177734375,25.53589248657226,4.6770782470703125,6.04296875,-2.310638427734375,-26.649627685546875,-19.664779663085938,-11.3531494140625,2.851516723632841,-17.64453125,0.213226318359375,-12.058845520019545,-30.021018981933608,31.642126321792603,17.934844970703125,-24.798015594482422,16.83148956298828,23.569403171539307,8.377914428710938,-0.0049755806103348715,-0.009878441691398614,-0.009878441691398614,-0.6136147399711454,-52.59872509458633,-4.098039750658192
