,Unnamed: 0,left_eyebrow_18x,left_eyebrow_18y,left_eyebrow_20x,left_eyebrow_20y,left_eyebrow_22x,left_eyebrow_22y,right_eyebrow_23x,right_eyebrow_23y,right_eyebrow_25x,right_eyebrow_25y,right_eyebrow_27x,right_eyebrow_27y,left_eye38_x,left_eye38_y,right_eye45_x,right_eye45_y,left_lip49_x,left_lip49_y,lip_center_upper52_x,lip_center_upper52_y,right_lip55_x,right_lip55_y,lip_center_lower58_x,lip_center_lower58_y,trans_x,trans_y,trans_z,rot_x,rot_y,rot_z
0,0,-5.828353881835994,0.8400268554687784,15.707862854003878,3.2020111083984375,36.09436023235321,-2.30010986328125,22.700305938720703,-3.0383758544921875,-4.439163208007841,-16.270782470703125,-46.7943115234375,-28.705215454101562,0.06847381591795454,4.2335968017578125,-15.159294128417983,6.1226806640625,-21.045440673828125,-25.807941436767578,35.70736086368561,-4.1356964111328125,-14.486221313476562,10.450260162353516,19.78689980506897,24.492835998535156,-0.019698809541296214,0.012137480080127716,0.012137480080127716,1.2315285151240456,-40.08997201689315,-2.5495256145599536
