,Unnamed: 0,left_eyebrow_18x,left_eyebrow_18y,left_eyebrow_20x,left_eyebrow_20y,left_eyebrow_22x,left_eyebrow_22y,right_eyebrow_23x,right_eyebrow_23y,right_eyebrow_25x,right_eyebrow_25y,right_eyebrow_27x,right_eyebrow_27y,left_eye38_x,left_eye38_y,right_eye45_x,right_eye45_y,left_lip49_x,left_lip49_y,lip_center_upper52_x,lip_center_upper52_y,right_lip55_x,right_lip55_y,lip_center_lower58_x,lip_center_lower58_y,trans_x,trans_y,trans_z,rot_x,rot_y,rot_z
0,0,-7.510696411132784,7.5000457763671875,12.06591796875,12.96240234375,31.650416374206543,2.604248046875,24.05684661865235,7.880584716796903,5.108642578125,1.5803375244140625,-24.31701660156247,-26.958282470703125,4.410575866699219,6.956069946289034,-14.029006958007827,3.2576904296875,-23.135391235351562,-24.97236251831054,22.391886148601774,4.667678833007805,-36.50593185424805,6.803680419921868,15.985747694969177,10.076675415039062,-0.023762847064062953,-0.0012147128582000802,-0.0012147128582000802,-6.554793178420552,-37.67728341896819,-4.352246035139155
