,Unnamed: 0,left_eyebrow_18x,left_eyebrow_18y,left_eyebrow_20x,left_eyebrow_20y,left_eyebrow_22x,left_eyebrow_22y,right_eyebrow_23x,right_eyebrow_23y,right_eyebrow_25x,right_eyebrow_25y,right_eyebrow_27x,right_eyebrow_27y,left_eye38_x,left_eye38_y,right_eye45_x,right_eye45_y,left_lip49_x,left_lip49_y,lip_center_upper52_x,lip_center_upper52_y,right_lip55_x,right_lip55_y,lip_center_lower58_x,lip_center_lower58_y,trans_x,trans_y,trans_z,rot_x,rot_y,rot_z
0,0,-0.9651336669922159,9.987686157226562,12.89501953125,6.418304443359375,38.08584499359131,-5.230636596679716,25.113971710205078,2.0474853515625284,3.7798461914062784,-14.906906127929688,-36.3861083984375,-28.169815063476562,-5.832427978515625,5.7115325927734375,-13.012855529785156,6.9790191650390625,-27.89892578125,-32.898515701293945,25.903453826904297,10.176704406738281,-36.04259490966797,11.63593673706054,13.83503818511963,3.2101974487304688,-0.011491536395624278,0.013157889246940613,0.013157889246940613,3.6910174021304334,-44.030518864306224,-1.9895537862290351
