,Unnamed: 0,left_eyebrow_18x,left_eyebrow_18y,left_eyebrow_20x,left_eyebrow_20y,left_eyebrow_22x,left_eyebrow_22y,right_eyebrow_23x,right_eyebrow_23y,right_eyebrow_25x,right_eyebrow_25y,right_eyebrow_27x,right_eyebrow_27y,left_eye38_x,left_eye38_y,right_eye45_x,right_eye45_y,left_lip49_x,left_lip49_y,lip_center_upper52_x,lip_center_upper52_y,right_lip55_x,right_lip55_y,lip_center_lower58_x,lip_center_lower58_y,trans_x,trans_y,trans_z,rot_x,rot_y,rot_z
0,0,0.5848083496094034,2.670150756835966,-1.338943481445284,0.7764587402343466,-0.525745391845696,-2.0926361083984375,-0.2695198059082031,0.7975158691406534,-3.0636749267578125,1.641616821289034,-2.2869110107421875,0.6655426025390625,1.1472625732421875,-2.5973358154296307,-0.9941482543945312,-1.643035888671875,-3.3933486938476705,-5.302391052246108,2.468989670276642,4.839984893798835,5.790000915527344,-3.548015594482422,0.19181042909622192,1.1392898559570312,0.005360153038054705,-0.0004535503685474396,-0.0004535503685474396,0.43992204914694666,-6.839484826088907,-0.3058807454831294
