,Unnamed: 0,left_eyebrow_18x,left_eyebrow_18y,left_eyebrow_20x,left_eyebrow_20y,left_eyebrow_22x,left_eyebrow_22y,right_eyebrow_23x,right_eyebrow_23y,right_eyebrow_25x,right_eyebrow_25y,right_eyebrow_27x,right_eyebrow_27y,left_eye38_x,left_eye38_y,right_eye45_x,right_eye45_y,left_lip49_x,left_lip49_y,lip_center_upper52_x,lip_center_upper52_y,right_lip55_x,right_lip55_y,lip_center_lower58_x,lip_center_lower58_y,trans_x,trans_y,trans_z,rot_x,rot_y,rot_z
0,0,-3.595718383789034,7.780426025390653,9.09378814697267,-3.075454711914034,28.079708099365234,-7.159103393554716,29.298954010009766,-10.179809570312472,12.328506469726534,-19.365341186523466,-26.186798095703125,-23.85729980468747,3.3622512817382812,8.756484985351591,-12.0880126953125,8.109146118164062,-33.42341613769531,-36.755523681640625,20.411696434021,5.357803344726555,-16.71654510498047,-4.463619232177727,13.612423956394196,9.199157714843764,0.003959624329581857,-0.023105185478925705,-0.023105185478925705,-4.0763315167500345,-31.844254566536765,-4.088250471765361
