,Unnamed: 0,left_eyebrow_18x,left_eyebrow_18y,left_eyebrow_20x,left_eyebrow_20y,left_eyebrow_22x,left_eyebrow_22y,right_eyebrow_23x,right_eyebrow_23y,right_eyebrow_25x,right_eyebrow_25y,right_eyebrow_27x,right_eyebrow_27y,left_eye38_x,left_eye38_y,right_eye45_x,right_eye45_y,left_lip49_x,left_lip49_y,lip_center_upper52_x,lip_center_upper52_y,right_lip55_x,right_lip55_y,lip_center_lower58_x,lip_center_lower58_y,trans_x,trans_y,trans_z,rot_x,rot_y,rot_z
0,0,-3.688751220703182,8.339828491210938,7.812263488769517,5.058517456054716,28.79039764404297,-0.0851287841796875,32.49818801879883,5.026260375976534,3.046951293945284,1.4491424560546875,-33.104827880859375,-27.106170654296847,-3.1646499633789205,1.8790435791015625,-17.01043701171875,1.6118927001953125,-17.217170715332045,-23.548828124999993,28.488601207733154,14.547447204589844,-16.760391235351577,13.158119201660156,18.028284549713135,12.79534912109375,-0.0196490699891001,-0.03233279287815094,-0.03233279287815094,-1.8696572803757059,-36.66082090767189,-1.6788107301536133
