,Unnamed: 0,left_eyebrow_18x,left_eyebrow_18y,left_eyebrow_20x,left_eyebrow_20y,left_eyebrow_22x,left_eyebrow_22y,right_eyebrow_23x,right_eyebrow_23y,right_eyebrow_25x,right_eyebrow_25y,right_eyebrow_27x,right_eyebrow_27y,left_eye38_x,left_eye38_y,right_eye45_x,right_eye45_y,left_lip49_x,left_lip49_y,lip_center_upper52_x,lip_center_upper52_y,right_lip55_x,right_lip55_y,lip_center_lower58_x,lip_center_lower58_y,trans_x,trans_y,trans_z,rot_x,rot_y,rot_z
0,0,4.848937988281278,-2.393753051757784,-3.083740234375,-15.153823852539034,-5.518009185791016,-12.072036743164062,5.826103210449219,-11.557876586914034,4.234878540039006,-14.37353515625,-4.9734344482421875,-1.2780609130859375,2.8482742309570312,5.007263183593778,-1.2835311889648438,4.669372558593778,-15.209159851074219,-17.20132064819336,-1.0978276729583738,2.4298057556152344,17.376640319824205,-19.428188323974602,1.037506639957428,5.379638671875,-0.0018579656025394797,0.0017123594880104065,0.0017123594880104065,-3.3226344392232354,1.191940829612156,-1.2815499512631598
