,Unnamed: 0,left_eyebrow_18x,left_eyebrow_18y,left_eyebrow_20x,left_eyebrow_20y,left_eyebrow_22x,left_eyebrow_22y,right_eyebrow_23x,right_eyebrow_23y,right_eyebrow_25x,right_eyebrow_25y,right_eyebrow_27x,right_eyebrow_27y,left_eye38_x,left_eye38_y,right_eye45_x,right_eye45_y,left_lip49_x,left_lip49_y,lip_center_upper52_x,lip_center_upper52_y,right_lip55_x,right_lip55_y,lip_center_lower58_x,lip_center_lower58_y,trans_x,trans_y,trans_z,rot_x,rot_y,rot_z
0,0,3.85443115234375,3.004180908203125,0.3770751953125,0.0186004638671875,-1.7063446044921875,-6.360824584960909,-2.669818878173828,-4.91015625,0.1719818115234375,0.7732391357421875,1.048004150390625,3.917221069335966,-0.9853439331054688,0.5257263183593466,-1.6272048950195455,-0.8597259521484375,-4.289794921875,4.664157867431641,-1.8854179382324214,-5.30424499511718,-0.8768920898437642,2.41864013671875,0.9546289443969731,-6.5528564453125,0.00014804629608988849,0.0015551522374153068,0.0015551522374153068,-2.705813635721439,-0.4866047577993191,-0.055998853607027055
