,Unnamed: 0,left_eyebrow_18x,left_eyebrow_18y,left_eyebrow_20x,left_eyebrow_20y,left_eyebrow_22x,left_eyebrow_22y,right_eyebrow_23x,right_eyebrow_23y,right_eyebrow_25x,right_eyebrow_25y,right_eyebrow_27x,right_eyebrow_27y,left_eye38_x,left_eye38_y,right_eye45_x,right_eye45_y,left_lip49_x,left_lip49_y,lip_center_upper52_x,lip_center_upper52_y,right_lip55_x,right_lip55_y,lip_center_lower58_x,lip_center_lower58_y,trans_x,trans_y,trans_z,rot_x,rot_y,rot_z
0,0,1.6160278320312784,4.432647705078125,3.623764038085966,8.009979248046875,6.9180450439453125,1.56781005859375,8.69595718383789,1.611251831054716,6.549568176269531,-1.9328155517578125,-3.6504821777344034,-4.069213867187528,-7.501495361328125,0.2384796142578125,-3.4782257080078125,-3.3931732177734375,-4.2971343994140625,-2.6310615539550852,8.465300023555756,1.1313705444335938,-9.666862487792969,13.002300262451172,12.828469991683958,-11.952629089355469,-0.01746652310248464,-0.013449154794216163,-0.013449154794216163,-6.201606139063225,-17.40435373470972,-2.643308343511554
