,Unnamed: 0,left_eyebrow_18x,left_eyebrow_18y,left_eyebrow_20x,left_eyebrow_20y,left_eyebrow_22x,left_eyebrow_22y,right_eyebrow_23x,right_eyebrow_23y,right_eyebrow_25x,right_eyebrow_25y,right_eyebrow_27x,right_eyebrow_27y,left_eye38_x,left_eye38_y,right_eye45_x,right_eye45_y,left_lip49_x,left_lip49_y,lip_center_upper52_x,lip_center_upper52_y,right_lip55_x,right_lip55_y,lip_center_lower58_x,lip_center_lower58_y,trans_x,trans_y,trans_z,rot_x,rot_y,rot_z
0,0,-1.2846527099609375,8.069183349609375,8.122009277343764,12.846130371093778,28.37587547302246,6.4230499267578125,22.960399627685554,8.477005004882841,6.851509094238281,-0.1079559326171875,-16.434341430664062,-21.923095703125,-8.554191589355469,2.27154541015625,-13.569526672363281,-0.2313995361328125,-11.43084716796875,-18.665878295898445,31.580620229244232,8.69363784790039,-32.4720458984375,23.20650863647461,27.013618230819702,-5.8238677978515625,-0.0355893544619903,-0.002429276704788208,-0.002429276704788208,-8.16670059219635,-38.1052879527474,-4.565807735713447
