,Unnamed: 0,left_eyebrow_18x,left_eyebrow_18y,left_eyebrow_20x,left_eyebrow_20y,left_eyebrow_22x,left_eyebrow_22y,right_eyebrow_23x,right_eyebrow_23y,right_eyebrow_25x,right_eyebrow_25y,right_eyebrow_27x,right_eyebrow_27y,left_eye38_x,left_eye38_y,right_eye45_x,right_eye45_y,left_lip49_x,left_lip49_y,lip_center_upper52_x,lip_center_upper52_y,right_lip55_x,right_lip55_y,lip_center_lower58_x,lip_center_lower58_y,trans_x,trans_y,trans_z,rot_x,rot_y,rot_z
0,0,-2.3680572509765625,4.7153472900390625,26.01927185058591,22.22625732421875,49.36893367767334,15.265319824218722,21.96973800659179,16.385803222656307,-10.094345092773438,12.838882446289091,-42.23210144042969,-29.911849975585994,6.406990051269531,1.2343292236328125,-16.15863037109375,-10.103378295898438,-33.29051208496094,-15.774127960205071,22.87557816505432,22.08797454833983,-31.877563476562486,6.825809478759766,18.038938403129578,12.617355346679673,-0.025797536887694154,0.0027847886085510254,0.0027847886085510254,9.96393842404725,-38.27311643601987,-5.6597915030258985
