,Unnamed: 0,left_eyebrow_18x,left_eyebrow_18y,left_eyebrow_20x,left_eyebrow_20y,left_eyebrow_22x,left_eyebrow_22y,right_eyebrow_23x,right_eyebrow_23y,right_eyebrow_25x,right_eyebrow_25y,right_eyebrow_27x,right_eyebrow_27y,left_eye38_x,left_eye38_y,right_eye45_x,right_eye45_y,left_lip49_x,left_lip49_y,lip_center_upper52_x,lip_center_upper52_y,right_lip55_x,right_lip55_y,lip_center_lower58_x,lip_center_lower58_y,trans_x,trans_y,trans_z,rot_x,rot_y,rot_z
0,0,0.07273864746090908,6.092010498046875,2.9571914672851562,5.28173828125,7.721530914306648,-2.7291870117187216,4.724332809448246,-1.416717529296875,1.385200500488267,-4.686599731445284,-6.252746582031222,-3.4692993164062216,-6.96820068359375,0.3151702880859375,-6.123947143554673,-2.424041748046875,-3.0695343017577983,-10.280986785888679,13.006639957427979,3.854286193847649,0.5564346313476562,11.46799087524414,13.532883167266846,-0.043731689453125,-0.003041747957468032,-0.006924286484718316,-0.006924286484718316,-1.7958701355496633,-29.738349276039994,-0.8239353519044457
