,Unnamed: 0,left_eyebrow_18x,left_eyebrow_18y,left_eyebrow_20x,left_eyebrow_20y,left_eyebrow_22x,left_eyebrow_22y,right_eyebrow_23x,right_eyebrow_23y,right_eyebrow_25x,right_eyebrow_25y,right_eyebrow_27x,right_eyebrow_27y,left_eye38_x,left_eye38_y,right_eye45_x,right_eye45_y,left_lip49_x,left_lip49_y,lip_center_upper52_x,lip_center_upper52_y,right_lip55_x,right_lip55_y,lip_center_lower58_x,lip_center_lower58_y,trans_x,trans_y,trans_z,rot_x,rot_y,rot_z
0,0,-5.972946166992216,4.712432861328125,17.522956848144503,10.804000854492188,41.341224312782295,0.647552490234375,24.373619079589844,6.488525390624943,-4.814697265625,1.67633056640625,-46.12001037597656,-25.182205200195312,-2.4522628784179688,6.5176849365234375,-19.71331024169922,2.05126953125,-13.452682495117202,-11.209972381591797,41.893606066703796,-1.317718505859368,-25.07991790771483,37.62552261352539,23.274132192134857,-1.2651214599609375,0.010747840628027916,0.03513895347714424,0.03513895347714424,7.030217950710143,-53.92767463464131,-4.959730736560763
