,Unnamed: 0,left_eyebrow_18x,left_eyebrow_18y,left_eyebrow_20x,left_eyebrow_20y,left_eyebrow_22x,left_eyebrow_22y,right_eyebrow_23x,right_eyebrow_23y,right_eyebrow_25x,right_eyebrow_25y,right_eyebrow_27x,right_eyebrow_27y,left_eye38_x,left_eye38_y,right_eye45_x,right_eye45_y,left_lip49_x,left_lip49_y,lip_center_upper52_x,lip_center_upper52_y,right_lip55_x,right_lip55_y,lip_center_lower58_x,lip_center_lower58_y,trans_x,trans_y,trans_z,rot_x,rot_y,rot_z
0,0,-2.3901977539062784,10.663146972656278,6.9767990112304545,8.156600952148409,29.65771961212159,-1.57177734375,15.083745956420902,2.496170043945284,4.074638366699176,-7.505844116210909,-21.81785583496091,-19.94415283203125,-9.566978454589844,0.6819610595703125,-13.076675415039048,-2.22802734375,-10.022926330566406,-23.61070632934571,33.15118932723999,9.38770675659179,-8.652496337890625,22.648021697998047,24.802667140960693,8.265541076660156,-0.01686616241931915,0.005128819495439529,0.005128819495439529,-2.854890892951215,-48.431293711043324,-2.9600999188729555
