,Unnamed: 0,left_eyebrow_18x,left_eyebrow_18y,left_eyebrow_20x,left_eyebrow_20y,left_eyebrow_22x,left_eyebrow_22y,right_eyebrow_23x,right_eyebrow_23y,right_eyebrow_25x,right_eyebrow_25y,right_eyebrow_27x,right_eyebrow_27y,left_eye38_x,left_eye38_y,right_eye45_x,right_eye45_y,left_lip49_x,left_lip49_y,lip_center_upper52_x,lip_center_upper52_y,right_lip55_x,right_lip55_y,lip_center_lower58_x,lip_center_lower58_y,trans_x,trans_y,trans_z,rot_x,rot_y,rot_z
0,0,1.2396697998046875,2.119552612304659,13.313888549804659,15.898712158203097,26.73890972137451,13.288131713867188,19.624183654785156,9.645355224609347,-2.416091918945341,4.335021972656222,-19.564743041992188,-25.834991455078097,-7.349464416503906,0.6829681396484375,-16.2252197265625,-3.184112548828125,-19.19561004638672,-19.11126327514649,27.443386614322662,13.934131622314453,-13.892753601074219,22.330604553222656,21.15766203403473,8.426574707031264,-0.009154823143035173,0.002799641340970986,0.002799641340970986,6.163215574975648,-47.28126758897946,-3.064618442652696
