,Unnamed: 0,left_eyebrow_18x,left_eyebrow_18y,left_eyebrow_20x,left_eyebrow_20y,left_eyebrow_22x,left_eyebrow_22y,right_eyebrow_23x,right_eyebrow_23y,right_eyebrow_25x,right_eyebrow_25y,right_eyebrow_27x,right_eyebrow_27y,left_eye38_x,left_eye38_y,right_eye45_x,right_eye45_y,left_lip49_x,left_lip49_y,lip_center_upper52_x,lip_center_upper52_y,right_lip55_x,right_lip55_y,lip_center_lower58_x,lip_center_lower58_y,trans_x,trans_y,trans_z,rot_x,rot_y,rot_z
0,0,2.3797760009765625,2.9773406982421875,8.074806213378892,16.770004272460938,15.728336334228516,6.331115722656222,29.44151496887207,4.6593170166015625,9.589965820312472,2.8623199462890625,-14.810775756835966,-16.668365478515625,-7.78466796875,-0.6955871582030966,-17.6068572998047,-4.6981658935546875,-12.017868041992173,-18.86212921142576,21.568932056427002,13.769779205322266,-0.4557495117187358,11.79781723022461,17.478204041719437,9.865280151367188,-0.0032220694702118635,-0.040197275578975664,-0.040197275578975664,2.3553667333516493,-25.299938845021877,2.911311256416606
