,Unnamed: 0,left_eyebrow_18x,left_eyebrow_18y,left_eyebrow_20x,left_eyebrow_20y,left_eyebrow_22x,left_eyebrow_22y,right_eyebrow_23x,right_eyebrow_23y,right_eyebrow_25x,right_eyebrow_25y,right_eyebrow_27x,right_eyebrow_27y,left_eye38_x,left_eye38_y,right_eye45_x,right_eye45_y,left_lip49_x,left_lip49_y,lip_center_upper52_x,lip_center_upper52_y,right_lip55_x,right_lip55_y,lip_center_lower58_x,lip_center_lower58_y,trans_x,trans_y,trans_z,rot_x,rot_y,rot_z
0,0,-1.025741577148409,9.229141235351562,3.3079681396484233,2.3897094726562216,15.68250846862793,-7.9488067626953125,14.552555084228516,-6.326904296875,10.762413024902344,-11.841064453125,-5.7097320556640625,-4.950103759765597,-8.267715454101562,4.3970794677734375,-11.33334350585939,0.71014404296875,-7.0157928466796875,-13.181884765625,20.957315921783447,-1.7802734375,-3.68109130859375,15.17801666259765,17.758960247039795,-7.058357238769531,-0.008022223366424441,-0.01417792588472365,-0.01417792588472365,-4.752212862493283,-26.739831757902778,-2.2124185652086688
