,Unnamed: 0,left_eyebrow_18x,left_eyebrow_18y,left_eyebrow_20x,left_eyebrow_20y,left_eyebrow_22x,left_eyebrow_22y,right_eyebrow_23x,right_eyebrow_23y,right_eyebrow_25x,right_eyebrow_25y,right_eyebrow_27x,right_eyebrow_27y,left_eye38_x,left_eye38_y,right_eye45_x,right_eye45_y,left_lip49_x,left_lip49_y,lip_center_upper52_x,lip_center_upper52_y,right_lip55_x,right_lip55_y,lip_center_lower58_x,lip_center_lower58_y,trans_x,trans_y,trans_z,rot_x,rot_y,rot_z
0,0,1.7966766357421875,3.19598388671875,-2.196571350097699,-4.582412719726591,0.2973747253417969,-7.569137573242244,-0.9886474609374929,-6.767974853515625,3.2699966430664062,-4.39324951171875,-0.12380981445309658,4.230087280273494,-2.4011383056640625,3.4510650634765625,1.9638977050781108,1.2045135498046875,-2.454620361328125,1.8665962219238281,1.5915473699569702,-7.471887588500984,-1.1174774169921733,0.7093238830566406,2.5824358090758324,-10.452980041503906,-0.00016240263357758544,-0.00972086563706398,-0.00972086563706398,-4.165220005779641,-0.7169996062120523,-1.0944292959058368
