,Unnamed: 0,left_eyebrow_18x,left_eyebrow_18y,left_eyebrow_20x,left_eyebrow_20y,left_eyebrow_22x,left_eyebrow_22y,right_eyebrow_23x,right_eyebrow_23y,right_eyebrow_25x,right_eyebrow_25y,right_eyebrow_27x,right_eyebrow_27y,left_eye38_x,left_eye38_y,right_eye45_x,right_eye45_y,left_lip49_x,left_lip49_y,lip_center_upper52_x,lip_center_upper52_y,right_lip55_x,right_lip55_y,lip_center_lower58_x,lip_center_lower58_y,trans_x,trans_y,trans_z,rot_x,rot_y,rot_z
0,0,3.7803802490234375,-7.543151855468807,6.17359924316402,13.692687988281278,-1.0588569641113317,14.754257202148494,0.9822711944580078,18.892837524414062,-4.1948699951171875,14.346328735351506,-0.5965881347655966,-6.951263427734375,1.5784072875976562,-7.9481201171875,-3.436981201171875,-6.0316162109375,-1.1824951171875,3.4915771484375,-0.993436872959137,8.224903106689453,2.3769912719726562,-0.8577346801757812,-1.7760940194129944,6.62646484375,0.010465793660841882,-0.022222917526960373,-0.022222917526960373,13.511927056405769,-0.20863609425286034,8.899814980876089
