,Unnamed: 0,left_eyebrow_18x,left_eyebrow_18y,left_eyebrow_20x,left_eyebrow_20y,left_eyebrow_22x,left_eyebrow_22y,right_eyebrow_23x,right_eyebrow_23y,right_eyebrow_25x,right_eyebrow_25y,right_eyebrow_27x,right_eyebrow_27y,left_eye38_x,left_eye38_y,right_eye45_x,right_eye45_y,left_lip49_x,left_lip49_y,lip_center_upper52_x,lip_center_upper52_y,right_lip55_x,right_lip55_y,lip_center_lower58_x,lip_center_lower58_y,trans_x,trans_y,trans_z,rot_x,rot_y,rot_z
0,0,1.021331787109375,1.6843261718749716,8.834121704101548,19.23591613769537,11.62854194641113,13.739334106445341,15.173877716064453,16.941452026367216,1.9210968017578125,8.417282104492159,-7.177871704101506,-14.462951660156278,-5.808578491210923,-4.685546875,-9.844703674316406,-6.497833251953153,-4.8427810668945455,-11.310821533203132,15.560351014137268,10.711425781250007,-9.380661010742188,14.69894027709961,11.732022762298582,7.960235595703125,0.005333858891390265,-0.044694799929857254,-0.044694799929857254,7.9205481435644325,-25.932103927199503,8.97375278797629
