,Unnamed: 0,left_eyebrow_18x,left_eyebrow_18y,left_eyebrow_20x,left_eyebrow_20y,left_eyebrow_22x,left_eyebrow_22y,right_eyebrow_23x,right_eyebrow_23y,right_eyebrow_25x,right_eyebrow_25y,right_eyebrow_27x,right_eyebrow_27y,left_eye38_x,left_eye38_y,right_eye45_x,right_eye45_y,left_lip49_x,left_lip49_y,lip_center_upper52_x,lip_center_upper52_y,right_lip55_x,right_lip55_y,lip_center_lower58_x,lip_center_lower58_y,trans_x,trans_y,trans_z,rot_x,rot_y,rot_z
0,0,-0.820404052734375,5.5313873291015625,20.134140014648438,18.766036987304716,47.99231719970703,8.649642944335909,46.607942581176744,10.417694091796847,0.7733612060546875,11.70941162109375,-48.61383056640625,-31.769561767578097,-7.390800476074219,1.8283691406250284,-26.964782714843764,-2.0503997802734375,-12.272193908691392,-20.37447357177733,37.874231815338135,18.342235565185547,-23.105751037597656,14.711925506591797,27.74117401242256,18.025657653808608,-0.02506660460494459,-0.03280836343765259,-0.03280836343765259,2.82268369824397,-42.842833416236395,-0.005360711664899931
