,Unnamed: 0,left_eyebrow_18x,left_eyebrow_18y,left_eyebrow_20x,left_eyebrow_20y,left_eyebrow_22x,left_eyebrow_22y,right_eyebrow_23x,right_eyebrow_23y,right_eyebrow_25x,right_eyebrow_25y,right_eyebrow_27x,right_eyebrow_27y,left_eye38_x,left_eye38_y,right_eye45_x,right_eye45_y,left_lip49_x,left_lip49_y,lip_center_upper52_x,lip_center_upper52_y,right_lip55_x,right_lip55_y,lip_center_lower58_x,lip_center_lower58_y,trans_x,trans_y,trans_z,rot_x,rot_y,rot_z
0,0,4.7459564208984375,1.327957153320284,-7.014457702636719,-5.4974365234375,-10.795734405517578,-10.213882446289062,8.510990142822266,-9.72480773925787,3.4059524536132812,-7.65234375,-4.0930328369140625,2.154571533203125,-1.4440765380859375,5.7823638916015625,2.11383056640625,5.8399810791015625,-7.898384094238281,1.753936767578118,0.23819321393966675,-0.4990806579589844,8.503814697265625,0.22960281372071023,-2.891214430332184,-2.6676864624023438,-0.001618649112060666,-0.013284534215927117,-0.013284534215927117,-6.901428965905103,3.936995618023856,2.041838823348141
