,Unnamed: 0,left_eyebrow_18x,left_eyebrow_18y,left_eyebrow_20x,left_eyebrow_20y,left_eyebrow_22x,left_eyebrow_22y,right_eyebrow_23x,right_eyebrow_23y,right_eyebrow_25x,right_eyebrow_25y,right_eyebrow_27x,right_eyebrow_27y,left_eye38_x,left_eye38_y,right_eye45_x,right_eye45_y,left_lip49_x,left_lip49_y,lip_center_upper52_x,lip_center_upper52_y,right_lip55_x,right_lip55_y,lip_center_lower58_x,lip_center_lower58_y,trans_x,trans_y,trans_z,rot_x,rot_y,rot_z
0,0,-2.8028564453125284,5.77642822265625,5.1016082763671875,8.299850463867188,11.49455833435059,5.4581146240234375,-9.276988983154297,6.546707153320341,-3.5118408203125,8.092315673828125,3.135665893554716,6.85272216796875,-1.0752410888671875,0.8386535644530966,-2.226593017578139,-2.059906005859375,1.560554504394517,-0.923839569091804,0.4499373435974121,11.878124237060547,-1.0544052124023295,-1.1874046325683594,1.0604872703552242,-2.0511856079101562,0.002057932171737775,-0.0036997124552726746,-0.0036997124552726746,6.010168905952135,-0.7428707146584057,-0.18430679610696277
