,Unnamed: 0,left_eyebrow_18x,left_eyebrow_18y,left_eyebrow_20x,left_eyebrow_20y,left_eyebrow_22x,left_eyebrow_22y,right_eyebrow_23x,right_eyebrow_23y,right_eyebrow_25x,right_eyebrow_25y,right_eyebrow_27x,right_eyebrow_27y,left_eye38_x,left_eye38_y,right_eye45_x,right_eye45_y,left_lip49_x,left_lip49_y,lip_center_upper52_x,lip_center_upper52_y,right_lip55_x,right_lip55_y,lip_center_lower58_x,lip_center_lower58_y,trans_x,trans_y,trans_z,rot_x,rot_y,rot_z
0,0,-3.0588989257812784,3.857818603515625,8.592765808105469,10.958633422851534,19.27096176147461,-2.283447265625,12.658817291259766,2.458480834960966,6.862876892089844,5.1041412353515625,-6.330780029296847,-11.451995849609375,-2.548332214355483,5.0144500732421875,-8.564132690429702,1.589630126953125,-8.420890808105483,-7.541984558105476,11.396670341491701,-2.34259033203125,-8.481208801269531,18.705085754394524,9.348142623901367,-10.786499023437514,-0.006936394522199407,-0.025736935436725616,-0.025736935436725616,-9.185008912711124,-22.2948476328458,0.32126284489380474
