,Unnamed: 0,left_eyebrow_18x,left_eyebrow_18y,left_eyebrow_20x,left_eyebrow_20y,left_eyebrow_22x,left_eyebrow_22y,right_eyebrow_23x,right_eyebrow_23y,right_eyebrow_25x,right_eyebrow_25y,right_eyebrow_27x,right_eyebrow_27y,left_eye38_x,left_eye38_y,right_eye45_x,right_eye45_y,left_lip49_x,left_lip49_y,lip_center_upper52_x,lip_center_upper52_y,right_lip55_x,right_lip55_y,lip_center_lower58_x,lip_center_lower58_y,trans_x,trans_y,trans_z,rot_x,rot_y,rot_z
0,0,-0.25419616699213066,0.8970642089844034,7.166053771972656,3.3916015625,15.559599876403807,4.308929443359403,22.786802291870117,3.30401611328125,6.4526214599609375,-5.1029815673828125,-17.060897827148438,-16.280731201171903,-4.1482391357421875,6.575271606445284,-11.112541198730455,1.100860595703125,-14.5548095703125,-18.20740890502931,14.465737015008925,3.745185852050774,-1.280494689941392,15.843132019042955,15.850744172930716,9.303260803222642,0.0034242761321365833,-0.049868412315845476,-0.049868412315845476,2.988357864402154,-32.16094753423037,1.1282472162017083
