,Unnamed: 0,left_eyebrow_18x,left_eyebrow_18y,left_eyebrow_20x,left_eyebrow_20y,left_eyebrow_22x,left_eyebrow_22y,right_eyebrow_23x,right_eyebrow_23y,right_eyebrow_25x,right_eyebrow_25y,right_eyebrow_27x,right_eyebrow_27y,left_eye38_x,left_eye38_y,right_eye45_x,right_eye45_y,left_lip49_x,left_lip49_y,lip_center_upper52_x,lip_center_upper52_y,right_lip55_x,right_lip55_y,lip_center_lower58_x,lip_center_lower58_y,trans_x,trans_y,trans_z,rot_x,rot_y,rot_z
0,0,-3.310989379882784,11.205291748046875,7.958023071289034,20.54248046875,39.950608253479004,-12.629608154296875,24.45095825195313,-2.294052124023466,1.1465911865234375,5.593780517578125,-34.36497497558594,-18.003692626953125,-5.9929962158203125,7.1487884521484375,-23.09113311767578,8.900985717773438,-12.878494262695298,-22.536746978759766,31.08251428604126,3.066772460937507,-20.70831298828125,24.733993530273438,19.809560522437096,0.18634796142578125,-0.028775101061910394,-0.028450790792703635,-0.028450790792703635,-4.766935173802892,-40.70089455446156,-0.15776090613216498
