,Unnamed: 0,left_eyebrow_18x,left_eyebrow_18y,left_eyebrow_20x,left_eyebrow_20y,left_eyebrow_22x,left_eyebrow_22y,right_eyebrow_23x,right_eyebrow_23y,right_eyebrow_25x,right_eyebrow_25y,right_eyebrow_27x,right_eyebrow_27y,left_eye38_x,left_eye38_y,right_eye45_x,right_eye45_y,left_lip49_x,left_lip49_y,lip_center_upper52_x,lip_center_upper52_y,right_lip55_x,right_lip55_y,lip_center_lower58_x,lip_center_lower58_y,trans_x,trans_y,trans_z,rot_x,rot_y,rot_z
0,0,-6.0848388671875,12.140670776367159,20.44129180908203,17.96513366699213,51.65225601196289,-2.7862854003905966,35.984092712402344,-0.5097961425780966,0.8168869018554688,10.5498046875,-44.6529541015625,-19.56913757324216,-2.8555908203125,11.78753662109375,-23.175903320312514,4.709869384765625,-14.022041320800795,-10.37495422363282,29.274805068969727,-5.171722412109375,-35.7141456604004,24.272483825683587,16.81861972808838,-1.851654052734375,-0.023190780455479402,-0.029343832284212105,-0.029343832284212105,-5.778120126119054,-45.05285349495635,2.965158111096893
