,Unnamed: 0,left_eyebrow_18x,left_eyebrow_18y,left_eyebrow_20x,left_eyebrow_20y,left_eyebrow_22x,left_eyebrow_22y,right_eyebrow_23x,right_eyebrow_23y,right_eyebrow_25x,right_eyebrow_25y,right_eyebrow_27x,right_eyebrow_27y,left_eye38_x,left_eye38_y,right_eye45_x,right_eye45_y,left_lip49_x,left_lip49_y,lip_center_upper52_x,lip_center_upper52_y,right_lip55_x,right_lip55_y,lip_center_lower58_x,lip_center_lower58_y,trans_x,trans_y,trans_z,rot_x,rot_y,rot_z
0,0,-7.420684814453125,9.6739501953125,16.589851379394545,6.459625244140597,44.653163731098175,5.76763916015625,12.128543853759759,15.127182006835938,4.3404998779296875,0.692108154296875,-23.367324829101562,-21.714157104492188,-4.473831176757798,-2.145538330078125,-21.751991271972656,-2.785919189453125,-7.831871032714844,-12.183467864990234,38.46349787712097,11.648757934570312,-23.86376190185547,26.06204605102539,26.707481920719147,10.615531921386719,-0.01590587105602026,-0.030960150063037872,-0.030960150063037872,-4.687716221489266,-47.71862290180199,-1.2250073018418006
