,Unnamed: 0,left_eyebrow_18x,left_eyebrow_18y,left_eyebrow_20x,left_eyebrow_20y,left_eyebrow_22x,left_eyebrow_22y,right_eyebrow_23x,right_eyebrow_23y,right_eyebrow_25x,right_eyebrow_25y,right_eyebrow_27x,right_eyebrow_27y,left_eye38_x,left_eye38_y,right_eye45_x,right_eye45_y,left_lip49_x,left_lip49_y,lip_center_upper52_x,lip_center_upper52_y,right_lip55_x,right_lip55_y,lip_center_lower58_x,lip_center_lower58_y,trans_x,trans_y,trans_z,rot_x,rot_y,rot_z
0,0,-3.6954956054687216,4.8858489990234375,8.729812622070341,19.197189331054688,20.37121200561523,6.356613159179716,1.0601844787597656,5.5914764404296875,-1.1740112304687784,9.295028686523438,-4.556304931640625,-7.23284912109375,-2.9589767456054545,-2.1297912597655966,-5.9569091796875,-4.940948486328125,-2.0205154418945312,-8.078853607177734,11.362783491611479,-4.640611648559574,0.5307998657226562,15.454948425292969,11.383288145065308,7.557083129882798,-0.012885505566373467,-0.016759108752012246,-0.016759108752012246,-0.034400140842317795,-23.627183395590468,-2.67196436511873
