,Unnamed: 0,left_eyebrow_18x,left_eyebrow_18y,left_eyebrow_20x,left_eyebrow_20y,left_eyebrow_22x,left_eyebrow_22y,right_eyebrow_23x,right_eyebrow_23y,right_eyebrow_25x,right_eyebrow_25y,right_eyebrow_27x,right_eyebrow_27y,left_eye38_x,left_eye38_y,right_eye45_x,right_eye45_y,left_lip49_x,left_lip49_y,lip_center_upper52_x,lip_center_upper52_y,right_lip55_x,right_lip55_y,lip_center_lower58_x,lip_center_lower58_y,trans_x,trans_y,trans_z,rot_x,rot_y,rot_z
0,0,3.5026855468749716,-3.709320068359375,-0.4128570556640625,6.636810302734347,-5.6010284423828125,1.3678741455078125,7.66607666015625,0.4036865234375,5.333831787109347,8.099563598632812,0.011154174804659078,-1.2357330322265625,-1.1230010986328125,6.313751220703097,-5.283950805664077,2.94403076171875,4.073822021484375,-1.0323944091797017,1.8037983179092407,-3.9559402465820455,-0.06075286865234375,-3.7712440490722656,3.683095097541809,1.0853538513183594,-0.0032341182231903076,0.012082308530807495,0.012082308530807495,7.002385331358545,-1.4597312532704074,-3.430160338079211
