,Unnamed: 0,left_eyebrow_18x,left_eyebrow_18y,left_eyebrow_20x,left_eyebrow_20y,left_eyebrow_22x,left_eyebrow_22y,right_eyebrow_23x,right_eyebrow_23y,right_eyebrow_25x,right_eyebrow_25y,right_eyebrow_27x,right_eyebrow_27y,left_eye38_x,left_eye38_y,right_eye45_x,right_eye45_y,left_lip49_x,left_lip49_y,lip_center_upper52_x,lip_center_upper52_y,right_lip55_x,right_lip55_y,lip_center_lower58_x,lip_center_lower58_y,trans_x,trans_y,trans_z,rot_x,rot_y,rot_z
0,0,-5.7993927001953125,9.610931396484403,11.266891479492216,20.579605102539062,43.39117622375488,4.037811279296903,11.274574279785156,6.4809112548828125,7.774642944335909,6.90325927734375,-12.981613159179716,-16.19512939453128,-3.2949905395507812,1.5055999755859375,-17.725784301757812,-4.041320800781278,-12.270317077636719,-20.332366943359375,21.451598227024082,7.845832824707031,-20.014495849609375,17.686065673828125,21.04773306846619,2.143493652343764,-0.02408170816488564,-0.01105863228440284,-0.01105863228440284,1.0773225310613126,-35.62422594264313,-5.920470308463535
