,Unnamed: 0,left_eyebrow_18x,left_eyebrow_18y,left_eyebrow_20x,left_eyebrow_20y,left_eyebrow_22x,left_eyebrow_22y,right_eyebrow_23x,right_eyebrow_23y,right_eyebrow_25x,right_eyebrow_25y,right_eyebrow_27x,right_eyebrow_27y,left_eye38_x,left_eye38_y,right_eye45_x,right_eye45_y,left_lip49_x,left_lip49_y,lip_center_upper52_x,lip_center_upper52_y,right_lip55_x,right_lip55_y,lip_center_lower58_x,lip_center_lower58_y,trans_x,trans_y,trans_z,rot_x,rot_y,rot_z
0,0,0.6575012207030966,-5.18548583984375,7.903633117675781,17.623046875,9.60400009155273,6.002777099609403,18.80575942993164,3.250030517578125,10.239974975585909,2.978790283203125,-6.037048339843778,-14.7757568359375,-3.6868209838867188,8.289352416992159,-13.242965698242188,1.574249267578125,-5.8138427734375,-15.469779968261719,10.052931070327759,-2.5664520263671946,-8.133148193359375,6.785491943359375,15.4130220413208,6.565540313720696,-0.010560118593275547,-0.005486607551574707,-0.005486607551574707,9.09893302974914,-25.80138187886157,-4.003939941845339
