,Unnamed: 0,left_eyebrow_18x,left_eyebrow_18y,left_eyebrow_20x,left_eyebrow_20y,left_eyebrow_22x,left_eyebrow_22y,right_eyebrow_23x,right_eyebrow_23y,right_eyebrow_25x,right_eyebrow_25y,right_eyebrow_27x,right_eyebrow_27y,left_eye38_x,left_eye38_y,right_eye45_x,right_eye45_y,left_lip49_x,left_lip49_y,lip_center_upper52_x,lip_center_upper52_y,right_lip55_x,right_lip55_y,lip_center_lower58_x,lip_center_lower58_y,trans_x,trans_y,trans_z,rot_x,rot_y,rot_z
0,0,4.652740478515653,4.6932525634765625,9.544387817382812,15.853134155273409,11.754707336425785,3.6573333740234375,19.5288314819336,2.0607299804687216,0.85107421875,0.7884063720703125,-21.242767333984403,-13.567886352539034,-5.5336456298828125,0.5830078125,-6.618560791015625,-2.8968658447265057,-17.49175262451172,-5.022590637207031,15.963874101638794,-1.560760498046875,-3.0981826782226562,18.387638092041016,14.169440507888794,7.101776123046889,0.002745409030467272,-0.029322642832994454,-0.029322642832994454,1.8787575260125884,-27.43665635214929,-0.0377502675110295
