,Unnamed: 0,left_eyebrow_18x,left_eyebrow_18y,left_eyebrow_20x,left_eyebrow_20y,left_eyebrow_22x,left_eyebrow_22y,right_eyebrow_23x,right_eyebrow_23y,right_eyebrow_25x,right_eyebrow_25y,right_eyebrow_27x,right_eyebrow_27y,left_eye38_x,left_eye38_y,right_eye45_x,right_eye45_y,left_lip49_x,left_lip49_y,lip_center_upper52_x,lip_center_upper52_y,right_lip55_x,right_lip55_y,lip_center_lower58_x,lip_center_lower58_y,trans_x,trans_y,trans_z,rot_x,rot_y,rot_z
0,0,-1.1710815429687216,1.237213134765625,4.153289794921903,8.507659912109347,18.491746902465817,2.9329833984375,9.657451629638672,7.1176300048828125,2.9551849365234375,0.4439697265624716,-8.128372192382812,-16.668777465820312,-4.522209167480469,2.150604248046875,-9.2308349609375,0.5700988769530966,-13.362594604492188,-15.798660278320305,12.021617650985718,2.9439430236816406,-6.261383056640625,10.324642181396499,12.954322397708893,7.080253601074219,-5.081901326775464e-05,-0.015472456812858582,-0.015472456812858582,5.904311344099078,-24.847307865228274,4.665668629228263
