,Unnamed: 0,left_eyebrow_18x,left_eyebrow_18y,left_eyebrow_20x,left_eyebrow_20y,left_eyebrow_22x,left_eyebrow_22y,right_eyebrow_23x,right_eyebrow_23y,right_eyebrow_25x,right_eyebrow_25y,right_eyebrow_27x,right_eyebrow_27y,left_eye38_x,left_eye38_y,right_eye45_x,right_eye45_y,left_lip49_x,left_lip49_y,lip_center_upper52_x,lip_center_upper52_y,right_lip55_x,right_lip55_y,lip_center_lower58_x,lip_center_lower58_y,trans_x,trans_y,trans_z,rot_x,rot_y,rot_z
0,0,-2.458709716796875,6.302429199218778,16.912628173828153,8.359725952148409,45.676902770996094,-1.311370849609375,27.85739517211914,3.59063720703125,-8.064163208007812,0.9846954345703125,-53.27244567871094,-24.8006591796875,-3.867126464843764,4.81378173828125,-12.858718872070312,-1.3468322753906534,-22.063430786132812,-12.00667953491211,33.04306387901306,1.5783271789550781,-6.98980712890625,25.496936798095703,20.649663507938385,16.227653503417983,-0.016741691157221794,-0.00011107325553894043,-0.00011107325553894043,5.059089146123188,-40.970273978120275,4.5102475261712565
