,Unnamed: 0,left_eyebrow_18x,left_eyebrow_18y,left_eyebrow_20x,left_eyebrow_20y,left_eyebrow_22x,left_eyebrow_22y,right_eyebrow_23x,right_eyebrow_23y,right_eyebrow_25x,right_eyebrow_25y,right_eyebrow_27x,right_eyebrow_27y,left_eye38_x,left_eye38_y,right_eye45_x,right_eye45_y,left_lip49_x,left_lip49_y,lip_center_upper52_x,lip_center_upper52_y,right_lip55_x,right_lip55_y,lip_center_lower58_x,lip_center_lower58_y,trans_x,trans_y,trans_z,rot_x,rot_y,rot_z
0,0,9.010238647460966,3.9425506591796875,5.079704284667969,9.884628295898409,5.2584228515625,-2.655563354492159,-0.7836437225341761,-1.0192871093750284,-4.032646179199219,6.5923309326171875,-7.081787109375028,1.424835205078125,0.6666488647460938,-3.1244964599609375,-5.425407409667969,-2.687347412109318,-10.490859985351548,8.78425598144532,1.6752917170524597,-4.306800842285156,6.669593811035156,10.882408142089844,2.5734662413597107,6.619659423828125,0.00841937454242725,-0.011855132877826684,-0.011855132877826684,1.2786427041617143,-6.668397747982601,0.7030398012635792
