,Unnamed: 0,left_eyebrow_18x,left_eyebrow_18y,left_eyebrow_20x,left_eyebrow_20y,left_eyebrow_22x,left_eyebrow_22y,right_eyebrow_23x,right_eyebrow_23y,right_eyebrow_25x,right_eyebrow_25y,right_eyebrow_27x,right_eyebrow_27y,left_eye38_x,left_eye38_y,right_eye45_x,right_eye45_y,left_lip49_x,left_lip49_y,lip_center_upper52_x,lip_center_upper52_y,right_lip55_x,right_lip55_y,lip_center_lower58_x,lip_center_lower58_y,trans_x,trans_y,trans_z,rot_x,rot_y,rot_z
0,0,0.0667266845703125,7.747787475585909,1.132080078125,2.0377197265625,6.372535705566406,-5.2451934814453125,-0.9865760803222692,-4.644485473632784,3.2110137939453267,-1.116851806640625,-0.889190673828125,5.033905029296875,-1.1384658813476705,-2.5819091796875,-2.3101959228515625,-3.122909545898466,-4.454200744628906,-2.518878936767578,3.869489192962645,11.443939208984382,0.22000885009765625,2.5695037841796875,2.149536371231079,-11.345558166503906,0.012596874730661513,-0.020626112818717957,-0.020626112818717957,-1.5492346762451696,-7.923248946607267,6.223264705679477
