,Unnamed: 0,left_eyebrow_18x,left_eyebrow_18y,left_eyebrow_20x,left_eyebrow_20y,left_eyebrow_22x,left_eyebrow_22y,right_eyebrow_23x,right_eyebrow_23y,right_eyebrow_25x,right_eyebrow_25y,right_eyebrow_27x,right_eyebrow_27y,left_eye38_x,left_eye38_y,right_eye45_x,right_eye45_y,left_lip49_x,left_lip49_y,lip_center_upper52_x,lip_center_upper52_y,right_lip55_x,right_lip55_y,lip_center_lower58_x,lip_center_lower58_y,trans_x,trans_y,trans_z,rot_x,rot_y,rot_z
0,0,-2.3991241455078125,1.89764404296875,5.223083496093778,12.131820678710966,10.10807037353515,3.902786254882841,-11.5218505859375,5.9525299072265625,-6.841644287109403,12.482437133789091,1.353439331054659,-0.1046142578125,4.22723388671875,-5.798248291015597,0.8646011352539062,-4.7529296875,-1.0364456176757812,6.250415802001953,-0.5892360210418701,-9.930452346801758,1.9706268310546875,6.277870178222656,-0.7893524169921877,0.6332626342773438,-0.012385404901579022,0.001614343374967582,0.001614343374967582,1.840485667989227,10.667568867122178,-3.129217303234592
