,Unnamed: 0,left_eyebrow_18x,left_eyebrow_18y,left_eyebrow_20x,left_eyebrow_20y,left_eyebrow_22x,left_eyebrow_22y,right_eyebrow_23x,right_eyebrow_23y,right_eyebrow_25x,right_eyebrow_25y,right_eyebrow_27x,right_eyebrow_27y,left_eye38_x,left_eye38_y,right_eye45_x,right_eye45_y,left_lip49_x,left_lip49_y,lip_center_upper52_x,lip_center_upper52_y,right_lip55_x,right_lip55_y,lip_center_lower58_x,lip_center_lower58_y,trans_x,trans_y,trans_z,rot_x,rot_y,rot_z
0,0,-0.466888427734375,7.9763946533203125,-5.03892517089848,3.3695068359375,4.1122589111328125,-1.7565765380859375,-0.4298744201660085,-5.553009033203125,2.690887451171861,-1.836273193359375,-3.3142547607421875,5.888198852539034,-3.4502639770507812,-3.9551544189453125,-0.6290130615234375,-6.697174072265597,1.8715896606445455,-3.485973358154297,1.145656406879425,-3.8668212890625,-4.301567077636733,3.7339706420898438,1.2219761312007904,-4.865684509277344,0.0058920258888974794,-0.009765253169462085,-0.009765253169462085,-6.723995649213903,-5.413521155185384,-0.2732387239462294
