,Unnamed: 0,left_eyebrow_18x,left_eyebrow_18y,left_eyebrow_20x,left_eyebrow_20y,left_eyebrow_22x,left_eyebrow_22y,right_eyebrow_23x,right_eyebrow_23y,right_eyebrow_25x,right_eyebrow_25y,right_eyebrow_27x,right_eyebrow_27y,left_eye38_x,left_eye38_y,right_eye45_x,right_eye45_y,left_lip49_x,left_lip49_y,lip_center_upper52_x,lip_center_upper52_y,right_lip55_x,right_lip55_y,lip_center_lower58_x,lip_center_lower58_y,trans_x,trans_y,trans_z,rot_x,rot_y,rot_z
0,0,2.138809204101591,-1.3677368164062784,5.1087188720703125,5.9727783203125,4.468143463134773,4.406341552734347,15.176639556884766,4.9410400390625,6.961578369140653,0.0026397705078125,-7.1050262451171875,-11.519195556640625,-4.763359069824219,2.4126434326171875,-2.8048324584960938,0.2122955322265625,-7.921684265136733,-9.859954833984375,13.129219770431519,3.4252281188964844,-7.240325927734361,9.258041381835952,13.081987798213959,7.404945373535156,0.03274746029637753,0.014670081436634064,0.014670081436634064,0.7151432145363502,-31.512893815306818,-3.320269160393744
