,Unnamed: 0,left_eyebrow_18x,left_eyebrow_18y,left_eyebrow_20x,left_eyebrow_20y,left_eyebrow_22x,left_eyebrow_22y,right_eyebrow_23x,right_eyebrow_23y,right_eyebrow_25x,right_eyebrow_25y,right_eyebrow_27x,right_eyebrow_27y,left_eye38_x,left_eye38_y,right_eye45_x,right_eye45_y,left_lip49_x,left_lip49_y,lip_center_upper52_x,lip_center_upper52_y,right_lip55_x,right_lip55_y,lip_center_lower58_x,lip_center_lower58_y,trans_x,trans_y,trans_z,rot_x,rot_y,rot_z
0,0,-6.65362548828125,12.117523193359375,23.033935546875,15.079360961914062,57.87989807128906,4.315887451171875,34.501182556152344,5.542694091796875,-12.517494201660156,7.656265258789034,-70.5602111816406,-26.25927734375,3.1865158081054688,-2.119384765625,-16.236923217773438,-8.291778564453125,-8.650039672851562,4.371341705322266,43.34038496017456,3.5571861267089773,-39.993389129638665,13.631649017333984,24.778018191456795,7.5746917724609375,-0.022363531170412898,-0.0010702833533287048,-0.0010702833533287048,1.175058091855723,-44.60692235376323,-5.188737259806756
