,Unnamed: 0,left_eyebrow_18x,left_eyebrow_18y,left_eyebrow_20x,left_eyebrow_20y,left_eyebrow_22x,left_eyebrow_22y,right_eyebrow_23x,right_eyebrow_23y,right_eyebrow_25x,right_eyebrow_25y,right_eyebrow_27x,right_eyebrow_27y,left_eye38_x,left_eye38_y,right_eye45_x,right_eye45_y,left_lip49_x,left_lip49_y,lip_center_upper52_x,lip_center_upper52_y,right_lip55_x,right_lip55_y,lip_center_lower58_x,lip_center_lower58_y,trans_x,trans_y,trans_z,rot_x,rot_y,rot_z
0,0,-6.497726440429659,11.64227294921875,9.45895385742186,7.69677734375,44.06638956069946,-5.907623291015625,24.46632385253907,-3.372406005859375,-1.5931854248047017,-8.3040771484375,-52.62541198730469,-18.79951477050784,-1.3290863037109375,1.6021270751953125,-16.619338989257812,-0.8839111328125,-6.845375061035156,-13.879768371582031,49.94936269521713,9.600128173828118,-32.06138610839844,19.632640838623047,25.06802093982697,4.649658203125,-0.030482768430374563,-0.01564082084223628,-0.01564082084223628,-8.867273852984404,-40.37133751083264,-2.207475422115097
