,Unnamed: 0,left_eyebrow_18x,left_eyebrow_18y,left_eyebrow_20x,left_eyebrow_20y,left_eyebrow_22x,left_eyebrow_22y,right_eyebrow_23x,right_eyebrow_23y,right_eyebrow_25x,right_eyebrow_25y,right_eyebrow_27x,right_eyebrow_27y,left_eye38_x,left_eye38_y,right_eye45_x,right_eye45_y,left_lip49_x,left_lip49_y,lip_center_upper52_x,lip_center_upper52_y,right_lip55_x,right_lip55_y,lip_center_lower58_x,lip_center_lower58_y,trans_x,trans_y,trans_z,rot_x,rot_y,rot_z
0,0,-1.9457092285156534,-0.2595062255859375,8.4949951171875,5.046142578125,22.650151252746582,1.5623474121093466,11.174415588378906,-1.358016967773466,6.604759216308622,-8.289184570312557,-8.71881103515625,-17.92962646484375,-5.5789337158203125,21.504867553710938,-3.054229736328125,18.467971801757812,-16.22125244140625,-21.182388305664077,8.633682012557985,3.8968544006347656,-18.14641571044922,-2.043346405029297,8.431072473526001,7.672225952148423,0.03763298783451319,0.02006803499534726,0.02006803499534726,2.4644041185023076,-23.389962344586934,0.2703502964413528
