,Unnamed: 0,left_eyebrow_18x,left_eyebrow_18y,left_eyebrow_20x,left_eyebrow_20y,left_eyebrow_22x,left_eyebrow_22y,right_eyebrow_23x,right_eyebrow_23y,right_eyebrow_25x,right_eyebrow_25y,right_eyebrow_27x,right_eyebrow_27y,left_eye38_x,left_eye38_y,right_eye45_x,right_eye45_y,left_lip49_x,left_lip49_y,lip_center_upper52_x,lip_center_upper52_y,right_lip55_x,right_lip55_y,lip_center_lower58_x,lip_center_lower58_y,trans_x,trans_y,trans_z,rot_x,rot_y,rot_z
0,0,-3.146286010742216,10.189102172851591,4.211212158203125,8.59490966796875,13.064586639404293,-2.273162841796932,-10.783594131469727,-6.406188964843778,-1.056358337402358,7.602767944335909,0.0753326416015625,9.41351318359375,-0.02768707275390625,1.6740722656250284,1.85296630859375,2.451690673828125,3.5759735107421875,6.449012756347649,-4.016985148191452,2.9455337524414062,-0.38060760498046875,9.52816390991211,-3.7184505462646484,-7.575744628906264,0.036457509733736515,0.028075644513592124,0.028075644513592124,-1.4400680419513483,-6.406666110618809,-0.2506631232762815
