,Unnamed: 0,left_eyebrow_18x,left_eyebrow_18y,left_eyebrow_20x,left_eyebrow_20y,left_eyebrow_22x,left_eyebrow_22y,right_eyebrow_23x,right_eyebrow_23y,right_eyebrow_25x,right_eyebrow_25y,right_eyebrow_27x,right_eyebrow_27y,left_eye38_x,left_eye38_y,right_eye45_x,right_eye45_y,left_lip49_x,left_lip49_y,lip_center_upper52_x,lip_center_upper52_y,right_lip55_x,right_lip55_y,lip_center_lower58_x,lip_center_lower58_y,trans_x,trans_y,trans_z,rot_x,rot_y,rot_z
0,0,4.2484283447265625,0.14973449707028408,15.691482543945298,16.441360473632812,18.070318222045902,9.89324951171875,5.237743377685554,6.94085693359375,2.6273498535155966,4.354888916015625,-10.420211791992188,-10.399734497070284,-6.439613342285156,-1.3778533935546875,-6.267402648925781,-5.953979492187472,-7.681495666503906,-12.634876251220703,15.691462993621828,-0.5611152648925781,-0.6159896850585938,10.683959960937493,11.053539752960205,31.335990905761705,-0.00027764076367020694,-0.013942297548055649,-0.013942297548055649,2.23769039659129,-34.327933187147316,0.3885614580049457
