,Unnamed: 0,left_eyebrow_18x,left_eyebrow_18y,left_eyebrow_20x,left_eyebrow_20y,left_eyebrow_22x,left_eyebrow_22y,right_eyebrow_23x,right_eyebrow_23y,right_eyebrow_25x,right_eyebrow_25y,right_eyebrow_27x,right_eyebrow_27y,left_eye38_x,left_eye38_y,right_eye45_x,right_eye45_y,left_lip49_x,left_lip49_y,lip_center_upper52_x,lip_center_upper52_y,right_lip55_x,right_lip55_y,lip_center_lower58_x,lip_center_lower58_y,trans_x,trans_y,trans_z,rot_x,rot_y,rot_z
0,0,-6.752502441406278,14.51708984375,13.248710632324219,15.969253540039062,44.91195869445801,1.297882080078125,22.17200469970703,-1.6912536621094034,0.7233810424804688,1.546279907226534,-34.82029724121094,-15.668243408203125,-7.9078216552734375,8.575454711914062,-14.07073974609375,2.3210906982421875,-3.577728271484375,-10.353145599365241,25.565569639205936,6.767578125,-33.932334899902344,23.985523223876953,16.5883047580719,-0.21385192871096592,0.014447416178882122,0.028981863986700773,0.028981863986700773,2.84704699105444,-39.41619081011337,-5.407055914195924
