,Unnamed: 0,left_eyebrow_18x,left_eyebrow_18y,left_eyebrow_20x,left_eyebrow_20y,left_eyebrow_22x,left_eyebrow_22y,right_eyebrow_23x,right_eyebrow_23y,right_eyebrow_25x,right_eyebrow_25y,right_eyebrow_27x,right_eyebrow_27y,left_eye38_x,left_eye38_y,right_eye45_x,right_eye45_y,left_lip49_x,left_lip49_y,lip_center_upper52_x,lip_center_upper52_y,right_lip55_x,right_lip55_y,lip_center_lower58_x,lip_center_lower58_y,trans_x,trans_y,trans_z,rot_x,rot_y,rot_z
0,0,-0.5614776611328125,-8.497161865234375,3.6216506958007812,0.4478912353515625,5.500648498535149,2.1947479248046307,-2.5420684814453054,2.0290527343749716,-2.544769287109375,-2.172088623046932,-3.8739166259765625,-11.128158569335938,-0.6351089477539062,19.020217895507812,4.506385803222656,19.804702758789062,-6.229698181152358,-12.030242919921882,-0.38808202743530273,3.3775558471679688,2.2479934692382812,-8.51158523559571,1.0840816497802734,6.290382385253892,0.03673641104251146,0.02273387589957565,0.02273387589957565,3.5147451953495095,-4.086675982906594,-0.46433698933209366
