,Unnamed: 0,left_eyebrow_18x,left_eyebrow_18y,left_eyebrow_20x,left_eyebrow_20y,left_eyebrow_22x,left_eyebrow_22y,right_eyebrow_23x,right_eyebrow_23y,right_eyebrow_25x,right_eyebrow_25y,right_eyebrow_27x,right_eyebrow_27y,left_eye38_x,left_eye38_y,right_eye45_x,right_eye45_y,left_lip49_x,left_lip49_y,lip_center_upper52_x,lip_center_upper52_y,right_lip55_x,right_lip55_y,lip_center_lower58_x,lip_center_lower58_y,trans_x,trans_y,trans_z,rot_x,rot_y,rot_z
0,0,-6.339187622070341,9.011138916015625,15.776313781738281,5.4483795166015625,51.144920349121094,-2.974075317382841,34.059654235839844,-4.535324096679716,8.320884704589844,-8.352584838867216,-38.557281494140625,-28.30480957031247,-2.8019027709960938,21.932830810546875,-11.877105712890625,17.978851318359375,-20.864448547363267,-24.22036933898926,20.41031527519226,4.365238189697266,-43.39997863769531,1.3303794860839844,14.091973543167114,4.9966049194335795,0.01630641985684633,0.022941580740734935,0.022941580740734935,3.724071960041731,-37.932653934139566,-2.0555515419941552
