,Unnamed: 0,left_eyebrow_18x,left_eyebrow_18y,left_eyebrow_20x,left_eyebrow_20y,left_eyebrow_22x,left_eyebrow_22y,right_eyebrow_23x,right_eyebrow_23y,right_eyebrow_25x,right_eyebrow_25y,right_eyebrow_27x,right_eyebrow_27y,left_eye38_x,left_eye38_y,right_eye45_x,right_eye45_y,left_lip49_x,left_lip49_y,lip_center_upper52_x,lip_center_upper52_y,right_lip55_x,right_lip55_y,lip_center_lower58_x,lip_center_lower58_y,trans_x,trans_y,trans_z,rot_x,rot_y,rot_z
0,0,-2.726715087890625,3.003524780273409,11.5281982421875,11.721343994140597,27.84523296356201,1.217254638671875,42.747737884521484,5.770782470703097,0.7082977294922159,5.5616607666015625,-45.1510009765625,-29.163650512695312,-2.0985336303710938,6.268417358398466,-14.455062866210938,3.0787506103515625,-12.97824096679689,-15.208850860595703,32.010912656784065,9.606475830078125,-26.307640075683594,15.962837219238281,25.248974263668064,11.029525756835938,0.021531710168346763,0.028645232319831848,0.028645232319831848,5.961726984264509,-47.59173061741892,-9.318165736772416
