,Unnamed: 0,left_eyebrow_18x,left_eyebrow_18y,left_eyebrow_20x,left_eyebrow_20y,left_eyebrow_22x,left_eyebrow_22y,right_eyebrow_23x,right_eyebrow_23y,right_eyebrow_25x,right_eyebrow_25y,right_eyebrow_27x,right_eyebrow_27y,left_eye38_x,left_eye38_y,right_eye45_x,right_eye45_y,left_lip49_x,left_lip49_y,lip_center_upper52_x,lip_center_upper52_y,right_lip55_x,right_lip55_y,lip_center_lower58_x,lip_center_lower58_y,trans_x,trans_y,trans_z,rot_x,rot_y,rot_z
0,0,-2.3385162353515625,11.92547607421875,-1.3523559570312642,9.80633544921875,15.914363861083988,-2.5134735107421875,9.92943191528321,-2.2757568359375,2.8387451171874574,-3.5824584960937784,-16.571334838867188,-7.091491699218778,-5.3720550537109375,-2.5721130371094034,-5.144721984863281,-6.449356079101591,-4.81732177734375,-15.157585144042969,20.791838586330414,-0.4746818542480469,-10.292686462402344,17.53873062133789,13.189412236213684,-0.9541244506835795,-0.007503886125050484,-0.030345295555889606,-0.030345295555889606,-8.14713596717868,-25.345241774049093,-0.35758906355656944
