,Unnamed: 0,left_eyebrow_18x,left_eyebrow_18y,left_eyebrow_20x,left_eyebrow_20y,left_eyebrow_22x,left_eyebrow_22y,right_eyebrow_23x,right_eyebrow_23y,right_eyebrow_25x,right_eyebrow_25y,right_eyebrow_27x,right_eyebrow_27y,left_eye38_x,left_eye38_y,right_eye45_x,right_eye45_y,left_lip49_x,left_lip49_y,lip_center_upper52_x,lip_center_upper52_y,right_lip55_x,right_lip55_y,lip_center_lower58_x,lip_center_lower58_y,trans_x,trans_y,trans_z,rot_x,rot_y,rot_z
0,0,-1.6761016845703125,-0.3091583251953125,0.15791320800784092,2.2808380126953125,0.09643173217773082,1.2503662109375,15.642288208007812,-0.0023651123047159217,6.229568481445298,-4.980270385742216,-8.45198059082037,-12.61846923828125,-5.0110321044921875,3.317489624023409,-7.314567565917983,-0.8408050537109091,-2.0831832885742188,-9.890350341796868,22.609366811811928,3.9589881896972585,-6.546760559082031,14.776107788085938,17.234875150024894,-2.534820556640639,-0.0080818579881452,-0.015181660652160645,-0.015181660652160645,-1.002325686147007,-25.04408011082384,-0.6551547978838241
