,Unnamed: 0,left_eyebrow_18x,left_eyebrow_18y,left_eyebrow_20x,left_eyebrow_20y,left_eyebrow_22x,left_eyebrow_22y,right_eyebrow_23x,right_eyebrow_23y,right_eyebrow_25x,right_eyebrow_25y,right_eyebrow_27x,right_eyebrow_27y,left_eye38_x,left_eye38_y,right_eye45_x,right_eye45_y,left_lip49_x,left_lip49_y,lip_center_upper52_x,lip_center_upper52_y,right_lip55_x,right_lip55_y,lip_center_lower58_x,lip_center_lower58_y,trans_x,trans_y,trans_z,rot_x,rot_y,rot_z
0,0,-7.2736968994140625,11.891159057617188,7.1536865234375,16.99761962890625,38.87339210510254,3.985748291015625,19.471542358398438,2.9709167480468466,0.3757934570312784,-2.946533203125,-35.189605712890625,-17.22645568847659,-11.805915832519517,-5.8923492431640625,-24.66064453125,-2.0906982421875,4.134796142578125,-19.17971420288086,54.960320472717285,9.534812927246094,-18.133476257324233,36.581443786621094,26.459774255752563,21.852394104003906,-0.027535446919500828,-0.00640458837733604,-0.00640458837733604,1.3010854205689384,-49.88692844522952,-5.096585023494011
