,Unnamed: 0,left_eyebrow_18x,left_eyebrow_18y,left_eyebrow_20x,left_eyebrow_20y,left_eyebrow_22x,left_eyebrow_22y,right_eyebrow_23x,right_eyebrow_23y,right_eyebrow_25x,right_eyebrow_25y,right_eyebrow_27x,right_eyebrow_27y,left_eye38_x,left_eye38_y,right_eye45_x,right_eye45_y,left_lip49_x,left_lip49_y,lip_center_upper52_x,lip_center_upper52_y,right_lip55_x,right_lip55_y,lip_center_lower58_x,lip_center_lower58_y,trans_x,trans_y,trans_z,rot_x,rot_y,rot_z
0,0,4.6083526611328125,0.885467529296875,5.6410064697265625,12.810806274414062,7.213165283203125,3.771835327148466,-5.847990036010742,6.8740997314453125,-6.426277160644531,14.802581787109403,-4.045455932617159,-0.4689178466797159,-0.37569427490234375,-6.353546142578097,-6.0189056396484375,-4.550323486328125,-4.807777404785156,5.188571929931641,0.4626536369323735,-2.0971450805664134,8.885520935058594,1.3937644958496094,3.7809330970048904,4.208465576171875,0.004799512913450598,-0.0112210214138031,-0.0112210214138031,3.3556000915045026,-4.559944523665097,-2.0411667324827296
