,Unnamed: 0,left_eyebrow_18x,left_eyebrow_18y,left_eyebrow_20x,left_eyebrow_20y,left_eyebrow_22x,left_eyebrow_22y,right_eyebrow_23x,right_eyebrow_23y,right_eyebrow_25x,right_eyebrow_25y,right_eyebrow_27x,right_eyebrow_27y,left_eye38_x,left_eye38_y,right_eye45_x,right_eye45_y,left_lip49_x,left_lip49_y,lip_center_upper52_x,lip_center_upper52_y,right_lip55_x,right_lip55_y,lip_center_lower58_x,lip_center_lower58_y,trans_x,trans_y,trans_z,rot_x,rot_y,rot_z
0,0,-4.6196136474609375,-0.566497802734375,2.5257263183593466,8.265823364257756,5.178678512573242,14.163345336914062,-8.50606918334961,12.7882080078125,-4.823791503906278,8.812194824218778,3.6260528564453125,-1.8352508544921875,-1.0918502807617188,-4.36065673828125,0.3871002197265625,-4.251129150390625,2.0972366333007812,1.7103080749511719,-0.5894689559936523,5.98402404785157,-4.093231201171889,3.07025146484375,1.037741243839264,5.3400115966796875,0.005242350045591593,-0.007305573672056191,-0.007305573672056191,6.798285425796573,-5.366579898798961,-0.7862697266135205
