,Unnamed: 0,left_eyebrow_18x,left_eyebrow_18y,left_eyebrow_20x,left_eyebrow_20y,left_eyebrow_22x,left_eyebrow_22y,right_eyebrow_23x,right_eyebrow_23y,right_eyebrow_25x,right_eyebrow_25y,right_eyebrow_27x,right_eyebrow_27y,left_eye38_x,left_eye38_y,right_eye45_x,right_eye45_y,left_lip49_x,left_lip49_y,lip_center_upper52_x,lip_center_upper52_y,right_lip55_x,right_lip55_y,lip_center_lower58_x,lip_center_lower58_y,trans_x,trans_y,trans_z,rot_x,rot_y,rot_z
0,0,-0.4748840332030966,1.3554229736328125,4.409591674804659,9.349105834960938,10.61963844299316,-4.92041015625,11.040767669677734,-5.881576538085994,6.8864898681640625,-8.731735229492216,-11.542922973632841,-13.266876220703125,-4.7733154296875,8.699996948242188,-4.581382751464844,6.183547973632841,-10.878517150878892,-14.666007995605469,11.32463645376265,1.9019432067871023,-3.1607589721679688,19.051856994628906,9.592969298362732,-1.9810562133789062,0.0016452702693641177,0.0034500546753406525,0.0034500546753406525,-3.7628111184839366,-23.15625598717814,4.520866692046452
