,Unnamed: 0,left_eyebrow_18x,left_eyebrow_18y,left_eyebrow_20x,left_eyebrow_20y,left_eyebrow_22x,left_eyebrow_22y,right_eyebrow_23x,right_eyebrow_23y,right_eyebrow_25x,right_eyebrow_25y,right_eyebrow_27x,right_eyebrow_27y,left_eye38_x,left_eye38_y,right_eye45_x,right_eye45_y,left_lip49_x,left_lip49_y,lip_center_upper52_x,lip_center_upper52_y,right_lip55_x,right_lip55_y,lip_center_lower58_x,lip_center_lower58_y,trans_x,trans_y,trans_z,rot_x,rot_y,rot_z
0,0,5.2398529052734375,10.148361206054716,-2.661018371582017,-2.256973266601534,-3.9280471801757812,-13.623687744140625,10.989471435546875,-14.234970092773438,4.545875549316406,-6.325561523437528,-5.989852905273409,6.9915008544921875,-2.3175277709960938,-7.6695404052734375,-8.752281188964844,-8.585525512695312,-6.593177795410156,8.305747985839844,4.5390073880553246,1.9058647155761648,3.2943038940429545,11.550857543945312,3.6443368196487427,-13.495193481445298,0.011461128713563085,0.0008121058344841003,0.0008121058344841003,-3.320075877451865,-13.193307550731339,-2.7188830370351447
