,Unnamed: 0,left_eyebrow_18x,left_eyebrow_18y,left_eyebrow_20x,left_eyebrow_20y,left_eyebrow_22x,left_eyebrow_22y,right_eyebrow_23x,right_eyebrow_23y,right_eyebrow_25x,right_eyebrow_25y,right_eyebrow_27x,right_eyebrow_27y,left_eye38_x,left_eye38_y,right_eye45_x,right_eye45_y,left_lip49_x,left_lip49_y,lip_center_upper52_x,lip_center_upper52_y,right_lip55_x,right_lip55_y,lip_center_lower58_x,lip_center_lower58_y,trans_x,trans_y,trans_z,rot_x,rot_y,rot_z
0,0,-1.9285278320312784,-5.034881591796875,18.460372924804688,22.944259643554688,45.81935691833497,26.30816650390625,33.84741973876953,27.9913330078125,-19.592544555664062,14.661865234374972,-53.131500244140625,-42.7942810058594,-8.67874145507811,3.6689300537109375,-17.156898498535142,-2.274169921875,-10.231925964355483,-19.770992279052734,38.8389349579811,23.935108184814446,-23.41668701171875,19.365882873535156,23.5519837141037,12.662109375,-0.01086890953592956,0.004737243056297295,0.004737243056297295,14.228321245727514,-44.31358314462754,-10.745145207125505
