,Unnamed: 0,left_eyebrow_18x,left_eyebrow_18y,left_eyebrow_20x,left_eyebrow_20y,left_eyebrow_22x,left_eyebrow_22y,right_eyebrow_23x,right_eyebrow_23y,right_eyebrow_25x,right_eyebrow_25y,right_eyebrow_27x,right_eyebrow_27y,left_eye38_x,left_eye38_y,right_eye45_x,right_eye45_y,left_lip49_x,left_lip49_y,lip_center_upper52_x,lip_center_upper52_y,right_lip55_x,right_lip55_y,lip_center_lower58_x,lip_center_lower58_y,trans_x,trans_y,trans_z,rot_x,rot_y,rot_z
0,0,0.45361328125,5.2842864990234375,-2.6901245117187784,-0.854217529296875,0.7343254089355469,-7.0651397705078125,0.7174491882324219,-6.490386962890653,1.792388916015625,-2.8487243652344034,-0.592803955078125,3.335906982421875,-0.42057037353514204,3.145767211914091,-0.9671707153320312,3.1671905517578693,-0.33238983154296875,-0.6846237182617188,1.1967884246259928,-0.6628303527832102,1.5957183837890625,0.6534156799316406,0.5713244676589964,-2.4980697631835938,0.004356192424893378,0.0031988583505153656,0.0031988583505153656,-3.8040176835208985,-1.2118292074406924,3.3265327407218623
