,Unnamed: 0,left_eyebrow_18x,left_eyebrow_18y,left_eyebrow_20x,left_eyebrow_20y,left_eyebrow_22x,left_eyebrow_22y,right_eyebrow_23x,right_eyebrow_23y,right_eyebrow_25x,right_eyebrow_25y,right_eyebrow_27x,right_eyebrow_27y,left_eye38_x,left_eye38_y,right_eye45_x,right_eye45_y,left_lip49_x,left_lip49_y,lip_center_upper52_x,lip_center_upper52_y,right_lip55_x,right_lip55_y,lip_center_lower58_x,lip_center_lower58_y,trans_x,trans_y,trans_z,rot_x,rot_y,rot_z
0,0,2.2361297607421875,-9.734283447265625,0.9442901611327841,2.6377563476562216,-4.65327072143554,8.447479248046875,0.6020774841308665,6.035888671875,-1.4224853515625,3.0829162597655966,-1.862945556640625,-6.3719635009765625,-0.7830123901367188,-1.3981170654296875,1.6816329956054688,-2.4699249267578125,2.9190597534179688,5.6403350830078125,1.3180911540985107,-3.4845733642578125,1.60833740234375,3.8625221252441406,0.4928241968154907,-0.7104873657226562,-0.0012711603194475174,0.001689191907644265,0.001689191907644265,5.160589751333884,0.9158809709651572,0.4209666977760719
