,Unnamed: 0,left_eyebrow_18x,left_eyebrow_18y,left_eyebrow_20x,left_eyebrow_20y,left_eyebrow_22x,left_eyebrow_22y,right_eyebrow_23x,right_eyebrow_23y,right_eyebrow_25x,right_eyebrow_25y,right_eyebrow_27x,right_eyebrow_27y,left_eye38_x,left_eye38_y,right_eye45_x,right_eye45_y,left_lip49_x,left_lip49_y,lip_center_upper52_x,lip_center_upper52_y,right_lip55_x,right_lip55_y,lip_center_lower58_x,lip_center_lower58_y,trans_x,trans_y,trans_z,rot_x,rot_y,rot_z
0,0,-0.35870361328125,-1.8043975830078125,6.712600708007784,9.102645874023466,12.657329559326179,7.3235321044921875,6.252243041992195,8.168869018554688,0.253662109375,4.135681152343778,-4.762420654296903,-13.932174682617188,-9.503005981445312,0.2726593017578125,-11.882621765136719,-1.5977020263671875,-2.0830459594726705,-8.3283462524414,19.203349322080612,2.0011310577392543,-9.668594360351562,17.520347595214844,14.509671688079834,-1.9409255981445312,0.0060637337737716734,-0.012145228683948524,-0.012145228683948524,7.8021533637726606,-35.50579228519551,1.111293971708975
