,Unnamed: 0,left_eyebrow_18x,left_eyebrow_18y,left_eyebrow_20x,left_eyebrow_20y,left_eyebrow_22x,left_eyebrow_22y,right_eyebrow_23x,right_eyebrow_23y,right_eyebrow_25x,right_eyebrow_25y,right_eyebrow_27x,right_eyebrow_27y,left_eye38_x,left_eye38_y,right_eye45_x,right_eye45_y,left_lip49_x,left_lip49_y,lip_center_upper52_x,lip_center_upper52_y,right_lip55_x,right_lip55_y,lip_center_lower58_x,lip_center_lower58_y,trans_x,trans_y,trans_z,rot_x,rot_y,rot_z
0,0,-0.0623931884765625,2.3762969970703125,6.354202270507827,18.12786865234378,22.32702493667603,8.474166870117159,12.289100646972653,4.3204345703125,3.0289611816406534,3.193359375,-12.0313720703125,-18.00270080566409,-12.661064147949219,2.4807891845703125,-10.15517425537108,0.7720947265625,-0.9849243164062358,-19.658863067626953,20.231341421604156,6.730682373046875,-5.521087646484375,18.926406860351562,13.475120425224304,4.620147705078125,-0.0022989579010754824,-0.012141931802034385,-0.012141931802034385,1.8961511126825092,-30.287545463274633,0.8159795914468151
