,Unnamed: 0,left_eyebrow_18x,left_eyebrow_18y,left_eyebrow_20x,left_eyebrow_20y,left_eyebrow_22x,left_eyebrow_22y,right_eyebrow_23x,right_eyebrow_23y,right_eyebrow_25x,right_eyebrow_25y,right_eyebrow_27x,right_eyebrow_27y,left_eye38_x,left_eye38_y,right_eye45_x,right_eye45_y,left_lip49_x,left_lip49_y,lip_center_upper52_x,lip_center_upper52_y,right_lip55_x,right_lip55_y,lip_center_lower58_x,lip_center_lower58_y,trans_x,trans_y,trans_z,rot_x,rot_y,rot_z
0,0,-2.6139221191405966,-2.3001098632812784,18.854133605957003,5.214996337890625,41.49679613113404,1.7274627685546875,23.344982147216804,6.7686309814453125,-7.0298919677734375,0.6697387695312784,-50.01081848144531,-29.253814697265625,-7.627716064453125,3.485321044921875,-20.84099578857422,2.28045654296875,-17.45994567871095,-11.194526672363281,38.755196779966354,15.749868392944332,-31.033241271972656,23.593917846679688,23.625327587127686,3.7574691772460795,-0.020285276230424643,-0.008307438343763351,-0.008307438343763351,7.738938101091385,-49.61294832986683,-4.187387272550226
