,Unnamed: 0,left_eyebrow_18x,left_eyebrow_18y,left_eyebrow_20x,left_eyebrow_20y,left_eyebrow_22x,left_eyebrow_22y,right_eyebrow_23x,right_eyebrow_23y,right_eyebrow_25x,right_eyebrow_25y,right_eyebrow_27x,right_eyebrow_27y,left_eye38_x,left_eye38_y,right_eye45_x,right_eye45_y,left_lip49_x,left_lip49_y,lip_center_upper52_x,lip_center_upper52_y,right_lip55_x,right_lip55_y,lip_center_lower58_x,lip_center_lower58_y,trans_x,trans_y,trans_z,rot_x,rot_y,rot_z
0,0,2.700271606445284,14.715972900390625,0.1671142578125,8.002670288085994,7.602012634277351,-13.354110717773438,13.721382141113281,-9.042510986328097,5.73008728027348,-1.710601806640625,-11.392959594726534,-0.98260498046875,-4.711235046386719,2.9939270019530966,-4.833717346191406,3.5924072265625,-13.882522583007812,-13.53477478027343,10.550688743591309,-0.65179443359375,-6.826438903808594,11.926765441894531,9.382160544395447,-3.27276611328125,-0.003825970576144754,-0.007046222686767578,-0.007046222686767578,-7.9775424141082265,-21.642710689131466,-0.20247476529707242
