,Unnamed: 0,left_eyebrow_18x,left_eyebrow_18y,left_eyebrow_20x,left_eyebrow_20y,left_eyebrow_22x,left_eyebrow_22y,right_eyebrow_23x,right_eyebrow_23y,right_eyebrow_25x,right_eyebrow_25y,right_eyebrow_27x,right_eyebrow_27y,left_eye38_x,left_eye38_y,right_eye45_x,right_eye45_y,left_lip49_x,left_lip49_y,lip_center_upper52_x,lip_center_upper52_y,right_lip55_x,right_lip55_y,lip_center_lower58_x,lip_center_lower58_y,trans_x,trans_y,trans_z,rot_x,rot_y,rot_z
0,0,2.3311767578125,16.43438720703122,0.7931213378906392,3.8465576171875284,13.862907409667969,-12.825515747070312,24.870075225830078,-13.768096923828125,6.509346008300781,-8.068099975585966,-20.15985107421872,-6.4817962646484375,-8.906295776367173,-5.8963775634765625,-18.33611297607422,-7.7510528564453125,-13.942886352539062,-6.100307464599609,23.388789653778076,5.35215759277343,-4.308258056640625,23.15587615966797,16.53635275363922,-10.176689147949219,0.008139386074617505,0.0015086308121681075,0.0015086308121681075,-2.036577394332493,-36.56829621196997,-3.0961259832257446
