,Unnamed: 0,left_eyebrow_18x,left_eyebrow_18y,left_eyebrow_20x,left_eyebrow_20y,left_eyebrow_22x,left_eyebrow_22y,right_eyebrow_23x,right_eyebrow_23y,right_eyebrow_25x,right_eyebrow_25y,right_eyebrow_27x,right_eyebrow_27y,left_eye38_x,left_eye38_y,right_eye45_x,right_eye45_y,left_lip49_x,left_lip49_y,lip_center_upper52_x,lip_center_upper52_y,right_lip55_x,right_lip55_y,lip_center_lower58_x,lip_center_lower58_y,trans_x,trans_y,trans_z,rot_x,rot_y,rot_z
0,0,-5.917434692382841,6.0790557861328125,7.781929016113281,14.40985107421875,28.990660667419434,4.859237670898466,16.14201736450196,7.469329833984375,5.002700805664091,-0.8681793212890341,-16.738113403320312,-25.613098144531193,-1.4106903076171733,1.010086059570284,-13.481185913085938,3.625320434570284,-9.878303527832031,-24.470375061035156,28.61182450503111,6.478458404541023,-26.854576110839844,14.493820190429688,24.31318783760071,10.237770080566406,-0.029704135144129395,0.012097049504518523,0.012097049504518523,0.47621931649460025,-36.09857612082497,-6.320773970938912
