,Unnamed: 0,left_eyebrow_18x,left_eyebrow_18y,left_eyebrow_20x,left_eyebrow_20y,left_eyebrow_22x,left_eyebrow_22y,right_eyebrow_23x,right_eyebrow_23y,right_eyebrow_25x,right_eyebrow_25y,right_eyebrow_27x,right_eyebrow_27y,left_eye38_x,left_eye38_y,right_eye45_x,right_eye45_y,left_lip49_x,left_lip49_y,lip_center_upper52_x,lip_center_upper52_y,right_lip55_x,right_lip55_y,lip_center_lower58_x,lip_center_lower58_y,trans_x,trans_y,trans_z,rot_x,rot_y,rot_z
0,0,-4.635040283203097,7.458831787109347,4.879081726074261,9.495712280273438,11.865364074707024,3.397613525390625,0.8782615661621094,4.986053466796875,-4.239707946777344,-0.884490966796875,-7.64886474609375,-9.220657348632812,0.7284469604492188,-5.064376831054659,-5.649795532226548,-5.245986938476591,-11.30194091796875,-19.029510498046875,16.25166296958923,-5.034816741943359,-11.137054443359375,4.780258178710923,12.172162771224976,26.667274475097656,0.00446833367459476,-0.017400585114955902,-0.017400585114955902,-0.32511472099745964,-26.483943082554184,-0.1834617635173045
