,Unnamed: 0,left_eyebrow_18x,left_eyebrow_18y,left_eyebrow_20x,left_eyebrow_20y,left_eyebrow_22x,left_eyebrow_22y,right_eyebrow_23x,right_eyebrow_23y,right_eyebrow_25x,right_eyebrow_25y,right_eyebrow_27x,right_eyebrow_27y,left_eye38_x,left_eye38_y,right_eye45_x,right_eye45_y,left_lip49_x,left_lip49_y,lip_center_upper52_x,lip_center_upper52_y,right_lip55_x,right_lip55_y,lip_center_lower58_x,lip_center_lower58_y,trans_x,trans_y,trans_z,rot_x,rot_y,rot_z
0,0,-5.359497070312472,8.9952392578125,5.451728820800781,18.909576416015653,19.523939132690426,8.293426513671847,-0.9204177856445312,8.859100341796903,-2.6484451293945312,10.599014282226534,-3.9376831054687216,-4.187194824218778,-0.758689880371108,-5.122741699218778,-5.949844360351577,-9.301513671875,-2.800682067871108,-12.5306396484375,11.329552087932825,5.402927398681648,-10.562164306640625,10.324653625488274,10.376398444175718,5.024147033691406,-0.0031110274139791723,-0.009982336312532425,-0.009982336312532425,-0.27308612077359573,-20.85095024896656,-2.290586469861599
