,Unnamed: 0,left_eyebrow_18x,left_eyebrow_18y,left_eyebrow_20x,left_eyebrow_20y,left_eyebrow_22x,left_eyebrow_22y,right_eyebrow_23x,right_eyebrow_23y,right_eyebrow_25x,right_eyebrow_25y,right_eyebrow_27x,right_eyebrow_27y,left_eye38_x,left_eye38_y,right_eye45_x,right_eye45_y,left_lip49_x,left_lip49_y,lip_center_upper52_x,lip_center_upper52_y,right_lip55_x,right_lip55_y,lip_center_lower58_x,lip_center_lower58_y,trans_x,trans_y,trans_z,rot_x,rot_y,rot_z
0,0,-0.121490478515625,-8.506698608398409,24.987457275390625,20.892837524414034,31.574232101440433,16.651077270507812,17.368751525878906,13.147903442382841,-4.010742187500028,13.87925720214838,-26.26057434082034,-35.46525573730469,-0.9959259033203125,1.8557586669921875,-16.264236450195312,0.4315338134765625,-26.484451293945312,-20.024845123291023,18.672799587249756,5.919582366943359,-1.9199981689453125,13.912097930908203,15.242294311523438,17.41887664794922,-0.0256232600659132,0.009719397872686386,0.009719397872686386,11.289386239801173,-31.007903627746554,-1.5161949128012746
