,Unnamed: 0,left_eyebrow_18x,left_eyebrow_18y,left_eyebrow_20x,left_eyebrow_20y,left_eyebrow_22x,left_eyebrow_22y,right_eyebrow_23x,right_eyebrow_23y,right_eyebrow_25x,right_eyebrow_25y,right_eyebrow_27x,right_eyebrow_27y,left_eye38_x,left_eye38_y,right_eye45_x,right_eye45_y,left_lip49_x,left_lip49_y,lip_center_upper52_x,lip_center_upper52_y,right_lip55_x,right_lip55_y,lip_center_lower58_x,lip_center_lower58_y,trans_x,trans_y,trans_z,rot_x,rot_y,rot_z
0,0,1.0073394775390625,5.990417480468778,3.532028198242159,8.953964233398438,4.820041656494155,3.98065185546875,-8.639135360717773,3.711944580078125,-6.0191497802734375,11.401901245117188,-2.38330078125,5.166961669921875,0.62347412109375,-0.9604034423827841,2.4107513427734233,-0.6666717529296875,0.44213104248045454,-0.5512619018554972,1.2421524524688723,2.4022598266601562,2.113861083984375,-1.1565093994140625,0.4372411370277406,1.93304443359375,-0.0055631678551435505,-0.007025901228189468,-0.007025901228189468,1.738043008643241,4.995281281820159,-1.1436583707041192
