,Unnamed: 0,left_eyebrow_18x,left_eyebrow_18y,left_eyebrow_20x,left_eyebrow_20y,left_eyebrow_22x,left_eyebrow_22y,right_eyebrow_23x,right_eyebrow_23y,right_eyebrow_25x,right_eyebrow_25y,right_eyebrow_27x,right_eyebrow_27y,left_eye38_x,left_eye38_y,right_eye45_x,right_eye45_y,left_lip49_x,left_lip49_y,lip_center_upper52_x,lip_center_upper52_y,right_lip55_x,right_lip55_y,lip_center_lower58_x,lip_center_lower58_y,trans_x,trans_y,trans_z,rot_x,rot_y,rot_z
0,0,1.4368896484375,11.696548461914091,8.455291748046875,18.553497314453125,35.456561803817756,5.8528900146484375,17.841541290283203,10.627716064453153,0.975250244140625,7.073898315429716,-22.280792236328153,-17.713211059570284,-13.05740356445314,2.930557250976591,-19.589637756347656,-1.433120727539091,-13.048522949218764,-26.28995513916017,28.319999933242794,13.659980773925781,-27.179805755615234,18.302169799804688,20.684402942657474,13.868919372558594,-0.0047458205372095125,-0.01511969044804573,-0.01511969044804573,2.529099868579276,-53.123718561423864,-5.453652822746109
