,Unnamed: 0,left_eyebrow_18x,left_eyebrow_18y,left_eyebrow_20x,left_eyebrow_20y,left_eyebrow_22x,left_eyebrow_22y,right_eyebrow_23x,right_eyebrow_23y,right_eyebrow_25x,right_eyebrow_25y,right_eyebrow_27x,right_eyebrow_27y,left_eye38_x,left_eye38_y,right_eye45_x,right_eye45_y,left_lip49_x,left_lip49_y,lip_center_upper52_x,lip_center_upper52_y,right_lip55_x,right_lip55_y,lip_center_lower58_x,lip_center_lower58_y,trans_x,trans_y,trans_z,rot_x,rot_y,rot_z
0,0,-1.6758270263671875,-0.404144287109375,9.785675048828125,4.000244140624943,16.667949676513686,9.535400390625,-19.201473236083977,5.797210693359403,-14.368942260742188,4.2872772216796875,1.274917602539091,-2.3328857421875,-0.1764678955077983,-11.714981079101562,2.693206787109375,-8.632263183593722,1.4089279174804688,9.45474624633789,-7.677473068237305,5.949899673461914,-5.732749938964844,4.477615356445305,-4.392870903015137,-21.89759063720703,-0.0024150693789124484,-0.0032088086009025643,-0.0032088086009025643,1.609788099694855,4.030337151935711,0.861978440373018
