,Unnamed: 0,left_eyebrow_18x,left_eyebrow_18y,left_eyebrow_20x,left_eyebrow_20y,left_eyebrow_22x,left_eyebrow_22y,right_eyebrow_23x,right_eyebrow_23y,right_eyebrow_25x,right_eyebrow_25y,right_eyebrow_27x,right_eyebrow_27y,left_eye38_x,left_eye38_y,right_eye45_x,right_eye45_y,left_lip49_x,left_lip49_y,lip_center_upper52_x,lip_center_upper52_y,right_lip55_x,right_lip55_y,lip_center_lower58_x,lip_center_lower58_y,trans_x,trans_y,trans_z,rot_x,rot_y,rot_z
0,0,0.063507080078125,4.39306640625,5.7105712890625,17.804306030273438,9.846412658691413,7.621795654296847,5.0882530212402415,7.662872314453153,-4.9471435546875,11.140670776367188,-7.39862060546875,-8.9627685546875,-7.9093780517578125,2.6614379882812784,-4.247016906738281,0.403472900390625,-3.544281005859389,-14.167949676513686,14.013936281204224,5.568714141845703,-5.8029632568359375,10.418510437011719,11.397525310516357,5.3307952880859375,0.015627263579517603,-0.016315940767526627,-0.016315940767526627,1.347222815654339,-41.238394812594066,-0.5640946030449303
