,Unnamed: 0,left_eyebrow_18x,left_eyebrow_18y,left_eyebrow_20x,left_eyebrow_20y,left_eyebrow_22x,left_eyebrow_22y,right_eyebrow_23x,right_eyebrow_23y,right_eyebrow_25x,right_eyebrow_25y,right_eyebrow_27x,right_eyebrow_27y,left_eye38_x,left_eye38_y,right_eye45_x,right_eye45_y,left_lip49_x,left_lip49_y,lip_center_upper52_x,lip_center_upper52_y,right_lip55_x,right_lip55_y,lip_center_lower58_x,lip_center_lower58_y,trans_x,trans_y,trans_z,rot_x,rot_y,rot_z
0,0,2.680755615234375,3.378997802734375,8.477958679199219,1.226104736328125,15.175098419189453,-1.2686767578125284,11.235408782958991,6.475387573242244,3.117431640625,-0.6568450927734091,-8.297592163085938,-9.243820190429688,-6.564506530761719,-1.2784423828125,-8.99688720703125,-5.16412353515625,-16.127357482910142,-22.44135284423828,7.613099098205566,7.136169433593736,-1.023834228515625,-1.3472824096679688,8.622336387634277,15.397636413574205,0.0064052564557641745,-0.01254412904381752,-0.01254412904381752,5.1297396604134455,-28.309404259299356,0.8647420241860737
