,Unnamed: 0,left_eyebrow_18x,left_eyebrow_18y,left_eyebrow_20x,left_eyebrow_20y,left_eyebrow_22x,left_eyebrow_22y,right_eyebrow_23x,right_eyebrow_23y,right_eyebrow_25x,right_eyebrow_25y,right_eyebrow_27x,right_eyebrow_27y,left_eye38_x,left_eye38_y,right_eye45_x,right_eye45_y,left_lip49_x,left_lip49_y,lip_center_upper52_x,lip_center_upper52_y,right_lip55_x,right_lip55_y,lip_center_lower58_x,lip_center_lower58_y,trans_x,trans_y,trans_z,rot_x,rot_y,rot_z
0,0,-5.621063232421847,10.626159667968778,8.601402282714872,10.54443359375,33.401912689208984,-6.4008331298828125,24.25014877319336,-5.470001220703068,6.892990112304659,-4.277374267578125,-26.449295043945312,-18.465316772460938,-2.5759048461914205,3.6511535644531534,-16.550941467285156,4.177825927734375,-8.237571716308594,-21.427833557128906,35.27346897125244,4.57356262207032,-8.890113830566406,15.046669006347663,22.164031088352203,8.970642089843764,-0.020755667937919497,-0.025894682854414,-0.025894682854414,-4.047989065587178,-38.19979409935278,-4.365917514179151
