,Unnamed: 0,left_eyebrow_18x,left_eyebrow_18y,left_eyebrow_20x,left_eyebrow_20y,left_eyebrow_22x,left_eyebrow_22y,right_eyebrow_23x,right_eyebrow_23y,right_eyebrow_25x,right_eyebrow_25y,right_eyebrow_27x,right_eyebrow_27y,left_eye38_x,left_eye38_y,right_eye45_x,right_eye45_y,left_lip49_x,left_lip49_y,lip_center_upper52_x,lip_center_upper52_y,right_lip55_x,right_lip55_y,lip_center_lower58_x,lip_center_lower58_y,trans_x,trans_y,trans_z,rot_x,rot_y,rot_z
0,0,-2.144577026367216,7.8350677490234375,4.458190917968778,2.8574829101562216,10.573345184326168,-7.1655120849609375,5.696147918701172,-7.224884033203153,4.659606933593722,-8.323577880859318,-5.315612792968722,-2.821578979492216,-4.2330856323242045,1.224624633789034,-4.343132019042969,0.2807769775390341,-4.850776672363281,-11.91463851928711,9.063819169998169,-5.557811737060547,-2.9559173583984375,10.63626480102537,7.613066077232361,-6.677215576171875,-0.006237055989913642,-0.004444848746061318,-0.004444848746061318,-14.305859931516823,-17.014488835869663,1.0989600166464184
