,Unnamed: 0,left_eyebrow_18x,left_eyebrow_18y,left_eyebrow_20x,left_eyebrow_20y,left_eyebrow_22x,left_eyebrow_22y,right_eyebrow_23x,right_eyebrow_23y,right_eyebrow_25x,right_eyebrow_25y,right_eyebrow_27x,right_eyebrow_27y,left_eye38_x,left_eye38_y,right_eye45_x,right_eye45_y,left_lip49_x,left_lip49_y,lip_center_upper52_x,lip_center_upper52_y,right_lip55_x,right_lip55_y,lip_center_lower58_x,lip_center_lower58_y,trans_x,trans_y,trans_z,rot_x,rot_y,rot_z
0,0,-0.4852447509765625,0.7551422119140909,9.159553527832031,13.381729125976591,15.329521179199222,12.719802856445312,6.795616149902344,8.490631103515653,-0.05026245117184658,0.9609222412109659,-3.9559478759765625,-9.93841552734375,-7.5873260498046875,2.6675720214844034,-6.8578948974609375,-1.376358032226534,-5.415794372558594,-9.27093505859375,15.344304084777832,5.18943977355957,-4.57391357421875,11.840820312500007,14.241696119308472,2.6868515014648295,0.002615140518173575,-0.014565050601959229,-0.014565050601959229,3.4290463632008312,-29.635703030744192,-1.4948968850199242
