,Unnamed: 0,left_eyebrow_18x,left_eyebrow_18y,left_eyebrow_20x,left_eyebrow_20y,left_eyebrow_22x,left_eyebrow_22y,right_eyebrow_23x,right_eyebrow_23y,right_eyebrow_25x,right_eyebrow_25y,right_eyebrow_27x,right_eyebrow_27y,left_eye38_x,left_eye38_y,right_eye45_x,right_eye45_y,left_lip49_x,left_lip49_y,lip_center_upper52_x,lip_center_upper52_y,right_lip55_x,right_lip55_y,lip_center_lower58_x,lip_center_lower58_y,trans_x,trans_y,trans_z,rot_x,rot_y,rot_z
0,0,0.8282012939453409,-4.624496459960966,12.92236328125,15.046493530273409,18.18855857849122,18.54309082031247,4.525241851806641,18.647048950195312,-7.121978759765639,10.886489868164062,-14.262374877929716,-19.22276306152341,1.2115020751953125,-7.1459808349609375,-6.198081970214844,-9.815811157226562,-11.851020812988281,-10.119987487792969,13.768312931060791,17.524396896362305,-3.53656005859375,5.541324615478516,12.466087341308594,9.19659423828125,-0.013272834941744804,-0.023529190570116043,-0.023529190570116043,8.621511260097048,-17.05969815813425,-1.848978878206287
