,Unnamed: 0,left_eyebrow_18x,left_eyebrow_18y,left_eyebrow_20x,left_eyebrow_20y,left_eyebrow_22x,left_eyebrow_22y,right_eyebrow_23x,right_eyebrow_23y,right_eyebrow_25x,right_eyebrow_25y,right_eyebrow_27x,right_eyebrow_27y,left_eye38_x,left_eye38_y,right_eye45_x,right_eye45_y,left_lip49_x,left_lip49_y,lip_center_upper52_x,lip_center_upper52_y,right_lip55_x,right_lip55_y,lip_center_lower58_x,lip_center_lower58_y,trans_x,trans_y,trans_z,rot_x,rot_y,rot_z
0,0,-4.295379638671875,-4.252578735351591,11.792381286621065,25.104278564453125,23.035526275634766,28.23051452636716,-2.1553382873535085,22.499130249023466,-6.679534912109375,14.64208984375,-3.5794067382812784,-19.03424072265622,-8.808128356933594,-3.64080810546875,-4.703292846679702,-5.537933349609375,-4.718925476074219,-9.962757110595703,14.174801349639893,6.664733886718757,-13.4154052734375,14.551677703857415,17.03312349319458,3.4108047485351562,-0.009481974877417084,-0.008960988372564316,-0.008960988372564316,14.835064149958134,-24.44050469685891,-0.40675463299309333
