,Unnamed: 0,left_eyebrow_18x,left_eyebrow_18y,left_eyebrow_20x,left_eyebrow_20y,left_eyebrow_22x,left_eyebrow_22y,right_eyebrow_23x,right_eyebrow_23y,right_eyebrow_25x,right_eyebrow_25y,right_eyebrow_27x,right_eyebrow_27y,left_eye38_x,left_eye38_y,right_eye45_x,right_eye45_y,left_lip49_x,left_lip49_y,lip_center_upper52_x,lip_center_upper52_y,right_lip55_x,right_lip55_y,lip_center_lower58_x,lip_center_lower58_y,trans_x,trans_y,trans_z,rot_x,rot_y,rot_z
0,0,0.7437744140625568,7.072418212890625,5.1848983764648295,17.762405395507784,10.493755340576165,7.1766357421875,5.684120178222656,7.7612762451171875,-6.272697448730483,4.9695587158203125,-11.71728515625,-7.156707763671875,-7.712333679199247,-4.398345947265625,-5.1304779052734375,-7.029296875,-3.173156738281236,-3.0032958984375,19.174935221672058,4.6436004638671875,-3.3040237426757812,17.919227600097656,17.510936498641968,4.370857238769531,-0.0025557968765497208,-0.008418440818786628,-0.008418440818786628,1.5812062088316665,-28.22873767718948,-1.182358974950346
