,Unnamed: 0,left_eyebrow_18x,left_eyebrow_18y,left_eyebrow_20x,left_eyebrow_20y,left_eyebrow_22x,left_eyebrow_22y,right_eyebrow_23x,right_eyebrow_23y,right_eyebrow_25x,right_eyebrow_25y,right_eyebrow_27x,right_eyebrow_27y,left_eye38_x,left_eye38_y,right_eye45_x,right_eye45_y,left_lip49_x,left_lip49_y,lip_center_upper52_x,lip_center_upper52_y,right_lip55_x,right_lip55_y,lip_center_lower58_x,lip_center_lower58_y,trans_x,trans_y,trans_z,rot_x,rot_y,rot_z
0,0,-2.5501861572265625,1.2276611328125,-0.6664352416992188,13.572891235351562,-3.0756797790527415,11.982238769531222,2.1326370239257812,14.11822509765625,-0.571044921875,13.796813964843722,5.2961273193359375,-0.6713714599609659,-2.9197769165039062,-2.2343749999999716,3.252990722656236,0.006134033203125,4.764503479003906,-5.3349609375,2.764422416687011,1.3912353515625,-12.647285461425781,-5.819156646728516,3.328598737716675,1.2220458984375,0.0004643714055418968,-0.016022525727748857,-0.016022525727748857,5.451605064621189,0.6056699046056133,1.0979970311435343
