,Unnamed: 0,left_eyebrow_18x,left_eyebrow_18y,left_eyebrow_20x,left_eyebrow_20y,left_eyebrow_22x,left_eyebrow_22y,right_eyebrow_23x,right_eyebrow_23y,right_eyebrow_25x,right_eyebrow_25y,right_eyebrow_27x,right_eyebrow_27y,left_eye38_x,left_eye38_y,right_eye45_x,right_eye45_y,left_lip49_x,left_lip49_y,lip_center_upper52_x,lip_center_upper52_y,right_lip55_x,right_lip55_y,lip_center_lower58_x,lip_center_lower58_y,trans_x,trans_y,trans_z,rot_x,rot_y,rot_z
0,0,-7.607498168945341,-5.038177490234375,4.785110473632798,5.6273651123046875,14.821090698242191,19.982330322265597,5.36211013793946,22.692276000976534,-3.0113372802734375,5.622940063476534,-5.443359375,-21.30314636230466,-5.105377197265611,-2.984405517578125,2.3741607666015625,-0.28155517578125,-3.1287841796875,-13.520023345947266,8.786370754241942,-10.549554824829105,-19.123939514160156,3.310192108154297,6.297449111938477,25.759735107421875,-0.012984834145754576,-0.013861317187547684,-0.013861317187547684,3.3202041922966674,-17.398689025366295,-2.864430847935879
