,Unnamed: 0,left_eyebrow_18x,left_eyebrow_18y,left_eyebrow_20x,left_eyebrow_20y,left_eyebrow_22x,left_eyebrow_22y,right_eyebrow_23x,right_eyebrow_23y,right_eyebrow_25x,right_eyebrow_25y,right_eyebrow_27x,right_eyebrow_27y,left_eye38_x,left_eye38_y,right_eye45_x,right_eye45_y,left_lip49_x,left_lip49_y,lip_center_upper52_x,lip_center_upper52_y,right_lip55_x,right_lip55_y,lip_center_lower58_x,lip_center_lower58_y,trans_x,trans_y,trans_z,rot_x,rot_y,rot_z
0,0,-3.32666015625,-1.613739013671875,10.795135498046875,14.228530883789062,19.957036972045902,14.101150512695312,2.5572776794433594,18.14190673828125,-6.615562438964844,6.776885986328097,-8.332977294921847,-15.324234008789034,-6.6226654052734375,-5.7469024658203125,-3.817665100097642,-8.493972778320312,-0.35516357421875,-11.964523315429688,9.857146024703978,8.907756805419922,-3.4640884399414062,11.800418853759766,11.869107097387314,5.563255310058594,-0.013632060727104543,-0.01290594041347505,-0.01290594041347505,3.9949080896637783,-19.116278608483356,-3.65254864455078
