,Unnamed: 0,left_eyebrow_18x,left_eyebrow_18y,left_eyebrow_20x,left_eyebrow_20y,left_eyebrow_22x,left_eyebrow_22y,right_eyebrow_23x,right_eyebrow_23y,right_eyebrow_25x,right_eyebrow_25y,right_eyebrow_27x,right_eyebrow_27y,left_eye38_x,left_eye38_y,right_eye45_x,right_eye45_y,left_lip49_x,left_lip49_y,lip_center_upper52_x,lip_center_upper52_y,right_lip55_x,right_lip55_y,lip_center_lower58_x,lip_center_lower58_y,trans_x,trans_y,trans_z,rot_x,rot_y,rot_z
0,0,-3.206146240234375,1.2104034423828125,1.0587005615234375,6.61370849609375,6.9335174560546875,6.927215576171875,-2.4890785217285227,5.817581176757841,-1.5035629272460795,7.7089080810546875,1.826675415039034,-0.11921691894534092,-3.276092529296875,3.3859710693359375,2.4533615112304688,1.0485687255859375,3.3307266235351562,-5.002124786376953,-3.1389484852552414,-15.79348373413086,-7.468429565429673,0.5239791870117188,-0.3666930198669438,17.370147705078125,0.0013494878949131819,-0.004085160791873932,-0.004085160791873932,1.813282465262348,-0.28754786938967625,-0.0024551245266399846
