,Unnamed: 0,left_eyebrow_18x,left_eyebrow_18y,left_eyebrow_20x,left_eyebrow_20y,left_eyebrow_22x,left_eyebrow_22y,right_eyebrow_23x,right_eyebrow_23y,right_eyebrow_25x,right_eyebrow_25y,right_eyebrow_27x,right_eyebrow_27y,left_eye38_x,left_eye38_y,right_eye45_x,right_eye45_y,left_lip49_x,left_lip49_y,lip_center_upper52_x,lip_center_upper52_y,right_lip55_x,right_lip55_y,lip_center_lower58_x,lip_center_lower58_y,trans_x,trans_y,trans_z,rot_x,rot_y,rot_z
0,0,-7.4906005859375,8.148361206054688,9.993270874023438,13.057723999023438,44.149929881095886,7.395751953125,11.46366882324218,11.362838745117216,-2.3882904052734233,-3.758331298828125,-22.68061828613284,-31.672027587890625,-6.303382873535156,8.135528564453125,-11.439292907714844,7.4121551513671875,-14.332778930664062,-30.85927963256836,37.872649386525154,4.108642578125,-20.62612915039061,10.291179656982436,19.245179891586304,10.192520141601548,-0.02679799625184387,0.006297454237937927,0.006297454237937927,1.1540056715865095,-43.37474555592631,-4.571174021730817
