,Unnamed: 0,left_eyebrow_18x,left_eyebrow_18y,left_eyebrow_20x,left_eyebrow_20y,left_eyebrow_22x,left_eyebrow_22y,right_eyebrow_23x,right_eyebrow_23y,right_eyebrow_25x,right_eyebrow_25y,right_eyebrow_27x,right_eyebrow_27y,left_eye38_x,left_eye38_y,right_eye45_x,right_eye45_y,left_lip49_x,left_lip49_y,lip_center_upper52_x,lip_center_upper52_y,right_lip55_x,right_lip55_y,lip_center_lower58_x,lip_center_lower58_y,trans_x,trans_y,trans_z,rot_x,rot_y,rot_z
0,0,-14.599578857421847,1.4393005371093466,11.769012451171875,10.527252197265625,36.8233609199524,16.87976074218747,26.777423858642578,19.662307739257812,-12.783416748046875,11.093978881835938,-39.670089721679716,-42.44114685058591,3.7898635864257812,0.262176513671875,-4.3009796142578125,2.431396484375,-11.766754150390625,-18.967639923095696,35.478979587554925,-3.802616119384769,-40.9610710144043,8.752098083496087,11.960525512695312,23.029319763183608,-0.030606301501393318,-0.00048513710498809814,-0.00048513710498809814,-0.7036075767547367,-38.70012837037562,-2.627191543726254
