,Unnamed: 0,left_eyebrow_18x,left_eyebrow_18y,left_eyebrow_20x,left_eyebrow_20y,left_eyebrow_22x,left_eyebrow_22y,right_eyebrow_23x,right_eyebrow_23y,right_eyebrow_25x,right_eyebrow_25y,right_eyebrow_27x,right_eyebrow_27y,left_eye38_x,left_eye38_y,right_eye45_x,right_eye45_y,left_lip49_x,left_lip49_y,lip_center_upper52_x,lip_center_upper52_y,right_lip55_x,right_lip55_y,lip_center_lower58_x,lip_center_lower58_y,trans_x,trans_y,trans_z,rot_x,rot_y,rot_z
0,0,3.804443359375,-3.012100219726534,1.9200210571289062,7.873199462890682,-4.24437332153321,8.925140380859403,2.55291748046875,10.020065307617188,0.21730804443359375,10.9210205078125,1.3545837402343466,0.9452209472656534,-1.8426361083984233,-3.4604949951171875,1.3847274780273438,-1.841567993164091,2.6658554077148438,1.0371818542480469,-2.7236515879631042,4.0931549072265625,0.6350326538085938,-5.379905700683594,-2.546232044696808,-0.7465515136718608,-0.0076258862391114235,-0.00964859127998352,-0.00964859127998352,3.397316159146749,7.32146945551418,0.5200973294608086
