,Unnamed: 0,left_eyebrow_18x,left_eyebrow_18y,left_eyebrow_20x,left_eyebrow_20y,left_eyebrow_22x,left_eyebrow_22y,right_eyebrow_23x,right_eyebrow_23y,right_eyebrow_25x,right_eyebrow_25y,right_eyebrow_27x,right_eyebrow_27y,left_eye38_x,left_eye38_y,right_eye45_x,right_eye45_y,left_lip49_x,left_lip49_y,lip_center_upper52_x,lip_center_upper52_y,right_lip55_x,right_lip55_y,lip_center_lower58_x,lip_center_lower58_y,trans_x,trans_y,trans_z,rot_x,rot_y,rot_z
0,0,-2.9309082031250284,1.6548461914062784,7.303665161132841,17.971633911132812,21.566797256469723,12.642578125,-3.901012420654297,13.725128173828125,-6.515594482421889,9.023056030273494,-5.485260009765625,-12.606567382812472,-3.723548889160142,-1.5781860351562784,-3.0723114013671875,-2.801437377929716,-3.2292633056640483,-16.74428939819336,9.372142314910889,5.5108642578125,-8.408706665039077,6.672008514404297,9.46719527244568,15.384994506835938,-0.009584836661815643,-0.03854244947433472,-0.03854244947433472,1.9052853449880767,-22.05393774055278,-0.9861601645239324
