,Unnamed: 0,left_eyebrow_18x,left_eyebrow_18y,left_eyebrow_20x,left_eyebrow_20y,left_eyebrow_22x,left_eyebrow_22y,right_eyebrow_23x,right_eyebrow_23y,right_eyebrow_25x,right_eyebrow_25y,right_eyebrow_27x,right_eyebrow_27y,left_eye38_x,left_eye38_y,right_eye45_x,right_eye45_y,left_lip49_x,left_lip49_y,lip_center_upper52_x,lip_center_upper52_y,right_lip55_x,right_lip55_y,lip_center_lower58_x,lip_center_lower58_y,trans_x,trans_y,trans_z,rot_x,rot_y,rot_z
0,0,-1.9573516845703693,11.119155883789062,-0.6591262817382812,9.0296630859375,12.615949630737301,0.56219482421875,4.121406555175781,3.2803344726562216,3.17498779296875,6.231094360351591,-4.3485565185546875,0.08663940429684658,-6.4846115112304545,0.02398681640625,-4.232093811035156,-1.7689514160156534,-2.3304061889648438,-1.80914306640625,16.6489839553833,-3.034759521484375,-1.0161666870117188,15.230491638183587,16.06797480583191,-0.7362670898437642,-0.013519343920052052,-0.0246235653758049,-0.0246235653758049,-3.6753235611237827,-16.407521434115687,-1.4180479238643118
