,Unnamed: 0,left_eyebrow_18x,left_eyebrow_18y,left_eyebrow_20x,left_eyebrow_20y,left_eyebrow_22x,left_eyebrow_22y,right_eyebrow_23x,right_eyebrow_23y,right_eyebrow_25x,right_eyebrow_25y,right_eyebrow_27x,right_eyebrow_27y,left_eye38_x,left_eye38_y,right_eye45_x,right_eye45_y,left_lip49_x,left_lip49_y,lip_center_upper52_x,lip_center_upper52_y,right_lip55_x,right_lip55_y,lip_center_lower58_x,lip_center_lower58_y,trans_x,trans_y,trans_z,rot_x,rot_y,rot_z
0,0,-5.891510009765625,1.8118286132812784,15.004669189453153,24.02288818359375,49.02199172973633,10.7685546875,24.450160980224595,21.857162475585938,-13.454032897949219,13.129135131835966,-41.417251586914034,-35.54136657714841,-0.30365753173828125,5.734939575195284,-15.234199523925781,4.613784790039091,-9.19045257568358,-22.124073028564453,30.442060947418213,14.328865051269531,-43.23960113525392,5.829654693603516,20.904132604599,22.1422119140625,-0.03064648807048798,-0.02740693837404251,-0.02740693837404251,4.890384792291007,-40.804056491034956,-6.117778443672167
