,Unnamed: 0,left_eyebrow_18x,left_eyebrow_18y,left_eyebrow_20x,left_eyebrow_20y,left_eyebrow_22x,left_eyebrow_22y,right_eyebrow_23x,right_eyebrow_23y,right_eyebrow_25x,right_eyebrow_25y,right_eyebrow_27x,right_eyebrow_27y,left_eye38_x,left_eye38_y,right_eye45_x,right_eye45_y,left_lip49_x,left_lip49_y,lip_center_upper52_x,lip_center_upper52_y,right_lip55_x,right_lip55_y,lip_center_lower58_x,lip_center_lower58_y,trans_x,trans_y,trans_z,rot_x,rot_y,rot_z
0,0,-5.545349121093778,18.006866455078125,1.2450942993164062,12.471221923828153,31.281999588012695,-1.8122406005859375,21.049865722656257,3.191497802734375,10.210853576660128,3.1709136962890625,-13.736770629882812,-11.321731567382841,-6.223754882812472,1.6459197998046875,-17.510047912597656,-2.8164215087890625,-6.740272521972642,-10.36663818359375,40.49166679382324,4.5237884521484375,-15.349723815917969,21.490982055664055,33.63747572898865,5.668495178222642,-0.03533754404634238,-0.02860533446073532,-0.02860533446073532,-9.351630607408364,-38.71854694895933,-1.8480486716682365
