,Unnamed: 0,left_eyebrow_18x,left_eyebrow_18y,left_eyebrow_20x,left_eyebrow_20y,left_eyebrow_22x,left_eyebrow_22y,right_eyebrow_23x,right_eyebrow_23y,right_eyebrow_25x,right_eyebrow_25y,right_eyebrow_27x,right_eyebrow_27y,left_eye38_x,left_eye38_y,right_eye45_x,right_eye45_y,left_lip49_x,left_lip49_y,lip_center_upper52_x,lip_center_upper52_y,right_lip55_x,right_lip55_y,lip_center_lower58_x,lip_center_lower58_y,trans_x,trans_y,trans_z,rot_x,rot_y,rot_z
0,0,5.02301025390625,-10.298324584960966,-1.5424880981445312,-6.8888397216796875,-14.454833984375,4.6634674072265625,11.992301940917969,4.672576904296903,4.027107238769531,1.032867431640625,-2.994903564453125,-4.938385009765625,1.7935256958007812,2.7170257568359375,-2.2025909423827983,2.8188323974609375,-2.827819824218736,-9.35757064819336,-1.144122302532196,0.18848419189453125,7.396461486816406,-12.018783569335945,0.44679760932922363,17.786758422851562,-0.0019938317127525815,-0.01727889850735665,-0.01727889850735665,3.469251066853949,3.904731498345745,2.9123910529873953
