,Unnamed: 0,left_eyebrow_18x,left_eyebrow_18y,left_eyebrow_20x,left_eyebrow_20y,left_eyebrow_22x,left_eyebrow_22y,right_eyebrow_23x,right_eyebrow_23y,right_eyebrow_25x,right_eyebrow_25y,right_eyebrow_27x,right_eyebrow_27y,left_eye38_x,left_eye38_y,right_eye45_x,right_eye45_y,left_lip49_x,left_lip49_y,lip_center_upper52_x,lip_center_upper52_y,right_lip55_x,right_lip55_y,lip_center_lower58_x,lip_center_lower58_y,trans_x,trans_y,trans_z,rot_x,rot_y,rot_z
0,0,-7.1275177001953125,3.060821533203125,11.525581359863281,8.6590576171875,37.14899635314942,1.5691223144530966,23.538066864013672,7.416961669921903,-9.009834289550781,2.151840209960966,-46.13262939453128,-33.2606201171875,4.151687622070298,5.902435302734375,-12.289176940917955,6.0816497802734375,-22.298583984375,-19.431941986083977,47.75841426849366,14.713573455810547,-17.37902069091797,12.690109252929688,30.012444972991947,9.03424072265625,-0.059249189449474216,0.014728058129549033,0.014728058129549033,5.913274683586682,-37.81707995465305,-2.8559938419828956
