,Unnamed: 0,left_eyebrow_18x,left_eyebrow_18y,left_eyebrow_20x,left_eyebrow_20y,left_eyebrow_22x,left_eyebrow_22y,right_eyebrow_23x,right_eyebrow_23y,right_eyebrow_25x,right_eyebrow_25y,right_eyebrow_27x,right_eyebrow_27y,left_eye38_x,left_eye38_y,right_eye45_x,right_eye45_y,left_lip49_x,left_lip49_y,lip_center_upper52_x,lip_center_upper52_y,right_lip55_x,right_lip55_y,lip_center_lower58_x,lip_center_lower58_y,trans_x,trans_y,trans_z,rot_x,rot_y,rot_z
0,0,-3.717620849609375,-0.8220062255859091,4.823219299316435,10.93145751953125,11.03335952758789,9.557739257812472,-16.141239166259766,9.039321899414062,-8.046943664550781,9.361160278320312,2.096908569335966,0.2910614013672159,4.195930480957031,-3.3394012451171875,2.2850494384765625,-0.8819427490234091,5.2580337524414205,-2.487079620361328,-0.9440288543701172,3.7656707763671875,-0.9866409301757955,-4.365943908691406,1.2830760478973393,7.375526428222656,-0.005911305532208644,-0.012951932847499847,-0.012951932847499847,2.76165521163382,5.29200512859775,-0.96860447359514
