,Unnamed: 0,left_eyebrow_18x,left_eyebrow_18y,left_eyebrow_20x,left_eyebrow_20y,left_eyebrow_22x,left_eyebrow_22y,right_eyebrow_23x,right_eyebrow_23y,right_eyebrow_25x,right_eyebrow_25y,right_eyebrow_27x,right_eyebrow_27y,left_eye38_x,left_eye38_y,right_eye45_x,right_eye45_y,left_lip49_x,left_lip49_y,lip_center_upper52_x,lip_center_upper52_y,right_lip55_x,right_lip55_y,lip_center_lower58_x,lip_center_lower58_y,trans_x,trans_y,trans_z,rot_x,rot_y,rot_z
0,0,-1.7369384765625284,-4.1747894287109375,4.310943603515611,6.9919281005859375,14.348087310791016,9.950500488281222,-5.480445861816406,16.85957336425787,-11.629432678222628,13.787216186523438,0.9076232910155966,-10.490661621093778,-4.035667419433594,-4.02001953125,1.0934524536132812,-2.767913818359375,6.7615966796875,-0.9850616455078054,7.939689636230476,6.06962776184081,-15.244918823242188,0.9075775146484375,0.05642509460449219,-3.3587722778320312,-0.005668967962265022,-0.0013476274907588993,-0.0013476274907588993,0.7333224798463434,-3.2448475590123493,-1.7361818058836356
