,Unnamed: 0,left_eyebrow_18x,left_eyebrow_18y,left_eyebrow_20x,left_eyebrow_20y,left_eyebrow_22x,left_eyebrow_22y,right_eyebrow_23x,right_eyebrow_23y,right_eyebrow_25x,right_eyebrow_25y,right_eyebrow_27x,right_eyebrow_27y,left_eye38_x,left_eye38_y,right_eye45_x,right_eye45_y,left_lip49_x,left_lip49_y,lip_center_upper52_x,lip_center_upper52_y,right_lip55_x,right_lip55_y,lip_center_lower58_x,lip_center_lower58_y,trans_x,trans_y,trans_z,rot_x,rot_y,rot_z
0,0,-1.0733795166015625,5.8995208740234375,1.8718109130859375,5.8094482421875,11.838184356689453,0.3142547607421875,41.24570846557617,5.1480865478515625,10.186851501464844,-2.7631683349609375,-31.35516357421875,-26.768280029296847,-3.7488555908202983,5.7679595947265625,-10.518104553222656,4.7353363037109375,-19.42395782470703,-32.01862716674804,36.55175882577896,10.365833282470703,-20.29560089111328,6.673004150390618,22.00321674346924,24.475112915039062,-0.017709774896502495,-0.04047353193163874,-0.04047353193163874,-3.9405056077689595,-43.87673168673727,2.701817073502487
