,Unnamed: 0,left_eyebrow_18x,left_eyebrow_18y,left_eyebrow_20x,left_eyebrow_20y,left_eyebrow_22x,left_eyebrow_22y,right_eyebrow_23x,right_eyebrow_23y,right_eyebrow_25x,right_eyebrow_25y,right_eyebrow_27x,right_eyebrow_27y,left_eye38_x,left_eye38_y,right_eye45_x,right_eye45_y,left_lip49_x,left_lip49_y,lip_center_upper52_x,lip_center_upper52_y,right_lip55_x,right_lip55_y,lip_center_lower58_x,lip_center_lower58_y,trans_x,trans_y,trans_z,rot_x,rot_y,rot_z
0,0,-0.8230590820312784,4.458953857421875,0.5418777465820455,8.715972900390625,6.057346343994141,2.318695068359375,-7.142581939697266,3.755523681640625,-2.6934814453125,9.592254638671875,-1.9363403320312784,3.0970458984375,-0.05692291259764204,-2.5449371337890625,1.9776382446289062,-3.2084197998046875,-0.917259216308608,5.699409484863274,2.608781933784484,-4.440471649169922,2.072296142578139,7.887973785400391,0.0710055828094478,-1.154289245605483,2.409913577139421e-05,-0.0012549720704555511,-0.0012549720704555511,0.620709826193421,-0.4642425566182946,-0.7722732828412755
