,Unnamed: 0,left_eyebrow_18x,left_eyebrow_18y,left_eyebrow_20x,left_eyebrow_20y,left_eyebrow_22x,left_eyebrow_22y,right_eyebrow_23x,right_eyebrow_23y,right_eyebrow_25x,right_eyebrow_25y,right_eyebrow_27x,right_eyebrow_27y,left_eye38_x,left_eye38_y,right_eye45_x,right_eye45_y,left_lip49_x,left_lip49_y,lip_center_upper52_x,lip_center_upper52_y,right_lip55_x,right_lip55_y,lip_center_lower58_x,lip_center_lower58_y,trans_x,trans_y,trans_z,rot_x,rot_y,rot_z
0,0,0.3430328369140909,-2.4255676269531534,13.98809814453125,15.888671875,17.03586006164551,16.443252563476562,-0.16122817993162641,17.29380798339841,-8.939308166503906,8.174453735351591,-9.620574951171875,-18.098587036132784,-4.333610534667983,-6.223602294921875,-0.41927337646484375,-6.2894744873046875,-7.8989105224609375,-11.324832916259766,10.799787282943726,9.333883285522457,-0.0953369140625,6.516368865966797,10.773478031158447,15.020500183105469,-0.017811637604609132,-0.027860883623361588,-0.027860883623361588,4.44550431748804,-15.127737426773237,-1.5206960984257039
