,Unnamed: 0,left_eyebrow_18x,left_eyebrow_18y,left_eyebrow_20x,left_eyebrow_20y,left_eyebrow_22x,left_eyebrow_22y,right_eyebrow_23x,right_eyebrow_23y,right_eyebrow_25x,right_eyebrow_25y,right_eyebrow_27x,right_eyebrow_27y,left_eye38_x,left_eye38_y,right_eye45_x,right_eye45_y,left_lip49_x,left_lip49_y,lip_center_upper52_x,lip_center_upper52_y,right_lip55_x,right_lip55_y,lip_center_lower58_x,lip_center_lower58_y,trans_x,trans_y,trans_z,rot_x,rot_y,rot_z
0,0,0.459503173828125,-0.06851196289065342,2.117195129394517,13.096893310546847,0.5650482177734375,11.148696899414062,-0.33642196655272727,11.685623168945312,-1.9543914794922017,11.9678955078125,-1.199966430664091,-0.5274810791015057,0.16889190673828125,-3.5528106689453125,2.5792388916015625,-5.040420532226591,1.7814483642578267,-0.795001983642571,3.0998398065567017,5.064485549926761,-0.5729598999023438,0.24671173095703125,2.6670729517936707,3.194519042968736,-0.0009479902691964527,-0.01892672479152678,-0.01892672479152678,4.74615743181046,-0.5479913628276173,-0.9406933059493412
