,Unnamed: 0,left_eyebrow_18x,left_eyebrow_18y,left_eyebrow_20x,left_eyebrow_20y,left_eyebrow_22x,left_eyebrow_22y,right_eyebrow_23x,right_eyebrow_23y,right_eyebrow_25x,right_eyebrow_25y,right_eyebrow_27x,right_eyebrow_27y,left_eye38_x,left_eye38_y,right_eye45_x,right_eye45_y,left_lip49_x,left_lip49_y,lip_center_upper52_x,lip_center_upper52_y,right_lip55_x,right_lip55_y,lip_center_lower58_x,lip_center_lower58_y,trans_x,trans_y,trans_z,rot_x,rot_y,rot_z
0,0,-9.4697265625,1.1449737548828125,0.3898162841796875,13.766403198242216,10.983287811279297,19.411087036132812,5.8584556579589915,13.034576416015625,-3.1422042846679545,3.915176391601591,-9.662963867187443,-12.69708251953125,-6.7164382934570455,1.6165313720703125,0.8240051269531392,-0.2976531982421875,7.457992553710923,-5.7588348388671875,20.711909770965576,0.8478164672851562,-7.078193664550753,15.385913848876953,18.58601474761963,-2.485046386718764,-0.005676626693457365,-0.02355659194290638,-0.02355659194290638,2.9324310275707433,-21.34448616902533,0.7552556592064922
