,Unnamed: 0,left_eyebrow_18x,left_eyebrow_18y,left_eyebrow_20x,left_eyebrow_20y,left_eyebrow_22x,left_eyebrow_22y,right_eyebrow_23x,right_eyebrow_23y,right_eyebrow_25x,right_eyebrow_25y,right_eyebrow_27x,right_eyebrow_27y,left_eye38_x,left_eye38_y,right_eye45_x,right_eye45_y,left_lip49_x,left_lip49_y,lip_center_upper52_x,lip_center_upper52_y,right_lip55_x,right_lip55_y,lip_center_lower58_x,lip_center_lower58_y,trans_x,trans_y,trans_z,rot_x,rot_y,rot_z
0,0,-0.7040557861328125,-3.392257690429716,8.373077392578125,9.867935180664062,12.50033187866211,13.788070678710938,-10.43001937866211,12.463241577148438,-6.438575744628906,8.901412963867188,-0.423919677734375,-5.16973876953125,0.4538421630859375,-6.893783569335909,-1.4587097167968608,-7.965316772460909,-7.631599426269531,-7.873260498046875,-2.0619263015687466,9.811874389648438,0.12992095947265625,-3.6263427734375,-0.9132034778594971,10.176765441894531,0.006206976704561384,-0.01623723655939102,-0.01623723655939102,7.584747858280161,-5.314569718247126,1.5564163255322359
