,Unnamed: 0,left_eyebrow_18x,left_eyebrow_18y,left_eyebrow_20x,left_eyebrow_20y,left_eyebrow_22x,left_eyebrow_22y,right_eyebrow_23x,right_eyebrow_23y,right_eyebrow_25x,right_eyebrow_25y,right_eyebrow_27x,right_eyebrow_27y,left_eye38_x,left_eye38_y,right_eye45_x,right_eye45_y,left_lip49_x,left_lip49_y,lip_center_upper52_x,lip_center_upper52_y,right_lip55_x,right_lip55_y,lip_center_lower58_x,lip_center_lower58_y,trans_x,trans_y,trans_z,rot_x,rot_y,rot_z
0,0,-6.949630737304659,5.8296661376953125,17.991065979003906,13.961471557617188,47.08831024169922,6.534988403320284,21.3529052734375,17.01153564453122,-7.5811767578125,12.199859619140653,-39.33580017089844,-28.068359375,-1.7496337890625,-3.11993408203125,-20.261917114257812,0.270172119140625,-10.158493041992173,-13.706035614013672,46.17851322889328,14.77156066894532,-36.87351989746094,16.61809539794922,28.971655845642093,12.282936096191406,-0.044281702546868466,-0.01656929403543473,-0.01656929403543473,1.8299912638119542,-44.384578503632426,-1.4876292195838945
