,Unnamed: 0,left_eyebrow_18x,left_eyebrow_18y,left_eyebrow_20x,left_eyebrow_20y,left_eyebrow_22x,left_eyebrow_22y,right_eyebrow_23x,right_eyebrow_23y,right_eyebrow_25x,right_eyebrow_25y,right_eyebrow_27x,right_eyebrow_27y,left_eye38_x,left_eye38_y,right_eye45_x,right_eye45_y,left_lip49_x,left_lip49_y,lip_center_upper52_x,lip_center_upper52_y,right_lip55_x,right_lip55_y,lip_center_lower58_x,lip_center_lower58_y,trans_x,trans_y,trans_z,rot_x,rot_y,rot_z
0,0,-12.685485839843778,4.164489746093722,15.252685546875,3.468582153320284,39.76575517654419,0.7507019042968466,42.94569396972656,5.145721435546903,-13.024757385253892,-2.9236145019531534,-61.707183837890625,-35.774505615234375,16.430320739746094,6.2255706787109375,-19.518875122070312,3.1888427734375284,-10.05572509765625,-14.71969985961914,49.390047788619995,-8.187164306640625,-40.23237609863283,1.0564956665039062,30.41408896446228,29.456832885742188,-0.028486103052273393,-0.018935769796371446,-0.018935769796371446,1.7611299928165476,-48.15298782744245,-3.6605818109031643
