,Unnamed: 0,left_eyebrow_18x,left_eyebrow_18y,left_eyebrow_20x,left_eyebrow_20y,left_eyebrow_22x,left_eyebrow_22y,right_eyebrow_23x,right_eyebrow_23y,right_eyebrow_25x,right_eyebrow_25y,right_eyebrow_27x,right_eyebrow_27y,left_eye38_x,left_eye38_y,right_eye45_x,right_eye45_y,left_lip49_x,left_lip49_y,lip_center_upper52_x,lip_center_upper52_y,right_lip55_x,right_lip55_y,lip_center_lower58_x,lip_center_lower58_y,trans_x,trans_y,trans_z,rot_x,rot_y,rot_z
0,0,3.0195465087890625,-9.446990966796875,9.912155151367188,12.79901123046875,9.895854949951172,21.470733642578125,-14.01727294921875,20.085235595703153,-10.35939788818358,12.4918212890625,0.2974700927734375,-6.085861206054716,2.443908691406236,-7.926651000976534,-1.5987243652343608,-7.031494140624972,-5.7054595947265625,-6.359569549560554,0.9890185594558714,18.20589828491211,7.466529846191406,-9.964492797851562,2.307332754135132,5.3802642822265625,-0.0019443454220891003,-0.03743806853890419,-0.03743806853890419,10.47349953054961,1.269500262465101,-0.7172603763625426
