,Unnamed: 0,left_eyebrow_18x,left_eyebrow_18y,left_eyebrow_20x,left_eyebrow_20y,left_eyebrow_22x,left_eyebrow_22y,right_eyebrow_23x,right_eyebrow_23y,right_eyebrow_25x,right_eyebrow_25y,right_eyebrow_27x,right_eyebrow_27y,left_eye38_x,left_eye38_y,right_eye45_x,right_eye45_y,left_lip49_x,left_lip49_y,lip_center_upper52_x,lip_center_upper52_y,right_lip55_x,right_lip55_y,lip_center_lower58_x,lip_center_lower58_y,trans_x,trans_y,trans_z,rot_x,rot_y,rot_z
0,0,-7.765625,3.658355712890625,16.58843231201172,20.114425659179688,40.01874506473541,10.838546752929688,17.28970718383789,19.513885498046903,-10.858573913574261,16.00006103515622,-38.268218994140625,-27.942718505859403,-0.4434661865234375,-2.958251953125,-13.619186401367188,-6.761932373046875,-6.6321258544921875,-11.006874084472663,36.83810305595397,21.046138763427734,-24.54566955566405,11.700916290283203,21.83587801456451,14.094123840332031,-0.02485881792381406,-0.019969478249549866,-0.019969478249549866,7.864432442927741,-35.13124696247603,4.03250615778563
