,Unnamed: 0,left_eyebrow_18x,left_eyebrow_18y,left_eyebrow_20x,left_eyebrow_20y,left_eyebrow_22x,left_eyebrow_22y,right_eyebrow_23x,right_eyebrow_23y,right_eyebrow_25x,right_eyebrow_25y,right_eyebrow_27x,right_eyebrow_27y,left_eye38_x,left_eye38_y,right_eye45_x,right_eye45_y,left_lip49_x,left_lip49_y,lip_center_upper52_x,lip_center_upper52_y,right_lip55_x,right_lip55_y,lip_center_lower58_x,lip_center_lower58_y,trans_x,trans_y,trans_z,rot_x,rot_y,rot_z
0,0,-4.544662475585909,5.715301513671903,17.965805053710938,19.976242065429688,46.38336169719696,16.190765380859375,11.2788314819336,24.541763305664034,-16.263023376464844,14.103469848632841,-33.89524841308594,-36.49351501464844,-3.9592056274414205,-4.23394775390625,-12.334373474121094,-1.917724609375,-11.678108215332045,-23.279270172119134,32.10921931266784,16.90075874328613,-31.677627563476562,12.69405746459961,20.308174610137943,17.89081573486328,-0.04254064825363457,-0.021109778434038162,-0.021109778434038162,0.2550769150262262,-34.646779956766885,-2.158009936073605
