,Unnamed: 0,left_eyebrow_18x,left_eyebrow_18y,left_eyebrow_20x,left_eyebrow_20y,left_eyebrow_22x,left_eyebrow_22y,right_eyebrow_23x,right_eyebrow_23y,right_eyebrow_25x,right_eyebrow_25y,right_eyebrow_27x,right_eyebrow_27y,left_eye38_x,left_eye38_y,right_eye45_x,right_eye45_y,left_lip49_x,left_lip49_y,lip_center_upper52_x,lip_center_upper52_y,right_lip55_x,right_lip55_y,lip_center_lower58_x,lip_center_lower58_y,trans_x,trans_y,trans_z,rot_x,rot_y,rot_z
0,0,-0.7507934570312216,-3.430038452148466,3.992996215820341,6.161285400390625,6.03419113159179,8.465988159179688,-8.04495620727539,8.624862670898409,-7.0634613037109375,8.195755004882784,1.76898193359375,-2.0150299072265057,-0.3650054931640625,-5.070037841796875,2.2193527221679545,-5.0316314697265625,1.6966705322265767,3.358135223388672,-0.7091977000236511,5.932945251464844,-2.489402770996108,2.679981231689453,0.6266311407089231,1.8520660400390625,-6.178964395076036e-05,-0.005966432392597205,-0.005966432392597205,6.700956565807846,1.043361233927445,1.0358926631493013
