,Unnamed: 0,left_eyebrow_18x,left_eyebrow_18y,left_eyebrow_20x,left_eyebrow_20y,left_eyebrow_22x,left_eyebrow_22y,right_eyebrow_23x,right_eyebrow_23y,right_eyebrow_25x,right_eyebrow_25y,right_eyebrow_27x,right_eyebrow_27y,left_eye38_x,left_eye38_y,right_eye45_x,right_eye45_y,left_lip49_x,left_lip49_y,lip_center_upper52_x,lip_center_upper52_y,right_lip55_x,right_lip55_y,lip_center_lower58_x,lip_center_lower58_y,trans_x,trans_y,trans_z,rot_x,rot_y,rot_z
0,0,4.7787628173828125,-0.12692260742190342,2.9419479370117188,4.546066284179631,3.375213623046875,2.17047119140625,-2.282337188720703,2.3532409667969034,-3.063201904296861,4.344131469726534,-3.5836334228515625,-0.4392852783203125,3.1128616333007812,-7.3222808837890625,-5.095161437988281,-6.947601318359318,-10.933975219726562,-6.3997650146484375,2.4890058040618896,2.4629249572753977,12.730842590332017,-8.095695495605469,0.28136706352233887,6.867218017578125,0.0017535967053845525,-0.012860357761383043,-0.012860357761383043,3.992763388030289,-3.631541614931696,-1.9374900072104486
