,Unnamed: 0,left_eyebrow_18x,left_eyebrow_18y,left_eyebrow_20x,left_eyebrow_20y,left_eyebrow_22x,left_eyebrow_22y,right_eyebrow_23x,right_eyebrow_23y,right_eyebrow_25x,right_eyebrow_25y,right_eyebrow_27x,right_eyebrow_27y,left_eye38_x,left_eye38_y,right_eye45_x,right_eye45_y,left_lip49_x,left_lip49_y,lip_center_upper52_x,lip_center_upper52_y,right_lip55_x,right_lip55_y,lip_center_lower58_x,lip_center_lower58_y,trans_x,trans_y,trans_z,rot_x,rot_y,rot_z
0,0,-1.2146301269531534,0.334136962890625,2.461227416992159,5.3386688232421875,5.937110900878906,2.7040557861328125,-9.718700408935547,4.402557373046875,-6.787742614746094,5.501251220703153,-0.025634765625,-1.1011962890625,0.48574066162109375,-0.661590576171875,2.1664276123047017,0.552276611328125,-0.687461853027358,0.7323379516601562,-0.9530598521232605,7.1169281005859375,0.5965805053710795,-0.7512931823730469,-1.5443242192268372,-0.16065216064453125,-0.0020359234185889363,-0.004224311560392394,-0.004224311560392394,3.261086937660153,0.9961459580629273,-0.46760528417511493
