,Unnamed: 0,left_eyebrow_18x,left_eyebrow_18y,left_eyebrow_20x,left_eyebrow_20y,left_eyebrow_22x,left_eyebrow_22y,right_eyebrow_23x,right_eyebrow_23y,right_eyebrow_25x,right_eyebrow_25y,right_eyebrow_27x,right_eyebrow_27y,left_eye38_x,left_eye38_y,right_eye45_x,right_eye45_y,left_lip49_x,left_lip49_y,lip_center_upper52_x,lip_center_upper52_y,right_lip55_x,right_lip55_y,lip_center_lower58_x,lip_center_lower58_y,trans_x,trans_y,trans_z,rot_x,rot_y,rot_z
0,0,-10.496978759765597,13.532089233398438,12.824790954589844,17.125961303710938,53.202592849731445,2.676071166992159,16.853919982910142,11.986709594726591,-7.720756530761719,9.699798583984375,-37.9814758300781,-23.77185058593753,0.2246551513672017,-0.5982818603515625,-15.02398681640625,-1.779815673828125,-3.6417770385742188,-12.7744369506836,44.196622371673584,15.040079116821293,-29.86416625976561,15.7438735961914,24.06728601455689,13.732398986816392,-0.03935612225905061,-0.012547843856737018,-0.012547843856737018,2.8542516966668874,-38.72971236885433,-2.568289273330901
