,Unnamed: 0,left_eyebrow_18x,left_eyebrow_18y,left_eyebrow_20x,left_eyebrow_20y,left_eyebrow_22x,left_eyebrow_22y,right_eyebrow_23x,right_eyebrow_23y,right_eyebrow_25x,right_eyebrow_25y,right_eyebrow_27x,right_eyebrow_27y,left_eye38_x,left_eye38_y,right_eye45_x,right_eye45_y,left_lip49_x,left_lip49_y,lip_center_upper52_x,lip_center_upper52_y,right_lip55_x,right_lip55_y,lip_center_lower58_x,lip_center_lower58_y,trans_x,trans_y,trans_z,rot_x,rot_y,rot_z
0,0,-1.00244140625,3.4236297607421875,10.27770233154294,22.49847412109378,22.790264129638672,17.639190673828097,-1.3107147216796946,15.615951538085938,-3.8808746337890057,12.5704345703125,-5.0013275146484375,-9.815307617187528,-5.217216491699219,-10.928619384765653,-4.103668212890625,-12.362960815429688,-2.3610153198242188,-4.321453094482422,12.039250373840332,7.363231658935547,-10.083419799804688,16.133865356445312,9.996188640594482,13.493011474609375,-0.009446335025131702,-0.034687083214521394,-0.034687083214521394,7.695914170190783,-23.327816944994257,0.23729033076402195
