,Unnamed: 0,left_eyebrow_18x,left_eyebrow_18y,left_eyebrow_20x,left_eyebrow_20y,left_eyebrow_22x,left_eyebrow_22y,right_eyebrow_23x,right_eyebrow_23y,right_eyebrow_25x,right_eyebrow_25y,right_eyebrow_27x,right_eyebrow_27y,left_eye38_x,left_eye38_y,right_eye45_x,right_eye45_y,left_lip49_x,left_lip49_y,lip_center_upper52_x,lip_center_upper52_y,right_lip55_x,right_lip55_y,lip_center_lower58_x,lip_center_lower58_y,trans_x,trans_y,trans_z,rot_x,rot_y,rot_z
0,0,-0.289642333984375,3.9714508056640625,4.719215393066378,9.483123779296875,12.396125793457031,3.0792541503906534,2.4009552001953125,5.470306396484375,-3.4737777709960938,3.418487548828125,-9.136322021484375,-9.283523559570284,-2.4305877685546875,0.4449310302734375,-1.9323654174804545,0.0212554931640625,-10.238693237304688,-7.903888702392578,11.7936692237854,11.543060302734375,-2.4409332275390625,10.951278686523438,12.850259840488436,2.090911865234375,-0.019219047622755173,-0.02749677374958992,-0.02749677374958992,-0.6987423810103599,-16.27568797858512,-1.3414596128124523
