,Unnamed: 0,left_eyebrow_18x,left_eyebrow_18y,left_eyebrow_20x,left_eyebrow_20y,left_eyebrow_22x,left_eyebrow_22y,right_eyebrow_23x,right_eyebrow_23y,right_eyebrow_25x,right_eyebrow_25y,right_eyebrow_27x,right_eyebrow_27y,left_eye38_x,left_eye38_y,right_eye45_x,right_eye45_y,left_lip49_x,left_lip49_y,lip_center_upper52_x,lip_center_upper52_y,right_lip55_x,right_lip55_y,lip_center_lower58_x,lip_center_lower58_y,trans_x,trans_y,trans_z,rot_x,rot_y,rot_z
0,0,-3.431915283203182,-2.8844909667969034,3.0592575073242188,4.9456024169921875,8.66635513305664,9.790908813476506,-5.40806770324707,5.626251220703125,-5.771720886230469,4.000335693359375,-1.9794158935546875,-5.602508544921875,1.735610961914091,-3.930404663085966,-2.4737396240234233,-6.524368286132784,0.9660339355468608,-8.232074737548828,4.655067205429077,5.533409118652344,2.3841781616210795,-0.8555068969726634,2.6075860410928726,-3.996337890625,0.0028502554050646727,-0.006152741611003876,-0.006152741611003876,6.399623380190217,-5.1972357638731275,-2.821481727412002
