,Unnamed: 0,left_eyebrow_18x,left_eyebrow_18y,left_eyebrow_20x,left_eyebrow_20y,left_eyebrow_22x,left_eyebrow_22y,right_eyebrow_23x,right_eyebrow_23y,right_eyebrow_25x,right_eyebrow_25y,right_eyebrow_27x,right_eyebrow_27y,left_eye38_x,left_eye38_y,right_eye45_x,right_eye45_y,left_lip49_x,left_lip49_y,lip_center_upper52_x,lip_center_upper52_y,right_lip55_x,right_lip55_y,lip_center_lower58_x,lip_center_lower58_y,trans_x,trans_y,trans_z,rot_x,rot_y,rot_z
0,0,-3.7443847656249716,16.24072265625,6.045463562011719,18.1749267578125,20.764711380004883,2.632659912109375,-8.625133514404304,0.22628784179684658,-5.7381591796875,9.819793701171875,-2.5072631835937216,6.0061798095703125,-6.783607482910156,-8.399871826171875,-3.966835021972642,-11.238601684570312,2.2409896850585938,-5.870697021484375,10.763483375310898,2.779426574707035,-5.294822692871094,15.535648345947266,10.069848537445068,-0.46352386474609375,-0.02391489828005433,-0.03518647700548172,-0.03518647700548172,-3.9856161733080455,-13.040092396021786,-1.0054970066506148
