,Unnamed: 0,left_eyebrow_18x,left_eyebrow_18y,left_eyebrow_20x,left_eyebrow_20y,left_eyebrow_22x,left_eyebrow_22y,right_eyebrow_23x,right_eyebrow_23y,right_eyebrow_25x,right_eyebrow_25y,right_eyebrow_27x,right_eyebrow_27y,left_eye38_x,left_eye38_y,right_eye45_x,right_eye45_y,left_lip49_x,left_lip49_y,lip_center_upper52_x,lip_center_upper52_y,right_lip55_x,right_lip55_y,lip_center_lower58_x,lip_center_lower58_y,trans_x,trans_y,trans_z,rot_x,rot_y,rot_z
0,0,-6.659957885742159,9.972534179687472,2.2164459228515625,15.316818237304688,17.98194122314453,8.999420166015625,14.467044830322266,12.1661376953125,-1.2978820800780966,2.623443603515625,-13.180541992187528,-13.472137451171875,-6.707122802734361,1.4960479736328125,-4.6895599365234375,0.5163421630859375,-11.902153015136719,-14.147769927978509,22.150394082069397,12.923847198486321,-14.874206542968764,17.74535369873046,18.678795099258423,10.509872436523452,0.0030027325265109548,-0.025442458689212785,-0.025442458689212785,5.135454159204088,-32.41610565635717,1.7376821321098643
