,Unnamed: 0,left_eyebrow_18x,left_eyebrow_18y,left_eyebrow_20x,left_eyebrow_20y,left_eyebrow_22x,left_eyebrow_22y,right_eyebrow_23x,right_eyebrow_23y,right_eyebrow_25x,right_eyebrow_25y,right_eyebrow_27x,right_eyebrow_27y,left_eye38_x,left_eye38_y,right_eye45_x,right_eye45_y,left_lip49_x,left_lip49_y,lip_center_upper52_x,lip_center_upper52_y,right_lip55_x,right_lip55_y,lip_center_lower58_x,lip_center_lower58_y,trans_x,trans_y,trans_z,rot_x,rot_y,rot_z
0,0,-3.0848388671875,3.1879425048828125,4.3986968994140625,13.675506591796847,14.203409194946289,10.837783813476562,4.132415771484375,5.804992675781222,1.4706039428710938,-2.859573364257784,-2.0865020751953125,-7.418472290039034,-3.3138504028320312,2.008163452148409,-5.01898193359375,-4.3875274658203125,-5.910713195800781,-11.318870544433594,9.359797477722168,6.3157920837402415,-7.2875213623046875,12.246444702148438,10.346776962280273,4.292045593261719,-0.011966813566687051,-0.022766422480344772,-0.022766422480344772,2.6235241797155266,-20.727246249500897,1.5322029242738748
