,Unnamed: 0,left_eyebrow_18x,left_eyebrow_18y,left_eyebrow_20x,left_eyebrow_20y,left_eyebrow_22x,left_eyebrow_22y,right_eyebrow_23x,right_eyebrow_23y,right_eyebrow_25x,right_eyebrow_25y,right_eyebrow_27x,right_eyebrow_27y,left_eye38_x,left_eye38_y,right_eye45_x,right_eye45_y,left_lip49_x,left_lip49_y,lip_center_upper52_x,lip_center_upper52_y,right_lip55_x,right_lip55_y,lip_center_lower58_x,lip_center_lower58_y,trans_x,trans_y,trans_z,rot_x,rot_y,rot_z
0,0,-4.122909545898409,10.602645874023438,7.444915771484361,16.107315063476562,26.51154136657715,5.159713745117216,0.9739494323730469,5.801284790039091,-2.134979248046875,7.448577880859375,-9.253112792968722,-5.819564819335966,-5.7836151123046875,-4.9502716064453125,-5.649131774902344,-7.6802215576171875,-2.0672988891601562,-10.319488525390632,14.546056270599369,7.799631118774418,-2.438362121582017,12.896736145019524,11.95368242263794,8.900428771972656,-0.01065722294151783,-0.026419343193992972,-0.026419343193992972,1.4916176450540783,-20.433584607067736,0.24553820598916687
