,Unnamed: 0,left_eyebrow_18x,left_eyebrow_18y,left_eyebrow_20x,left_eyebrow_20y,left_eyebrow_22x,left_eyebrow_22y,right_eyebrow_23x,right_eyebrow_23y,right_eyebrow_25x,right_eyebrow_25y,right_eyebrow_27x,right_eyebrow_27y,left_eye38_x,left_eye38_y,right_eye45_x,right_eye45_y,left_lip49_x,left_lip49_y,lip_center_upper52_x,lip_center_upper52_y,right_lip55_x,right_lip55_y,lip_center_lower58_x,lip_center_lower58_y,trans_x,trans_y,trans_z,rot_x,rot_y,rot_z
0,0,-2.4445343017578125,4.060943603515653,5.671913146972656,12.496139526367216,12.772148132324226,8.487655639648438,5.288425445556641,8.050949096679688,-4.222091674804659,2.7388000488280966,-10.988052368164034,-9.871520996093722,-6.048362731933594,-4.8128204345703125,-7.9052886962890625,-7.775207519531222,-0.47454071044921875,-14.721233367919915,18.93839406967163,6.299953460693359,0.1611022949218892,9.986015319824219,17.066804885864258,7.323158264160156,-0.0048501654528081434,-0.022139213979244232,-0.022139213979244232,4.5383117347002635,-29.864629864397486,-0.58756205649102
