,Unnamed: 0,left_eyebrow_18x,left_eyebrow_18y,left_eyebrow_20x,left_eyebrow_20y,left_eyebrow_22x,left_eyebrow_22y,right_eyebrow_23x,right_eyebrow_23y,right_eyebrow_25x,right_eyebrow_25y,right_eyebrow_27x,right_eyebrow_27y,left_eye38_x,left_eye38_y,right_eye45_x,right_eye45_y,left_lip49_x,left_lip49_y,lip_center_upper52_x,lip_center_upper52_y,right_lip55_x,right_lip55_y,lip_center_lower58_x,lip_center_lower58_y,trans_x,trans_y,trans_z,rot_x,rot_y,rot_z
0,0,-5.2007293701171875,9.044143676757812,15.18109130859375,12.428466796875,54.24120903015137,0.0757293701171875,11.810173034667969,11.580001831054716,-10.56107330322267,5.243804931640625,-35.38482666015625,-23.9969482421875,-7.519805908203139,0.4312744140625,-19.63695526123047,1.8222503662109375,-2.1914215087890767,-11.525226593017578,43.54902866855264,10.292778015136719,-33.62250518798828,18.895381927490234,27.387521326541897,11.5833740234375,-0.05205133033450693,-0.014984659850597382,-0.014984659850597382,-4.124071363454073,-39.44161778775687,4.001353361280146
