,Unnamed: 0,left_eyebrow_18x,left_eyebrow_18y,left_eyebrow_20x,left_eyebrow_20y,left_eyebrow_22x,left_eyebrow_22y,right_eyebrow_23x,right_eyebrow_23y,right_eyebrow_25x,right_eyebrow_25y,right_eyebrow_27x,right_eyebrow_27y,left_eye38_x,left_eye38_y,right_eye45_x,right_eye45_y,left_lip49_x,left_lip49_y,lip_center_upper52_x,lip_center_upper52_y,right_lip55_x,right_lip55_y,lip_center_lower58_x,lip_center_lower58_y,trans_x,trans_y,trans_z,rot_x,rot_y,rot_z
0,0,-12.50537109375,5.7940673828125,8.664001464843736,10.313430786132812,34.80865669250488,19.377548217773438,20.550918579101562,12.406723022460966,-10.454910278320284,3.847335815429716,-34.60148620605466,-32.306121826171875,1.2190628051757812,2.7716217041015625,-10.993377685546875,0.6899261474609375,-2.487945556640625,-21.338165283203125,45.15711110830308,10.219058990478516,-36.28856658935547,13.535140991210938,31.791183710098263,21.300125122070312,-0.03482936826549122,-0.010033957660198205,-0.010033957660198205,4.757806724838762,-42.99129473538728,-6.53628489674172
