,Unnamed: 0,left_eyebrow_18x,left_eyebrow_18y,left_eyebrow_20x,left_eyebrow_20y,left_eyebrow_22x,left_eyebrow_22y,right_eyebrow_23x,right_eyebrow_23y,right_eyebrow_25x,right_eyebrow_25y,right_eyebrow_27x,right_eyebrow_27y,left_eye38_x,left_eye38_y,right_eye45_x,right_eye45_y,left_lip49_x,left_lip49_y,lip_center_upper52_x,lip_center_upper52_y,right_lip55_x,right_lip55_y,lip_center_lower58_x,lip_center_lower58_y,trans_x,trans_y,trans_z,rot_x,rot_y,rot_z
0,0,-2.4575958251953125,8.164367675781278,-1.1922760009765625,5.165191650390597,9.398479461669922,-2.168380737304659,9.787277221679688,-2.3586883544921875,-2.1121597290039062,-3.091461181640625,-15.594085693359375,-8.949172973632812,1.1283798217773438,-0.9902801513672159,-4.03857421875,-3.104171752929716,-19.330718994140625,-12.054862976074219,11.0745165348053,6.695991516113288,4.023841857910156,11.553787231445312,11.743025302886961,-1.7137298583984233,-0.0077383770840242505,-0.011593813076615334,-0.011593813076615334,2.123404104925891,-20.538382429578327,2.6665550233846127
