,Unnamed: 0,left_eyebrow_18x,left_eyebrow_18y,left_eyebrow_20x,left_eyebrow_20y,left_eyebrow_22x,left_eyebrow_22y,right_eyebrow_23x,right_eyebrow_23y,right_eyebrow_25x,right_eyebrow_25y,right_eyebrow_27x,right_eyebrow_27y,left_eye38_x,left_eye38_y,right_eye45_x,right_eye45_y,left_lip49_x,left_lip49_y,lip_center_upper52_x,lip_center_upper52_y,right_lip55_x,right_lip55_y,lip_center_lower58_x,lip_center_lower58_y,trans_x,trans_y,trans_z,rot_x,rot_y,rot_z
0,0,-5.8605194091796875,8.666183471679716,8.854568481445312,9.9798583984375,35.863791465759284,3.024932861328125,23.60247802734375,9.365188598632812,-8.601867675781222,0.23541259765622158,-36.954971313476534,-23.82987976074216,-4.119285583496108,-4.345825195312472,-20.52490997314453,-5.3697967529296875,-3.8833541870117188,-15.389755249023438,40.73631238937378,14.34766769409179,-16.644058227539062,17.223106384277344,25.31267833709717,9.052940368652344,-0.017087395768612623,-0.0011420175433158875,-0.0011420175433158875,6.836613169630884,-48.27833629336495,-3.8077071773747684
