,Unnamed: 0,left_eyebrow_18x,left_eyebrow_18y,left_eyebrow_20x,left_eyebrow_20y,left_eyebrow_22x,left_eyebrow_22y,right_eyebrow_23x,right_eyebrow_23y,right_eyebrow_25x,right_eyebrow_25y,right_eyebrow_27x,right_eyebrow_27y,left_eye38_x,left_eye38_y,right_eye45_x,right_eye45_y,left_lip49_x,left_lip49_y,lip_center_upper52_x,lip_center_upper52_y,right_lip55_x,right_lip55_y,lip_center_lower58_x,lip_center_lower58_y,trans_x,trans_y,trans_z,rot_x,rot_y,rot_z
0,0,-0.49505615234375,0.3983612060547159,5.768730163574219,6.7889251708984375,12.142646789550778,6.8064117431640625,-11.341938018798821,11.079330444335966,-5.217559814453125,10.645523071289062,2.171615600585966,0.6606750488280966,-4.1349868774414205,-4.3148651123046875,1.0340652465820312,-3.8413391113280966,4.4521636962890625,4.262485504150391,2.926483903080225,0.9614906311035227,-1.6659088134765483,2.6371040344238352,0.8359233736991882,3.3576583862304688,0.0025847131619229913,-0.004865042865276337,-0.004865042865276337,4.963492944084141,0.5565801145220646,4.090043331212108
