,Unnamed: 0,left_eyebrow_18x,left_eyebrow_18y,left_eyebrow_20x,left_eyebrow_20y,left_eyebrow_22x,left_eyebrow_22y,right_eyebrow_23x,right_eyebrow_23y,right_eyebrow_25x,right_eyebrow_25y,right_eyebrow_27x,right_eyebrow_27y,left_eye38_x,left_eye38_y,right_eye45_x,right_eye45_y,left_lip49_x,left_lip49_y,lip_center_upper52_x,lip_center_upper52_y,right_lip55_x,right_lip55_y,lip_center_lower58_x,lip_center_lower58_y,trans_x,trans_y,trans_z,rot_x,rot_y,rot_z
0,0,-8.357223510742188,12.133636474609403,7.4212875366210795,13.959579467773438,35.96018075942993,5.869400024414091,24.988964080810533,8.832015991210938,2.9476470947265625,1.321334838867159,-27.45343017578125,-21.220245361328125,-2.1152801513672017,-0.7340545654296307,-17.774330139160156,-4.5267181396484375,-9.070861816406236,-18.00738906860351,37.05256187915802,11.202770233154297,-27.988677978515625,11.638599395751953,23.852608799934384,-1.2294540405273153,-0.035614159307442605,-0.011194072663784013,-0.011194072663784013,-2.8966011229471906,-34.33374371343164,-2.7551204486834493
