,Unnamed: 0,left_eyebrow_18x,left_eyebrow_18y,left_eyebrow_20x,left_eyebrow_20y,left_eyebrow_22x,left_eyebrow_22y,right_eyebrow_23x,right_eyebrow_23y,right_eyebrow_25x,right_eyebrow_25y,right_eyebrow_27x,right_eyebrow_27y,left_eye38_x,left_eye38_y,right_eye45_x,right_eye45_y,left_lip49_x,left_lip49_y,lip_center_upper52_x,lip_center_upper52_y,right_lip55_x,right_lip55_y,lip_center_lower58_x,lip_center_lower58_y,trans_x,trans_y,trans_z,rot_x,rot_y,rot_z
0,0,-2.645599365234375,2.02313232421875,0.794685363769517,7.894058227539034,8.50876235961914,4.835723876953125,-0.5751304626464844,5.6771240234375,-1.7054443359375,5.408599853515597,-4.96685791015625,-7.6953125,1.8786239624023438,-2.625961303710966,-1.1186981201171733,-3.7259368896484375,-10.8052978515625,-11.459754943847656,6.5239081382751465,10.198539733886719,-1.6777191162109375,2.480396270751953,5.722798466682434,4.131896972656264,-0.016618305584415793,-0.029232259839773178,-0.029232259839773178,2.129753129539857,-7.586936755861566,2.293872441473132
