,Unnamed: 0,left_eyebrow_18x,left_eyebrow_18y,left_eyebrow_20x,left_eyebrow_20y,left_eyebrow_22x,left_eyebrow_22y,right_eyebrow_23x,right_eyebrow_23y,right_eyebrow_25x,right_eyebrow_25y,right_eyebrow_27x,right_eyebrow_27y,left_eye38_x,left_eye38_y,right_eye45_x,right_eye45_y,left_lip49_x,left_lip49_y,lip_center_upper52_x,lip_center_upper52_y,right_lip55_x,right_lip55_y,lip_center_lower58_x,lip_center_lower58_y,trans_x,trans_y,trans_z,rot_x,rot_y,rot_z
0,0,-0.639190673828125,4.889617919921875,13.118270874023438,8.932754516601591,28.825681686401357,7.23565673828125,-6.8852691650390625,7.535430908203125,-7.9008941650390625,-2.848403930664091,-13.471435546875,-12.055236816406222,-3.9609146118164062,-8.78961181640625,-2.72576904296875,-11.760894775390625,-12.924865722656264,-10.503131866455078,11.903468728065489,-2.032154083251946,-1.2034378051757812,12.48123931884765,9.235026597976685,-13.305175781249986,-0.02549761231057346,-0.01428300142288208,-0.01428300142288208,9.025929602305949,-10.754163138409998,-1.1476221419278716
