,Unnamed: 0,left_eyebrow_18x,left_eyebrow_18y,left_eyebrow_20x,left_eyebrow_20y,left_eyebrow_22x,left_eyebrow_22y,right_eyebrow_23x,right_eyebrow_23y,right_eyebrow_25x,right_eyebrow_25y,right_eyebrow_27x,right_eyebrow_27y,left_eye38_x,left_eye38_y,right_eye45_x,right_eye45_y,left_lip49_x,left_lip49_y,lip_center_upper52_x,lip_center_upper52_y,right_lip55_x,right_lip55_y,lip_center_lower58_x,lip_center_lower58_y,trans_x,trans_y,trans_z,rot_x,rot_y,rot_z
0,0,-2.5707702636718466,1.726547241210909,4.020904541015625,-0.3864135742187216,16.000991821289062,3.330413818359375,-12.887746810913082,4.257904052734375,-5.690734863281236,1.2108001708984375,-1.1323394775390625,-0.036651611328125,-3.117889404296875,-2.845458984375,0.856170654296875,-2.867294311523409,-1.5205917358398438,-4.777206420898445,1.1460199952125547,2.4641571044921875,2.2340927124023295,0.8166999816894602,0.35188835859298706,2.6395721435546875,0.009890104876831174,0.0033277478069067105,0.0033277478069067105,2.1520170887086785,-10.937697212724139,0.383469895803177
