,Unnamed: 0,left_eyebrow_18x,left_eyebrow_18y,left_eyebrow_20x,left_eyebrow_20y,left_eyebrow_22x,left_eyebrow_22y,right_eyebrow_23x,right_eyebrow_23y,right_eyebrow_25x,right_eyebrow_25y,right_eyebrow_27x,right_eyebrow_27y,left_eye38_x,left_eye38_y,right_eye45_x,right_eye45_y,left_lip49_x,left_lip49_y,lip_center_upper52_x,lip_center_upper52_y,right_lip55_x,right_lip55_y,lip_center_lower58_x,lip_center_lower58_y,trans_x,trans_y,trans_z,rot_x,rot_y,rot_z
0,0,-0.3264923095703125,6.718231201171875,4.147575378417983,15.772232055664034,7.5245513916015625,3.941497802734375,11.173076629638679,3.265090942382841,-1.5891342163086222,2.8907318115234375,-12.722335815429659,-7.162307739257784,-7.433769226074219,-5.0269012451171875,-8.307083129882812,-8.863342285156278,-1.3270721435546875,-14.547409057617188,17.689357578754425,2.0473690032958984,-5.341987609863267,12.918682098388665,12.304012537002563,3.7975921630859375,0.01470761327072978,-0.007346723228693015,-0.007346723228693015,3.388246973339431,-34.758196684479834,0.9862997303574514
