,Unnamed: 0,left_eyebrow_18x,left_eyebrow_18y,left_eyebrow_20x,left_eyebrow_20y,left_eyebrow_22x,left_eyebrow_22y,right_eyebrow_23x,right_eyebrow_23y,right_eyebrow_25x,right_eyebrow_25y,right_eyebrow_27x,right_eyebrow_27y,left_eye38_x,left_eye38_y,right_eye45_x,right_eye45_y,left_lip49_x,left_lip49_y,lip_center_upper52_x,lip_center_upper52_y,right_lip55_x,right_lip55_y,lip_center_lower58_x,lip_center_lower58_y,trans_x,trans_y,trans_z,rot_x,rot_y,rot_z
0,0,-0.4162445068359659,11.802841186523438,16.866432189941406,21.625335693359347,46.581308126449585,5.5969696044921875,12.990459442138672,8.389694213867188,2.4052734375,5.1319122314453125,-20.730117797851562,-19.296905517578125,-6.84466552734375,-0.7316589355469034,-21.576858520507812,-4.9990692138671875,-7.456726074218764,-15.754926681518555,28.004419088363647,8.236988067626953,-14.71573638916017,22.26934814453125,20.208626776933674,7.033073425292969,-0.050287664402276284,-0.01057860255241394,-0.01057860255241394,-0.6976514542751655,-40.086501099787306,-3.9815885940487856
