,Unnamed: 0,left_eyebrow_18x,left_eyebrow_18y,left_eyebrow_20x,left_eyebrow_20y,left_eyebrow_22x,left_eyebrow_22y,right_eyebrow_23x,right_eyebrow_23y,right_eyebrow_25x,right_eyebrow_25y,right_eyebrow_27x,right_eyebrow_27y,left_eye38_x,left_eye38_y,right_eye45_x,right_eye45_y,left_lip49_x,left_lip49_y,lip_center_upper52_x,lip_center_upper52_y,right_lip55_x,right_lip55_y,lip_center_lower58_x,lip_center_lower58_y,trans_x,trans_y,trans_z,rot_x,rot_y,rot_z
0,0,-13.83154296875,7.6637420654296875,7.9549713134765625,13.591110229492159,39.14775907993317,6.0116119384765625,20.528720855712905,10.326400756835966,-17.505203247070312,7.8795166015625,-40.78099060058591,-33.503799438476506,2.693939208984375,6.244277954101534,-10.3468017578125,8.184814453125,1.7996902465820312,-10.52415847778321,38.647907972335815,11.994407653808594,-36.19459915161133,16.19449234008789,25.50910149142146,7.661224365234389,-0.036923200590536005,-0.006319604814052582,-0.006319604814052582,-1.048660864476579,-45.51807923961971,-6.211985491925849
