,Unnamed: 0,left_eyebrow_18x,left_eyebrow_18y,left_eyebrow_20x,left_eyebrow_20y,left_eyebrow_22x,left_eyebrow_22y,right_eyebrow_23x,right_eyebrow_23y,right_eyebrow_25x,right_eyebrow_25y,right_eyebrow_27x,right_eyebrow_27y,left_eye38_x,left_eye38_y,right_eye45_x,right_eye45_y,left_lip49_x,left_lip49_y,lip_center_upper52_x,lip_center_upper52_y,right_lip55_x,right_lip55_y,lip_center_lower58_x,lip_center_lower58_y,trans_x,trans_y,trans_z,rot_x,rot_y,rot_z
0,0,0.8326263427734375,3.8837890625,1.625823974609375,12.182174682617159,-0.09221267700195312,1.7980499267578125,3.1402969360351562,3.781341552734375,-3.4018630981445597,8.753295898437528,-4.349853515624943,1.37677001953125,-2.9645538330078125,-5.4692840576171875,-1.520484924316392,-7.5068359375,2.3888092041015625,-4.3556060791015625,3.1482587456703186,-2.9932270050048793,-1.9700469970703125,4.549098968505852,-0.3758547306060791,2.7505950927734375,0.012363719753921032,-0.006894338876008987,-0.006894338876008987,2.5031369661363483,-11.657235328698835,1.105174220691766
