,Unnamed: 0,left_eyebrow_18x,left_eyebrow_18y,left_eyebrow_20x,left_eyebrow_20y,left_eyebrow_22x,left_eyebrow_22y,right_eyebrow_23x,right_eyebrow_23y,right_eyebrow_25x,right_eyebrow_25y,right_eyebrow_27x,right_eyebrow_27y,left_eye38_x,left_eye38_y,right_eye45_x,right_eye45_y,left_lip49_x,left_lip49_y,lip_center_upper52_x,lip_center_upper52_y,right_lip55_x,right_lip55_y,lip_center_lower58_x,lip_center_lower58_y,trans_x,trans_y,trans_z,rot_x,rot_y,rot_z
0,0,-4.923828125,5.990417480468722,5.589698791503906,16.56211853027341,25.397711753845215,6.8623504638671875,27.324325561523438,10.9652099609375,2.8744888305664205,4.587982177734375,-22.251510620117216,-24.41276550292966,-5.812812805175781,2.94903564453125,-15.439254760742188,-1.6844635009765625,-5.5124893188476705,-22.18902587890625,36.85479962825775,14.844337463378903,-15.405723571777344,9.837287902832031,25.947746574878693,11.683517456054702,-0.028591763228178024,-0.009704098105430603,-0.009704098105430603,1.3027369110855023,-40.197322573018454,-5.587715554378894
