,Unnamed: 0,left_eyebrow_18x,left_eyebrow_18y,left_eyebrow_20x,left_eyebrow_20y,left_eyebrow_22x,left_eyebrow_22y,right_eyebrow_23x,right_eyebrow_23y,right_eyebrow_25x,right_eyebrow_25y,right_eyebrow_27x,right_eyebrow_27y,left_eye38_x,left_eye38_y,right_eye45_x,right_eye45_y,left_lip49_x,left_lip49_y,lip_center_upper52_x,lip_center_upper52_y,right_lip55_x,right_lip55_y,lip_center_lower58_x,lip_center_lower58_y,trans_x,trans_y,trans_z,rot_x,rot_y,rot_z
0,0,-6.015716552734403,9.917160034179659,16.869140625,9.396682739257812,46.027799129486084,2.673309326171875,19.071212768554695,8.542938232421875,-10.327445983886719,4.524459838867159,-42.86912536621091,-26.127700805664006,-2.2191162109375,0.649932861328125,-13.093666076660156,-1.9561004638671875,-11.85348510742186,-9.631515502929695,39.51127076148987,18.956546783447266,-27.73028564453125,10.981082916259759,24.403610348701473,4.926574707031236,-0.0443416687194258,-0.012930437922477708,-0.012930437922477708,-3.0168466210495843,-38.847479980659074,-6.3244762739579725
