,Unnamed: 0,left_eyebrow_18x,left_eyebrow_18y,left_eyebrow_20x,left_eyebrow_20y,left_eyebrow_22x,left_eyebrow_22y,right_eyebrow_23x,right_eyebrow_23y,right_eyebrow_25x,right_eyebrow_25y,right_eyebrow_27x,right_eyebrow_27y,left_eye38_x,left_eye38_y,right_eye45_x,right_eye45_y,left_lip49_x,left_lip49_y,lip_center_upper52_x,lip_center_upper52_y,right_lip55_x,right_lip55_y,lip_center_lower58_x,lip_center_lower58_y,trans_x,trans_y,trans_z,rot_x,rot_y,rot_z
0,0,1.839797973632784,3.7897338867187216,9.021926879882812,9.894470214843778,20.175302505493164,4.537414550781193,2.466472625732422,6.5689849853515625,-1.2248001098632812,4.852493286132784,-9.57585144042963,-10.075942993164006,-6.4697418212890625,-0.0592193603515625,-6.263084411621094,-4.201736450195284,-10.978775024414062,-8.625518798828132,14.002333879470825,13.546501159667962,-3.1259994506835938,6.325359344482415,16.819327473640442,2.7285690307617188,-0.013376674847677348,-0.016526110470294952,-0.016526110470294952,-1.1781998913094935,-23.067945729972664,-3.016063314439651
