,Unnamed: 0,left_eyebrow_18x,left_eyebrow_18y,left_eyebrow_20x,left_eyebrow_20y,left_eyebrow_22x,left_eyebrow_22y,right_eyebrow_23x,right_eyebrow_23y,right_eyebrow_25x,right_eyebrow_25y,right_eyebrow_27x,right_eyebrow_27y,left_eye38_x,left_eye38_y,right_eye45_x,right_eye45_y,left_lip49_x,left_lip49_y,lip_center_upper52_x,lip_center_upper52_y,right_lip55_x,right_lip55_y,lip_center_lower58_x,lip_center_lower58_y,trans_x,trans_y,trans_z,rot_x,rot_y,rot_z
0,0,-2.07843017578125,5.272659301757784,1.0895614624023438,13.066757202148438,7.092538833618164,8.703231811523409,14.622871398925781,7.671554565429716,-0.7468872070312358,4.641815185546875,-15.058639526367216,-12.150711059570284,-6.006248474121108,0.2620391845703125,-3.7647705078125,-3.9977264404296875,-2.9007110595703125,-16.311244964599616,16.898069739341736,10.725978851318363,1.657806396484375,7.525993347167969,13.851171791553497,8.261184692382812,-0.00618743896484375,-0.010594815015792847,-0.010594815015792847,4.41093739835632,-23.29688922502726,-2.341401259108822
