,Unnamed: 0,left_eyebrow_18x,left_eyebrow_18y,left_eyebrow_20x,left_eyebrow_20y,left_eyebrow_22x,left_eyebrow_22y,right_eyebrow_23x,right_eyebrow_23y,right_eyebrow_25x,right_eyebrow_25y,right_eyebrow_27x,right_eyebrow_27y,left_eye38_x,left_eye38_y,right_eye45_x,right_eye45_y,left_lip49_x,left_lip49_y,lip_center_upper52_x,lip_center_upper52_y,right_lip55_x,right_lip55_y,lip_center_lower58_x,lip_center_lower58_y,trans_x,trans_y,trans_z,rot_x,rot_y,rot_z
0,0,0.1305389404296875,3.9581451416015625,3.3017196655273438,15.485168457031222,8.855777740478516,12.926162719726562,11.9444580078125,9.916305541992188,4.654899597167997,7.465301513671875,-5.513519287109403,-7.9585418701171875,-6.6267852783203125,-0.6321105957030966,-6.578979492187486,-5.38043212890625,-5.650703430175781,-14.487354278564453,11.52281891554594,6.816677093505863,-12.19826507568358,3.1327972412109375,9.514657258987427,13.048301696777344,-0.007965796161442995,-0.01697357930243015,-0.01697357930243015,0.6773186406489788,-15.902988423649358,-0.6236684048332637
