,Unnamed: 0,left_eyebrow_18x,left_eyebrow_18y,left_eyebrow_20x,left_eyebrow_20y,left_eyebrow_22x,left_eyebrow_22y,right_eyebrow_23x,right_eyebrow_23y,right_eyebrow_25x,right_eyebrow_25y,right_eyebrow_27x,right_eyebrow_27y,left_eye38_x,left_eye38_y,right_eye45_x,right_eye45_y,left_lip49_x,left_lip49_y,lip_center_upper52_x,lip_center_upper52_y,right_lip55_x,right_lip55_y,lip_center_lower58_x,lip_center_lower58_y,trans_x,trans_y,trans_z,rot_x,rot_y,rot_z
0,0,-0.3887023925781534,-9.288696289062472,6.688079833984389,8.00048828125,3.3876495361328054,16.88226318359372,-4.425601959228516,14.932754516601562,-8.35235595703125,10.745574951171875,-0.7128143310546875,-7.755584716796847,1.825469970703125,-6.4855499267578125,-3.9885330200195312,-5.959564208984375,0.74786376953125,0.9117393493652344,0.3167295455932617,3.242576599121101,2.4716262817382812,1.3996047973632812,1.8450796604156494,10.86407470703125,0.0028279670514166364,-0.018505919724702842,-0.018505919724702842,7.17283384824049,-2.4308651330019195,-0.5229353909350118
