,Unnamed: 0,left_eyebrow_18x,left_eyebrow_18y,left_eyebrow_20x,left_eyebrow_20y,left_eyebrow_22x,left_eyebrow_22y,right_eyebrow_23x,right_eyebrow_23y,right_eyebrow_25x,right_eyebrow_25y,right_eyebrow_27x,right_eyebrow_27y,left_eye38_x,left_eye38_y,right_eye45_x,right_eye45_y,left_lip49_x,left_lip49_y,lip_center_upper52_x,lip_center_upper52_y,right_lip55_x,right_lip55_y,lip_center_lower58_x,lip_center_lower58_y,trans_x,trans_y,trans_z,rot_x,rot_y,rot_z
0,0,-0.12205505371096592,-3.036376953125,9.009033203124972,12.693115234375,17.545989990234382,15.538299560546875,-17.851272583007812,11.156173706054688,-10.426658630371108,11.725036621093778,0.5780944824218466,-2.1192626953124716,4.976219177246094,-10.71429443359375,-1.1278686523437358,-11.15240478515625,-6.676368713378906,-5.281044006347656,-4.0296560525894165,13.50571060180664,3.058197021484375,-4.934074401855469,-2.985191285610199,4.320152282714844,-0.003950066835386679,-0.004157237708568573,-0.004157237708568573,10.624186161223648,1.972369186329302,-1.4748721439009325
