,Unnamed: 0,left_eyebrow_18x,left_eyebrow_18y,left_eyebrow_20x,left_eyebrow_20y,left_eyebrow_22x,left_eyebrow_22y,right_eyebrow_23x,right_eyebrow_23y,right_eyebrow_25x,right_eyebrow_25y,right_eyebrow_27x,right_eyebrow_27y,left_eye38_x,left_eye38_y,right_eye45_x,right_eye45_y,left_lip49_x,left_lip49_y,lip_center_upper52_x,lip_center_upper52_y,right_lip55_x,right_lip55_y,lip_center_lower58_x,lip_center_lower58_y,trans_x,trans_y,trans_z,rot_x,rot_y,rot_z
0,0,-5.496749877929659,9.85612487792963,8.978538513183622,13.977386474609403,29.945751190185547,3.8477630615234375,0.25341033935546875,6.21142578125,-6.370063781738281,-3.915252685546875,-10.888259887695284,-17.179397583007784,-5.6638946533203125,-1.1943359375,-3.5615692138671875,2.031707763671875,-2.7354660034179545,-14.224052429199219,30.222285300493244,2.0157737731933594,-9.272773742675781,22.948696136474602,24.268353343009952,5.386863708496094,-0.023652552452404055,0.0016593448817729985,0.0016593448817729985,-2.455039590231535,-35.25942185334679,-2.853167051970647
