,Unnamed: 0,left_eyebrow_18x,left_eyebrow_18y,left_eyebrow_20x,left_eyebrow_20y,left_eyebrow_22x,left_eyebrow_22y,right_eyebrow_23x,right_eyebrow_23y,right_eyebrow_25x,right_eyebrow_25y,right_eyebrow_27x,right_eyebrow_27y,left_eye38_x,left_eye38_y,right_eye45_x,right_eye45_y,left_lip49_x,left_lip49_y,lip_center_upper52_x,lip_center_upper52_y,right_lip55_x,right_lip55_y,lip_center_lower58_x,lip_center_lower58_y,trans_x,trans_y,trans_z,rot_x,rot_y,rot_z
0,0,-7.301513671875057,9.277359008789062,11.579162597656222,25.609207153320312,45.968299865722656,18.11395263671875,9.76552963256836,13.392440795898438,-8.311569213867188,14.670654296875028,-28.42848205566409,-22.654754638671847,2.2320556640625,-2.48138427734375,-11.74188232421875,-11.625320434570312,-19.84375,-20.642349243164062,28.104488015174866,17.027027130126953,-24.200210571289062,5.837467193603516,18.34866762161255,11.264602661132812,-0.015914957475615665,-0.0010725408792495728,-0.0010725408792495728,11.358896191656497,-33.415314332921874,-5.12498394587789
