,Unnamed: 0,left_eyebrow_18x,left_eyebrow_18y,left_eyebrow_20x,left_eyebrow_20y,left_eyebrow_22x,left_eyebrow_22y,right_eyebrow_23x,right_eyebrow_23y,right_eyebrow_25x,right_eyebrow_25y,right_eyebrow_27x,right_eyebrow_27y,left_eye38_x,left_eye38_y,right_eye45_x,right_eye45_y,left_lip49_x,left_lip49_y,lip_center_upper52_x,lip_center_upper52_y,right_lip55_x,right_lip55_y,lip_center_lower58_x,lip_center_lower58_y,trans_x,trans_y,trans_z,rot_x,rot_y,rot_z
0,0,0.4779357910156534,2.8253936767578125,8.696990966796875,16.82275390625,15.719110488891609,10.585617065429688,0.929584503173821,11.406265258789062,-2.6980438232421875,8.45068359375,-7.403701782226506,-7.4102325439453125,-10.076904296875,-1.77032470703125,-3.2054367065429688,-6.665908813476591,-2.1150436401367188,-6.606136322021484,18.87891435623169,6.580331802368164,-3.3657913208007812,11.733940124511719,14.150134563446045,3.515625,0.013956605456769466,-0.016413342207670212,-0.016413342207670212,3.612299884283768,-32.88527657049372,1.814105730056799
