,Unnamed: 0,left_eyebrow_18x,left_eyebrow_18y,left_eyebrow_20x,left_eyebrow_20y,left_eyebrow_22x,left_eyebrow_22y,right_eyebrow_23x,right_eyebrow_23y,right_eyebrow_25x,right_eyebrow_25y,right_eyebrow_27x,right_eyebrow_27y,left_eye38_x,left_eye38_y,right_eye45_x,right_eye45_y,left_lip49_x,left_lip49_y,lip_center_upper52_x,lip_center_upper52_y,right_lip55_x,right_lip55_y,lip_center_lower58_x,lip_center_lower58_y,trans_x,trans_y,trans_z,rot_x,rot_y,rot_z
0,0,-2.067306518554716,0.5962524414062784,-0.30884552001953125,6.9317474365234375,-2.727508544921868,9.4661865234375,-1.1677513122558523,11.381988525390653,0.44942474365234375,8.5242919921875,0.8659515380859091,0.8766021728515341,3.3850860595703267,-3.9401702880859375,4.2611770629882955,-2.275360107421875,6.472618103027344,-0.338104248046875,-2.076013207435608,-2.1543540954589844,-3.069793701171875,-2.3881988525390625,-4.485010266304016,-8.822792053222656,-0.005950014514382929,-0.020206708461046212,-0.020206708461046212,5.282931189337889,6.024753342770599,1.1655263533485578
