,Unnamed: 0,left_eyebrow_18x,left_eyebrow_18y,left_eyebrow_20x,left_eyebrow_20y,left_eyebrow_22x,left_eyebrow_22y,right_eyebrow_23x,right_eyebrow_23y,right_eyebrow_25x,right_eyebrow_25y,right_eyebrow_27x,right_eyebrow_27y,left_eye38_x,left_eye38_y,right_eye45_x,right_eye45_y,left_lip49_x,left_lip49_y,lip_center_upper52_x,lip_center_upper52_y,right_lip55_x,right_lip55_y,lip_center_lower58_x,lip_center_lower58_y,trans_x,trans_y,trans_z,rot_x,rot_y,rot_z
0,0,-4.921875,1.567886352539034,0.1924743652343608,12.146697998046903,4.347747802734375,9.228149414062528,7.595893859863281,9.61480712890625,-5.564979553222642,6.8787689208984375,-12.5655517578125,-13.293655395507812,-5.167640686035156,-0.004669189453096578,-0.40004730224607954,0.2112579345703125,4.7046737670898295,-9.235271453857415,18.774815320968628,2.007427215576172,-4.196929931640639,10.067268371582031,13.068394422531128,3.556999206542983,-0.0026721651665866375,-0.011543650180101395,-0.011543650180101395,0.3533817722137078,-22.069660970890045,-1.052942180246537
