,Unnamed: 0,left_eyebrow_18x,left_eyebrow_18y,left_eyebrow_20x,left_eyebrow_20y,left_eyebrow_22x,left_eyebrow_22y,right_eyebrow_23x,right_eyebrow_23y,right_eyebrow_25x,right_eyebrow_25y,right_eyebrow_27x,right_eyebrow_27y,left_eye38_x,left_eye38_y,right_eye45_x,right_eye45_y,left_lip49_x,left_lip49_y,lip_center_upper52_x,lip_center_upper52_y,right_lip55_x,right_lip55_y,lip_center_lower58_x,lip_center_lower58_y,trans_x,trans_y,trans_z,rot_x,rot_y,rot_z
0,0,-2.8628997802734375,3.19281005859375,-0.06510925292971592,8.220870971679659,0.5155563354492188,10.34185791015625,0.7043609619140625,8.013336181640625,-0.32448577880857954,9.929656982421875,1.9738311767578125,1.9617156982421875,-0.3721160888671875,-6.423782348632784,0.03275299072268467,-5.787628173828125,2.648956298828125,-6.215019226074219,-1.8975650146603584,4.664993286132816,-4.4614181518554545,-4.1607208251953125,-1.394044697284699,7.479026794433594,-0.0015745419077575205,-0.004018120467662815,-0.004018120467662815,7.292966095779322,-0.5577932957843004,-0.7622818829135314
