,Unnamed: 0,left_eyebrow_18x,left_eyebrow_18y,left_eyebrow_20x,left_eyebrow_20y,left_eyebrow_22x,left_eyebrow_22y,right_eyebrow_23x,right_eyebrow_23y,right_eyebrow_25x,right_eyebrow_25y,right_eyebrow_27x,right_eyebrow_27y,left_eye38_x,left_eye38_y,right_eye45_x,right_eye45_y,left_lip49_x,left_lip49_y,lip_center_upper52_x,lip_center_upper52_y,right_lip55_x,right_lip55_y,lip_center_lower58_x,lip_center_lower58_y,trans_x,trans_y,trans_z,rot_x,rot_y,rot_z
0,0,-2.964569091796875,8.520416259765625,9.921234130859375,17.337677001953097,31.32849407196045,14.614028930664062,27.368942260742188,14.08831787109375,-1.7420806884765625,9.3173828125,-33.606475830078125,-30.919509887695312,-6.152931213378906,1.9940795898437784,-8.994422912597642,-1.98577880859375,-13.490997314453125,-22.0772476196289,37.349204413592815,16.15310668945313,-31.760295867919908,13.447273254394531,19.826380968093872,12.925064086914062,-0.026811607647687197,-0.012419847771525386,-0.012419847771525386,-1.6798903826424167,-35.86516677111294,-3.46974534863402
