,Unnamed: 0,left_eyebrow_18x,left_eyebrow_18y,left_eyebrow_20x,left_eyebrow_20y,left_eyebrow_22x,left_eyebrow_22y,right_eyebrow_23x,right_eyebrow_23y,right_eyebrow_25x,right_eyebrow_25y,right_eyebrow_27x,right_eyebrow_27y,left_eye38_x,left_eye38_y,right_eye45_x,right_eye45_y,left_lip49_x,left_lip49_y,lip_center_upper52_x,lip_center_upper52_y,right_lip55_x,right_lip55_y,lip_center_lower58_x,lip_center_lower58_y,trans_x,trans_y,trans_z,rot_x,rot_y,rot_z
0,0,-4.7613372802734375,4.740295410156278,-1.987319946289091,13.163452148437528,2.029918670654297,11.038833618164062,9.455902099609375,11.35748291015625,-0.01090240478515625,8.040618896484375,-5.5308990478515625,-7.2428436279296875,-2.036773681640611,-0.79302978515625,-3.3161849975585938,-1.8992919921875284,-0.28708648681640625,-11.325260162353516,9.32409632205963,-2.484535217285149,-7.6728973388671875,4.462665557861328,8.764008402824402,-3.5238418579101562,-0.001174642879050225,-0.021138239651918418,-0.021138239651918418,6.5956329778815,-16.709544363013023,1.0053996978337025
