,Unnamed: 0,left_eyebrow_18x,left_eyebrow_18y,left_eyebrow_20x,left_eyebrow_20y,left_eyebrow_22x,left_eyebrow_22y,right_eyebrow_23x,right_eyebrow_23y,right_eyebrow_25x,right_eyebrow_25y,right_eyebrow_27x,right_eyebrow_27y,left_eye38_x,left_eye38_y,right_eye45_x,right_eye45_y,left_lip49_x,left_lip49_y,lip_center_upper52_x,lip_center_upper52_y,right_lip55_x,right_lip55_y,lip_center_lower58_x,lip_center_lower58_y,trans_x,trans_y,trans_z,rot_x,rot_y,rot_z
0,0,-7.902252197265625,-4.828063964843722,13.015220642089872,29.2747802734375,24.156656265258786,31.855941772460938,-11.832950592041016,32.297393798828125,-13.828239440917983,23.94927978515625,-3.8611907958984375,-16.493621826171875,-5.491020202636719,-6.2083892822265625,0.10791015625,-6.392578125,13.362579345703125,-2.270313262939453,19.94232845306396,3.8553218841552734,-11.105171203613267,13.49032211303711,18.083342850208282,27.83623504638672,0.010651141870766878,-0.046664640307426446,-0.046664640307426446,12.753613643640842,-30.37298561611565,-0.32366502241634193
