,Unnamed: 0,left_eyebrow_18x,left_eyebrow_18y,left_eyebrow_20x,left_eyebrow_20y,left_eyebrow_22x,left_eyebrow_22y,right_eyebrow_23x,right_eyebrow_23y,right_eyebrow_25x,right_eyebrow_25y,right_eyebrow_27x,right_eyebrow_27y,left_eye38_x,left_eye38_y,right_eye45_x,right_eye45_y,left_lip49_x,left_lip49_y,lip_center_upper52_x,lip_center_upper52_y,right_lip55_x,right_lip55_y,lip_center_lower58_x,lip_center_lower58_y,trans_x,trans_y,trans_z,rot_x,rot_y,rot_z
0,0,-4.0271759033203125,0.2795715332030966,0.6658477783203409,12.242294311523409,2.490406036376946,9.445877075195341,-3.6449317932128906,9.740356445312528,-2.829696655273409,10.075088500976562,4.016845703125,-1.4207916259765625,-3.85369873046875,-1.5068511962890625,3.246185302734375,-0.387939453125,12.08566284179686,0.21490478515625,-2.4493024349212646,-3.696533203125,-10.987655639648438,1.4369850158691477,-3.5812991857528695,-9.447074890136719,-2.247933298349424e-05,-0.01125154830515384,-0.01125154830515384,0.9385623207102887,0.9092239666271085,1.4053734066153298
