,Unnamed: 0,left_eyebrow_18x,left_eyebrow_18y,left_eyebrow_20x,left_eyebrow_20y,left_eyebrow_22x,left_eyebrow_22y,right_eyebrow_23x,right_eyebrow_23y,right_eyebrow_25x,right_eyebrow_25y,right_eyebrow_27x,right_eyebrow_27y,left_eye38_x,left_eye38_y,right_eye45_x,right_eye45_y,left_lip49_x,left_lip49_y,lip_center_upper52_x,lip_center_upper52_y,right_lip55_x,right_lip55_y,lip_center_lower58_x,lip_center_lower58_y,trans_x,trans_y,trans_z,rot_x,rot_y,rot_z
0,0,-1.14825439453125,-1.0216522216796875,2.861152648925767,5.8033294677734375,2.3487091064453125,5.5446624755859375,-4.035131454467773,5.848495483398466,-5.5986862182617045,8.802597045898438,-0.439849853515625,-1.662628173828125,3.0833816528320312,-2.5949401855468466,0.6996154785156392,-0.884246826171875,-0.27368927001953125,-2.2446937561035085,2.356210380792618,7.216796875,4.506309509277344,-2.4524574279785227,-0.531125545501709,3.6649932861328125,0.0014756834134459478,-0.031160593032836914,-0.031160593032836914,3.159384044228805,0.09252504481821378,2.726175639619474
