,Unnamed: 0,left_eyebrow_18x,left_eyebrow_18y,left_eyebrow_20x,left_eyebrow_20y,left_eyebrow_22x,left_eyebrow_22y,right_eyebrow_23x,right_eyebrow_23y,right_eyebrow_25x,right_eyebrow_25y,right_eyebrow_27x,right_eyebrow_27y,left_eye38_x,left_eye38_y,right_eye45_x,right_eye45_y,left_lip49_x,left_lip49_y,lip_center_upper52_x,lip_center_upper52_y,right_lip55_x,right_lip55_y,lip_center_lower58_x,lip_center_lower58_y,trans_x,trans_y,trans_z,rot_x,rot_y,rot_z
0,0,-1.4591827392578125,4.6422882080078125,6.818870544433565,16.492919921875,26.654534339904785,10.703460693359375,17.098567962646484,13.092376708984403,3.079010009765639,2.8557586669921875,-13.780593872070312,-23.223175048828125,-2.8324508666992188,0.3214111328125,-12.861915588378906,0.063995361328125,-16.63690948486328,-22.68906021118164,29.89021125435829,16.053714752197266,-21.954315185546875,15.15182113647461,22.12223708629608,11.481971740722656,-0.021610106341540817,-0.05562677979469301,-0.05562677979469301,0.5609158222827668,-39.04465647744948,-1.1991140935943552
