,Unnamed: 0,left_eyebrow_18x,left_eyebrow_18y,left_eyebrow_20x,left_eyebrow_20y,left_eyebrow_22x,left_eyebrow_22y,right_eyebrow_23x,right_eyebrow_23y,right_eyebrow_25x,right_eyebrow_25y,right_eyebrow_27x,right_eyebrow_27y,left_eye38_x,left_eye38_y,right_eye45_x,right_eye45_y,left_lip49_x,left_lip49_y,lip_center_upper52_x,lip_center_upper52_y,right_lip55_x,right_lip55_y,lip_center_lower58_x,lip_center_lower58_y,trans_x,trans_y,trans_z,rot_x,rot_y,rot_z
0,0,-2.3014373779296875,3.9968872070312784,3.572105407714801,10.75537109375,9.140613555908207,4.684265136718722,5.0333251953125,6.002502441406278,0.4665985107422017,2.650070190429716,-5.258392333984375,-6.7747802734375,-1.0644302368164062,-1.11614990234375,-3.4560012817382812,-3.922042846679716,-7.4701080322265625,-12.545555114746094,12.803125530481339,9.53179931640625,-3.8291854858398438,7.370227813720703,10.451026797294617,4.3694305419921875,-0.0005523134022951135,-0.06443926692008972,-0.06443926692008972,0.29382698356929005,-20.157855776326425,2.2257330612687145
