,Unnamed: 0,left_eyebrow_18x,left_eyebrow_18y,left_eyebrow_20x,left_eyebrow_20y,left_eyebrow_22x,left_eyebrow_22y,right_eyebrow_23x,right_eyebrow_23y,right_eyebrow_25x,right_eyebrow_25y,right_eyebrow_27x,right_eyebrow_27y,left_eye38_x,left_eye38_y,right_eye45_x,right_eye45_y,left_lip49_x,left_lip49_y,lip_center_upper52_x,lip_center_upper52_y,right_lip55_x,right_lip55_y,lip_center_lower58_x,lip_center_lower58_y,trans_x,trans_y,trans_z,rot_x,rot_y,rot_z
0,0,-11.0877685546875,7.069046020507841,6.662124633789034,6.4082489013671875,31.02739715576172,4.583648681640682,25.44739151000976,6.784988403320369,-7.057441711425753,-0.6585845947265625,-39.58692932128906,-32.366455078125,-1.2775955200195312,5.49188232421875,-7.480674743652344,7.450408935546875,-9.094245910644531,-20.026836395263672,40.50485920906067,-2.3258628845214915,-38.366615295410156,7.662700653076165,22.739181399345398,11.691154479980469,-0.02037327876314521,-0.00022823363542556763,-0.00022823363542556763,1.1172728807005623,-38.14118324227407,-0.964149450442776
