,Unnamed: 0,left_eyebrow_18x,left_eyebrow_18y,left_eyebrow_20x,left_eyebrow_20y,left_eyebrow_22x,left_eyebrow_22y,right_eyebrow_23x,right_eyebrow_23y,right_eyebrow_25x,right_eyebrow_25y,right_eyebrow_27x,right_eyebrow_27y,left_eye38_x,left_eye38_y,right_eye45_x,right_eye45_y,left_lip49_x,left_lip49_y,lip_center_upper52_x,lip_center_upper52_y,right_lip55_x,right_lip55_y,lip_center_lower58_x,lip_center_lower58_y,trans_x,trans_y,trans_z,rot_x,rot_y,rot_z
0,0,-17.36982727050784,2.842193603515625,7.283912658691406,7.5330352783203125,36.8490071296692,4.7494659423828125,31.419475555419922,7.6040496826171875,-21.845077514648438,5.213592529296903,-61.049057006835966,-36.792877197265625,15.122390747070312,0.356781005859375,-9.942634582519531,4.1946563720703125,-14.848838806152344,-5.040645599365234,41.9090600013733,-0.20064735412597656,-42.062503814697266,12.99520492553711,15.698881149291989,24.838851928710938,-0.019799889996647835,0.0032876916229724815,0.0032876916229724815,5.010742615457061,-41.86576786631309,-3.395975360178119
