,Unnamed: 0,left_eyebrow_18x,left_eyebrow_18y,left_eyebrow_20x,left_eyebrow_20y,left_eyebrow_22x,left_eyebrow_22y,right_eyebrow_23x,right_eyebrow_23y,right_eyebrow_25x,right_eyebrow_25y,right_eyebrow_27x,right_eyebrow_27y,left_eye38_x,left_eye38_y,right_eye45_x,right_eye45_y,left_lip49_x,left_lip49_y,lip_center_upper52_x,lip_center_upper52_y,right_lip55_x,right_lip55_y,lip_center_lower58_x,lip_center_lower58_y,trans_x,trans_y,trans_z,rot_x,rot_y,rot_z
0,0,-6.39056396484375,2.4362335205078125,-2.700210571289091,4.473419189453125,2.1765899658203125,7.471984863281222,2.501300811767578,3.168563842773466,1.994583129882784,0.2915649414062784,0.4999237060546591,-1.7539520263671875,-2.990776062011733,-3.741363525390625,0.17632293701170454,-3.9066619873046875,10.320114135742188,-8.047061920166016,3.508372306823731,-24.8392276763916,-9.958580017089844,3.7278404235839773,-2.0315465927124023,23.787689208984375,0.0029520560055971146,0.013581996783614155,0.013581996783614155,2.7703032770379696,-0.07071402477628297,3.1918512669557586
