,Unnamed: 0,left_eyebrow_18x,left_eyebrow_18y,left_eyebrow_20x,left_eyebrow_20y,left_eyebrow_22x,left_eyebrow_22y,right_eyebrow_23x,right_eyebrow_23y,right_eyebrow_25x,right_eyebrow_25y,right_eyebrow_27x,right_eyebrow_27y,left_eye38_x,left_eye38_y,right_eye45_x,right_eye45_y,left_lip49_x,left_lip49_y,lip_center_upper52_x,lip_center_upper52_y,right_lip55_x,right_lip55_y,lip_center_lower58_x,lip_center_lower58_y,trans_x,trans_y,trans_z,rot_x,rot_y,rot_z
0,0,-4.5836029052734375,6.487640380859375,15.175148010253906,25.94610595703128,24.145088195800778,18.798782348632812,36.880271911621094,20.434112548828097,-2.406921386718764,14.303497314453097,-30.248687744140625,-31.837387084960966,0.22266387939453125,-6.9997711181640625,-15.859695434570312,-6.6158447265625,-17.60430145263672,-20.75940704345703,38.50475883483887,3.9743766784667898,-42.968139648437486,-2.261791229248047,29.6311993598938,14.236557006835938,-0.014097223989665505,-0.01599423587322235,-0.01599423587322235,2.4370433237539078,-43.508360789279216,-1.5066902473570638
