,Unnamed: 0,left_eyebrow_18x,left_eyebrow_18y,left_eyebrow_20x,left_eyebrow_20y,left_eyebrow_22x,left_eyebrow_22y,right_eyebrow_23x,right_eyebrow_23y,right_eyebrow_25x,right_eyebrow_25y,right_eyebrow_27x,right_eyebrow_27y,left_eye38_x,left_eye38_y,right_eye45_x,right_eye45_y,left_lip49_x,left_lip49_y,lip_center_upper52_x,lip_center_upper52_y,right_lip55_x,right_lip55_y,lip_center_lower58_x,lip_center_lower58_y,trans_x,trans_y,trans_z,rot_x,rot_y,rot_z
0,0,1.1121826171875,6.3252716064453125,0.9912948608398295,13.205856323242188,4.136455535888665,2.40606689453125,13.252361297607422,0.325714111328125,-2.416076660156236,-3.1430816650390625,-15.840087890625,-10.626358032226591,-9.25265502929689,1.3597564697265625,2.2599945068359375,2.07659912109375,-5.3860855102539205,-13.295833587646484,13.34379279613495,-17.77736473083496,-7.0405731201171875,7.866458892822266,10.44995379447937,18.66656494140625,0.00201139273121953,-0.0030843988060951302,-0.0030843988060951302,-0.9164213606451277,-32.760824703375526,-2.5392097033090812
