,Unnamed: 0,left_eyebrow_18x,left_eyebrow_18y,left_eyebrow_20x,left_eyebrow_20y,left_eyebrow_22x,left_eyebrow_22y,right_eyebrow_23x,right_eyebrow_23y,right_eyebrow_25x,right_eyebrow_25y,right_eyebrow_27x,right_eyebrow_27y,left_eye38_x,left_eye38_y,right_eye45_x,right_eye45_y,left_lip49_x,left_lip49_y,lip_center_upper52_x,lip_center_upper52_y,right_lip55_x,right_lip55_y,lip_center_lower58_x,lip_center_lower58_y,trans_x,trans_y,trans_z,rot_x,rot_y,rot_z
0,0,-10.776245117187472,9.184265136718722,3.272369384765625,9.029571533203153,25.218738555908203,9.473205566406278,19.04876708984375,8.185943603515625,6.263732910156222,-9.430847167968807,-14.803085327148438,-21.84588623046872,-6.357902526855469,-1.6220245361328125,-11.92800140380858,-1.829498291015625,3.7855377197265625,-25.46587371826172,25.588101148605347,-2.3227386474609446,-23.375,19.68172836303711,20.201684802770615,1.94580078125,-0.03612830932252109,0.0019857659935951094,0.0019857659935951094,-6.660847252112179,-32.519249944130294,-2.9968389042285475
