,Unnamed: 0,left_eyebrow_18x,left_eyebrow_18y,left_eyebrow_20x,left_eyebrow_20y,left_eyebrow_22x,left_eyebrow_22y,right_eyebrow_23x,right_eyebrow_23y,right_eyebrow_25x,right_eyebrow_25y,right_eyebrow_27x,right_eyebrow_27y,left_eye38_x,left_eye38_y,right_eye45_x,right_eye45_y,left_lip49_x,left_lip49_y,lip_center_upper52_x,lip_center_upper52_y,right_lip55_x,right_lip55_y,lip_center_lower58_x,lip_center_lower58_y,trans_x,trans_y,trans_z,rot_x,rot_y,rot_z
0,0,-6.2449798583984375,5.80767822265625,1.227531433105483,6.205291748046875,11.064140319824219,6.632217407226534,-9.5387191772461,6.416030883789091,-2.1627197265624716,6.5403594970703125,3.2889862060546307,4.4425048828125,-3.582611083984375,-4.1910858154296875,1.5834884643554688,-6.2549896240234375,11.690589904785156,-3.1683692932128906,-1.3181465119123459,-17.15904998779297,-10.841384887695298,1.3410224914550781,-0.13226795196533203,20.201972961425795,-0.003810596070252359,-0.001435067504644394,-0.001435067504644394,0.48114160657716365,5.696113291303602,-0.11416744654019073
