,Unnamed: 0,left_eyebrow_18x,left_eyebrow_18y,left_eyebrow_20x,left_eyebrow_20y,left_eyebrow_22x,left_eyebrow_22y,right_eyebrow_23x,right_eyebrow_23y,right_eyebrow_25x,right_eyebrow_25y,right_eyebrow_27x,right_eyebrow_27y,left_eye38_x,left_eye38_y,right_eye45_x,right_eye45_y,left_lip49_x,left_lip49_y,lip_center_upper52_x,lip_center_upper52_y,right_lip55_x,right_lip55_y,lip_center_lower58_x,lip_center_lower58_y,trans_x,trans_y,trans_z,rot_x,rot_y,rot_z
0,0,0.12762451171877842,-0.23753356933590908,7.366310119628906,13.876968383789091,10.301422119140625,9.044952392578125,-7.517601013183601,10.3201904296875,-7.630172729492159,13.368881225585938,-2.261886596679716,-3.930862426757784,2.1137847900390625,-5.510437011718778,-3.2460708618164062,-3.5514221191405966,-10.519905090332017,-16.303443908691413,-2.7474864721298218,9.579465866088864,6.2804794311523295,-11.39579772949218,-1.7638371586799622,24.596847534179673,0.003051091218367219,-0.02420729771256447,-0.02420729771256447,10.25667598926721,-1.5811443781385677,0.6572281810684906
