,Unnamed: 0,left_eyebrow_18x,left_eyebrow_18y,left_eyebrow_20x,left_eyebrow_20y,left_eyebrow_22x,left_eyebrow_22y,right_eyebrow_23x,right_eyebrow_23y,right_eyebrow_25x,right_eyebrow_25y,right_eyebrow_27x,right_eyebrow_27y,left_eye38_x,left_eye38_y,right_eye45_x,right_eye45_y,left_lip49_x,left_lip49_y,lip_center_upper52_x,lip_center_upper52_y,right_lip55_x,right_lip55_y,lip_center_lower58_x,lip_center_lower58_y,trans_x,trans_y,trans_z,rot_x,rot_y,rot_z
0,0,-4.488067626953125,10.807144165039091,17.88483428955078,15.261734008789034,46.60608005523681,6.958282470703125,22.162487030029304,7.3516082763671875,-7.7248382568359375,-5.973724365234347,-34.39677429199216,-33.29786682128906,2.055511474609375,-4.7627716064453125,-16.15467071533203,-9.245407104492188,-38.83068084716797,-38.033077239990234,25.21542203426361,6.857128143310547,-29.497833251953125,7.736396789550781,10.19461965560913,26.722946166992188,-0.025962920393794775,0.0003286562860011985,0.0003286562860011985,11.198087886714701,-46.46930783725557,-2.480525779400914
