,Unnamed: 0,left_eyebrow_18x,left_eyebrow_18y,left_eyebrow_20x,left_eyebrow_20y,left_eyebrow_22x,left_eyebrow_22y,right_eyebrow_23x,right_eyebrow_23y,right_eyebrow_25x,right_eyebrow_25y,right_eyebrow_27x,right_eyebrow_27y,left_eye38_x,left_eye38_y,right_eye45_x,right_eye45_y,left_lip49_x,left_lip49_y,lip_center_upper52_x,lip_center_upper52_y,right_lip55_x,right_lip55_y,lip_center_lower58_x,lip_center_lower58_y,trans_x,trans_y,trans_z,rot_x,rot_y,rot_z
0,0,-5.271484375,8.750823974609403,3.8026580810546875,0.9061431884765909,28.39039134979248,-7.8321533203125,18.28472137451172,-4.3325347900390625,-10.722221374511733,-18.029373168945312,-39.23455810546878,-29.72801208496091,-5.5157012939453125,10.774185180664062,-6.3951568603515625,10.514129638671847,-15.168083190917983,-22.08951568603516,41.3748614192009,-1.348484039306637,-13.854736328125,14.562294006347656,19.60060805082321,6.794372558593764,-0.012886342592537403,-0.01953374594449997,-0.01953374594449997,-0.9828266140120772,-52.03041243989222,-2.635653260520211
