,Unnamed: 0,left_eyebrow_18x,left_eyebrow_18y,left_eyebrow_20x,left_eyebrow_20y,left_eyebrow_22x,left_eyebrow_22y,right_eyebrow_23x,right_eyebrow_23y,right_eyebrow_25x,right_eyebrow_25y,right_eyebrow_27x,right_eyebrow_27y,left_eye38_x,left_eye38_y,right_eye45_x,right_eye45_y,left_lip49_x,left_lip49_y,lip_center_upper52_x,lip_center_upper52_y,right_lip55_x,right_lip55_y,lip_center_lower58_x,lip_center_lower58_y,trans_x,trans_y,trans_z,rot_x,rot_y,rot_z
0,0,-1.566650390625,5.882186889648494,11.219177246093764,22.41078186035159,25.779268264770508,9.039703369140625,3.8184432983398366,12.325775146484403,-3.03271484375,9.88323974609375,-8.300857543945341,-14.791473388671875,-2.7591171264648295,-1.083297729492216,-10.791007995605469,-5.100311279296818,-20.503517150878892,-28.978046417236335,10.557079672813414,10.63260459899902,-8.79331207275392,-2.407135009765625,6.762934446334841,23.154922485351562,-0.0024803602136671543,-0.04886278137564659,-0.04886278137564659,6.617196032931284,-26.535280991914313,2.259588388825328
