,Unnamed: 0,left_eyebrow_18x,left_eyebrow_18y,left_eyebrow_20x,left_eyebrow_20y,left_eyebrow_22x,left_eyebrow_22y,right_eyebrow_23x,right_eyebrow_23y,right_eyebrow_25x,right_eyebrow_25y,right_eyebrow_27x,right_eyebrow_27y,left_eye38_x,left_eye38_y,right_eye45_x,right_eye45_y,left_lip49_x,left_lip49_y,lip_center_upper52_x,lip_center_upper52_y,right_lip55_x,right_lip55_y,lip_center_lower58_x,lip_center_lower58_y,trans_x,trans_y,trans_z,rot_x,rot_y,rot_z
0,0,-2.7393188476562216,5.524398803710966,1.2366027832031534,14.619857788085938,12.677579879760742,5.032623291015597,-4.895172119140625,6.57489013671875,-4.2242431640625,8.445602416992216,-3.2473602294921307,-1.4218139648436932,0.2485198974609375,0.11244201660153408,0.466522216796875,0.27276611328125,-7.075668334960909,-19.504730224609368,2.1500167846679688,-6.108268737792969,-2.5884552001953267,-8.552978515625,3.1675741672515874,30.66197967529297,-0.012781346682459116,-0.032735154032707214,-0.032735154032707214,1.7782583794007663,-15.574128876351171,-1.4029551917383192
