,Unnamed: 0,left_eyebrow_18x,left_eyebrow_18y,left_eyebrow_20x,left_eyebrow_20y,left_eyebrow_22x,left_eyebrow_22y,right_eyebrow_23x,right_eyebrow_23y,right_eyebrow_25x,right_eyebrow_25y,right_eyebrow_27x,right_eyebrow_27y,left_eye38_x,left_eye38_y,right_eye45_x,right_eye45_y,left_lip49_x,left_lip49_y,lip_center_upper52_x,lip_center_upper52_y,right_lip55_x,right_lip55_y,lip_center_lower58_x,lip_center_lower58_y,trans_x,trans_y,trans_z,rot_x,rot_y,rot_z
0,0,-0.4042205810546591,6.0054931640625,5.496543884277344,4.2552642822265625,12.756958007812493,3.1216583251953125,-7.921669006347649,-1.650222778320341,-5.973335266113281,1.7909545898437784,-5.439666748046847,3.0718536376953125,0.784873962402358,-10.934860229492188,-1.1876068115234375,-13.300567626953125,-11.557838439941406,-13.262069702148438,-0.6377204656600952,3.2201614379882777,11.448287963867188,-3.9366378784179688,-1.651057243347168,27.335166931152344,0.0031149955466389656,-0.013386350125074387,-0.013386350125074387,4.722328566387158,-2.85580505104186,0.4974691644123099
