,Unnamed: 0,left_eyebrow_18x,left_eyebrow_18y,left_eyebrow_20x,left_eyebrow_20y,left_eyebrow_22x,left_eyebrow_22y,right_eyebrow_23x,right_eyebrow_23y,right_eyebrow_25x,right_eyebrow_25y,right_eyebrow_27x,right_eyebrow_27y,left_eye38_x,left_eye38_y,right_eye45_x,right_eye45_y,left_lip49_x,left_lip49_y,lip_center_upper52_x,lip_center_upper52_y,right_lip55_x,right_lip55_y,lip_center_lower58_x,lip_center_lower58_y,trans_x,trans_y,trans_z,rot_x,rot_y,rot_z
0,0,-10.957351684570312,-2.8177947998046875,0.31109619140625,14.317581176757812,10.207145690917962,25.78468322753909,1.7757797241211009,20.80358886718753,-4.618820190429673,7.003967285156222,-5.477554321289034,-14.049331665039091,-8.740928649902344,6.4296722412109375,4.0601882934570455,4.492523193359375,17.270111083984375,-11.049007415771484,21.440499782562256,-2.6379432678222656,-15.039588928222642,11.591381072998033,18.46088981628418,-0.7237777709960938,-0.008007201831787825,-0.018940450623631477,-0.018940450623631477,5.417898619361678,-17.389832747296204,-0.3440030622255992
