,Unnamed: 0,left_eyebrow_18x,left_eyebrow_18y,left_eyebrow_20x,left_eyebrow_20y,left_eyebrow_22x,left_eyebrow_22y,right_eyebrow_23x,right_eyebrow_23y,right_eyebrow_25x,right_eyebrow_25y,right_eyebrow_27x,right_eyebrow_27y,left_eye38_x,left_eye38_y,right_eye45_x,right_eye45_y,left_lip49_x,left_lip49_y,lip_center_upper52_x,lip_center_upper52_y,right_lip55_x,right_lip55_y,lip_center_lower58_x,lip_center_lower58_y,trans_x,trans_y,trans_z,rot_x,rot_y,rot_z
0,0,-0.5439910888671875,9.847244262695284,-1.7488937377929972,12.692459106445284,15.284336090087887,-0.431396484375,13.324192047119134,-1.9271240234375,-5.160224914550753,-1.392776489257841,-18.841690063476562,-13.362945556640597,-8.227546691894531,0.763336181640625,-16.5396728515625,-2.725570678710909,-3.6016921997070312,-23.261489868164062,27.849262952804565,-3.6931266784667898,-13.775764465332045,11.27716064453125,10.282851934432983,14.721855163574233,-0.018221484730020165,0.018093246966600432,0.018093246966600432,6.993408104424139,-37.314593000688134,-4.999099193836042
