,Unnamed: 0,left_eyebrow_18x,left_eyebrow_18y,left_eyebrow_20x,left_eyebrow_20y,left_eyebrow_22x,left_eyebrow_22y,right_eyebrow_23x,right_eyebrow_23y,right_eyebrow_25x,right_eyebrow_25y,right_eyebrow_27x,right_eyebrow_27y,left_eye38_x,left_eye38_y,right_eye45_x,right_eye45_y,left_lip49_x,left_lip49_y,lip_center_upper52_x,lip_center_upper52_y,right_lip55_x,right_lip55_y,lip_center_lower58_x,lip_center_lower58_y,trans_x,trans_y,trans_z,rot_x,rot_y,rot_z
0,0,0.4534149169921875,0.2853546142578125,3.37554931640625,9.573028564453097,6.036617279052734,6.508010864257841,-9.739679336547848,5.9381256103515625,-6.489028930664091,8.560409545898438,-0.85205078125,0.708465576171875,0.597145080566392,-7.4610443115234375,2.8169326782226562,-6.018310546875028,0.7979354858398438,2.6502838134765554,-3.855664610862732,0.33662796020508523,2.0318984985351705,-0.14071273803710938,-4.5362948179244995,5.721153259277344,-0.007511422503739595,-0.0014044046401977608,-0.0014044046401977608,3.788598798237077,6.726637645508214,-0.43001217072803694
