,Unnamed: 0,left_eyebrow_18x,left_eyebrow_18y,left_eyebrow_20x,left_eyebrow_20y,left_eyebrow_22x,left_eyebrow_22y,right_eyebrow_23x,right_eyebrow_23y,right_eyebrow_25x,right_eyebrow_25y,right_eyebrow_27x,right_eyebrow_27y,left_eye38_x,left_eye38_y,right_eye45_x,right_eye45_y,left_lip49_x,left_lip49_y,lip_center_upper52_x,lip_center_upper52_y,right_lip55_x,right_lip55_y,lip_center_lower58_x,lip_center_lower58_y,trans_x,trans_y,trans_z,rot_x,rot_y,rot_z
0,0,2.27685546875,-6.157470703125,0.4739227294921733,4.685501098632784,-10.511775970458984,9.4483642578125,6.456413269042969,7.210723876953125,-1.0293807983398438,4.792602539062472,-2.25335693359375,-2.7107849121094034,4.33062744140625,-3.0912322998046875,2.8350601196289062,-2.5480041503905966,10.723365783691406,-14.93941879272461,-3.1887941360473637,-22.962077140808105,-7.1919631958007955,-13.922576904296875,-2.7718902230262756,27.114662170410156,-0.00752028007991612,-0.00439357757568358,-0.00439357757568358,2.5096942615558238,7.342188425186727,0.8959226769933598
