,Unnamed: 0,left_eyebrow_18x,left_eyebrow_18y,left_eyebrow_20x,left_eyebrow_20y,left_eyebrow_22x,left_eyebrow_22y,right_eyebrow_23x,right_eyebrow_23y,right_eyebrow_25x,right_eyebrow_25y,right_eyebrow_27x,right_eyebrow_27y,left_eye38_x,left_eye38_y,right_eye45_x,right_eye45_y,left_lip49_x,left_lip49_y,lip_center_upper52_x,lip_center_upper52_y,right_lip55_x,right_lip55_y,lip_center_lower58_x,lip_center_lower58_y,trans_x,trans_y,trans_z,rot_x,rot_y,rot_z
0,0,0.211578369140625,0.1837615966796875,-0.11799621582029829,4.724456787109347,-4.460819244384766,6.979080200195284,16.596275329589844,4.760848999023409,2.8902282714844176,-1.6621398925781534,-5.185409545898409,-6.6313018798828125,-3.0587081909179688,-2.0123443603515625,-3.3098297119140625,-4.118469238281193,3.6567535400390625,-20.53219223022461,9.383798360824583,-20.553007125854492,-17.34360504150392,-7.762901306152337,8.664809942245483,27.76245880126953,-0.010862164432182906,-0.02351444214582442,-0.02351444214582442,-0.1537200597429953,-19.409951433105483,0.9568340734574344
