,Unnamed: 0,left_eyebrow_18x,left_eyebrow_18y,left_eyebrow_20x,left_eyebrow_20y,left_eyebrow_22x,left_eyebrow_22y,right_eyebrow_23x,right_eyebrow_23y,right_eyebrow_25x,right_eyebrow_25y,right_eyebrow_27x,right_eyebrow_27y,left_eye38_x,left_eye38_y,right_eye45_x,right_eye45_y,left_lip49_x,left_lip49_y,lip_center_upper52_x,lip_center_upper52_y,right_lip55_x,right_lip55_y,lip_center_lower58_x,lip_center_lower58_y,trans_x,trans_y,trans_z,rot_x,rot_y,rot_z
0,0,-6.7016143798828125,5.479873657226591,5.0039215087890625,17.17401123046875,18.11449432373047,16.720748901367188,1.5210304260253906,15.007476806640597,-1.2191162109375,6.219818115234347,-1.9539031982421875,-8.58244323730463,-7.086174011230469,-7.4875030517578125,-0.6710128784179688,-10.489486694335938,3.0353240966797017,-16.114070892333984,12.289420783519745,-11.823799133300781,-20.09888458251953,8.189826965332031,9.76069736480713,25.06664276123047,-0.0016668068710714579,-0.022288955748081214,-0.022288955748081214,4.969878371296238,-23.260500059365242,3.1739585699951376
