,Unnamed: 0,left_eyebrow_18x,left_eyebrow_18y,left_eyebrow_20x,left_eyebrow_20y,left_eyebrow_22x,left_eyebrow_22y,right_eyebrow_23x,right_eyebrow_23y,right_eyebrow_25x,right_eyebrow_25y,right_eyebrow_27x,right_eyebrow_27y,left_eye38_x,left_eye38_y,right_eye45_x,right_eye45_y,left_lip49_x,left_lip49_y,lip_center_upper52_x,lip_center_upper52_y,right_lip55_x,right_lip55_y,lip_center_lower58_x,lip_center_lower58_y,trans_x,trans_y,trans_z,rot_x,rot_y,rot_z
0,0,0.6574859619140057,1.4974975585937784,-0.1741943359375,7.656356811523409,0.28125,7.128570556640625,-3.3872184753417898,5.809661865234403,-3.94378662109375,14.582321166992188,-0.703887939453125,1.909011840820284,1.398193359375,-5.4206695556640625,-0.5632247924804688,-4.48956298828125,-4.217559814453139,-18.91302490234375,0.2396215200424192,-1.6795158386230398,6.689956665039034,-19.796916961669922,0.39627182483673073,33.091209411621094,-0.0007206148002296684,-0.004742160439491265,-0.004742160439491265,8.014795652417028,1.2532442954244347,-0.09418510553200732
