,Unnamed: 0,left_eyebrow_18x,left_eyebrow_18y,left_eyebrow_20x,left_eyebrow_20y,left_eyebrow_22x,left_eyebrow_22y,right_eyebrow_23x,right_eyebrow_23y,right_eyebrow_25x,right_eyebrow_25y,right_eyebrow_27x,right_eyebrow_27y,left_eye38_x,left_eye38_y,right_eye45_x,right_eye45_y,left_lip49_x,left_lip49_y,lip_center_upper52_x,lip_center_upper52_y,right_lip55_x,right_lip55_y,lip_center_lower58_x,lip_center_lower58_y,trans_x,trans_y,trans_z,rot_x,rot_y,rot_z
0,0,-9.53900146484375,3.7502899169921875,9.517387390136719,13.989349365234375,35.194725036621094,6.256652832031278,17.92255783081054,11.60638427734375,-8.719970703125014,4.6310577392578125,-35.053009033203125,-31.160476684570312,1.507057189941392,-1.9857025146484375,-12.902229309082031,-2.3397064208984375,-8.180290222167969,-15.702682495117195,40.015345335006714,11.541088104248054,-25.197753906249986,15.889690399169922,19.48893892765045,13.866996765136719,-0.034739034716039896,-0.009707711637020104,-0.009707711637020104,3.376956475145488,-36.08269999029987,-2.599816845824809
