,Unnamed: 0,left_eyebrow_18x,left_eyebrow_18y,left_eyebrow_20x,left_eyebrow_20y,left_eyebrow_22x,left_eyebrow_22y,right_eyebrow_23x,right_eyebrow_23y,right_eyebrow_25x,right_eyebrow_25y,right_eyebrow_27x,right_eyebrow_27y,left_eye38_x,left_eye38_y,right_eye45_x,right_eye45_y,left_lip49_x,left_lip49_y,lip_center_upper52_x,lip_center_upper52_y,right_lip55_x,right_lip55_y,lip_center_lower58_x,lip_center_lower58_y,trans_x,trans_y,trans_z,rot_x,rot_y,rot_z
0,0,-3.774887084960966,4.22845458984375,-1.1411819458007386,12.97760009765625,2.0294837951660156,14.091583251953097,6.522502899169922,10.933670043945341,2.425994873046932,1.2957305908203693,-4.718597412109375,-8.375137329101591,-7.207435607910142,0.366302490234375,5.149757385253906,0.5915374755859375,0.5856323242187642,-5.378761291503906,13.775689125061033,-7.153617858886722,-18.652626037597656,15.697044372558587,7.7069613337516785,-2.45684814453125,-0.014039322501048446,-0.026948116719722748,-0.026948116719722748,0.4568710786590017,-16.618495405088247,-1.1847407322436985
