,Unnamed: 0,left_eyebrow_18x,left_eyebrow_18y,left_eyebrow_20x,left_eyebrow_20y,left_eyebrow_22x,left_eyebrow_22y,right_eyebrow_23x,right_eyebrow_23y,right_eyebrow_25x,right_eyebrow_25y,right_eyebrow_27x,right_eyebrow_27y,left_eye38_x,left_eye38_y,right_eye45_x,right_eye45_y,left_lip49_x,left_lip49_y,lip_center_upper52_x,lip_center_upper52_y,right_lip55_x,right_lip55_y,lip_center_lower58_x,lip_center_lower58_y,trans_x,trans_y,trans_z,rot_x,rot_y,rot_z
0,0,-5.5259246826171875,5.94586181640625,-4.7418594360351705,4.957153320312528,-0.8404273986816406,10.08746337890625,-1.22967529296875,6.5552215576171875,2.467910766601591,4.1280517578125,2.53204345703125,2.855926513671875,-1.1069793701171733,-2.855026245117216,5.488189697265625,-0.741424560546875,10.682556152343764,5.442249298095689,-0.9089572429656982,-7.181266784667976,-10.53070068359375,6.12493896484375,-3.3624220490455627,-6.841430664062514,-0.0031905027572065596,-0.001102350652217865,-0.001102350652217865,3.796834544985556,2.2522324737694204,-0.5830799884336246
