,Unnamed: 0,left_eyebrow_18x,left_eyebrow_18y,left_eyebrow_20x,left_eyebrow_20y,left_eyebrow_22x,left_eyebrow_22y,right_eyebrow_23x,right_eyebrow_23y,right_eyebrow_25x,right_eyebrow_25y,right_eyebrow_27x,right_eyebrow_27y,left_eye38_x,left_eye38_y,right_eye45_x,right_eye45_y,left_lip49_x,left_lip49_y,lip_center_upper52_x,lip_center_upper52_y,right_lip55_x,right_lip55_y,lip_center_lower58_x,lip_center_lower58_y,trans_x,trans_y,trans_z,rot_x,rot_y,rot_z
0,0,-9.700775146484375,-5.564453125,2.2190170288085938,10.110336303710938,7.300842285156243,26.019287109375,-6.379405975341797,19.634002685546875,-2.8668746948242045,9.168838500976534,5.992126464843778,-5.7814483642578125,-5.104026794433608,4.17327880859375,5.309074401855483,3.673370361328125,15.44521331787108,-0.8068504333496094,2.5714516639709473,-6.20811462402343,-18.841110229492173,1.7386093139648438,2.8258637189865112,-3.0907440185546733,0.0024812055053189397,0.00906025804579258,0.00906025804579258,10.333328256136198,-2.102759783957695,-0.8912428932396397
