,Unnamed: 0,left_eyebrow_18x,left_eyebrow_18y,left_eyebrow_20x,left_eyebrow_20y,left_eyebrow_22x,left_eyebrow_22y,right_eyebrow_23x,right_eyebrow_23y,right_eyebrow_25x,right_eyebrow_25y,right_eyebrow_27x,right_eyebrow_27y,left_eye38_x,left_eye38_y,right_eye45_x,right_eye45_y,left_lip49_x,left_lip49_y,lip_center_upper52_x,lip_center_upper52_y,right_lip55_x,right_lip55_y,lip_center_lower58_x,lip_center_lower58_y,trans_x,trans_y,trans_z,rot_x,rot_y,rot_z
0,0,-3.9856109619140057,1.4371795654296307,1.4239730834960938,11.713760375976534,0.18317031860351562,13.293365478515653,2.4783210754394602,12.628890991210909,-2.518974304199247,10.983749389648438,-1.073715209960966,-1.8018493652343466,-1.1761779785156108,-4.523422241210966,0.2262115478515625,-5.9556121826171875,9.610366821289062,-7.1212806701660085,4.537057161331177,-5.886138916015618,-2.545867919921889,0.8190155029296875,-0.002175956964492798,15.499954223632798,0.0007776599959470328,-0.0016564950346946716,-0.0016564950346946716,5.126012460493055,-3.159318918919331,-1.7817751301444058
