,Unnamed: 0,left_eyebrow_18x,left_eyebrow_18y,left_eyebrow_20x,left_eyebrow_20y,left_eyebrow_22x,left_eyebrow_22y,right_eyebrow_23x,right_eyebrow_23y,right_eyebrow_25x,right_eyebrow_25y,right_eyebrow_27x,right_eyebrow_27y,left_eye38_x,left_eye38_y,right_eye45_x,right_eye45_y,left_lip49_x,left_lip49_y,lip_center_upper52_x,lip_center_upper52_y,right_lip55_x,right_lip55_y,lip_center_lower58_x,lip_center_lower58_y,trans_x,trans_y,trans_z,rot_x,rot_y,rot_z
0,0,-0.6762390136719034,8.833892822265653,1.563323974609375,12.52239990234375,12.849843978881832,8.62017822265625,5.171215057373047,4.106063842773494,0.6481018066406534,7.9554290771484375,-8.694000244140625,-7.756683349609403,-3.2137374877929688,-2.4651336669921875,-0.26788330078125,-7.304107666015625,-16.430259704589858,-28.832096099853516,10.543036937713623,-1.4897041320800781,-14.73892974853517,-14.271232604980469,7.527725100517273,31.984024047851562,-0.019118231488391757,-0.028975032269954674,-0.028975032269954674,4.268428192600656,-15.237059282620718,0.5669419207478248
