,Unnamed: 0,left_eyebrow_18x,left_eyebrow_18y,left_eyebrow_20x,left_eyebrow_20y,left_eyebrow_22x,left_eyebrow_22y,right_eyebrow_23x,right_eyebrow_23y,right_eyebrow_25x,right_eyebrow_25y,right_eyebrow_27x,right_eyebrow_27y,left_eye38_x,left_eye38_y,right_eye45_x,right_eye45_y,left_lip49_x,left_lip49_y,lip_center_upper52_x,lip_center_upper52_y,right_lip55_x,right_lip55_y,lip_center_lower58_x,lip_center_lower58_y,trans_x,trans_y,trans_z,rot_x,rot_y,rot_z
0,0,-9.732620239257756,11.831756591796847,-3.8019256591796875,7.6322479248046875,10.573692321777344,7.22406005859375,12.910579681396484,7.7117767333984375,3.494659423828125,-0.4685516357421875,-7.339874267578153,-10.88134765625,-8.571342468261719,-3.460235595703125,-7.1596221923828125,-4.6709136962890625,-2.9575347900390625,-21.13365936279297,21.492660105228424,-12.45467376708985,-19.28131103515625,6.018093109130859,14.329756528139116,24.95480346679686,-0.006457873154431584,-0.018958263099193587,-0.018958263099193587,-0.27320580570473707,-34.09893549769955,-0.15847673209413937
