,Unnamed: 0,left_eyebrow_18x,left_eyebrow_18y,left_eyebrow_20x,left_eyebrow_20y,left_eyebrow_22x,left_eyebrow_22y,right_eyebrow_23x,right_eyebrow_23y,right_eyebrow_25x,right_eyebrow_25y,right_eyebrow_27x,right_eyebrow_27y,left_eye38_x,left_eye38_y,right_eye45_x,right_eye45_y,left_lip49_x,left_lip49_y,lip_center_upper52_x,lip_center_upper52_y,right_lip55_x,right_lip55_y,lip_center_lower58_x,lip_center_lower58_y,trans_x,trans_y,trans_z,rot_x,rot_y,rot_z
0,0,-14.869964599609375,8.214141845703125,13.372093200683622,7.464935302734375,54.089802742004395,-1.10498046875,27.025409698486328,2.1729736328124716,-17.75654602050784,-0.828521728515625,-55.8065185546875,-26.191009521484375,8.231636047363281,7.991943359375,-16.283767700195312,3.2150268554687216,-0.8112640380859375,-5.902980804443359,47.52730572223663,-4.147724151611328,-41.16159057617188,4.560852050781243,25.7898043692112,14.970657348632798,-0.027222769567742944,0.001576945185661309,0.001576945185661309,5.8464551957536335,-44.280475139432845,-4.838461884986098
