,Unnamed: 0,left_eyebrow_18x,left_eyebrow_18y,left_eyebrow_20x,left_eyebrow_20y,left_eyebrow_22x,left_eyebrow_22y,right_eyebrow_23x,right_eyebrow_23y,right_eyebrow_25x,right_eyebrow_25y,right_eyebrow_27x,right_eyebrow_27y,left_eye38_x,left_eye38_y,right_eye45_x,right_eye45_y,left_lip49_x,left_lip49_y,lip_center_upper52_x,lip_center_upper52_y,right_lip55_x,right_lip55_y,lip_center_lower58_x,lip_center_lower58_y,trans_x,trans_y,trans_z,rot_x,rot_y,rot_z
0,0,-0.164398193359375,11.178131103515625,1.536834716796875,10.235671997070284,8.761940002441406,4.68865966796875,10.7424545288086,-0.022567749023494343,0.9468307495117188,-0.5164794921875,-11.005432128906278,-5.3802947998046875,-7.434844970703111,0.675750732421875,-4.799354553222642,-0.4722442626953125,-13.075996398925767,-16.472225189208984,14.092587798833847,3.8942737579345703,-3.7944488525390625,11.044292449951172,11.58311414718628,23.07672119140625,-0.02556827710941434,-0.008942384272813797,-0.008942384272813797,-3.2692612365220413,-30.872835171402926,-5.011690973871703
