,Unnamed: 0,left_eyebrow_18x,left_eyebrow_18y,left_eyebrow_20x,left_eyebrow_20y,left_eyebrow_22x,left_eyebrow_22y,right_eyebrow_23x,right_eyebrow_23y,right_eyebrow_25x,right_eyebrow_25y,right_eyebrow_27x,right_eyebrow_27y,left_eye38_x,left_eye38_y,right_eye45_x,right_eye45_y,left_lip49_x,left_lip49_y,lip_center_upper52_x,lip_center_upper52_y,right_lip55_x,right_lip55_y,lip_center_lower58_x,lip_center_lower58_y,trans_x,trans_y,trans_z,rot_x,rot_y,rot_z
0,0,-4.968048095703125,14.0853271484375,0.9297409057617188,10.046646118164062,13.429618835449219,5.1275177001953125,-9.766475677490234,0.8870849609374716,-5.9071044921875,4.443389892578097,-0.8371734619140625,9.06689453125,-3.929512023925753,-10.623611450195312,4.2542495727539205,-7.179489135742159,12.95074462890625,-0.37249755859375,-3.4511946737766266,-12.479201316833494,-8.744178771972656,4.902637481689453,-2.4849472045898438,17.194549560546875,-0.003782260697335005,-0.004395045340061195,-0.004395045340061195,-4.158443326116071,1.4908791937803296,-3.350564922893666
