,Unnamed: 0,left_eyebrow_18x,left_eyebrow_18y,left_eyebrow_20x,left_eyebrow_20y,left_eyebrow_22x,left_eyebrow_22y,right_eyebrow_23x,right_eyebrow_23y,right_eyebrow_25x,right_eyebrow_25y,right_eyebrow_27x,right_eyebrow_27y,left_eye38_x,left_eye38_y,right_eye45_x,right_eye45_y,left_lip49_x,left_lip49_y,lip_center_upper52_x,lip_center_upper52_y,right_lip55_x,right_lip55_y,lip_center_lower58_x,lip_center_lower58_y,trans_x,trans_y,trans_z,rot_x,rot_y,rot_z
0,0,-4.8498382568359375,6.076385498046875,2.515045166015625,10.275161743164062,12.661064147949226,4.8916168212890625,9.16707992553711,1.8718109130859375,3.250885009765625,0.793701171875,-7.615982055664006,-6.969863891601591,-6.311042785644531,0.3624420166015625,-2.4681625366210938,-3.371337890625,2.9529800415039205,-15.278259277343757,11.615842342376709,1.597520828247081,-6.612319946289034,6.241306304931641,8.305459499359129,9.842575073242188,-0.013023622799664738,-0.02706596604548395,-0.02706596604548395,-0.40484759585075336,-18.64071886734728,1.2845045401527964
