,Unnamed: 0,left_eyebrow_18x,left_eyebrow_18y,left_eyebrow_20x,left_eyebrow_20y,left_eyebrow_22x,left_eyebrow_22y,right_eyebrow_23x,right_eyebrow_23y,right_eyebrow_25x,right_eyebrow_25y,right_eyebrow_27x,right_eyebrow_27y,left_eye38_x,left_eye38_y,right_eye45_x,right_eye45_y,left_lip49_x,left_lip49_y,lip_center_upper52_x,lip_center_upper52_y,right_lip55_x,right_lip55_y,lip_center_lower58_x,lip_center_lower58_y,trans_x,trans_y,trans_z,rot_x,rot_y,rot_z
0,0,-4.451919555664091,8.188079833984375,1.1630172729492188,8.805206298828125,16.17449951171875,-3.7457122802734943,3.183460235595703,-6.4862823486328125,-2.9401626586914205,-3.9547119140625,-9.84783935546875,-4.3978729248046875,0.8529815673828267,2.086456298828125,-4.6479034423828125,-0.2003173828125,-6.183128356933608,-14.958057403564453,14.585510253906248,4.069391250610352,0.5290374755859233,7.412109375,14.730132341384888,-2.0343551635742188,-0.0037865281337872148,-0.03238120675086975,-0.03238120675086975,-3.7056061919588545,-23.581682755339045,1.1902514717076795
