,Unnamed: 0,left_eyebrow_18x,left_eyebrow_18y,left_eyebrow_20x,left_eyebrow_20y,left_eyebrow_22x,left_eyebrow_22y,right_eyebrow_23x,right_eyebrow_23y,right_eyebrow_25x,right_eyebrow_25y,right_eyebrow_27x,right_eyebrow_27y,left_eye38_x,left_eye38_y,right_eye45_x,right_eye45_y,left_lip49_x,left_lip49_y,lip_center_upper52_x,lip_center_upper52_y,right_lip55_x,right_lip55_y,lip_center_lower58_x,lip_center_lower58_y,trans_x,trans_y,trans_z,rot_x,rot_y,rot_z
0,0,-4.4911041259765625,2.2406463623046875,-2.8126449584960938,5.85247802734375,-0.3789215087890696,3.275390625,0.1266937255859375,1.6558074951171875,0.59283447265625,3.0609588623046875,0.9657135009765909,2.9458770751953125,-0.0638427734375,-0.7689361572265625,2.550445556640625,-3.2210540771484375,10.6473388671875,-7.171123504638679,-2.5933418571949005,-1.384872436523434,-3.10546875,-6.634860992431641,-4.9929079413414,4.3164901733398295,-0.004376919299829751,-0.00843266840092838,-0.00843266840092838,2.4565584240128633,4.621946672214377,0.991641849976049
