,Unnamed: 0,left_eyebrow_18x,left_eyebrow_18y,left_eyebrow_20x,left_eyebrow_20y,left_eyebrow_22x,left_eyebrow_22y,right_eyebrow_23x,right_eyebrow_23y,right_eyebrow_25x,right_eyebrow_25y,right_eyebrow_27x,right_eyebrow_27y,left_eye38_x,left_eye38_y,right_eye45_x,right_eye45_y,left_lip49_x,left_lip49_y,lip_center_upper52_x,lip_center_upper52_y,right_lip55_x,right_lip55_y,lip_center_lower58_x,lip_center_lower58_y,trans_x,trans_y,trans_z,rot_x,rot_y,rot_z
0,0,-21.215225219726534,16.4600830078125,8.433006286621094,3.3451690673828125,49.37948942184448,1.750518798828125,34.58772659301758,2.450241088867159,-5.786979675292969,2.5403137207030966,-58.59410095214844,-22.98492431640622,4.523109436035156,-1.7773284912109375,-27.74555206298828,-0.1357269287109375,-3.6573638916015625,-14.208972930908203,52.18132358789445,-4.433008193969734,-47.44890213012695,15.35110473632811,24.304081708192825,13.581947326660142,-0.04107211483642459,-0.018199346959590912,-0.018199346959590912,-1.1491739611215412,-54.65929509700938,-0.7659194875160263
