,Unnamed: 0,left_eyebrow_18x,left_eyebrow_18y,left_eyebrow_20x,left_eyebrow_20y,left_eyebrow_22x,left_eyebrow_22y,right_eyebrow_23x,right_eyebrow_23y,right_eyebrow_25x,right_eyebrow_25y,right_eyebrow_27x,right_eyebrow_27y,left_eye38_x,left_eye38_y,right_eye45_x,right_eye45_y,left_lip49_x,left_lip49_y,lip_center_upper52_x,lip_center_upper52_y,right_lip55_x,right_lip55_y,lip_center_lower58_x,lip_center_lower58_y,trans_x,trans_y,trans_z,rot_x,rot_y,rot_z
0,0,-3.2874145507812784,3.3832397460937784,1.2113418579101562,6.718231201171903,10.215499877929691,6.743865966796847,4.6893310546875,2.7670440673828125,5.454177856445284,-10.583770751953125,-2.374359130859375,-7.4816741943359375,-3.0847702026367188,3.991256713867159,-2.5469436645507812,-1.150482177734375,-11.429000854492173,-10.823932647705071,5.9174957275390625,-11.739797592163075,-7.478813171386719,9.052108764648438,6.932408332824707,17.104988098144545,-0.011316220487060493,-0.01666390523314476,-0.01666390523314476,0.2622880010919766,-17.95410555224785,1.1513921243210872
