,Unnamed: 0,left_eyebrow_18x,left_eyebrow_18y,left_eyebrow_20x,left_eyebrow_20y,left_eyebrow_22x,left_eyebrow_22y,right_eyebrow_23x,right_eyebrow_23y,right_eyebrow_25x,right_eyebrow_25y,right_eyebrow_27x,right_eyebrow_27y,left_eye38_x,left_eye38_y,right_eye45_x,right_eye45_y,left_lip49_x,left_lip49_y,lip_center_upper52_x,lip_center_upper52_y,right_lip55_x,right_lip55_y,lip_center_lower58_x,lip_center_lower58_y,trans_x,trans_y,trans_z,rot_x,rot_y,rot_z
0,0,-9.107742309570312,8.157836914062528,8.01401519775392,6.796920776367216,32.12953472137452,-1.319503784179716,25.43627166748047,2.9310607910155966,-2.472564697265568,-4.9792633056640625,-34.943374633789034,-24.255874633789034,-5.114654541015625,2.940460205078125,-19.439529418945312,4.134613037109375,-3.3154144287109375,-21.304145812988274,42.333884716033936,6.282169342041016,-24.84111785888672,17.46825408935547,24.23959827423096,7.901046752929673,-0.01101985527202487,0.009166870266199112,0.009166870266199112,1.4765370984958497,-51.135938894593885,-1.2198505812689673
