,Unnamed: 0,left_eyebrow_18x,left_eyebrow_18y,left_eyebrow_20x,left_eyebrow_20y,left_eyebrow_22x,left_eyebrow_22y,right_eyebrow_23x,right_eyebrow_23y,right_eyebrow_25x,right_eyebrow_25y,right_eyebrow_27x,right_eyebrow_27y,left_eye38_x,left_eye38_y,right_eye45_x,right_eye45_y,left_lip49_x,left_lip49_y,lip_center_upper52_x,lip_center_upper52_y,right_lip55_x,right_lip55_y,lip_center_lower58_x,lip_center_lower58_y,trans_x,trans_y,trans_z,rot_x,rot_y,rot_z
0,0,-4.7715911865234375,12.904022216796847,12.54244232177733,7.6449432373046875,40.00397238135338,-4.4154815673828125,19.73613739013671,5.208190917968778,-7.0638885498046875,0.6546020507812784,-40.76959228515625,-17.56378173828128,-4.227394104003906,-3.6295471191405966,-17.283050537109375,-6.4392852783203125,-7.3002700805664205,-13.080860137939453,42.165072083473206,-8.5725212097168,-38.746952056884766,7.999771118164048,23.084355115890506,30.317588806152344,-0.031462530372664325,-0.01407802477478981,-0.01407802477478981,-0.7311419733917521,-45.41215405871265,-1.0931872875598925
