,Unnamed: 0,left_eyebrow_18x,left_eyebrow_18y,left_eyebrow_20x,left_eyebrow_20y,left_eyebrow_22x,left_eyebrow_22y,right_eyebrow_23x,right_eyebrow_23y,right_eyebrow_25x,right_eyebrow_25y,right_eyebrow_27x,right_eyebrow_27y,left_eye38_x,left_eye38_y,right_eye45_x,right_eye45_y,left_lip49_x,left_lip49_y,lip_center_upper52_x,lip_center_upper52_y,right_lip55_x,right_lip55_y,lip_center_lower58_x,lip_center_lower58_y,trans_x,trans_y,trans_z,rot_x,rot_y,rot_z
0,0,-1.3562316894530966,5.378234863281193,5.857421875,4.122146606445284,9.20630836486816,7.884155273437472,-7.3940086364746165,7.668884277343722,-2.7914886474609375,2.707107543945341,2.3249359130859375,4.4475555419921875,-3.7419815063476562,-9.109512329101562,-0.02297210693359375,-9.663055419921847,4.903640747070298,-7.275577545166016,3.076631546020508,-17.935056686401367,-8.831138610839844,-5.117034912109375,2.4396110996603966,23.371742248535156,0.0016537745832465585,-0.006092313677072525,-0.006092313677072525,3.460288441859582,-2.342192081122687,-0.29523145933843575
