,Unnamed: 0,left_eyebrow_18x,left_eyebrow_18y,left_eyebrow_20x,left_eyebrow_20y,left_eyebrow_22x,left_eyebrow_22y,right_eyebrow_23x,right_eyebrow_23y,right_eyebrow_25x,right_eyebrow_25y,right_eyebrow_27x,right_eyebrow_27y,left_eye38_x,left_eye38_y,right_eye45_x,right_eye45_y,left_lip49_x,left_lip49_y,lip_center_upper52_x,lip_center_upper52_y,right_lip55_x,right_lip55_y,lip_center_lower58_x,lip_center_lower58_y,trans_x,trans_y,trans_z,rot_x,rot_y,rot_z
0,0,-15.122833251953125,9.468994140625,7.493919372558594,8.13653564453125,42.81105327606201,6.429580688476534,26.29839324951172,10.083068847656278,-3.2247238159179688,0.709991455078125,-40.922332763671875,-28.053115844726534,2.104339599609375,3.3055877685546875,-18.80279541015625,2.1542205810546875,-4.323745727539077,-16.679271697998047,38.23156193271279,2.3196678161621094,-42.4488525390625,17.38290786743164,20.192699015140533,11.136306762695312,-0.04763057304080576,-0.021734807640314102,-0.021734807640314102,-1.9195196974470612,-41.147994748025276,2.624688840354132
