,Unnamed: 0,left_eyebrow_18x,left_eyebrow_18y,left_eyebrow_20x,left_eyebrow_20y,left_eyebrow_22x,left_eyebrow_22y,right_eyebrow_23x,right_eyebrow_23y,right_eyebrow_25x,right_eyebrow_25y,right_eyebrow_27x,right_eyebrow_27y,left_eye38_x,left_eye38_y,right_eye45_x,right_eye45_y,left_lip49_x,left_lip49_y,lip_center_upper52_x,lip_center_upper52_y,right_lip55_x,right_lip55_y,lip_center_lower58_x,lip_center_lower58_y,trans_x,trans_y,trans_z,rot_x,rot_y,rot_z
0,0,-0.6807708740234375,-0.7121734619140341,4.867897033691406,8.149612426757812,3.101215362548828,8.838424682617188,15.01894760131836,3.3213500976562216,1.0246124267578125,0.5051879882811932,-12.022125244140597,-13.963836669921847,-6.8453750610351705,1.772491455078125,-1.8328018188476562,-0.7688446044921591,-4.1081390380859375,-17.182331085205078,4.217185616493225,-6.873233795166016,-5.687019348144531,4.6570396423339915,3.5760568380355835,11.615371704101577,-0.003494983888231218,0.02793093025684356,0.02793093025684356,-3.226044343564504,-16.245779493075876,1.1744429314357767
