,Unnamed: 0,left_eyebrow_18x,left_eyebrow_18y,left_eyebrow_20x,left_eyebrow_20y,left_eyebrow_22x,left_eyebrow_22y,right_eyebrow_23x,right_eyebrow_23y,right_eyebrow_25x,right_eyebrow_25y,right_eyebrow_27x,right_eyebrow_27y,left_eye38_x,left_eye38_y,right_eye45_x,right_eye45_y,left_lip49_x,left_lip49_y,lip_center_upper52_x,lip_center_upper52_y,right_lip55_x,right_lip55_y,lip_center_lower58_x,lip_center_lower58_y,trans_x,trans_y,trans_z,rot_x,rot_y,rot_z
0,0,-8.615585327148438,7.630889892578125,-2.6122817993164062,9.988067626953097,12.388164520263672,11.218124389648409,7.155220031738281,12.6259765625,2.3475189208984375,0.825469970703125,-4.554122924804716,-8.723312377929688,-6.244911193847656,0.52685546875,-6.004432678222656,-3.889251708984375,4.580345153808608,-17.341831207275384,13.092359814792871,-10.065835952758789,-18.049522399902344,5.907863616943359,9.614704668521881,23.297958374023438,-0.01248217129614204,-0.03881261870265007,-0.03881261870265007,1.7097978362992992,-18.94554782824448,3.8741693628548273
