,Unnamed: 0,left_eyebrow_18x,left_eyebrow_18y,left_eyebrow_20x,left_eyebrow_20y,left_eyebrow_22x,left_eyebrow_22y,right_eyebrow_23x,right_eyebrow_23y,right_eyebrow_25x,right_eyebrow_25y,right_eyebrow_27x,right_eyebrow_27y,left_eye38_x,left_eye38_y,right_eye45_x,right_eye45_y,left_lip49_x,left_lip49_y,lip_center_upper52_x,lip_center_upper52_y,right_lip55_x,right_lip55_y,lip_center_lower58_x,lip_center_lower58_y,trans_x,trans_y,trans_z,rot_x,rot_y,rot_z
0,0,-2.8664398193359375,5.060913085937528,1.420745849609375,8.121780395507812,10.370895385742195,2.6999053955078125,10.500602722167969,3.3946990966796875,-3.215972900390568,-2.9878692626953125,-11.487991333007756,-13.9818115234375,-9.34735107421875,1.2052154541015625,-6.024024963378906,0.592620849609375,-1.0387420654296875,-18.805316925048828,22.080863475799564,2.5885887145996094,-3.1996307373046875,10.20526123046875,15.760671615600586,4.274650573730483,-0.001814612653106451,-0.010911315679550171,-0.010911315679550171,1.1659774991093512,-33.6861989596232,1.2673309520860156
