,Unnamed: 0,left_eyebrow_18x,left_eyebrow_18y,left_eyebrow_20x,left_eyebrow_20y,left_eyebrow_22x,left_eyebrow_22y,right_eyebrow_23x,right_eyebrow_23y,right_eyebrow_25x,right_eyebrow_25y,right_eyebrow_27x,right_eyebrow_27y,left_eye38_x,left_eye38_y,right_eye45_x,right_eye45_y,left_lip49_x,left_lip49_y,lip_center_upper52_x,lip_center_upper52_y,right_lip55_x,right_lip55_y,lip_center_lower58_x,lip_center_lower58_y,trans_x,trans_y,trans_z,rot_x,rot_y,rot_z
0,0,-6.3299407958984375,5.834899902343778,8.098236083984375,10.260269165039091,26.893453598022454,17.233810424804688,9.685260772705078,17.430938720703125,-1.9873199462890625,4.344253540039034,-15.774276733398409,-21.357391357421847,-1.9987564086914062,-5.343658447265625,-4.1546630859375,-9.956008911132812,-20.647918701171875,-22.988620758056644,9.99074900150299,0.0010223388671875,-35.75499725341796,-4.382621765136719,7.961024522781374,15.660926818847685,-0.02047407696954906,-0.015704140067100525,-0.015704140067100525,13.494035577846146,-19.370743189424786,-0.44693550909820656
