,Unnamed: 0,left_eyebrow_18x,left_eyebrow_18y,left_eyebrow_20x,left_eyebrow_20y,left_eyebrow_22x,left_eyebrow_22y,right_eyebrow_23x,right_eyebrow_23y,right_eyebrow_25x,right_eyebrow_25y,right_eyebrow_27x,right_eyebrow_27y,left_eye38_x,left_eye38_y,right_eye45_x,right_eye45_y,left_lip49_x,left_lip49_y,lip_center_upper52_x,lip_center_upper52_y,right_lip55_x,right_lip55_y,lip_center_lower58_x,lip_center_lower58_y,trans_x,trans_y,trans_z,rot_x,rot_y,rot_z
0,0,2.8490753173828125,10.480377197265597,4.833724975585923,9.919464111328125,11.987480163574215,2.540542602539034,3.2597389221191335,2.577606201171875,5.43761444091794,-0.04656982421872158,-6.8845672607421875,3.8548889160156534,-9.767448425292969,-5.124588012695284,-5.303153991699219,-11.088562011718778,-3.5167999267578267,-9.996623992919922,15.932264924049377,-14.479978561401364,-10.279212951660156,4.2207489013671875,18.10392737388611,26.186744689941406,-0.007154997205361724,-0.013994630426168442,-0.013994630426168442,-2.4440357391047303,-25.058830125148077,1.2518809915811537
