,Unnamed: 0,left_eyebrow_18x,left_eyebrow_18y,left_eyebrow_20x,left_eyebrow_20y,left_eyebrow_22x,left_eyebrow_22y,right_eyebrow_23x,right_eyebrow_23y,right_eyebrow_25x,right_eyebrow_25y,right_eyebrow_27x,right_eyebrow_27y,left_eye38_x,left_eye38_y,right_eye45_x,right_eye45_y,left_lip49_x,left_lip49_y,lip_center_upper52_x,lip_center_upper52_y,right_lip55_x,right_lip55_y,lip_center_lower58_x,lip_center_lower58_y,trans_x,trans_y,trans_z,rot_x,rot_y,rot_z
0,0,-7.238632202148409,8.657424926757812,6.927665710449219,15.126922607421847,31.077336311340332,4.8714752197265625,18.114948272705078,5.9395751953125,-3.7362747192383097,-2.987274169921875,-26.40483093261716,-22.549942016601562,-5.7138595581054545,2.464691162109375,-14.354324340820312,-2.425018310546875,-13.745185852050781,-23.109287261962898,32.798730671405785,-0.05575180053710582,-29.940780639648423,12.2800712585449,14.960237741470339,12.244224548339844,-0.008604178205132484,-0.0004975944757461478,-0.0004975944757461478,6.773624251687995,-49.68809666868991,-3.2839772635047266
