,Unnamed: 0,left_eyebrow_18x,left_eyebrow_18y,left_eyebrow_20x,left_eyebrow_20y,left_eyebrow_22x,left_eyebrow_22y,right_eyebrow_23x,right_eyebrow_23y,right_eyebrow_25x,right_eyebrow_25y,right_eyebrow_27x,right_eyebrow_27y,left_eye38_x,left_eye38_y,right_eye45_x,right_eye45_y,left_lip49_x,left_lip49_y,lip_center_upper52_x,lip_center_upper52_y,right_lip55_x,right_lip55_y,lip_center_lower58_x,lip_center_lower58_y,trans_x,trans_y,trans_z,rot_x,rot_y,rot_z
0,0,-5.132751464843722,10.50286865234375,8.441474914550781,12.022232055664006,34.63342094421387,2.28204345703125,16.973358154296875,3.9578857421875,5.607467651367159,-3.2071990966796875,-18.916229248046875,-22.006500244140625,-4.067008972167969,1.6534881591796875,-11.640914916992188,2.079010009765625,-7.77471923828125,-19.85554313659668,21.806621313095093,1.4405860900878906,-23.428573608398445,16.73700714111328,12.781421691179274,-1.521453857421875,-0.058346026111394174,-0.011550653725862503,-0.011550653725862503,-3.6168596775233577,-35.757126876466025,-0.9997615023713622
