,Unnamed: 0,left_eyebrow_18x,left_eyebrow_18y,left_eyebrow_20x,left_eyebrow_20y,left_eyebrow_22x,left_eyebrow_22y,right_eyebrow_23x,right_eyebrow_23y,right_eyebrow_25x,right_eyebrow_25y,right_eyebrow_27x,right_eyebrow_27y,left_eye38_x,left_eye38_y,right_eye45_x,right_eye45_y,left_lip49_x,left_lip49_y,lip_center_upper52_x,lip_center_upper52_y,right_lip55_x,right_lip55_y,lip_center_lower58_x,lip_center_lower58_y,trans_x,trans_y,trans_z,rot_x,rot_y,rot_z
0,0,-4.048980712890653,0.08258056640622158,3.70367431640625,10.275833129882812,10.082504272460945,13.855590820312472,8.94991683959961,13.680389404296903,1.4166412353515625,5.304901123046847,-5.943801879882784,-16.157806396484375,-6.228599548339844,-2.2536468505859375,-1.6602859497070312,-3.2851409912109375,2.5531463623046875,-17.615608215332045,13.60688042640686,4.338264465332031,-13.010200500488281,1.966705322265618,14.026504635810852,1.2809448242187358,-0.015733982669189572,-0.00349553674459456,-0.00349553674459456,1.095674076530822,-17.779810111826652,-2.724103107315454
