,Unnamed: 0,left_eyebrow_18x,left_eyebrow_18y,left_eyebrow_20x,left_eyebrow_20y,left_eyebrow_22x,left_eyebrow_22y,right_eyebrow_23x,right_eyebrow_23y,right_eyebrow_25x,right_eyebrow_25y,right_eyebrow_27x,right_eyebrow_27y,left_eye38_x,left_eye38_y,right_eye45_x,right_eye45_y,left_lip49_x,left_lip49_y,lip_center_upper52_x,lip_center_upper52_y,right_lip55_x,right_lip55_y,lip_center_lower58_x,lip_center_lower58_y,trans_x,trans_y,trans_z,rot_x,rot_y,rot_z
0,0,-0.6861419677734375,9.148696899414062,4.149993896484375,15.288009643554688,13.476392745971676,5.3252716064453125,10.878173828125,2.4957733154296875,2.165206909179659,1.9585418701171875,-10.281860351562472,-5.891921997070284,-8.098007202148438,-0.9312133789062216,-5.958648681640625,-4.7713165283203125,-8.663169860839858,-20.663261413574226,16.224741756916046,-10.695947647094727,-10.48431396484375,4.149280548095696,8.942025899887085,25.371597290039062,0.020398682914674282,-0.052111174911260605,-0.052111174911260605,3.1044147152631476,-35.368762386368026,0.4093074606953713
