,Unnamed: 0,left_eyebrow_18x,left_eyebrow_18y,left_eyebrow_20x,left_eyebrow_20y,left_eyebrow_22x,left_eyebrow_22y,right_eyebrow_23x,right_eyebrow_23y,right_eyebrow_25x,right_eyebrow_25y,right_eyebrow_27x,right_eyebrow_27y,left_eye38_x,left_eye38_y,right_eye45_x,right_eye45_y,left_lip49_x,left_lip49_y,lip_center_upper52_x,lip_center_upper52_y,right_lip55_x,right_lip55_y,lip_center_lower58_x,lip_center_lower58_y,trans_x,trans_y,trans_z,rot_x,rot_y,rot_z
0,0,0.4340362548828125,3.5996551513671875,1.85986328125,6.732498168945284,1.7388534545898438,2.8206787109375284,0.9075164794921875,1.64715576171875,-2.366775512695341,5.3901824951171875,-4.538970947265597,1.9699249267578125,-4.0788650512695455,-1.781646728515625,1.4360275268554688,-2.6524810791015625,0.2087554931640625,-5.963100433349609,2.5542290806770325,-8.638893127441406,4.295516967773452,-0.27217864990235086,-0.8390841484069824,13.133430480957031,0.007490848656743765,-0.007282044738531113,-0.007282044738531113,2.203896371107925,-8.05600315180731,0.2532561422333921
