,Unnamed: 0,left_eyebrow_18x,left_eyebrow_18y,left_eyebrow_20x,left_eyebrow_20y,left_eyebrow_22x,left_eyebrow_22y,right_eyebrow_23x,right_eyebrow_23y,right_eyebrow_25x,right_eyebrow_25y,right_eyebrow_27x,right_eyebrow_27y,left_eye38_x,left_eye38_y,right_eye45_x,right_eye45_y,left_lip49_x,left_lip49_y,lip_center_upper52_x,lip_center_upper52_y,right_lip55_x,right_lip55_y,lip_center_lower58_x,lip_center_lower58_y,trans_x,trans_y,trans_z,rot_x,rot_y,rot_z
0,0,-3.3977508544921875,4.713912963867216,-4.259574890136733,10.458160400390653,-0.09210968017578125,1.4965209960937216,20.450775146484382,1.3849029541015625,7.562301635742216,1.2454681396484375,-12.054534912109347,-12.073883056640597,-3.830474853515625,3.0282287597655966,-4.225349426269531,0.5115814208984375,-4.347434997558594,-20.722780227661133,12.007695913314821,-10.347593307495117,-11.553489685058594,2.2426300048828125,8.856584172695875,19.192756652832045,-0.005826021311804652,-0.01334757357835771,-0.01334757357835771,-2.227052144700031,-27.976911272975073,0.27012996242935483
