,Unnamed: 0,left_eyebrow_18x,left_eyebrow_18y,left_eyebrow_20x,left_eyebrow_20y,left_eyebrow_22x,left_eyebrow_22y,right_eyebrow_23x,right_eyebrow_23y,right_eyebrow_25x,right_eyebrow_25y,right_eyebrow_27x,right_eyebrow_27y,left_eye38_x,left_eye38_y,right_eye45_x,right_eye45_y,left_lip49_x,left_lip49_y,lip_center_upper52_x,lip_center_upper52_y,right_lip55_x,right_lip55_y,lip_center_lower58_x,lip_center_lower58_y,trans_x,trans_y,trans_z,rot_x,rot_y,rot_z
0,0,-5.594833374023466,7.729187011718778,5.843757629394503,6.8437347412109375,30.284631729125977,-1.293426513671875,11.629463195800781,2.8828125,0.5574188232421875,1.704010009765625,-21.959640502929688,-21.162139892578097,2.2417831420898438,-0.2516937255859091,-9.538818359375,1.6150512695312784,-13.54583740234375,-19.82439422607422,32.18458104133606,5.940101623535149,-21.443130493164062,3.432525634765625,23.843313574790955,7.78863525390625,-0.03051375749055296,0.005129985511302955,0.005129985511302955,-1.4684754080115208,-33.41424511770658,-2.0370204970473296
