,Unnamed: 0,left_eyebrow_18x,left_eyebrow_18y,left_eyebrow_20x,left_eyebrow_20y,left_eyebrow_22x,left_eyebrow_22y,right_eyebrow_23x,right_eyebrow_23y,right_eyebrow_25x,right_eyebrow_25y,right_eyebrow_27x,right_eyebrow_27y,left_eye38_x,left_eye38_y,right_eye45_x,right_eye45_y,left_lip49_x,left_lip49_y,lip_center_upper52_x,lip_center_upper52_y,right_lip55_x,right_lip55_y,lip_center_lower58_x,lip_center_lower58_y,trans_x,trans_y,trans_z,rot_x,rot_y,rot_z
0,0,-3.3919982910155966,2.490402221679716,-1.234909057617159,-1.519393920898466,1.8408775329589844,5.0030975341796875,-0.8918304443359375,5.438323974609375,4.0550384521484375,-0.0658721923828125,4.118896484375,2.4099121093750284,-0.19482421875,-1.9391937255859375,0.6140441894531392,-2.0335235595703125,8.478370666503906,-0.8799781799316406,0.18682807683944702,2.1487045288085938,-8.922340393066406,-1.6994857788085866,-2.796354502439499,0.21237945556640625,0.0007762974128127098,-0.014624197036027901,-0.014624197036027901,0.7409574928497991,0.6414206635657999,1.1465687945535166
