,Unnamed: 0,left_eyebrow_18x,left_eyebrow_18y,left_eyebrow_20x,left_eyebrow_20y,left_eyebrow_22x,left_eyebrow_22y,right_eyebrow_23x,right_eyebrow_23y,right_eyebrow_25x,right_eyebrow_25y,right_eyebrow_27x,right_eyebrow_27y,left_eye38_x,left_eye38_y,right_eye45_x,right_eye45_y,left_lip49_x,left_lip49_y,lip_center_upper52_x,lip_center_upper52_y,right_lip55_x,right_lip55_y,lip_center_lower58_x,lip_center_lower58_y,trans_x,trans_y,trans_z,rot_x,rot_y,rot_z
0,0,-9.75968933105463,14.262893676757812,6.45123291015625,1.6980590820312784,40.175636768341064,-4.0854034423828125,2.5772552490234375,2.3375244140625,-4.4281158447265625,-6.2401885986328125,-11.588638305664091,-19.282379150390653,-8.044120788574219,2.54608154296875,-11.281463623046875,3.0916748046875284,-5.253250122070298,-29.435228347778327,33.699704587459564,-9.725309371948242,-18.45117950439453,12.18552017211914,14.701731622219087,15.060005187988281,-0.01855928567238152,0.008626565337181098,0.008626565337181098,-2.320259279647554,-42.57176934101227,-1.9988158355833134
