,Unnamed: 0,left_eyebrow_18x,left_eyebrow_18y,left_eyebrow_20x,left_eyebrow_20y,left_eyebrow_22x,left_eyebrow_22y,right_eyebrow_23x,right_eyebrow_23y,right_eyebrow_25x,right_eyebrow_25y,right_eyebrow_27x,right_eyebrow_27y,left_eye38_x,left_eye38_y,right_eye45_x,right_eye45_y,left_lip49_x,left_lip49_y,lip_center_upper52_x,lip_center_upper52_y,right_lip55_x,right_lip55_y,lip_center_lower58_x,lip_center_lower58_y,trans_x,trans_y,trans_z,rot_x,rot_y,rot_z
0,0,2.8887634277343466,-4.227600097656278,-2.392349243164091,-3.7110137939453125,-8.392627716064453,-5.244903564453097,10.534423828125,-6.58154296875,3.791007995605483,-6.3209228515625,-5.757095336914091,-4.634963989257784,-3.9856491088867188,11.05999755859375,0.07294464111328125,8.383132934570312,5.451324462890625,-6.944755554199212,-3.0371642112731934,-6.861623764038093,-0.36875152587890625,-2.930797576904297,-4.272779643535614,-2.5791549682617188,0.0011175147956237201,0.0009491592645645142,0.0009491592645645142,-4.729604050526948,0.25332996303530897,0.8204726619165856
