,Unnamed: 0,left_eyebrow_18x,left_eyebrow_18y,left_eyebrow_20x,left_eyebrow_20y,left_eyebrow_22x,left_eyebrow_22y,right_eyebrow_23x,right_eyebrow_23y,right_eyebrow_25x,right_eyebrow_25y,right_eyebrow_27x,right_eyebrow_27y,left_eye38_x,left_eye38_y,right_eye45_x,right_eye45_y,left_lip49_x,left_lip49_y,lip_center_upper52_x,lip_center_upper52_y,right_lip55_x,right_lip55_y,lip_center_lower58_x,lip_center_lower58_y,trans_x,trans_y,trans_z,rot_x,rot_y,rot_z
0,0,-5.743377685546847,10.426345825195312,2.6306838989257812,0.02816772460940342,19.17255210876465,-5.091171264648409,0.185211181640625,-1.5887908935546875,-3.7514801025390625,-5.6277313232421875,-5.398895263671875,-7.842239379882841,-7.7527999877929545,1.52423095703125,-2.4138336181640625,2.3909912109375284,-2.538703918457017,-18.813888549804695,14.046146810054779,-16.662336349487305,-9.786323547363281,7.320880889892578,9.264882981777191,10.693885803222656,0.00656186672858894,0.004857134073972709,0.004857134073972709,-1.6385866961775084,-30.10736836113772,1.202898447274657
