,Unnamed: 0,left_eyebrow_18x,left_eyebrow_18y,left_eyebrow_20x,left_eyebrow_20y,left_eyebrow_22x,left_eyebrow_22y,right_eyebrow_23x,right_eyebrow_23y,right_eyebrow_25x,right_eyebrow_25y,right_eyebrow_27x,right_eyebrow_27y,left_eye38_x,left_eye38_y,right_eye45_x,right_eye45_y,left_lip49_x,left_lip49_y,lip_center_upper52_x,lip_center_upper52_y,right_lip55_x,right_lip55_y,lip_center_lower58_x,lip_center_lower58_y,trans_x,trans_y,trans_z,rot_x,rot_y,rot_z
0,0,-1.5362854003905966,4.198150634765625,4.69305419921875,-4.675735473632784,13.337932586669922,-3.8729248046874716,-10.162769317626946,-3.1417236328125284,-2.8043594360351562,-6.193908691406278,1.322052001953125,4.989364624023409,-5.5976409912109375,0.4320678710937216,3.9618301391601562,-1.238540649414034,2.431396484375,-7.005207061767585,-0.06120795011520386,-19.598562240600586,-3.7533798217773438,-3.989837646484375,0.23523950576782227,9.68206787109375,0.005460222950205207,0.009428152814507495,0.009428152814507495,-2.3823570568367325,-4.58094012145962,1.9886379589450993
