,Unnamed: 0,left_eyebrow_18x,left_eyebrow_18y,left_eyebrow_20x,left_eyebrow_20y,left_eyebrow_22x,left_eyebrow_22y,right_eyebrow_23x,right_eyebrow_23y,right_eyebrow_25x,right_eyebrow_25y,right_eyebrow_27x,right_eyebrow_27y,left_eye38_x,left_eye38_y,right_eye45_x,right_eye45_y,left_lip49_x,left_lip49_y,lip_center_upper52_x,lip_center_upper52_y,right_lip55_x,right_lip55_y,lip_center_lower58_x,lip_center_lower58_y,trans_x,trans_y,trans_z,rot_x,rot_y,rot_z
0,0,-0.1812744140625,5.2834930419921875,-7.772483825683594,-0.3759002685546875,-6.914123535156243,3.58563232421875,5.653274536132805,3.4763031005859375,6.978027343749972,4.5267486572265625,0.3763580322265909,4.8937530517578125,-4.6431121826171875,-0.9932708740234375,5.3182601928710795,-1.994308471679716,10.361785888671875,-10.231758117675781,1.2668590545654297,-7.134101867675781,-4.9226226806640625,-10.237140655517578,1.0483119487762442,25.46552276611328,-0.0006400793790817261,-0.014562185853719711,-0.014562185853719711,0.9079330643748791,0.7029096423241121,-0.20872151518064808
