,Unnamed: 0,left_eyebrow_18x,left_eyebrow_18y,left_eyebrow_20x,left_eyebrow_20y,left_eyebrow_22x,left_eyebrow_22y,right_eyebrow_23x,right_eyebrow_23y,right_eyebrow_25x,right_eyebrow_25y,right_eyebrow_27x,right_eyebrow_27y,left_eye38_x,left_eye38_y,right_eye45_x,right_eye45_y,left_lip49_x,left_lip49_y,lip_center_upper52_x,lip_center_upper52_y,right_lip55_x,right_lip55_y,lip_center_lower58_x,lip_center_lower58_y,trans_x,trans_y,trans_z,rot_x,rot_y,rot_z
0,0,2.19073486328125,3.5786743164062216,1.3925018310546875,5.812042236328097,1.2404556274414062,-1.7120361328125284,0.4738349914550781,-1.6105804443359375,0.7856979370117188,5.2976226806640625,-1.8200225830078125,2.9677734375,-2.4076690673827983,0.7076263427734659,0.8487014770507812,2.299163818359375,2.066505432128892,2.6852264404296946,0.5732269287109375,-22.7064151763916,-1.148796081542983,2.2571563720703125,-0.3296866416931157,9.579193115234403,0.0005201876629143953,-0.0033321641385555267,-0.0033321641385555267,-2.2667110727860202,-2.278949966586868,-1.3287637927869973
