,Unnamed: 0,left_eyebrow_18x,left_eyebrow_18y,left_eyebrow_20x,left_eyebrow_20y,left_eyebrow_22x,left_eyebrow_22y,right_eyebrow_23x,right_eyebrow_23y,right_eyebrow_25x,right_eyebrow_25y,right_eyebrow_27x,right_eyebrow_27y,left_eye38_x,left_eye38_y,right_eye45_x,right_eye45_y,left_lip49_x,left_lip49_y,lip_center_upper52_x,lip_center_upper52_y,right_lip55_x,right_lip55_y,lip_center_lower58_x,lip_center_lower58_y,trans_x,trans_y,trans_z,rot_x,rot_y,rot_z
0,0,-3.988037109375057,-2.02972412109375,-2.3474731445312784,3.7135162353515625,0.329029083251946,8.148834228515597,-4.069908142089844,8.750091552734375,1.0666580200195312,4.504592895507841,5.356506347656222,0.6119232177734943,-0.001220703125,-3.5908050537109375,1.1291656494140625,-4.2776947021484375,9.083236694335938,-4.765571594238281,-2.2412202656269073,-7.051517486572266,-8.44216156005858,-7.552204132080078,-1.5332638621330261,2.950164794921875,-0.005060077615780756,-0.008804470300674438,-0.008804470300674438,5.398597857869792,3.230953196714526,-0.9901906965087424
