,Unnamed: 0,left_eyebrow_18x,left_eyebrow_18y,left_eyebrow_20x,left_eyebrow_20y,left_eyebrow_22x,left_eyebrow_22y,right_eyebrow_23x,right_eyebrow_23y,right_eyebrow_25x,right_eyebrow_25y,right_eyebrow_27x,right_eyebrow_27y,left_eye38_x,left_eye38_y,right_eye45_x,right_eye45_y,left_lip49_x,left_lip49_y,lip_center_upper52_x,lip_center_upper52_y,right_lip55_x,right_lip55_y,lip_center_lower58_x,lip_center_lower58_y,trans_x,trans_y,trans_z,rot_x,rot_y,rot_z
0,0,-3.8668060302734375,8.878433227539062,6.469085693359375,11.982070922851534,28.445512771606445,5.2599334716796875,27.39878845214845,7.91357421875,1.1969985961914347,-0.6976776123046875,-27.876815795898438,-29.994171142578125,-1.5154113769531108,1.4751586914062784,-11.379249572753892,0.7896881103515625,-20.37322235107422,-25.085277557373047,34.27937638014555,-0.061712265014644885,-35.07708358764647,7.346992492675781,12.848145723342896,20.37487030029297,-0.022838024888187647,-0.00909181497991085,-0.00909181497991085,-3.4755882079859335,-36.13493565387866,-3.7462064044090715
