,Unnamed: 0,left_eyebrow_18x,left_eyebrow_18y,left_eyebrow_20x,left_eyebrow_20y,left_eyebrow_22x,left_eyebrow_22y,right_eyebrow_23x,right_eyebrow_23y,right_eyebrow_25x,right_eyebrow_25y,right_eyebrow_27x,right_eyebrow_27y,left_eye38_x,left_eye38_y,right_eye45_x,right_eye45_y,left_lip49_x,left_lip49_y,lip_center_upper52_x,lip_center_upper52_y,right_lip55_x,right_lip55_y,lip_center_lower58_x,lip_center_lower58_y,trans_x,trans_y,trans_z,rot_x,rot_y,rot_z
0,0,-9.83671569824213,16.990753173828097,19.839263916015625,13.410110473632812,62.42024230957031,-5.3141937255859375,39.03065872192382,-7.243057250976591,1.120574951171875,-2.8899230957030966,-56.89636230468747,-21.568618774414006,-0.26340484619140625,1.12939453125,-26.235725402832045,0.746856689453125,-17.347206115722685,-12.42892074584961,41.345556139945984,-11.956642150878913,-36.44744110107422,23.05922698974608,25.528082132339478,10.18365478515625,-0.019867483992129564,-0.027347132563591003,-0.027347132563591003,-12.428569366309432,-47.430942458080374,-0.8598358532601614
