,Unnamed: 0,left_eyebrow_18x,left_eyebrow_18y,left_eyebrow_20x,left_eyebrow_20y,left_eyebrow_22x,left_eyebrow_22y,right_eyebrow_23x,right_eyebrow_23y,right_eyebrow_25x,right_eyebrow_25y,right_eyebrow_27x,right_eyebrow_27y,left_eye38_x,left_eye38_y,right_eye45_x,right_eye45_y,left_lip49_x,left_lip49_y,lip_center_upper52_x,lip_center_upper52_y,right_lip55_x,right_lip55_y,lip_center_lower58_x,lip_center_lower58_y,trans_x,trans_y,trans_z,rot_x,rot_y,rot_z
0,0,-8.415878295898438,7.618499755859347,1.4863128662109233,10.034255981445312,17.732944488525387,0.546173095703125,26.226444244384766,3.5978240966796875,6.1710205078125,-5.857543945312472,-21.161605834960966,-20.734100341796903,-1.9554977416992188,2.5052642822265625,-13.697074890136719,2.744110107421875,-13.039253234863281,-22.732978820800785,39.47672390937805,1.7328338623046875,-18.26836395263672,9.621700286865234,20.86583375930786,16.569252014160156,-0.018475701566785574,-0.03577025979757309,-0.03577025979757309,-3.6125539849685278,-40.0585851719706,-0.5344994381277122
