,Unnamed: 0,left_eyebrow_18x,left_eyebrow_18y,left_eyebrow_20x,left_eyebrow_20y,left_eyebrow_22x,left_eyebrow_22y,right_eyebrow_23x,right_eyebrow_23y,right_eyebrow_25x,right_eyebrow_25y,right_eyebrow_27x,right_eyebrow_27y,left_eye38_x,left_eye38_y,right_eye45_x,right_eye45_y,left_lip49_x,left_lip49_y,lip_center_upper52_x,lip_center_upper52_y,right_lip55_x,right_lip55_y,lip_center_lower58_x,lip_center_lower58_y,trans_x,trans_y,trans_z,rot_x,rot_y,rot_z
0,0,-7.03717041015625,3.043746948242216,5.600700378417969,3.1030426025390625,18.81184959411621,3.1837921142578125,3.782337188720703,6.3831329345703125,-0.3749542236328125,-0.152862548828125,-6.42596435546875,-15.058303833007812,-2.1304779052734375,1.447860717773409,-3.7508544921875,0.26397705078125,-4.648796081542969,-17.698596954345703,9.531760334968567,-9.282108306884759,-15.476554870605455,9.804157257080078,5.25152313709259,11.938774108886719,0.005078231450170279,-0.02271582931280136,-0.02271582931280136,-2.590444022306931,-21.528822357155008,2.123793398326308
