,Unnamed: 0,left_eyebrow_18x,left_eyebrow_18y,left_eyebrow_20x,left_eyebrow_20y,left_eyebrow_22x,left_eyebrow_22y,right_eyebrow_23x,right_eyebrow_23y,right_eyebrow_25x,right_eyebrow_25y,right_eyebrow_27x,right_eyebrow_27y,left_eye38_x,left_eye38_y,right_eye45_x,right_eye45_y,left_lip49_x,left_lip49_y,lip_center_upper52_x,lip_center_upper52_y,right_lip55_x,right_lip55_y,lip_center_lower58_x,lip_center_lower58_y,trans_x,trans_y,trans_z,rot_x,rot_y,rot_z
0,0,-1.977584838867216,-0.384857177734375,2.435462951660142,0.9430694580078125,8.086380004882812,9.186004638671875,-2.7206344604492188,6.7270965576171875,1.5666809082031392,-2.834609985351534,1.737014770507841,-3.102203369140625,0.375823974609375,-8.781524658203125,-1.8488845825195312,-8.765701293945312,2.9999237060546875,-14.023727416992195,-3.6894176006317134,-4.8930091857910085,-4.847572326660156,-10.351333618164062,-0.13623595237731934,1.7986907958984375,-0.0023772371932864198,-0.004863038659095764,-0.004863038659095764,7.566790445430388,2.1187152577347863,1.3543024847547973
