,Unnamed: 0,left_eyebrow_18x,left_eyebrow_18y,left_eyebrow_20x,left_eyebrow_20y,left_eyebrow_22x,left_eyebrow_22y,right_eyebrow_23x,right_eyebrow_23y,right_eyebrow_25x,right_eyebrow_25y,right_eyebrow_27x,right_eyebrow_27y,left_eye38_x,left_eye38_y,right_eye45_x,right_eye45_y,left_lip49_x,left_lip49_y,lip_center_upper52_x,lip_center_upper52_y,right_lip55_x,right_lip55_y,lip_center_lower58_x,lip_center_lower58_y,trans_x,trans_y,trans_z,rot_x,rot_y,rot_z
0,0,-0.4818420410156534,6.775146484375,0.3361663818359375,6.932296752929659,6.563457489013672,4.8983917236328125,10.824481964111321,5.92279052734375,5.238258361816435,-1.3968048095703125,-5.0707244873046875,-6.8170013427734375,-2.4321975708007955,-3.8682861328124716,-3.0294113159179545,-6.1999969482421875,-12.334831237792969,-14.284343719482422,11.017752043902872,-7.66220664978027,-12.84603881835936,3.254779815673828,5.09307074546814,19.61284637451172,-0.008178172167390585,-0.015177866443991665,-0.015177866443991665,-2.904866539973381,-15.208882233671115,-0.8906613552695586
