,Unnamed: 0,left_eyebrow_18x,left_eyebrow_18y,left_eyebrow_20x,left_eyebrow_20y,left_eyebrow_22x,left_eyebrow_22y,right_eyebrow_23x,right_eyebrow_23y,right_eyebrow_25x,right_eyebrow_25y,right_eyebrow_27x,right_eyebrow_27y,left_eye38_x,left_eye38_y,right_eye45_x,right_eye45_y,left_lip49_x,left_lip49_y,lip_center_upper52_x,lip_center_upper52_y,right_lip55_x,right_lip55_y,lip_center_lower58_x,lip_center_lower58_y,trans_x,trans_y,trans_z,rot_x,rot_y,rot_z
0,0,-12.219207763671875,11.143218994140597,-0.7183609008789205,10.5462646484375,26.46267127990723,-2.19500732421875,21.11614990234375,1.3897399902344034,-3.2926177978515625,1.04803466796875,-33.75013732910156,-23.052871704101562,1.558624267578125,3.721054077148466,-12.09686279296875,6.974395751953125,-2.9419708251953267,-15.398471832275376,46.555439710617065,-10.285745620727536,-30.260887145996094,8.80966186523436,21.811875104904175,20.301742553710966,-0.011743118986487389,0.002044685184955597,0.002044685184955597,-2.332748628114125,-40.84946925046798,-4.499159025047813
