,Unnamed: 0,left_eyebrow_18x,left_eyebrow_18y,left_eyebrow_20x,left_eyebrow_20y,left_eyebrow_22x,left_eyebrow_22y,right_eyebrow_23x,right_eyebrow_23y,right_eyebrow_25x,right_eyebrow_25y,right_eyebrow_27x,right_eyebrow_27y,left_eye38_x,left_eye38_y,right_eye45_x,right_eye45_y,left_lip49_x,left_lip49_y,lip_center_upper52_x,lip_center_upper52_y,right_lip55_x,right_lip55_y,lip_center_lower58_x,lip_center_lower58_y,trans_x,trans_y,trans_z,rot_x,rot_y,rot_z
0,0,-9.712799072265625,8.994354248046875,-3.5523986816406534,11.224822998046847,11.532310485839844,9.584228515625,21.90218734741211,7.9725341796875,8.968429565429716,1.097900390625,-12.92926025390625,-14.540161132812472,-0.6664276123046733,-3.1714324951171875,-9.725860595703125,-6.586212158203125,4.9881744384765625,-20.671085357666016,20.97967302799225,-11.771949768066406,-17.41374969482422,13.59829330444336,12.133012652397156,-8.440963745117188,-0.021990231645759195,0.006348658353090293,0.006348658353090293,4.938089701302037,-30.719865118328833,-1.9337648319209397
