,Unnamed: 0,left_eyebrow_18x,left_eyebrow_18y,left_eyebrow_20x,left_eyebrow_20y,left_eyebrow_22x,left_eyebrow_22y,right_eyebrow_23x,right_eyebrow_23y,right_eyebrow_25x,right_eyebrow_25y,right_eyebrow_27x,right_eyebrow_27y,left_eye38_x,left_eye38_y,right_eye45_x,right_eye45_y,left_lip49_x,left_lip49_y,lip_center_upper52_x,lip_center_upper52_y,right_lip55_x,right_lip55_y,lip_center_lower58_x,lip_center_lower58_y,trans_x,trans_y,trans_z,rot_x,rot_y,rot_z
0,0,-3.241287231445341,4.9381103515625,-1.5484466552734943,5.130035400390625,2.5874862670898438,2.035049438476591,6.8844451904296875,1.5479583740234943,5.548431396484418,-4.611724853515597,-2.165130615234375,-2.6891326904296875,-3.2393798828125,-0.0662841796875,-0.9449386596679688,-2.2918853759765625,-3.4999618530273438,-14.40829849243164,9.35391440987587,5.01202392578125,-6.6356048583984375,2.2436676025390625,7.09287965297699,10.794235229492188,-0.009235798381268982,-0.010928571224212646,-0.010928571224212646,-1.133032107542387,-14.023297237784208,1.3228637046997744
