,Unnamed: 0,left_eyebrow_18x,left_eyebrow_18y,left_eyebrow_20x,left_eyebrow_20y,left_eyebrow_22x,left_eyebrow_22y,right_eyebrow_23x,right_eyebrow_23y,right_eyebrow_25x,right_eyebrow_25y,right_eyebrow_27x,right_eyebrow_27y,left_eye38_x,left_eye38_y,right_eye45_x,right_eye45_y,left_lip49_x,left_lip49_y,lip_center_upper52_x,lip_center_upper52_y,right_lip55_x,right_lip55_y,lip_center_lower58_x,lip_center_lower58_y,trans_x,trans_y,trans_z,rot_x,rot_y,rot_z
0,0,-9.375411987304688,10.247375488281222,3.7028656005859233,9.966369628906222,25.316999435424798,3.2646484375,19.63702392578125,-0.6781463623046591,4.285690307617216,-10.77783203125,-25.820770263671875,-23.566192626953125,0.5811386108398438,5.928466796875,-5.81805419921875,2.8771209716796875,-16.69729614257814,-24.229967117309567,26.99533224105835,-2.5835304260253906,-26.208404541015625,8.208530426025384,11.616006374359127,-0.02440643310545454,-0.021123802056536075,-0.02680210582911969,-0.02680210582911969,-3.2521443676230875,-36.29754372635018,-3.229774510599601
