,Unnamed: 0,left_eyebrow_18x,left_eyebrow_18y,left_eyebrow_20x,left_eyebrow_20y,left_eyebrow_22x,left_eyebrow_22y,right_eyebrow_23x,right_eyebrow_23y,right_eyebrow_25x,right_eyebrow_25y,right_eyebrow_27x,right_eyebrow_27y,left_eye38_x,left_eye38_y,right_eye45_x,right_eye45_y,left_lip49_x,left_lip49_y,lip_center_upper52_x,lip_center_upper52_y,right_lip55_x,right_lip55_y,lip_center_lower58_x,lip_center_lower58_y,trans_x,trans_y,trans_z,rot_x,rot_y,rot_z
0,0,-3.1123962402344034,0.77752685546875,6.037422180175781,5.580215454101534,12.569698333740227,9.351837158203125,-11.6058120727539,8.523361206054688,-9.67214965820311,3.834487915039091,-1.7934417724609375,-3.281219482421875,1.1750869750976562,-7.708831787109375,2.6580886840820455,-7.798187255859375,-2.1831588745117188,-4.981727600097656,-6.167724847793579,1.2256393432617188,-0.7726593017578267,2.593402862548821,-10.163311958312988,10.975837707519545,-0.006985940388403834,-0.0038849227130412986,-0.0038849227130412986,5.840578856574897,9.382218210260088,0.8180464577588665
