,Unnamed: 0,left_eyebrow_18x,left_eyebrow_18y,left_eyebrow_20x,left_eyebrow_20y,left_eyebrow_22x,left_eyebrow_22y,right_eyebrow_23x,right_eyebrow_23y,right_eyebrow_25x,right_eyebrow_25y,right_eyebrow_27x,right_eyebrow_27y,left_eye38_x,left_eye38_y,right_eye45_x,right_eye45_y,left_lip49_x,left_lip49_y,lip_center_upper52_x,lip_center_upper52_y,right_lip55_x,right_lip55_y,lip_center_lower58_x,lip_center_lower58_y,trans_x,trans_y,trans_z,rot_x,rot_y,rot_z
0,0,-12.185073852539091,0.22515869140625,22.94892120361328,11.934097290039062,54.76789379119873,9.381378173828125,26.132869720458984,13.532196044921875,-21.37851715087892,2.0972595214844034,-59.68606567382815,-38.202606201171875,6.0374908447265625,1.316802978515625,-16.83468627929686,0.704498291015625,-9.85055541992189,-14.341606140136719,42.52412295341492,11.26565170288086,-28.079734802246094,13.607418060302727,16.524394512176514,12.741439819335966,-0.015063341706991196,-0.020156417042016976,-0.020156417042016976,9.413065074418562,-41.35526133573022,-5.304781392691219
