,Unnamed: 0,left_eyebrow_18x,left_eyebrow_18y,left_eyebrow_20x,left_eyebrow_20y,left_eyebrow_22x,left_eyebrow_22y,right_eyebrow_23x,right_eyebrow_23y,right_eyebrow_25x,right_eyebrow_25y,right_eyebrow_27x,right_eyebrow_27y,left_eye38_x,left_eye38_y,right_eye45_x,right_eye45_y,left_lip49_x,left_lip49_y,lip_center_upper52_x,lip_center_upper52_y,right_lip55_x,right_lip55_y,lip_center_lower58_x,lip_center_lower58_y,trans_x,trans_y,trans_z,rot_x,rot_y,rot_z
0,0,47.519317626953125,-23.658554077148438,8.331306457519531,-9.606552124023409,-24.2344970703125,-5.9962310791015625,-38.935866951942444,-6.109649658203097,-9.58823394775392,3.9848327636719034,8.852737426757812,6.143325805664006,14.558189392089844,7.554931640625,-7.444114685058594,3.915740966796875,37.76060104370117,13.59560775756836,-46.26492404937744,4.26606750488282,15.319709777832031,-9.336860656738281,-26.347748339176174,9.991844177246108,0.016175452154129744,0.002197813242673874,0.002197813242673874,1.2104505040973674,38.520397798538625,1.7788634616429868
