,Unnamed: 0,left_eyebrow_18x,left_eyebrow_18y,left_eyebrow_20x,left_eyebrow_20y,left_eyebrow_22x,left_eyebrow_22y,right_eyebrow_23x,right_eyebrow_23y,right_eyebrow_25x,right_eyebrow_25y,right_eyebrow_27x,right_eyebrow_27y,left_eye38_x,left_eye38_y,right_eye45_x,right_eye45_y,left_lip49_x,left_lip49_y,lip_center_upper52_x,lip_center_upper52_y,right_lip55_x,right_lip55_y,lip_center_lower58_x,lip_center_lower58_y,trans_x,trans_y,trans_z,rot_x,rot_y,rot_z
0,0,-0.2081298828125,2.8893127441405966,3.682106018066392,6.0126190185546875,9.909101486206048,3.0424346923828125,-6.465766906738281,3.7037811279296875,-5.471534729003906,4.5494384765625,-3.7091064453124716,-1.49603271484375,-1.4890060424804688,-3.9205932617187784,-0.746788024902358,-3.849029541015625,-0.07595825195313921,-5.897380828857422,2.161655902862549,-4.156436920166016,-2.9195022583007812,-0.6448516845703267,2.853801727294922,12.977615356445312,0.0043240622617304325,-0.010992400348186486,-0.010992400348186486,-0.7000698391900086,-6.192426578631071,-0.31241906330497937
