,Unnamed: 0,left_eyebrow_18x,left_eyebrow_18y,left_eyebrow_20x,left_eyebrow_20y,left_eyebrow_22x,left_eyebrow_22y,right_eyebrow_23x,right_eyebrow_23y,right_eyebrow_25x,right_eyebrow_25y,right_eyebrow_27x,right_eyebrow_27y,left_eye38_x,left_eye38_y,right_eye45_x,right_eye45_y,left_lip49_x,left_lip49_y,lip_center_upper52_x,lip_center_upper52_y,right_lip55_x,right_lip55_y,lip_center_lower58_x,lip_center_lower58_y,trans_x,trans_y,trans_z,rot_x,rot_y,rot_z
0,0,0.7855682373046875,5.633453369140625,0.15785980224607954,-1.303558349609375,0.6422348022460866,-9.4129638671875,-3.1554794311523438,-8.134353637695341,0.09216308593747158,1.086776733398409,-2.22412109375,5.7200927734375,0.6455001831054545,1.76806640625,-3.6749420166015625,0.4374237060546875,-3.3139724731445455,1.4988975524902344,2.453593671321869,-6.423534393310547,7.917297363281236,3.92236328125,1.6645055413246155,0.34406280517580967,0.01216463465243578,-0.012059573084115982,-0.012059573084115982,-3.908749195428383,-15.928903018812225,-2.20570217393796
