,Unnamed: 0,left_eyebrow_18x,left_eyebrow_18y,left_eyebrow_20x,left_eyebrow_20y,left_eyebrow_22x,left_eyebrow_22y,right_eyebrow_23x,right_eyebrow_23y,right_eyebrow_25x,right_eyebrow_25y,right_eyebrow_27x,right_eyebrow_27y,left_eye38_x,left_eye38_y,right_eye45_x,right_eye45_y,left_lip49_x,left_lip49_y,lip_center_upper52_x,lip_center_upper52_y,right_lip55_x,right_lip55_y,lip_center_lower58_x,lip_center_lower58_y,trans_x,trans_y,trans_z,rot_x,rot_y,rot_z
0,0,0.4583435058594034,-0.124603271484375,1.405120849609375,-1.5835723876953125,4.694164276123054,2.826141357421875,-2.486705780029297,4.1463470458984375,-3.960174560546889,-1.859115600585909,-5.680618286132784,-3.2850952148437784,2.266845703125,-7.8155670166015625,-3.3351669311523295,-8.062850952148409,-8.295425415039062,0.24282073974609375,3.0290836691856384,1.322103500366211,6.829956054687514,5.572563171386719,2.2669496536254887,8.933311462402344,0.00871832319535315,-0.004322621971368797,-0.004322621971368797,4.524481465862765,-7.065023974436588,1.9003846122049461
