,Unnamed: 0,left_eyebrow_18x,left_eyebrow_18y,left_eyebrow_20x,left_eyebrow_20y,left_eyebrow_22x,left_eyebrow_22y,right_eyebrow_23x,right_eyebrow_23y,right_eyebrow_25x,right_eyebrow_25y,right_eyebrow_27x,right_eyebrow_27y,left_eye38_x,left_eye38_y,right_eye45_x,right_eye45_y,left_lip49_x,left_lip49_y,lip_center_upper52_x,lip_center_upper52_y,right_lip55_x,right_lip55_y,lip_center_lower58_x,lip_center_lower58_y,trans_x,trans_y,trans_z,rot_x,rot_y,rot_z
0,0,10.578155517578153,-8.721786499023466,3.4074554443359375,-1.7604675292969034,-6.323692321777337,0.1610870361328125,-10.768932342529293,4.684814453125,-1.6878433227539205,12.393508911132812,2.1886749267578125,7.461700439453125,2.7541427612304545,-2.8596343994140625,4.9876556396484375,-3.5346069335937216,13.546058654785156,15.976219177246094,-16.035532355308533,-16.174020767211914,3.1339950561523438,-8.461299896240227,-10.515054702758789,18.616836547851562,0.0015684999525547045,-0.0017806626856326987,-0.0017806626856326987,-1.7402922589678633,31.08909484983595,3.2881063753921826
