,Unnamed: 0,left_eyebrow_18x,left_eyebrow_18y,left_eyebrow_20x,left_eyebrow_20y,left_eyebrow_22x,left_eyebrow_22y,right_eyebrow_23x,right_eyebrow_23y,right_eyebrow_25x,right_eyebrow_25y,right_eyebrow_27x,right_eyebrow_27y,left_eye38_x,left_eye38_y,right_eye45_x,right_eye45_y,left_lip49_x,left_lip49_y,lip_center_upper52_x,lip_center_upper52_y,right_lip55_x,right_lip55_y,lip_center_lower58_x,lip_center_lower58_y,trans_x,trans_y,trans_z,rot_x,rot_y,rot_z
0,0,30.226699829101562,-34.19828796386716,3.0813293457031534,-8.451553344726506,-24.83425521850586,-7.589172363281278,-20.946128845214844,-1.5019226074219034,-1.157012939453125,14.119125366210909,1.8902740478515625,10.404678344726591,23.756141662597656,12.372787475585938,6.1168670654296875,12.003814697265653,30.962356567382812,37.687950134277344,-35.28194284439087,-2.4670333862304688,19.378875732421875,-23.264636993408203,-18.42141771316528,13.085792541503892,0.022012711502611637,0.021252371370792382,0.021252371370792382,8.236432476785879,47.963261197601,1.8597449500525753
