,Unnamed: 0,left_eyebrow_18x,left_eyebrow_18y,left_eyebrow_20x,left_eyebrow_20y,left_eyebrow_22x,left_eyebrow_22y,right_eyebrow_23x,right_eyebrow_23y,right_eyebrow_25x,right_eyebrow_25y,right_eyebrow_27x,right_eyebrow_27y,left_eye38_x,left_eye38_y,right_eye45_x,right_eye45_y,left_lip49_x,left_lip49_y,lip_center_upper52_x,lip_center_upper52_y,right_lip55_x,right_lip55_y,lip_center_lower58_x,lip_center_lower58_y,trans_x,trans_y,trans_z,rot_x,rot_y,rot_z
0,0,37.71498107910156,-29.677413940429716,6.11962890625,2.05517578125,-28.076370239257805,6.0908966064453125,-33.53464460372925,3.8453216552734375,-7.966873168945327,10.042999267578153,10.231979370117216,9.715713500976591,12.400894165039062,2.1854400634765625,-9.937149047851548,-2.9237823486328125,41.66510772705078,9.197345733642578,-37.51991534233093,8.26773643493652,20.18906402587892,-16.866256713867188,-12.443583488464355,17.551864624023438,0.030431623570621017,0.0047730207443237305,0.0047730207443237305,1.428862745421603,37.46431033097937,5.202977456681834
