,Unnamed: 0,left_eyebrow_18x,left_eyebrow_18y,left_eyebrow_20x,left_eyebrow_20y,left_eyebrow_22x,left_eyebrow_22y,right_eyebrow_23x,right_eyebrow_23y,right_eyebrow_25x,right_eyebrow_25y,right_eyebrow_27x,right_eyebrow_27y,left_eye38_x,left_eye38_y,right_eye45_x,right_eye45_y,left_lip49_x,left_lip49_y,lip_center_upper52_x,lip_center_upper52_y,right_lip55_x,right_lip55_y,lip_center_lower58_x,lip_center_lower58_y,trans_x,trans_y,trans_z,rot_x,rot_y,rot_z
0,0,10.4130859375,-14.537384033203182,-2.46234130859375,-13.665313720703125,-21.04932785034179,-0.011871337890596578,-1.4162406921386648,-0.804595947265625,-3.9241638183593466,-4.530792236328125,-4.977737426757784,-2.4438934326171875,8.369354248046875,2.1135253906249716,6.1287994384765625,6.0213775634765625,-0.7028274536132812,4.773273468017578,-14.286399841308592,6.446912765502933,18.39279174804686,-16.521717071533203,-11.749638080596924,3.73095703125,-0.006186289072502404,-0.009167823940515525,-0.009167823940515525,1.6315210256724928,30.192431295103184,0.38991569311036
