,Unnamed: 0,left_eyebrow_18x,left_eyebrow_18y,left_eyebrow_20x,left_eyebrow_20y,left_eyebrow_22x,left_eyebrow_22y,right_eyebrow_23x,right_eyebrow_23y,right_eyebrow_25x,right_eyebrow_25y,right_eyebrow_27x,right_eyebrow_27y,left_eye38_x,left_eye38_y,right_eye45_x,right_eye45_y,left_lip49_x,left_lip49_y,lip_center_upper52_x,lip_center_upper52_y,right_lip55_x,right_lip55_y,lip_center_lower58_x,lip_center_lower58_y,trans_x,trans_y,trans_z,rot_x,rot_y,rot_z
0,0,1.0724334716796875,-2.494888305664091,3.5072784423828125,-0.20184326171872158,4.286975860595703,5.482681274414091,-6.6596164703369105,6.4251251220703125,-5.821395874023423,1.432327270507841,1.1751556396484375,-2.4031219482421875,-0.9542236328125,-3.76629638671875,0.23030853271484375,-2.0518341064453125,0.5002593994140341,3.7623939514160156,0.022488951683044434,-4.869159698486325,-2.1557235717773438,0.2252197265625,-0.38623175397515297,8.314834594726562,-0.0007188569288700823,0.0021237321197986603,0.0021237321197986603,3.318763737921467,2.3764318539670426,0.6388647229111668
