,Unnamed: 0,left_eyebrow_18x,left_eyebrow_18y,left_eyebrow_20x,left_eyebrow_20y,left_eyebrow_22x,left_eyebrow_22y,right_eyebrow_23x,right_eyebrow_23y,right_eyebrow_25x,right_eyebrow_25y,right_eyebrow_27x,right_eyebrow_27y,left_eye38_x,left_eye38_y,right_eye45_x,right_eye45_y,left_lip49_x,left_lip49_y,lip_center_upper52_x,lip_center_upper52_y,right_lip55_x,right_lip55_y,lip_center_lower58_x,lip_center_lower58_y,trans_x,trans_y,trans_z,rot_x,rot_y,rot_z
0,0,10.763427734375,-10.136840820312557,-6.42425537109375,-4.0358428955078125,-17.42647933959961,-2.0682830810546875,-6.846481323242195,-0.19578552246090908,-2.3941955566406534,7.12042236328125,4.4450225830078125,7.851348876953097,4.3561859130859375,2.8224029541015625,4.249259948730469,2.4979705810546875,6.550666809082017,15.353790283203125,-13.227776765823362,-1.64019775390625,3.29541015625,-15.097076416015625,-12.656682014465332,2.8763885498046875,0.007173201534897089,-0.00040625035762786865,-0.00040625035762786865,-9.136813783962367,22.611216139028503,0.1680221391610921
