,Unnamed: 0,left_eyebrow_18x,left_eyebrow_18y,left_eyebrow_20x,left_eyebrow_20y,left_eyebrow_22x,left_eyebrow_22y,right_eyebrow_23x,right_eyebrow_23y,right_eyebrow_25x,right_eyebrow_25y,right_eyebrow_27x,right_eyebrow_27y,left_eye38_x,left_eye38_y,right_eye45_x,right_eye45_y,left_lip49_x,left_lip49_y,lip_center_upper52_x,lip_center_upper52_y,right_lip55_x,right_lip55_y,lip_center_lower58_x,lip_center_lower58_y,trans_x,trans_y,trans_z,rot_x,rot_y,rot_z
0,0,17.852020263671903,-28.653457641601534,-1.0235061645507955,5.1884765625,-22.231517791748047,18.154144287109403,-18.863842010498047,14.254074096679716,-6.9053497314453125,14.960769653320312,1.8213348388671875,4.3231964111328125,9.698722839355469,-3.085113525390625,2.0729827880859233,-4.1392364501953125,17.08969116210936,15.22662353515625,-33.89923083782197,0.8535938262939524,10.746932983398438,-18.572044372558587,-20.59669554233551,16.730125427246094,-0.0003827065229415898,0.006369698792695999,0.006369698792695999,-0.3494499156342439,34.0697735904762,5.852393888261348
