,Unnamed: 0,left_eyebrow_18x,left_eyebrow_18y,left_eyebrow_20x,left_eyebrow_20y,left_eyebrow_22x,left_eyebrow_22y,right_eyebrow_23x,right_eyebrow_23y,right_eyebrow_25x,right_eyebrow_25y,right_eyebrow_27x,right_eyebrow_27y,left_eye38_x,left_eye38_y,right_eye45_x,right_eye45_y,left_lip49_x,left_lip49_y,lip_center_upper52_x,lip_center_upper52_y,right_lip55_x,right_lip55_y,lip_center_lower58_x,lip_center_lower58_y,trans_x,trans_y,trans_z,rot_x,rot_y,rot_z
0,0,18.147598266601562,-16.07843017578128,-9.907791137695341,-9.235122680664062,-21.897403717041016,1.342025756835909,-26.71601963043213,-5.030303955078097,-2.4788818359375,7.970306396484375,8.4464111328125,15.907135009765597,17.71941375732422,5.307403564453125,9.107002258300781,2.1449737548828125,22.146110534667955,25.1065673828125,-37.29154324531556,2.7456588745117188,0.17099761962890625,-27.013652801513672,-24.698821067810055,8.639755249023438,0.027004083152860403,0.012647975236177444,0.012647975236177444,-12.314113706802736,37.910603927451604,0.13618602115277145
