,Unnamed: 0,left_eyebrow_18x,left_eyebrow_18y,left_eyebrow_20x,left_eyebrow_20y,left_eyebrow_22x,left_eyebrow_22y,right_eyebrow_23x,right_eyebrow_23y,right_eyebrow_25x,right_eyebrow_25y,right_eyebrow_27x,right_eyebrow_27y,left_eye38_x,left_eye38_y,right_eye45_x,right_eye45_y,left_lip49_x,left_lip49_y,lip_center_upper52_x,lip_center_upper52_y,right_lip55_x,right_lip55_y,lip_center_lower58_x,lip_center_lower58_y,trans_x,trans_y,trans_z,rot_x,rot_y,rot_z
0,0,7.5600433349609375,9.218719482421875,-0.6495513916015625,-3.1256103515625,-0.3591766357421733,-9.985321044921903,-4.773490905761719,-5.9340972900390625,-3.1265411376953267,-3.050064086914091,-0.6869354248046307,6.708740234375057,4.556816101074219,-8.93896484375,-4.962432861328125,-7.8598785400390625,-1.7123260498046875,0.6342315673828125,-3.6433486938476562,-6.2183837890625,5.4462738037109375,2.139160156249993,-0.5379714965820277,10.28176116943358,0.0042385533452034,-0.0017212256789207458,-0.0017212256789207458,-0.4451431519199218,1.1932923747913904,-0.07208511116320526
