,Unnamed: 0,left_eyebrow_18x,left_eyebrow_18y,left_eyebrow_20x,left_eyebrow_20y,left_eyebrow_22x,left_eyebrow_22y,right_eyebrow_23x,right_eyebrow_23y,right_eyebrow_25x,right_eyebrow_25y,right_eyebrow_27x,right_eyebrow_27y,left_eye38_x,left_eye38_y,right_eye45_x,right_eye45_y,left_lip49_x,left_lip49_y,lip_center_upper52_x,lip_center_upper52_y,right_lip55_x,right_lip55_y,lip_center_lower58_x,lip_center_lower58_y,trans_x,trans_y,trans_z,rot_x,rot_y,rot_z
0,0,8.632431030273438,-3.735855102539091,2.0351791381835795,-0.7457733154296875,-4.047550201416016,-5.821380615234375,-4.484092712402344,-5.356048583984403,1.8417510986327983,5.762374877929659,0.086700439453125,6.717498779296903,6.077041625976548,-0.4297485351562216,2.6674728393554688,-0.2788391113280966,3.2515945434570312,7.279422760009766,-20.29289412498474,-1.8065986633300817,9.169967651367173,-7.204383850097656,-16.483569383621216,9.357170104980483,-0.006470917724072932,-0.02913196012377739,-0.02913196012377739,-2.5313858063026276,34.28148165140193,0.8326657545545253
