,Unnamed: 0,left_eyebrow_18x,left_eyebrow_18y,left_eyebrow_20x,left_eyebrow_20y,left_eyebrow_22x,left_eyebrow_22y,right_eyebrow_23x,right_eyebrow_23y,right_eyebrow_25x,right_eyebrow_25y,right_eyebrow_27x,right_eyebrow_27y,left_eye38_x,left_eye38_y,right_eye45_x,right_eye45_y,left_lip49_x,left_lip49_y,lip_center_upper52_x,lip_center_upper52_y,right_lip55_x,right_lip55_y,lip_center_lower58_x,lip_center_lower58_y,trans_x,trans_y,trans_z,rot_x,rot_y,rot_z
0,0,-1.3881988525390625,13.048187255859375,-1.305145263671875,13.425918579101562,6.420198440551761,-5.7269287109375,-2.425781250000007,-6.3211517333984375,1.1587066650390625,10.460433959960966,0.8146057128905966,10.323013305664062,-1.88995361328125,-2.971710205078125,-6.9381103515625,-3.0560607910155966,0.4823303222656108,-5.805706024169922,5.530065298080445,-5.407028198242195,-1.976646423339858,-1.0473785400390625,4.694421321153641,5.032188415527358,0.016736028250306845,-0.004361189901828766,-0.004361189901828766,-3.326422029714987,-16.79397612128585,1.9834934111617086
