,Unnamed: 0,left_eyebrow_18x,left_eyebrow_18y,left_eyebrow_20x,left_eyebrow_20y,left_eyebrow_22x,left_eyebrow_22y,right_eyebrow_23x,right_eyebrow_23y,right_eyebrow_25x,right_eyebrow_25y,right_eyebrow_27x,right_eyebrow_27y,left_eye38_x,left_eye38_y,right_eye45_x,right_eye45_y,left_lip49_x,left_lip49_y,lip_center_upper52_x,lip_center_upper52_y,right_lip55_x,right_lip55_y,lip_center_lower58_x,lip_center_lower58_y,trans_x,trans_y,trans_z,rot_x,rot_y,rot_z
0,0,31.402725219726562,-26.543685913085938,-6.855003356933622,-9.648681640625,-34.593360900878906,-2.6171264648437784,-8.215610504150401,-3.204132080078125,1.2047195434570312,4.14788818359375,3.9778594970703125,9.45458984375,8.866500854492188,11.2974853515625,4.354118347167969,8.9713134765625,16.01181793212892,6.836341857910149,-38.465555906295776,-1.4392204284667969,11.197196960449219,-36.46982192993164,-16.506989240646362,33.199897766113295,0.014916344080120329,-0.029035970568656914,-0.029035970568656914,-5.627524152841555,43.909398233331316,-0.025359097431397748
