,Unnamed: 0,left_eyebrow_18x,left_eyebrow_18y,left_eyebrow_20x,left_eyebrow_20y,left_eyebrow_22x,left_eyebrow_22y,right_eyebrow_23x,right_eyebrow_23y,right_eyebrow_25x,right_eyebrow_25y,right_eyebrow_27x,right_eyebrow_27y,left_eye38_x,left_eye38_y,right_eye45_x,right_eye45_y,left_lip49_x,left_lip49_y,lip_center_upper52_x,lip_center_upper52_y,right_lip55_x,right_lip55_y,lip_center_lower58_x,lip_center_lower58_y,trans_x,trans_y,trans_z,rot_x,rot_y,rot_z
0,0,15.657501220703153,-3.488616943359375,-5.9882659912109375,-3.863525390625,-17.77199935913086,-11.879867553710938,0.7208404541015625,-12.304489135742188,2.027008056640568,6.348388671875,-5.251190185546875,9.601486206054716,5.0534210205078125,8.863815307617188,1.9470443725585795,7.557983398437472,2.7561798095703125,4.757617950439453,-11.352142691612244,-4.40194129943848,20.11279296875,-16.907543182373047,-9.776572942733765,5.836311340332031,0.011918231146410106,0.011045299470424666,0.011045299470424666,-5.499395342026862,20.292609209384207,0.1354157558835385
