,Unnamed: 0,left_eyebrow_18x,left_eyebrow_18y,left_eyebrow_20x,left_eyebrow_20y,left_eyebrow_22x,left_eyebrow_22y,right_eyebrow_23x,right_eyebrow_23y,right_eyebrow_25x,right_eyebrow_25y,right_eyebrow_27x,right_eyebrow_27y,left_eye38_x,left_eye38_y,right_eye45_x,right_eye45_y,left_lip49_x,left_lip49_y,lip_center_upper52_x,lip_center_upper52_y,right_lip55_x,right_lip55_y,lip_center_lower58_x,lip_center_lower58_y,trans_x,trans_y,trans_z,rot_x,rot_y,rot_z
0,0,11.637573242187528,-23.121185302734375,-0.9134063720703125,-0.2554626464843466,-17.7573890686035,6.426025390624972,-5.888134002685547,9.666091918945312,-9.562385559082017,13.674102783203125,-1.328140258789034,-6.999282836914034,13.413948059082031,3.7336120605468466,0.27642822265625,1.912277221679716,1.3436431884765767,4.128631591796882,-20.834359169006348,7.589771270751953,11.063453674316392,-19.80974960327149,-11.645397881977258,18.75536346435547,0.00014616106636822224,-0.03805175796151161,-0.03805175796151161,3.953938994564221,30.48303004139,-2.732569612150925
