,Unnamed: 0,left_eyebrow_18x,left_eyebrow_18y,left_eyebrow_20x,left_eyebrow_20y,left_eyebrow_22x,left_eyebrow_22y,right_eyebrow_23x,right_eyebrow_23y,right_eyebrow_25x,right_eyebrow_25y,right_eyebrow_27x,right_eyebrow_27y,left_eye38_x,left_eye38_y,right_eye45_x,right_eye45_y,left_lip49_x,left_lip49_y,lip_center_upper52_x,lip_center_upper52_y,right_lip55_x,right_lip55_y,lip_center_lower58_x,lip_center_lower58_y,trans_x,trans_y,trans_z,rot_x,rot_y,rot_z
0,0,44.32252502441406,-25.3135986328125,10.824089050292969,-8.036117553710966,-28.83039855957032,-1.9046325683593466,-31.070905685424805,-1.81396484375,-6.794548034667983,7.065719604492131,9.121017456054688,3.36572265625,6.360931396484361,10.121444702148438,-1.013824462890625,8.344436645507841,9.080680847167969,6.18897628784179,-50.5978639125824,1.65972900390625,19.007041931152344,-17.193920135498047,-29.30537724494934,10.423667907714858,0.006982934661209585,-0.02260438725352288,-0.02260438725352288,1.8664524096239563,53.62689091249771,5.268437374009532
