,Unnamed: 0,left_eyebrow_18x,left_eyebrow_18y,left_eyebrow_20x,left_eyebrow_20y,left_eyebrow_22x,left_eyebrow_22y,right_eyebrow_23x,right_eyebrow_23y,right_eyebrow_25x,right_eyebrow_25y,right_eyebrow_27x,right_eyebrow_27y,left_eye38_x,left_eye38_y,right_eye45_x,right_eye45_y,left_lip49_x,left_lip49_y,lip_center_upper52_x,lip_center_upper52_y,right_lip55_x,right_lip55_y,lip_center_lower58_x,lip_center_lower58_y,trans_x,trans_y,trans_z,rot_x,rot_y,rot_z
0,0,1.9112548828125,-9.727249145507812,3.4904632568359375,0.19802856445318184,-5.4188232421875,7.041366577148466,2.0219688415527344,7.337310791015625,-8.348823547363281,6.0924072265625,-6.842056274414034,-10.652297973632784,5.551239013671875,2.9281005859375,-1.4393692016601562,3.110305786132841,-2.0274581909179545,-6.267200469970703,2.597360610961914,8.11954498291016,7.36711883544919,-5.713912963867195,1.493901272304356,17.366500854492188,0.0023107328452169904,-0.014713406562805183,-0.014713406562805183,8.606375395043314,-3.5219584393807395,-1.5266614517598334
