,Unnamed: 0,left_eyebrow_18x,left_eyebrow_18y,left_eyebrow_20x,left_eyebrow_20y,left_eyebrow_22x,left_eyebrow_22y,right_eyebrow_23x,right_eyebrow_23y,right_eyebrow_25x,right_eyebrow_25y,right_eyebrow_27x,right_eyebrow_27y,left_eye38_x,left_eye38_y,right_eye45_x,right_eye45_y,left_lip49_x,left_lip49_y,lip_center_upper52_x,lip_center_upper52_y,right_lip55_x,right_lip55_y,lip_center_lower58_x,lip_center_lower58_y,trans_x,trans_y,trans_z,rot_x,rot_y,rot_z
0,0,3.7523498535156534,-1.0704193115234375,-8.090522766113281,-9.168167114257812,-13.232875823974616,-6.433776855468722,15.621421813964837,-6.4840087890625,7.951148986816378,-11.325485229492188,-2.682281494140625,-3.3029632568359943,2.3441314697265625,6.5807342529296875,-2.6822357177734375,8.264266967773438,-9.825569152832017,-11.533275604248054,-0.9270694255828857,-9.799036026000973,1.6351242065429688,-10.900230407714844,-0.5210592746734615,23.68541717529297,0.0032402421347796917,-0.008432149887084954,-0.008432149887084954,-2.3071745624806104,-5.275410018696051,-1.4829442789424616
