,Unnamed: 0,left_eyebrow_18x,left_eyebrow_18y,left_eyebrow_20x,left_eyebrow_20y,left_eyebrow_22x,left_eyebrow_22y,right_eyebrow_23x,right_eyebrow_23y,right_eyebrow_25x,right_eyebrow_25y,right_eyebrow_27x,right_eyebrow_27y,left_eye38_x,left_eye38_y,right_eye45_x,right_eye45_y,left_lip49_x,left_lip49_y,lip_center_upper52_x,lip_center_upper52_y,right_lip55_x,right_lip55_y,lip_center_lower58_x,lip_center_lower58_y,trans_x,trans_y,trans_z,rot_x,rot_y,rot_z
0,0,37.00854492187503,-46.044586181640625,-1.1877517700195312,-23.088211059570256,-30.35786819458007,-4.319183349609375,-49.874802589416504,-8.732925415039062,-4.188209533691406,3.6873626708984375,5.967376708984403,13.828247070312472,21.185203552246094,-1.32464599609375,-2.8168182373046875,1.6063690185546875,38.776649475097656,4.166225433349609,-30.233091294765472,12.703651428222663,24.74938201904297,-39.90072441101074,-12.583307027816769,19.903099060058594,0.03386964841047301,-0.011614527553319931,-0.011614527553319931,7.637665442471871,39.55638522876887,2.867547081425184
