,Unnamed: 0,left_eyebrow_18x,left_eyebrow_18y,left_eyebrow_20x,left_eyebrow_20y,left_eyebrow_22x,left_eyebrow_22y,right_eyebrow_23x,right_eyebrow_23y,right_eyebrow_25x,right_eyebrow_25y,right_eyebrow_27x,right_eyebrow_27y,left_eye38_x,left_eye38_y,right_eye45_x,right_eye45_y,left_lip49_x,left_lip49_y,lip_center_upper52_x,lip_center_upper52_y,right_lip55_x,right_lip55_y,lip_center_lower58_x,lip_center_lower58_y,trans_x,trans_y,trans_z,rot_x,rot_y,rot_z
0,0,12.013031005859375,-13.774063110351562,-4.984802246093722,-5.885681152343778,-16.390426635742195,1.4781341552734375,-6.4621315002441335,-1.2414703369140625,-2.583953857421875,4.650283813476506,-2.580810546875,1.9914855957030966,4.419784545898452,3.2775726318359375,2.0573043823242188,1.141143798828125,1.4887161254882812,5.392974853515625,-10.642396330833435,16.819129943847656,18.068099975585923,-13.6854248046875,-9.802420377731323,5.00616455078125,0.016350565943866968,-0.02603232115507126,-0.02603232115507126,-3.667910000433813,17.184101133954382,0.5600697295028545
