,Unnamed: 0,left_eyebrow_18x,left_eyebrow_18y,left_eyebrow_20x,left_eyebrow_20y,left_eyebrow_22x,left_eyebrow_22y,right_eyebrow_23x,right_eyebrow_23y,right_eyebrow_25x,right_eyebrow_25y,right_eyebrow_27x,right_eyebrow_27y,left_eye38_x,left_eye38_y,right_eye45_x,right_eye45_y,left_lip49_x,left_lip49_y,lip_center_upper52_x,lip_center_upper52_y,right_lip55_x,right_lip55_y,lip_center_lower58_x,lip_center_lower58_y,trans_x,trans_y,trans_z,rot_x,rot_y,rot_z
0,0,0.03805541992184658,1.5080871582030966,0.9066619873047159,4.2919158935546875,1.6540031433105469,1.3654022216796875,0.5055084228515696,3.0611724853515625,1.0923614501953125,3.47412109375,-0.48223876953125,0.8060913085937784,-1.1330795288085938,-5.459686279296875,-1.055572509765625,-7.2806243896484375,0.38742828369139204,-0.8438377380370952,2.321250677108764,-3.629035949707024,-4.052963256835923,3.1358604431152344,0.3248300552368164,9.442100524902358,0.0013747240864177,-0.0003016665577888489,-0.0003016665577888489,1.8913694399339986,-4.345581986237422,-2.562295021709109
