,Unnamed: 0,left_eyebrow_18x,left_eyebrow_18y,left_eyebrow_20x,left_eyebrow_20y,left_eyebrow_22x,left_eyebrow_22y,right_eyebrow_23x,right_eyebrow_23y,right_eyebrow_25x,right_eyebrow_25y,right_eyebrow_27x,right_eyebrow_27y,left_eye38_x,left_eye38_y,right_eye45_x,right_eye45_y,left_lip49_x,left_lip49_y,lip_center_upper52_x,lip_center_upper52_y,right_lip55_x,right_lip55_y,lip_center_lower58_x,lip_center_lower58_y,trans_x,trans_y,trans_z,rot_x,rot_y,rot_z
0,0,9.30645751953125,-9.780548095703125,-2.099639892578125,-6.013931274414091,-12.984256744384766,-1.6017913818359375,-8.622604370117188,-2.1104888916015625,-2.5989837646484375,4.732589721679659,2.7095184326171875,6.5815887451171875,8.741294860839844,-5.045806884765625,3.145973205566392,-4.3575897216796875,3.1425552368164062,18.20341873168944,-16.1858868598938,-5.973384857177727,12.965454101562514,-10.443412780761719,-12.431608200073242,4.942413330078125,0.00617723725736141,-0.03270517289638519,-0.03270517289638519,-7.668959114034532,25.345354602073893,-0.8413248814805306
