,Unnamed: 0,left_eyebrow_18x,left_eyebrow_18y,left_eyebrow_20x,left_eyebrow_20y,left_eyebrow_22x,left_eyebrow_22y,right_eyebrow_23x,right_eyebrow_23y,right_eyebrow_25x,right_eyebrow_25y,right_eyebrow_27x,right_eyebrow_27y,left_eye38_x,left_eye38_y,right_eye45_x,right_eye45_y,left_lip49_x,left_lip49_y,lip_center_upper52_x,lip_center_upper52_y,right_lip55_x,right_lip55_y,lip_center_lower58_x,lip_center_lower58_y,trans_x,trans_y,trans_z,rot_x,rot_y,rot_z
0,0,-0.17358398437494316,-2.4225921630859375,2.023178100585909,4.157928466796875,1.9623908996582031,2.828872680664091,1.5387001037597656,3.3850555419921307,-1.1145248413085938,-1.2728729248046875,-1.8707885742187216,-5.2843017578125,-2.117195129394517,-0.20291137695309658,-2.4495086669921875,-1.790481567382784,3.9408950805664205,-4.872528076171875,4.248056173324585,-16.32332229614258,-6.860794067382798,3.1295318603515625,2.4389625787734985,18.608238220214844,0.010235517285764217,-0.0005081035196781228,-0.0005081035196781228,-0.006393528400087889,-9.67408471116494,0.5478767265335691
