,Unnamed: 0,left_eyebrow_18x,left_eyebrow_18y,left_eyebrow_20x,left_eyebrow_20y,left_eyebrow_22x,left_eyebrow_22y,right_eyebrow_23x,right_eyebrow_23y,right_eyebrow_25x,right_eyebrow_25y,right_eyebrow_27x,right_eyebrow_27y,left_eye38_x,left_eye38_y,right_eye45_x,right_eye45_y,left_lip49_x,left_lip49_y,lip_center_upper52_x,lip_center_upper52_y,right_lip55_x,right_lip55_y,lip_center_lower58_x,lip_center_lower58_y,trans_x,trans_y,trans_z,rot_x,rot_y,rot_z
0,0,12.885360717773438,-12.195327758789091,-0.8376770019530966,1.091217041015625,-12.82950210571289,1.4752502441405966,-9.62476730346679,4.421310424804716,-3.223098754882841,12.394897460937528,3.091888427734375,6.382308959960966,3.203948974609375,-3.61236572265625,3.5778961181640625,-4.5822601318359375,11.063186645507812,13.492473602294929,-17.010862588882446,-3.3595199584960866,4.781486511230483,-12.948150634765625,-11.672707080841064,8.958877563476562,0.006867426563985646,-0.016933366656303406,-0.016933366656303406,-0.16998689546769796,24.641280665067626,-2.894325348860251
