,Unnamed: 0,left_eyebrow_18x,left_eyebrow_18y,left_eyebrow_20x,left_eyebrow_20y,left_eyebrow_22x,left_eyebrow_22y,right_eyebrow_23x,right_eyebrow_23y,right_eyebrow_25x,right_eyebrow_25y,right_eyebrow_27x,right_eyebrow_27y,left_eye38_x,left_eye38_y,right_eye45_x,right_eye45_y,left_lip49_x,left_lip49_y,lip_center_upper52_x,lip_center_upper52_y,right_lip55_x,right_lip55_y,lip_center_lower58_x,lip_center_lower58_y,trans_x,trans_y,trans_z,rot_x,rot_y,rot_z
0,0,1.4932861328125284,-1.41290283203125,1.7758483886718892,3.4232635498046875,0.8175735473632812,2.224166870117159,-2.3159942626953125,0.4810943603515625,0.121368408203125,4.165328979492216,-2.3570709228515625,1.3215179443359375,3.1234359741210795,-8.003173828125057,-1.4924545288085938,-10.506851196289034,-2.1322250366210938,0.8123092651367188,0.39090824127197266,-8.896890640258786,3.020118713378892,1.8763656616210938,0.842938244342804,10.729499816894531,-0.003424511312914546,0.020542759448289864,0.020542759448289864,0.7668024160596631,1.2136713180378493,-0.7342239979742402
