,Unnamed: 0,left_eyebrow_18x,left_eyebrow_18y,left_eyebrow_20x,left_eyebrow_20y,left_eyebrow_22x,left_eyebrow_22y,right_eyebrow_23x,right_eyebrow_23y,right_eyebrow_25x,right_eyebrow_25y,right_eyebrow_27x,right_eyebrow_27y,left_eye38_x,left_eye38_y,right_eye45_x,right_eye45_y,left_lip49_x,left_lip49_y,lip_center_upper52_x,lip_center_upper52_y,right_lip55_x,right_lip55_y,lip_center_lower58_x,lip_center_lower58_y,trans_x,trans_y,trans_z,rot_x,rot_y,rot_z
0,0,39.52368164062503,-35.05131530761716,5.645095825195284,-5.1369476318359375,-24.9119873046875,8.484130859375028,-30.678853034973145,2.000030517578125,-5.252906799316392,2.417266845703125,10.600463867187528,-1.105072021484375,14.586845397949233,7.126373291015625,-1.9634628295898295,3.0905456542969034,30.238739013671875,11.864360809326172,-47.61253786087036,1.565460205078132,-2.481628417968736,-17.041034698486328,-19.35951888561249,26.549880981445312,0.03683515964075923,-0.008885413408279426,-0.008885413408279426,-0.3115261043201324,38.12937280109621,3.9718261043610403
