,Unnamed: 0,left_eyebrow_18x,left_eyebrow_18y,left_eyebrow_20x,left_eyebrow_20y,left_eyebrow_22x,left_eyebrow_22y,right_eyebrow_23x,right_eyebrow_23y,right_eyebrow_25x,right_eyebrow_25y,right_eyebrow_27x,right_eyebrow_27y,left_eye38_x,left_eye38_y,right_eye45_x,right_eye45_y,left_lip49_x,left_lip49_y,lip_center_upper52_x,lip_center_upper52_y,right_lip55_x,right_lip55_y,lip_center_lower58_x,lip_center_lower58_y,trans_x,trans_y,trans_z,rot_x,rot_y,rot_z
0,0,14.124832153320312,-6.953262329101591,2.3319320678710938,-7.768646240234375,-9.40591812133789,-9.014465332031222,3.846179962158203,-11.490219116210909,-4.3823394775390625,-8.755447387695312,-12.240234375,-5.6134185791015625,5.551155090332031,2.8957061767578125,-3.3237228393554688,3.8513946533203125,-22.773399353027315,-1.6218605041503835,0.2024749517440796,-2.9574928283691335,27.584449768066406,-7.542243957519538,-0.8883833885192871,15.126083374023438,-0.007157920161262155,0.002971149981021881,0.002971149981021881,-1.7892532308857176,5.000352650971224,-2.9529755399008595
