,Unnamed: 0,left_eyebrow_18x,left_eyebrow_18y,left_eyebrow_20x,left_eyebrow_20y,left_eyebrow_22x,left_eyebrow_22y,right_eyebrow_23x,right_eyebrow_23y,right_eyebrow_25x,right_eyebrow_25y,right_eyebrow_27x,right_eyebrow_27y,left_eye38_x,left_eye38_y,right_eye45_x,right_eye45_y,left_lip49_x,left_lip49_y,lip_center_upper52_x,lip_center_upper52_y,right_lip55_x,right_lip55_y,lip_center_lower58_x,lip_center_lower58_y,trans_x,trans_y,trans_z,rot_x,rot_y,rot_z
0,0,36.23582458496091,-20.54547119140625,1.1333694458007812,-7.43560791015625,-25.821945190429688,-5.238677978515625,-16.2811222076416,-3.677536010742216,3.4498825073242045,6.000137329101591,11.049560546875,4.8450164794921875,8.484642028808594,3.9241180419921875,-2.0957489013672017,9.50189208984375,17.187644958496108,5.811008453369141,-49.833602428436286,-8.888900756835938,8.46176147460936,-12.710407257080078,-30.169046640396118,19.708473205566392,0.01108396169729531,-0.02701977826654911,-0.02701977826654911,-2.261276150055025,43.49572309691272,-1.48908152979795
