,Unnamed: 0,left_eyebrow_18x,left_eyebrow_18y,left_eyebrow_20x,left_eyebrow_20y,left_eyebrow_22x,left_eyebrow_22y,right_eyebrow_23x,right_eyebrow_23y,right_eyebrow_25x,right_eyebrow_25y,right_eyebrow_27x,right_eyebrow_27y,left_eye38_x,left_eye38_y,right_eye45_x,right_eye45_y,left_lip49_x,left_lip49_y,lip_center_upper52_x,lip_center_upper52_y,right_lip55_x,right_lip55_y,lip_center_lower58_x,lip_center_lower58_y,trans_x,trans_y,trans_z,rot_x,rot_y,rot_z
0,0,29.041351318359347,-15.783111572265625,-10.226821899414062,-12.266159057617188,-37.497833251953125,-7.047454833984403,-13.53534126281738,-9.23785400390625,-1.240875244140625,1.484375,-4.187866210937528,12.560073852539091,15.369552612304673,-1.900970458984375,2.21923828125,1.6705474853515625,20.345054626464844,16.169601440429688,-30.816172122955326,17.53604888916015,30.669525146484375,-19.172527313232422,-19.6002157330513,2.851989746093764,0.022521480452269316,-0.009648904204368591,-0.009648904204368591,-0.22256887451833585,41.46863424880237,-2.1128295552278487
