,Unnamed: 0,left_eyebrow_18x,left_eyebrow_18y,left_eyebrow_20x,left_eyebrow_20y,left_eyebrow_22x,left_eyebrow_22y,right_eyebrow_23x,right_eyebrow_23y,right_eyebrow_25x,right_eyebrow_25y,right_eyebrow_27x,right_eyebrow_27y,left_eye38_x,left_eye38_y,right_eye45_x,right_eye45_y,left_lip49_x,left_lip49_y,lip_center_upper52_x,lip_center_upper52_y,right_lip55_x,right_lip55_y,lip_center_lower58_x,lip_center_lower58_y,trans_x,trans_y,trans_z,rot_x,rot_y,rot_z
0,0,8.672027587890653,-17.840316772460938,3.196861267089801,1.05120849609375,-6.076435089111328,4.668167114257841,-6.547794342041016,3.8954315185546875,-1.414276123046875,4.645690917968722,3.0989074707031534,-2.2511444091796875,2.7123260498047017,1.869888305664091,2.9219894409179688,1.033981323242216,12.236175537109375,7.935283660888672,-18.212334156036377,-13.027128219604496,-1.5348968505859233,-11.808147430419922,-12.060992121696472,20.7150115966797,0.01399000408127904,-0.019742120057344444,-0.019742120057344444,-2.461713073188904,22.291455696971447,0.6394454554462138
