,Unnamed: 0,left_eyebrow_18x,left_eyebrow_18y,left_eyebrow_20x,left_eyebrow_20y,left_eyebrow_22x,left_eyebrow_22y,right_eyebrow_23x,right_eyebrow_23y,right_eyebrow_25x,right_eyebrow_25y,right_eyebrow_27x,right_eyebrow_27y,left_eye38_x,left_eye38_y,right_eye45_x,right_eye45_y,left_lip49_x,left_lip49_y,lip_center_upper52_x,lip_center_upper52_y,right_lip55_x,right_lip55_y,lip_center_lower58_x,lip_center_lower58_y,trans_x,trans_y,trans_z,rot_x,rot_y,rot_z
0,0,20.552383422851562,-31.91235351562503,-9.155593872070298,-18.436294555664034,-22.39659881591797,-2.12322998046875,-31.63166332244873,-11.2564697265625,-1.0898208618164205,7.73504638671875,0.67413330078125,17.956558227539062,23.077255249023423,3.8825073242187216,7.1026992797851705,-1.878402709960909,30.334487915039062,31.751338958740234,-48.966485857963555,13.84782981872559,4.946479797363281,-23.112854003906243,-22.390954852104183,13.389633178710938,0.035088004522549454,0.0012583099305629591,0.0012583099305629591,-10.010390574918096,45.150191871478995,0.5119080463336354
