,Unnamed: 0,left_eyebrow_18x,left_eyebrow_18y,left_eyebrow_20x,left_eyebrow_20y,left_eyebrow_22x,left_eyebrow_22y,right_eyebrow_23x,right_eyebrow_23y,right_eyebrow_25x,right_eyebrow_25y,right_eyebrow_27x,right_eyebrow_27y,left_eye38_x,left_eye38_y,right_eye45_x,right_eye45_y,left_lip49_x,left_lip49_y,lip_center_upper52_x,lip_center_upper52_y,right_lip55_x,right_lip55_y,lip_center_lower58_x,lip_center_lower58_y,trans_x,trans_y,trans_z,rot_x,rot_y,rot_z
0,0,5.696838378906222,-0.4625701904296875,3.2622222900390767,-6.1548004150390625,3.239521026611328,-2.586105346679716,6.423053741455078,-6.8417205810546875,-0.4847564697265625,-12.2772216796875,-7.714553833007869,-2.5005950927734375,2.1498260498046733,-2.148117065429659,-7.158981323242202,-4.847640991210966,-20.04444122314453,-2.5061111450195312,1.3564138412475586,11.808563232421868,14.545394897460938,4.631141662597656,4.824798762798309,-1.231178283691392,0.0070326118730008585,-0.0015344172716140747,-0.0015344172716140747,1.8048485496512212,-7.128107887978437,-1.7862639715092055
