,Unnamed: 0,left_eyebrow_18x,left_eyebrow_18y,left_eyebrow_20x,left_eyebrow_20y,left_eyebrow_22x,left_eyebrow_22y,right_eyebrow_23x,right_eyebrow_23y,right_eyebrow_25x,right_eyebrow_25y,right_eyebrow_27x,right_eyebrow_27y,left_eye38_x,left_eye38_y,right_eye45_x,right_eye45_y,left_lip49_x,left_lip49_y,lip_center_upper52_x,lip_center_upper52_y,right_lip55_x,right_lip55_y,lip_center_lower58_x,lip_center_lower58_y,trans_x,trans_y,trans_z,rot_x,rot_y,rot_z
0,0,24.479598999023438,-20.96630859375,0.1725921630859375,-12.581680297851562,-21.72819519042968,-6.9923858642578125,-5.7747344970703125,-8.702178955078125,-6.817779541015625,-1.1394195556640625,-9.973831176757812,-0.105255126953125,10.567237854003906,5.288055419921875,-2.400634765625,4.4339447021484375,-5.389961242675753,7.882881164550781,-12.235637784004211,-3.100166320800774,40.64099884033206,-23.353752136230476,-10.011614322662354,16.55420684814453,-0.0023061567917466164,-0.011910110712051392,-0.011910110712051392,0.5816891971423783,33.883814811887824,-3.446800808323201
