,Unnamed: 0,left_eyebrow_18x,left_eyebrow_18y,left_eyebrow_20x,left_eyebrow_20y,left_eyebrow_22x,left_eyebrow_22y,right_eyebrow_23x,right_eyebrow_23y,right_eyebrow_25x,right_eyebrow_25y,right_eyebrow_27x,right_eyebrow_27y,left_eye38_x,left_eye38_y,right_eye45_x,right_eye45_y,left_lip49_x,left_lip49_y,lip_center_upper52_x,lip_center_upper52_y,right_lip55_x,right_lip55_y,lip_center_lower58_x,lip_center_lower58_y,trans_x,trans_y,trans_z,rot_x,rot_y,rot_z
0,0,46.40496826171875,-24.27339172363284,8.599739074707017,6.7874298095703125,-27.148414611816406,4.647125244140625,-45.53118824958802,0.8660125732421875,-13.381149291992159,15.265731811523466,9.663772583007812,6.2448272705078125,23.393638610839844,5.7178955078125,-6.373664855957017,0.1131744384765625,42.17611312866211,12.069156646728501,-46.17947483062744,1.8267936706542969,5.898506164550781,-15.207080841064453,-27.738050594925884,14.550384521484375,0.03216908918693662,-0.009567201137542725,-0.009567201137542725,4.274292639043592,43.86839916843777,3.235667516002091
