,Unnamed: 0,left_eyebrow_18x,left_eyebrow_18y,left_eyebrow_20x,left_eyebrow_20y,left_eyebrow_22x,left_eyebrow_22y,right_eyebrow_23x,right_eyebrow_23y,right_eyebrow_25x,right_eyebrow_25y,right_eyebrow_27x,right_eyebrow_27y,left_eye38_x,left_eye38_y,right_eye45_x,right_eye45_y,left_lip49_x,left_lip49_y,lip_center_upper52_x,lip_center_upper52_y,right_lip55_x,right_lip55_y,lip_center_lower58_x,lip_center_lower58_y,trans_x,trans_y,trans_z,rot_x,rot_y,rot_z
0,0,6.225891113281222,-3.988113403320284,-7.884582519531222,-16.275177001953125,-9.976287841796868,-14.944976806640653,-5.350139617919915,-12.597854614257812,1.959945678710909,-0.02589416503903408,-0.10661315917965908,8.689895629882812,9.900505065917969,7.4731903076171875,0.5351638793945312,7.182159423828125,1.450469970703125,10.28322982788086,-15.464380383491516,-10.990619659423828,14.228363037109375,-13.43893051147461,-10.31065583229065,4.451072692871094,0.011692033731378617,-0.0054636262357234885,-0.0054636262357234885,-9.418717923143708,23.128505822129146,-1.9093208614606256
