,Unnamed: 0,left_eyebrow_18x,left_eyebrow_18y,left_eyebrow_20x,left_eyebrow_20y,left_eyebrow_22x,left_eyebrow_22y,right_eyebrow_23x,right_eyebrow_23y,right_eyebrow_25x,right_eyebrow_25y,right_eyebrow_27x,right_eyebrow_27y,left_eye38_x,left_eye38_y,right_eye45_x,right_eye45_y,left_lip49_x,left_lip49_y,lip_center_upper52_x,lip_center_upper52_y,right_lip55_x,right_lip55_y,lip_center_lower58_x,lip_center_lower58_y,trans_x,trans_y,trans_z,rot_x,rot_y,rot_z
0,0,31.250045776367188,-29.254913330078097,1.356964111328125,-9.462493896484375,-26.689411163330078,-4.322174072265625,-18.590471267700195,0.02862548828122158,-1.0645370483398295,13.051681518554688,7.161895751953153,6.0379791259765625,19.54859161376953,6.1643829345703125,-6.039848327636719,2.591094970703125,28.80561065673828,16.34720230102539,-39.7819367647171,-3.1413688659667933,17.58612060546875,-24.49480819702149,-19.34706425666809,13.77499389648439,0.04507656453642994,0.004504874348640456,0.004504874348640456,-3.1897712648094974,38.56036514029924,2.5058008306703385
