,Unnamed: 0,left_eyebrow_18x,left_eyebrow_18y,left_eyebrow_20x,left_eyebrow_20y,left_eyebrow_22x,left_eyebrow_22y,right_eyebrow_23x,right_eyebrow_23y,right_eyebrow_25x,right_eyebrow_25y,right_eyebrow_27x,right_eyebrow_27y,left_eye38_x,left_eye38_y,right_eye45_x,right_eye45_y,left_lip49_x,left_lip49_y,lip_center_upper52_x,lip_center_upper52_y,right_lip55_x,right_lip55_y,lip_center_lower58_x,lip_center_lower58_y,trans_x,trans_y,trans_z,rot_x,rot_y,rot_z
0,0,5.7376556396484375,5.203338623046932,-3.2486419677734375,-6.0683746337890625,-7.506645202636719,-11.53874206542963,1.1194267272949219,-12.682357788085938,4.60230255126956,-5.278594970703125,-2.492019653320284,9.966918945312528,1.9851531982422017,4.1706085205078125,3.9323348999023438,3.70086669921875,-1.2433319091796875,-3.9468841552734304,-0.6866225600242615,-22.72822856903076,3.3303070068359233,-10.139205932617188,-2.5352102518081665,18.828933715820312,-0.010578323155641556,0.007183484733104706,0.007183484733104706,-6.63008496618126,13.338653577609797,0.4974156506280556
