,Unnamed: 0,left_eyebrow_18x,left_eyebrow_18y,left_eyebrow_20x,left_eyebrow_20y,left_eyebrow_22x,left_eyebrow_22y,right_eyebrow_23x,right_eyebrow_23y,right_eyebrow_25x,right_eyebrow_25y,right_eyebrow_27x,right_eyebrow_27y,left_eye38_x,left_eye38_y,right_eye45_x,right_eye45_y,left_lip49_x,left_lip49_y,lip_center_upper52_x,lip_center_upper52_y,right_lip55_x,right_lip55_y,lip_center_lower58_x,lip_center_lower58_y,trans_x,trans_y,trans_z,rot_x,rot_y,rot_z
0,0,33.74275207519531,-19.574600219726562,-1.5114212036132812,-14.8367919921875,-28.188556671142578,-9.712783813476562,-13.627445220947262,-8.379486083984375,8.023544311523438,4.360717773437472,7.525100708007784,13.240783691406278,5.530273437499986,7.70989990234375,-1.81475830078125,8.180618286132812,14.672706604003906,5.353488922119141,-35.739145517349236,2.1887912750244105,21.66039276123047,-29.913625717163086,-19.18602681159973,16.258224487304673,0.0361092610983178,-0.013606429100036621,-0.013606429100036621,-2.3493150722295435,42.82855216944107,4.258063716848903
