,Unnamed: 0,left_eyebrow_18x,left_eyebrow_18y,left_eyebrow_20x,left_eyebrow_20y,left_eyebrow_22x,left_eyebrow_22y,right_eyebrow_23x,right_eyebrow_23y,right_eyebrow_25x,right_eyebrow_25y,right_eyebrow_27x,right_eyebrow_27y,left_eye38_x,left_eye38_y,right_eye45_x,right_eye45_y,left_lip49_x,left_lip49_y,lip_center_upper52_x,lip_center_upper52_y,right_lip55_x,right_lip55_y,lip_center_lower58_x,lip_center_lower58_y,trans_x,trans_y,trans_z,rot_x,rot_y,rot_z
0,0,7.233154296875,2.694107055664091,3.3886032104492188,-3.291778564453125,1.216503143310554,-11.292251586914062,0.8559303283691406,-10.257217407226562,1.3246002197265625,-0.7564544677734091,-7.2544708251953125,4.9545440673828125,0.49941253662109375,4.9181365966796875,-2.2097015380859375,1.6921539306640625,-10.6217041015625,-2.4852638244628906,0.8190420866012573,-4.027870178222656,12.394203186035156,1.0137710571289062,1.0715210437774658,10.369049072265625,0.005406412994489074,-0.006223343312740326,-0.006223343312740326,-7.082396063647102,-4.174912708985983,0.6356953138657325
