,Unnamed: 0,left_eyebrow_18x,left_eyebrow_18y,left_eyebrow_20x,left_eyebrow_20y,left_eyebrow_22x,left_eyebrow_22y,right_eyebrow_23x,right_eyebrow_23y,right_eyebrow_25x,right_eyebrow_25y,right_eyebrow_27x,right_eyebrow_27y,left_eye38_x,left_eye38_y,right_eye45_x,right_eye45_y,left_lip49_x,left_lip49_y,lip_center_upper52_x,lip_center_upper52_y,right_lip55_x,right_lip55_y,lip_center_lower58_x,lip_center_lower58_y,trans_x,trans_y,trans_z,rot_x,rot_y,rot_z
0,0,13.321334838867216,-13.588134765624972,-2.0222015380859375,-4.092605590820284,-13.895168304443366,-0.5847930908203125,-11.980834960937507,2.5197753906249716,-4.054809570312528,8.679061889648409,0.4382019042969034,4.549163818359318,3.7883148193359375,1.035980224609375,1.0965042114257955,2.96429443359375,4.617980957031236,-1.1829376220703196,-12.775009870529175,2.916097640991211,17.345481872558594,-24.291330337524418,-9.418137669563295,26.68979644775392,0.0047773936530575165,-0.025740533485077318,-0.025740533485077318,-1.1192604984913563,24.541921795061135,-1.2397056099841333
