,Unnamed: 0,left_eyebrow_18x,left_eyebrow_18y,left_eyebrow_20x,left_eyebrow_20y,left_eyebrow_22x,left_eyebrow_22y,right_eyebrow_23x,right_eyebrow_23y,right_eyebrow_25x,right_eyebrow_25y,right_eyebrow_27x,right_eyebrow_27y,left_eye38_x,left_eye38_y,right_eye45_x,right_eye45_y,left_lip49_x,left_lip49_y,lip_center_upper52_x,lip_center_upper52_y,right_lip55_x,right_lip55_y,lip_center_lower58_x,lip_center_lower58_y,trans_x,trans_y,trans_z,rot_x,rot_y,rot_z
0,0,4.573348999023494,-1.777069091796875,1.6728439331054688,-0.7760772705077841,-1.6819267272949219,-1.2804870605468466,0.6347084045410085,0.6036682128905966,-2.3122329711914205,0.8915405273436932,-2.4790802001953125,-2.218612670898466,0.5896148681640625,-2.0062255859375,-2.207557678222642,-2.5055084228515625,-13.738449096679688,-12.06174087524414,0.7511293888092041,1.0002536773681605,3.3636703491210938,-12.542076110839844,1.6502753049135208,25.662582397460938,-0.00022149909727886552,-0.007672587758861482,-0.007672587758861482,1.9932274763903273,-0.22718777170486004,-0.33908167062200145
