,Unnamed: 0,left_eyebrow_18x,left_eyebrow_18y,left_eyebrow_20x,left_eyebrow_20y,left_eyebrow_22x,left_eyebrow_22y,right_eyebrow_23x,right_eyebrow_23y,right_eyebrow_25x,right_eyebrow_25y,right_eyebrow_27x,right_eyebrow_27y,left_eye38_x,left_eye38_y,right_eye45_x,right_eye45_y,left_lip49_x,left_lip49_y,lip_center_upper52_x,lip_center_upper52_y,right_lip55_x,right_lip55_y,lip_center_lower58_x,lip_center_lower58_y,trans_x,trans_y,trans_z,rot_x,rot_y,rot_z
0,0,2.395111083984375,1.5830230712890625,-2.915039062500014,-3.2827911376953125,-3.6423606872558523,-7.262191772460909,1.4485359191894531,-5.185211181640625,1.470977783203125,4.9897613525390625,-0.4639892578125,4.740081787109347,-2.112060546875,5.200439453125057,0.1432800292968892,3.180801391601534,-1.3051681518554545,-0.3015441894531179,-0.12034964561462402,-6.808849334716797,2.009338378906236,-2.8275299072265554,0.2764372229576111,11.274208068847656,-0.004975376228685491,-0.005490981042385101,-0.005490981042385101,-2.8626874646637077,5.5897464224233,0.48220004288487184
