,Unnamed: 0,left_eyebrow_18x,left_eyebrow_18y,left_eyebrow_20x,left_eyebrow_20y,left_eyebrow_22x,left_eyebrow_22y,right_eyebrow_23x,right_eyebrow_23y,right_eyebrow_25x,right_eyebrow_25y,right_eyebrow_27x,right_eyebrow_27y,left_eye38_x,left_eye38_y,right_eye45_x,right_eye45_y,left_lip49_x,left_lip49_y,lip_center_upper52_x,lip_center_upper52_y,right_lip55_x,right_lip55_y,lip_center_lower58_x,lip_center_lower58_y,trans_x,trans_y,trans_z,rot_x,rot_y,rot_z
0,0,32.09071350097656,-18.893707275390597,1.588653564453125,-8.792724609375,-23.36835098266601,-7.828811645507841,-29.476470947265632,-10.396575927734375,-2.0432968139648438,10.16584777832037,1.9274597167969034,14.922637939453125,14.183692932128906,9.157058715820312,0.101959228515625,5.54315185546875,12.054374694824219,18.42725372314453,-38.730713963508606,-1.6308746337890554,24.71337890625,-21.44392967224121,-21.08336043357849,12.467369079589844,0.03387981397099793,-0.007077105343341827,-0.007077105343341827,-2.294070663555003,37.309958411653156,3.32654855213251
