,Unnamed: 0,left_eyebrow_18x,left_eyebrow_18y,left_eyebrow_20x,left_eyebrow_20y,left_eyebrow_22x,left_eyebrow_22y,right_eyebrow_23x,right_eyebrow_23y,right_eyebrow_25x,right_eyebrow_25y,right_eyebrow_27x,right_eyebrow_27y,left_eye38_x,left_eye38_y,right_eye45_x,right_eye45_y,left_lip49_x,left_lip49_y,lip_center_upper52_x,lip_center_upper52_y,right_lip55_x,right_lip55_y,lip_center_lower58_x,lip_center_lower58_y,trans_x,trans_y,trans_z,rot_x,rot_y,rot_z
0,0,2.8360137939453125,-5.616012573242131,1.9483642578125,-1.6101684570312784,-6.721828460693359,-1.138107299804659,-5.026889801025391,-2.236679077148409,-6.377037048339844,4.516876220703125,-3.3830413818359375,-1.5951385498046875,5.847160339355483,2.232330322265625,-1.2086715698242472,1.4005584716796875,-3.5613632202148438,-8.76778793334961,-3.2477148175239567,1.3196983337402486,8.424644470214844,-14.278980255126946,-1.0849315524101257,14.835334777832031,-0.010847530924365857,-0.0028606653213501046,-0.0028606653213501046,1.905416889152834,8.502229435813152,-4.347545880391438
