,Unnamed: 0,left_eyebrow_18x,left_eyebrow_18y,left_eyebrow_20x,left_eyebrow_20y,left_eyebrow_22x,left_eyebrow_22y,right_eyebrow_23x,right_eyebrow_23y,right_eyebrow_25x,right_eyebrow_25y,right_eyebrow_27x,right_eyebrow_27y,left_eye38_x,left_eye38_y,right_eye45_x,right_eye45_y,left_lip49_x,left_lip49_y,lip_center_upper52_x,lip_center_upper52_y,right_lip55_x,right_lip55_y,lip_center_lower58_x,lip_center_lower58_y,trans_x,trans_y,trans_z,rot_x,rot_y,rot_z
0,0,65.64042663574216,-29.950164794921847,20.7519989013672,-1.4530029296875,-25.498878479003906,-3.244049072265625,-48.946913719177246,-2.372802734375,-21.870353698730455,9.025848388671847,12.022659301757812,0.4798736572265625,15.970230102539062,12.287689208984403,-7.293121337890611,15.573760986328125,28.44039535522461,25.720626831054688,-42.91922748088836,-3.935394287109375,8.695785522460909,-1.7337722778320241,-19.244112476706505,5.437904357910156,0.020712087818537835,-0.005744662135839462,-0.005744662135839462,-0.09571135554995003,48.24907749620619,0.5233683963170142
