,Unnamed: 0,left_eyebrow_18x,left_eyebrow_18y,left_eyebrow_20x,left_eyebrow_20y,left_eyebrow_22x,left_eyebrow_22y,right_eyebrow_23x,right_eyebrow_23y,right_eyebrow_25x,right_eyebrow_25y,right_eyebrow_27x,right_eyebrow_27y,left_eye38_x,left_eye38_y,right_eye45_x,right_eye45_y,left_lip49_x,left_lip49_y,lip_center_upper52_x,lip_center_upper52_y,right_lip55_x,right_lip55_y,lip_center_lower58_x,lip_center_lower58_y,trans_x,trans_y,trans_z,rot_x,rot_y,rot_z
0,0,36.12194824218753,-24.247879028320312,1.9569015502929688,-4.478546142578097,-24.54473114013672,-0.7475280761719034,-35.15673732757569,-2.195236206054716,-9.764328002929702,9.302932739257784,8.357452392578125,12.722549438476506,10.413925170898438,4.2341766357421875,-4.576217651367173,4.5117034912109375,33.17332458496094,5.562641143798828,-35.82326579093933,6.933507919311523,21.453048706054688,-27.288970947265625,-17.154954075813293,26.66326141357422,0.03422064788173884,-0.011169371544383466,-0.011169371544383466,0.6013960309905575,41.03327994862601,0.6641267819965617
