,Unnamed: 0,left_eyebrow_18x,left_eyebrow_18y,left_eyebrow_20x,left_eyebrow_20y,left_eyebrow_22x,left_eyebrow_22y,right_eyebrow_23x,right_eyebrow_23y,right_eyebrow_25x,right_eyebrow_25y,right_eyebrow_27x,right_eyebrow_27y,left_eye38_x,left_eye38_y,right_eye45_x,right_eye45_y,left_lip49_x,left_lip49_y,lip_center_upper52_x,lip_center_upper52_y,right_lip55_x,right_lip55_y,lip_center_lower58_x,lip_center_lower58_y,trans_x,trans_y,trans_z,rot_x,rot_y,rot_z
0,0,9.833084106445341,-9.076431274414091,-4.6276321411132955,-12.838424682617188,-12.914615631103516,-8.174880981445312,-9.510379791259759,-9.910064697265625,2.5177001953125,-1.083892822265625,0.5890655517577841,9.717758178710938,11.648681640625,-0.3524932861328125,1.6290130615234375,1.7899169921875,7.623130798339844,3.138927459716797,-12.976385474205017,-4.707672119140632,18.75739288330081,-21.719757080078125,-6.88053959608078,14.97422027587892,0.010058852611109613,0.03552824258804321,0.03552824258804321,-6.456951729069776,19.17380919744381,-0.3914256806119315
