,Unnamed: 0,left_eyebrow_18x,left_eyebrow_18y,left_eyebrow_20x,left_eyebrow_20y,left_eyebrow_22x,left_eyebrow_22y,right_eyebrow_23x,right_eyebrow_23y,right_eyebrow_25x,right_eyebrow_25y,right_eyebrow_27x,right_eyebrow_27y,left_eye38_x,left_eye38_y,right_eye45_x,right_eye45_y,left_lip49_x,left_lip49_y,lip_center_upper52_x,lip_center_upper52_y,right_lip55_x,right_lip55_y,lip_center_lower58_x,lip_center_lower58_y,trans_x,trans_y,trans_z,rot_x,rot_y,rot_z
0,0,5.03118896484375,-35.035797119140625,-1.8948822021484375,-18.08699035644534,-9.29730224609375,0.3912200927734659,-20.483312606811516,-3.390304565429716,5.6169891357421875,-4.024429321289034,1.297149658203125,0.22817993164059658,9.211662292480469,3.9031982421874716,1.217864990234375,7.329559326171903,18.481658935546875,8.831630706787116,-14.49305635690689,11.649032592773438,26.111145019531264,-34.1746940612793,-4.9981316328048715,9.814765930175781,0.014065573224797848,-0.02248632535338401,-0.02248632535338401,-5.028106983003846,30.072448200662954,-1.982187948820864
