,Unnamed: 0,left_eyebrow_18x,left_eyebrow_18y,left_eyebrow_20x,left_eyebrow_20y,left_eyebrow_22x,left_eyebrow_22y,right_eyebrow_23x,right_eyebrow_23y,right_eyebrow_25x,right_eyebrow_25y,right_eyebrow_27x,right_eyebrow_27y,left_eye38_x,left_eye38_y,right_eye45_x,right_eye45_y,left_lip49_x,left_lip49_y,lip_center_upper52_x,lip_center_upper52_y,right_lip55_x,right_lip55_y,lip_center_lower58_x,lip_center_lower58_y,trans_x,trans_y,trans_z,rot_x,rot_y,rot_z
0,0,-0.6175537109375,3.3039703369140625,-0.24211120605471592,4.4664459228515625,3.879058837890625,-1.914108276367159,7.714599609375,-1.5821838378906534,1.751022338867159,-2.6389312744140625,-4.136047363281278,-3.5247650146484375,-2.5643081665039062,-0.16510009765622158,-7.3027725219726705,-0.6027069091796875,-0.5377960205077983,-7.176059722900391,11.56994104385376,-11.707843780517578,-2.8491058349609375,3.152667999267578,5.091566324234009,7.724143981933594,0.015574730932712558,-0.003946166485548026,-0.003946166485548026,-1.2416514096161428,-14.957394252402409,2.441624567470834
