,Unnamed: 0,left_eyebrow_18x,left_eyebrow_18y,left_eyebrow_20x,left_eyebrow_20y,left_eyebrow_22x,left_eyebrow_22y,right_eyebrow_23x,right_eyebrow_23y,right_eyebrow_25x,right_eyebrow_25y,right_eyebrow_27x,right_eyebrow_27y,left_eye38_x,left_eye38_y,right_eye45_x,right_eye45_y,left_lip49_x,left_lip49_y,lip_center_upper52_x,lip_center_upper52_y,right_lip55_x,right_lip55_y,lip_center_lower58_x,lip_center_lower58_y,trans_x,trans_y,trans_z,rot_x,rot_y,rot_z
0,0,22.17999267578128,-26.487731933593693,8.771438598632827,-0.856842041015625,-12.007137298583977,8.899261474609318,-7.4478302001953125,9.156784057617216,-5.474082946777358,-2.160171508789091,0.5581817626953693,-5.193893432617216,-2.5633544921875,7.1200103759765625,4.616104125976548,8.701431274414062,13.78916168212892,9.190719604492173,-21.82962870597839,-8.56488990783691,12.779457092285156,-14.711284637451172,-15.89064371585846,20.998870849609375,0.0025168865686282516,-0.03323346003890039,-0.03323346003890039,-6.166684591357187,29.239682475483537,-4.326882919900985
