,Unnamed: 0,left_eyebrow_18x,left_eyebrow_18y,left_eyebrow_20x,left_eyebrow_20y,left_eyebrow_22x,left_eyebrow_22y,right_eyebrow_23x,right_eyebrow_23y,right_eyebrow_25x,right_eyebrow_25y,right_eyebrow_27x,right_eyebrow_27y,left_eye38_x,left_eye38_y,right_eye45_x,right_eye45_y,left_lip49_x,left_lip49_y,lip_center_upper52_x,lip_center_upper52_y,right_lip55_x,right_lip55_y,lip_center_lower58_x,lip_center_lower58_y,trans_x,trans_y,trans_z,rot_x,rot_y,rot_z
0,0,2.64215087890625,6.133331298828097,4.05426025390625,8.670822143554688,5.42352294921875,0.2780609130859659,-5.2433509826660085,-1.430145263671875,-4.048545837402358,7.565765380859375,-5.162506103515653,5.5255584716796875,2.3713607788085938,-13.535034179687528,-1.90069580078125,-12.916137695312472,-8.065071105957031,-7.823314666748047,-1.3341157138347626,2.2189483642578125,12.663490295410156,-6.105003356933594,-2.192210853099823,11.667839050292983,0.0013470982084982101,-0.0018231682479381492,-0.0018231682479381492,9.527210037579117,-0.9617497583681535,1.0694515537914524
