,Unnamed: 0,left_eyebrow_18x,left_eyebrow_18y,left_eyebrow_20x,left_eyebrow_20y,left_eyebrow_22x,left_eyebrow_22y,right_eyebrow_23x,right_eyebrow_23y,right_eyebrow_25x,right_eyebrow_25y,right_eyebrow_27x,right_eyebrow_27y,left_eye38_x,left_eye38_y,right_eye45_x,right_eye45_y,left_lip49_x,left_lip49_y,lip_center_upper52_x,lip_center_upper52_y,right_lip55_x,right_lip55_y,lip_center_lower58_x,lip_center_lower58_y,trans_x,trans_y,trans_z,rot_x,rot_y,rot_z
0,0,29.321945190429688,-16.93347167968753,2.2458190917968466,-4.616516113281278,-10.200607299804688,-0.30853271484369316,-39.95057773590088,-3.239013671875,-9.8802490234375,9.147842407226591,5.9865570068359375,15.018386840820312,13.747055053710938,-9.560287475585966,-4.571586608886719,-4.533599853515653,25.61988067626953,8.862888336181648,-28.46061870455742,5.122222900390632,32.09196472167969,-20.450569152832028,-14.210483014583588,6.215850830078139,0.049971537198871374,-0.0031097829341888428,-0.0031097829341888428,2.8159729364155885,29.911420369970692,1.7380885413219458
