,Unnamed: 0,left_eyebrow_18x,left_eyebrow_18y,left_eyebrow_20x,left_eyebrow_20y,left_eyebrow_22x,left_eyebrow_22y,right_eyebrow_23x,right_eyebrow_23y,right_eyebrow_25x,right_eyebrow_25y,right_eyebrow_27x,right_eyebrow_27y,left_eye38_x,left_eye38_y,right_eye45_x,right_eye45_y,left_lip49_x,left_lip49_y,lip_center_upper52_x,lip_center_upper52_y,right_lip55_x,right_lip55_y,lip_center_lower58_x,lip_center_lower58_y,trans_x,trans_y,trans_z,rot_x,rot_y,rot_z
0,0,4.791564941406222,-2.3425445556640625,3.2226715087890625,-2.8922119140625,-0.6743927001953125,-1.8939819335937216,-3.334087371826172,-1.3395385742187784,1.0746612548828125,2.5305938720703125,2.532196044921875,4.202865600585966,1.8052978515625,-0.8617706298828125,1.6210479736327983,-1.135650634765625,-1.118675231933608,5.235248565673828,-8.41445541381836,-11.30203628540039,0.809791564941392,-7.894981384277344,-9.659475564956665,6.8069229125976705,-0.008913792669773102,-0.012994185090065002,-0.012994185090065002,-1.8593242341658902,21.047113207070446,2.8039086873129966
