,Unnamed: 0,left_eyebrow_18x,left_eyebrow_18y,left_eyebrow_20x,left_eyebrow_20y,left_eyebrow_22x,left_eyebrow_22y,right_eyebrow_23x,right_eyebrow_23y,right_eyebrow_25x,right_eyebrow_25y,right_eyebrow_27x,right_eyebrow_27y,left_eye38_x,left_eye38_y,right_eye45_x,right_eye45_y,left_lip49_x,left_lip49_y,lip_center_upper52_x,lip_center_upper52_y,right_lip55_x,right_lip55_y,lip_center_lower58_x,lip_center_lower58_y,trans_x,trans_y,trans_z,rot_x,rot_y,rot_z
0,0,31.752975463867216,-22.178024291992216,-10.508064270019517,-14.113998413085909,-35.910648345947266,-9.466659545898438,-29.41531276702881,-11.043670654296903,-2.5842132568359375,4.449127197265625,4.273391723632841,12.760894775390625,21.564743041992188,9.025909423828125,3.2126541137695312,11.217620849609375,27.989471435546875,7.8397064208984375,-32.36823785305023,-1.581371307373054,23.7504119873047,-28.513504028320312,-15.190906703472137,15.363456726074247,0.029002956813201308,0.05403080955147743,0.05403080955147743,-6.945494064431084,37.35611922426636,2.225136236018467
