,Unnamed: 0,left_eyebrow_18x,left_eyebrow_18y,left_eyebrow_20x,left_eyebrow_20y,left_eyebrow_22x,left_eyebrow_22y,right_eyebrow_23x,right_eyebrow_23y,right_eyebrow_25x,right_eyebrow_25y,right_eyebrow_27x,right_eyebrow_27y,left_eye38_x,left_eye38_y,right_eye45_x,right_eye45_y,left_lip49_x,left_lip49_y,lip_center_upper52_x,lip_center_upper52_y,right_lip55_x,right_lip55_y,lip_center_lower58_x,lip_center_lower58_y,trans_x,trans_y,trans_z,rot_x,rot_y,rot_z
0,0,20.222946166992188,-11.370498657226562,-0.05821990966796875,-10.317779541015653,-17.423748016357422,-12.004837036132812,4.155223846435554,-9.500137329101591,-3.5602874755859375,0.5274047851562216,-10.478469848632812,1.0573577880859375,2.672599792480483,6.1298370361328125,-3.5313186645507812,9.262557983398438,-11.19378662109375,-4.073749542236335,-10.78488802909851,-3.030471801757816,29.308433532714844,-17.719085693359375,-9.42371416091919,13.411483764648438,0.01235943497158587,-0.005513453856110573,-0.005513453856110573,-2.9433675092294043,17.76571317634745,-1.963190634898376
