,Unnamed: 0,left_eyebrow_18x,left_eyebrow_18y,left_eyebrow_20x,left_eyebrow_20y,left_eyebrow_22x,left_eyebrow_22y,right_eyebrow_23x,right_eyebrow_23y,right_eyebrow_25x,right_eyebrow_25y,right_eyebrow_27x,right_eyebrow_27y,left_eye38_x,left_eye38_y,right_eye45_x,right_eye45_y,left_lip49_x,left_lip49_y,lip_center_upper52_x,lip_center_upper52_y,right_lip55_x,right_lip55_y,lip_center_lower58_x,lip_center_lower58_y,trans_x,trans_y,trans_z,rot_x,rot_y,rot_z
0,0,24.35829162597659,-34.90380859375,-0.1598968505859375,-5.599273681640625,-24.382469177246094,7.72027587890625,-18.146696090698242,8.707412719726562,-1.6461181640625284,-3.3923797607421875,9.279739379882812,2.763702392578125,12.160499572753906,4.42523193359375,-5.4570541381835795,0.658233642578125,24.95375823974608,4.291584014892571,-37.786041378974915,-7.111110687255859,20.519485473632812,-30.833297729492188,-17.81498742103577,34.117401123046875,0.0360733998240903,0.0011797025799751282,0.0011797025799751282,1.5677237418771846,39.870243119495065,5.524555345018753
