,Unnamed: 0,left_eyebrow_18x,left_eyebrow_18y,left_eyebrow_20x,left_eyebrow_20y,left_eyebrow_22x,left_eyebrow_22y,right_eyebrow_23x,right_eyebrow_23y,right_eyebrow_25x,right_eyebrow_25y,right_eyebrow_27x,right_eyebrow_27y,left_eye38_x,left_eye38_y,right_eye45_x,right_eye45_y,left_lip49_x,left_lip49_y,lip_center_upper52_x,lip_center_upper52_y,right_lip55_x,right_lip55_y,lip_center_lower58_x,lip_center_lower58_y,trans_x,trans_y,trans_z,rot_x,rot_y,rot_z
0,0,6.9891815185546875,-6.610275268554716,-0.6704406738281534,2.0621948242187216,-0.8797492980957031,2.8057708740234943,-17.1732177734375,0.979736328125,-6.387718200683594,11.0677490234375,-0.7189483642577841,6.929077148437528,7.375450134277344,-13.756332397460938,-0.1575469970703125,-11.688262939453153,12.140960693359375,0.3807830810546875,-8.865580290555954,2.0767059326171875,23.04430389404297,-15.869869232177734,-7.911221921443939,11.515617370605483,0.0239275130443275,-0.006422661244869232,-0.006422661244869232,4.493260287483041,11.326273696987387,0.22412322266173135
