,Unnamed: 0,left_eyebrow_18x,left_eyebrow_18y,left_eyebrow_20x,left_eyebrow_20y,left_eyebrow_22x,left_eyebrow_22y,right_eyebrow_23x,right_eyebrow_23y,right_eyebrow_25x,right_eyebrow_25y,right_eyebrow_27x,right_eyebrow_27y,left_eye38_x,left_eye38_y,right_eye45_x,right_eye45_y,left_lip49_x,left_lip49_y,lip_center_upper52_x,lip_center_upper52_y,right_lip55_x,right_lip55_y,lip_center_lower58_x,lip_center_lower58_y,trans_x,trans_y,trans_z,rot_x,rot_y,rot_z
0,0,28.193756103515625,-21.619110107421847,-0.6463623046875,-10.99090576171875,-18.890827178955092,-6.899810791015597,-23.55620002746582,-5.448837280273494,-0.323394775390625,7.669708251953125,6.850479125976591,10.000442504882812,12.529571533203125,7.168182373046875,0.8537826538085795,5.4358673095703125,6.024749755859375,17.160400390625,-35.97603750228882,0.3004570007324219,17.637405395507812,-28.625560760498047,-22.738805532455444,6.632568359375,0.017049895599484447,0.00641130656003952,0.00641130656003952,0.3696024024177219,44.47388846433426,1.8661785546940624
