,Unnamed: 0,left_eyebrow_18x,left_eyebrow_18y,left_eyebrow_20x,left_eyebrow_20y,left_eyebrow_22x,left_eyebrow_22y,right_eyebrow_23x,right_eyebrow_23y,right_eyebrow_25x,right_eyebrow_25y,right_eyebrow_27x,right_eyebrow_27y,left_eye38_x,left_eye38_y,right_eye45_x,right_eye45_y,left_lip49_x,left_lip49_y,lip_center_upper52_x,lip_center_upper52_y,right_lip55_x,right_lip55_y,lip_center_lower58_x,lip_center_lower58_y,trans_x,trans_y,trans_z,rot_x,rot_y,rot_z
0,0,12.011856079101591,-21.240325927734375,-4.47509765625,-12.668304443359347,-22.654621124267585,4.288299560546875,6.107089996337891,9.272781372070312,2.009208679199176,-6.019683837890597,2.6067657470703125,-3.635223388671875,2.1266937255859375,-1.0038299560546875,-0.6956939697265483,-0.8838500976562216,5.4181747436523295,-0.7121315002441477,-14.71405804157257,-8.484867095947266,15.408760070800781,-21.760284423828125,-9.939378023147583,31.245346069335938,0.006337243248708544,-0.01588510349392891,-0.01588510349392891,0.9450272064824551,22.41362009146846,2.76841411782819
