,Unnamed: 0,left_eyebrow_18x,left_eyebrow_18y,left_eyebrow_20x,left_eyebrow_20y,left_eyebrow_22x,left_eyebrow_22y,right_eyebrow_23x,right_eyebrow_23y,right_eyebrow_25x,right_eyebrow_25y,right_eyebrow_27x,right_eyebrow_27y,left_eye38_x,left_eye38_y,right_eye45_x,right_eye45_y,left_lip49_x,left_lip49_y,lip_center_upper52_x,lip_center_upper52_y,right_lip55_x,right_lip55_y,lip_center_lower58_x,lip_center_lower58_y,trans_x,trans_y,trans_z,rot_x,rot_y,rot_z
0,0,0.5895690917969034,-3.5959167480468466,0.894866943359375,-2.28564453125,-1.4898796081542969,4.1255035400390625,0.1158447265625071,5.578094482421903,-2.4820175170898438,2.684829711914034,-3.025970458984375,-2.08831787109375,0.7744216918945312,-4.384506225585966,0.264068603515625,-4.289306640625,3.415306091308608,3.847484588623047,-0.6273495927453041,-7.017955780029304,4.5765533447265625,3.6256980895996094,-3.660627841949463,8.178382873535156,-0.00114729831693694,0.000301104038953795,0.000301104038953795,1.6291475573104472,2.221815104565691,0.5845245235999682
