,Unnamed: 0,left_eyebrow_18x,left_eyebrow_18y,left_eyebrow_20x,left_eyebrow_20y,left_eyebrow_22x,left_eyebrow_22y,right_eyebrow_23x,right_eyebrow_23y,right_eyebrow_25x,right_eyebrow_25y,right_eyebrow_27x,right_eyebrow_27y,left_eye38_x,left_eye38_y,right_eye45_x,right_eye45_y,left_lip49_x,left_lip49_y,lip_center_upper52_x,lip_center_upper52_y,right_lip55_x,right_lip55_y,lip_center_lower58_x,lip_center_lower58_y,trans_x,trans_y,trans_z,rot_x,rot_y,rot_z
0,0,8.625411987304688,3.8755950927734375,-3.970901489257841,-13.579864501953097,-4.501014709472663,-15.154129028320312,10.110527038574219,-15.976043701171903,6.132904052734375,-13.564239501953097,-11.374206542968722,2.010391235351534,2.589141845703125,1.971832275390625,-3.104034423828125,0.7003326416015625,-14.551292419433608,-1.81573486328125,-2.734314739704132,5.489299774169922,14.62686157226564,2.748455047607422,-4.300781726837158,-2.0662918090820312,-0.0024243766674771905,0.009073637425899506,0.009073637425899506,-8.114521999390623,3.360199293454518,0.3012242502311947
