,Unnamed: 0,left_eyebrow_18x,left_eyebrow_18y,left_eyebrow_20x,left_eyebrow_20y,left_eyebrow_22x,left_eyebrow_22y,right_eyebrow_23x,right_eyebrow_23y,right_eyebrow_25x,right_eyebrow_25y,right_eyebrow_27x,right_eyebrow_27y,left_eye38_x,left_eye38_y,right_eye45_x,right_eye45_y,left_lip49_x,left_lip49_y,lip_center_upper52_x,lip_center_upper52_y,right_lip55_x,right_lip55_y,lip_center_lower58_x,lip_center_lower58_y,trans_x,trans_y,trans_z,rot_x,rot_y,rot_z
0,0,1.464004516601591,0.5769500732422443,5.367004394531222,4.1689910888671875,13.36978530883789,1.0529785156250568,-1.2657546997070312,3.2256774902344034,-5.24365234375,1.916488647460966,-2.4256134033203125,-4.940795898437472,-3.5980606079101562,-3.47454833984375,-1.6500473022460795,-0.9416046142578125,2.4284286499023438,-9.063434600830078,-1.4934542179107666,-7.5541725158691335,-1.6905746459960938,-5.275962829589844,-3.610826820135117,24.3439178466797,0.0011787938965426294,-0.002503931522369378,-0.002503931522369378,2.0542365132033074,-3.2844551776739,-0.11581474616915433
