,Unnamed: 0,left_eyebrow_18x,left_eyebrow_18y,left_eyebrow_20x,left_eyebrow_20y,left_eyebrow_22x,left_eyebrow_22y,right_eyebrow_23x,right_eyebrow_23y,right_eyebrow_25x,right_eyebrow_25y,right_eyebrow_27x,right_eyebrow_27y,left_eye38_x,left_eye38_y,right_eye45_x,right_eye45_y,left_lip49_x,left_lip49_y,lip_center_upper52_x,lip_center_upper52_y,right_lip55_x,right_lip55_y,lip_center_lower58_x,lip_center_lower58_y,trans_x,trans_y,trans_z,rot_x,rot_y,rot_z
0,0,9.617584228515653,-6.28912353515625,2.7543869018554688,-0.4185028076172159,-6.82763671875,-4.145874023437528,-8.979728698730469,-4.9306640625,0.22269439697267046,6.9719390869140625,4.3408966064453125,10.591217041015625,0.4426422119140483,3.3650512695312784,5.243988037109389,3.66058349609375,5.659370422363267,14.441062927246094,-18.098034143447876,-7.100994110107418,1.5866851806640483,-11.319431304931634,-11.131444334983826,1.0332717895507528,-0.006764372577890754,-0.0018743835389614105,-0.0018743835389614105,-2.2952132844439963,31.76570944591024,0.4075603604583834
