,Unnamed: 0,left_eyebrow_18x,left_eyebrow_18y,left_eyebrow_20x,left_eyebrow_20y,left_eyebrow_22x,left_eyebrow_22y,right_eyebrow_23x,right_eyebrow_23y,right_eyebrow_25x,right_eyebrow_25y,right_eyebrow_27x,right_eyebrow_27y,left_eye38_x,left_eye38_y,right_eye45_x,right_eye45_y,left_lip49_x,left_lip49_y,lip_center_upper52_x,lip_center_upper52_y,right_lip55_x,right_lip55_y,lip_center_lower58_x,lip_center_lower58_y,trans_x,trans_y,trans_z,rot_x,rot_y,rot_z
0,0,41.74269104003906,-28.313812255859375,7.513442993164077,-3.3461151123046875,-32.3383445739746,5.568038940429659,-27.53179931640625,2.117340087890625,-4.406707763671875,6.991729736328125,7.77557373046875,4.071380615234375,20.748710632324205,5.1730194091796875,0.17858123779296875,3.8635101318359375,22.732109069824233,13.519332885742173,-51.7736029624939,7.907457351684577,8.64479827880858,-16.62904357910157,-25.684707641601562,21.725608825683608,0.0021178033202886564,-0.003069579601287835,-0.003069579601287835,9.117508949892219,57.16241871927272,6.366492256738633
