,Unnamed: 0,left_eyebrow_18x,left_eyebrow_18y,left_eyebrow_20x,left_eyebrow_20y,left_eyebrow_22x,left_eyebrow_22y,right_eyebrow_23x,right_eyebrow_23y,right_eyebrow_25x,right_eyebrow_25y,right_eyebrow_27x,right_eyebrow_27y,left_eye38_x,left_eye38_y,right_eye45_x,right_eye45_y,left_lip49_x,left_lip49_y,lip_center_upper52_x,lip_center_upper52_y,right_lip55_x,right_lip55_y,lip_center_lower58_x,lip_center_lower58_y,trans_x,trans_y,trans_z,rot_x,rot_y,rot_z
0,0,15.623199462890625,-16.784255981445312,0.744598388671875,-6.663665771484375,-17.205928802490227,3.058151245117159,-6.032428741455078,4.51361083984375,-1.2388458251953125,8.280487060546875,2.0093383789062216,0.991668701171875,10.195907592773423,2.488922119140625,6.28802490234375,3.7977294921875,5.500167846679702,12.49542236328125,-31.357642650604244,-1.0013599395751953,5.378028869628892,-15.662738800048828,-22.1795597076416,18.092185974121108,-0.024713927879929543,-0.04449746757745743,-0.04449746757745743,3.4362991165817043,45.00167965835814,0.8744717777088842
