,Unnamed: 0,left_eyebrow_18x,left_eyebrow_18y,left_eyebrow_20x,left_eyebrow_20y,left_eyebrow_22x,left_eyebrow_22y,right_eyebrow_23x,right_eyebrow_23y,right_eyebrow_25x,right_eyebrow_25y,right_eyebrow_27x,right_eyebrow_27y,left_eye38_x,left_eye38_y,right_eye45_x,right_eye45_y,left_lip49_x,left_lip49_y,lip_center_upper52_x,lip_center_upper52_y,right_lip55_x,right_lip55_y,lip_center_lower58_x,lip_center_lower58_y,trans_x,trans_y,trans_z,rot_x,rot_y,rot_z
0,0,26.543212890625,-28.267135620117188,-9.508377075195341,-13.251190185546818,-32.868099212646484,-6.909820556640653,-19.607725143432617,-11.693862915039034,-2.800323486328125,7.4057464599609375,-3.774017333984375,9.144973754882812,24.32419586181642,7.8322601318359375,5.613220214843736,6.647216796874972,21.33029556274414,21.40628433227539,-34.38659475371241,3.5602951049804616,8.585029602050781,-21.219053268432617,-22.589466825127598,19.199798583984375,0.04328595846891403,-0.0015347301959991386,-0.0015347301959991386,-6.176011825840531,42.176586762692665,1.5946221497210176
