,Unnamed: 0,left_eyebrow_18x,left_eyebrow_18y,left_eyebrow_20x,left_eyebrow_20y,left_eyebrow_22x,left_eyebrow_22y,right_eyebrow_23x,right_eyebrow_23y,right_eyebrow_25x,right_eyebrow_25y,right_eyebrow_27x,right_eyebrow_27y,left_eye38_x,left_eye38_y,right_eye45_x,right_eye45_y,left_lip49_x,left_lip49_y,lip_center_upper52_x,lip_center_upper52_y,right_lip55_x,right_lip55_y,lip_center_lower58_x,lip_center_lower58_y,trans_x,trans_y,trans_z,rot_x,rot_y,rot_z
0,0,22.548934936523438,-11.256317138671875,-3.3480377197265625,-14.326461791992159,-16.157501220703132,-15.1160888671875,-0.39997100830078125,-12.996139526367188,-2.3303146362304688,-6.2871551513671875,-7.616668701171847,5.119155883789034,5.3128204345703125,4.9990386962890625,0.856353759765625,2.83526611328125,-3.0389785766601562,9.56456375122071,-21.21784883737564,8.604698181152344,23.39649200439453,-10.453929901123047,-16.31744885444641,3.593048095703125,0.007183851324953139,0.006768062710762024,0.006768062710762024,-9.538098039009387,28.033771890911716,1.0136665898682393
