,Unnamed: 0,left_eyebrow_18x,left_eyebrow_18y,left_eyebrow_20x,left_eyebrow_20y,left_eyebrow_22x,left_eyebrow_22y,right_eyebrow_23x,right_eyebrow_23y,right_eyebrow_25x,right_eyebrow_25y,right_eyebrow_27x,right_eyebrow_27y,left_eye38_x,left_eye38_y,right_eye45_x,right_eye45_y,left_lip49_x,left_lip49_y,lip_center_upper52_x,lip_center_upper52_y,right_lip55_x,right_lip55_y,lip_center_lower58_x,lip_center_lower58_y,trans_x,trans_y,trans_z,rot_x,rot_y,rot_z
0,0,28.53765869140625,-35.09332275390628,-10.128013610839844,-13.448013305664062,-36.14319610595703,-2.6316833496094034,-17.583162307739258,-6.868377685546903,-2.3815078735351562,6.5381011962890625,0.6519622802734375,3.195373535156307,17.5799102783203,2.669830322265625,5.358917236328111,8.069961547851562,11.58119964599608,19.22949981689453,-49.21690583229065,18.710090637207042,1.5338211059570312,-19.59817886352539,-27.349210143089294,16.024154663085938,0.025810849620029334,-0.001980312168598175,-0.001980312168598175,0.3405527039162376,46.055285318202586,4.78786959466171
