,Unnamed: 0,left_eyebrow_18x,left_eyebrow_18y,left_eyebrow_20x,left_eyebrow_20y,left_eyebrow_22x,left_eyebrow_22y,right_eyebrow_23x,right_eyebrow_23y,right_eyebrow_25x,right_eyebrow_25y,right_eyebrow_27x,right_eyebrow_27y,left_eye38_x,left_eye38_y,right_eye45_x,right_eye45_y,left_lip49_x,left_lip49_y,lip_center_upper52_x,lip_center_upper52_y,right_lip55_x,right_lip55_y,lip_center_lower58_x,lip_center_lower58_y,trans_x,trans_y,trans_z,rot_x,rot_y,rot_z
0,0,4.6253662109375,-8.07391357421875,3.1748580932617188,-2.14892578125,-8.041851043701165,4.5956878662109375,3.1398048400878906,4.8151702880859375,-0.9931640625,4.635162353515625,-3.8267822265625,-5.7615966796875,5.168220520019517,1.9474792480469034,3.4664306640625,2.912002563476534,1.050315856933608,3.5314865112304688,-8.428676128387451,-4.4162445068359375,5.404312133789034,-2.7600631713867188,-6.885120153427124,12.47518920898439,-0.022345683071762327,-0.019516058266162872,-0.019516058266162872,3.899252246948394,24.455133967526095,0.052435015196574675
