,Unnamed: 0,left_eyebrow_18x,left_eyebrow_18y,left_eyebrow_20x,left_eyebrow_20y,left_eyebrow_22x,left_eyebrow_22y,right_eyebrow_23x,right_eyebrow_23y,right_eyebrow_25x,right_eyebrow_25y,right_eyebrow_27x,right_eyebrow_27y,left_eye38_x,left_eye38_y,right_eye45_x,right_eye45_y,left_lip49_x,left_lip49_y,lip_center_upper52_x,lip_center_upper52_y,right_lip55_x,right_lip55_y,lip_center_lower58_x,lip_center_lower58_y,trans_x,trans_y,trans_z,rot_x,rot_y,rot_z
0,0,2.6246643066405966,1.4559326171875,0.2704620361327841,4.332397460937528,0.97515869140625,1.8316955566405966,-3.0671234130859304,3.091888427734375,-3.3484649658203267,4.823486328125,-6.972137451171875,0.31216430664068184,0.540763854980483,-5.2213134765625,1.647735595703125,-5.529266357421875,-5.09552001953125,0.8850669860839844,1.7396187782287598,-2.732210159301758,9.972320556640625,4.031707763671875,1.9535077810287476,9.921318054199219,0.0016786139458417897,-0.004315216094255447,-0.004315216094255447,0.9208016205129361,0.4960845108804164,-0.05485267890910572
