,Unnamed: 0,left_eyebrow_18x,left_eyebrow_18y,left_eyebrow_20x,left_eyebrow_20y,left_eyebrow_22x,left_eyebrow_22y,right_eyebrow_23x,right_eyebrow_23y,right_eyebrow_25x,right_eyebrow_25y,right_eyebrow_27x,right_eyebrow_27y,left_eye38_x,left_eye38_y,right_eye45_x,right_eye45_y,left_lip49_x,left_lip49_y,lip_center_upper52_x,lip_center_upper52_y,right_lip55_x,right_lip55_y,lip_center_lower58_x,lip_center_lower58_y,trans_x,trans_y,trans_z,rot_x,rot_y,rot_z
0,0,10.761154174804688,-31.375701904296875,-5.072830200195341,-6.309158325195284,-23.311939239501953,3.9033203125,-27.20289897918701,-0.14440917968747158,-2.9588088989257812,16.21630859375,-6.661483764648466,10.398651123046903,23.310836791992188,-1.3419189453125,11.107109069824219,1.6404724121094034,34.98220443725586,22.886592864990234,-36.37839555740356,10.486371994018555,17.007675170898438,-29.645841598510742,-15.897824168205261,17.508094787597642,0.021158442366868258,-0.010458281263709068,-0.010458281263709068,-5.362918747259263,38.762359544929375,2.657280693551135
