,Unnamed: 0,left_eyebrow_18x,left_eyebrow_18y,left_eyebrow_20x,left_eyebrow_20y,left_eyebrow_22x,left_eyebrow_22y,right_eyebrow_23x,right_eyebrow_23y,right_eyebrow_25x,right_eyebrow_25y,right_eyebrow_27x,right_eyebrow_27y,left_eye38_x,left_eye38_y,right_eye45_x,right_eye45_y,left_lip49_x,left_lip49_y,lip_center_upper52_x,lip_center_upper52_y,right_lip55_x,right_lip55_y,lip_center_lower58_x,lip_center_lower58_y,trans_x,trans_y,trans_z,rot_x,rot_y,rot_z
0,0,34.57667541503906,-24.441192626953125,6.732742309570298,-1.639144897460966,-17.86264419555664,8.468536376953125,-41.775436878204346,1.18023681640625,-9.508438110351562,13.030776977539034,10.297668457031193,6.079406738281278,16.785194396972656,4.89361572265625,-0.649871826171875,2.4888610839843466,52.023014068603494,16.7723388671875,-39.91576075553895,10.968784332275384,0.6478729248046875,-14.351730346679688,-23.681588351726536,11.314071655273438,0.014693201519548893,-0.03787264600396156,-0.03787264600396156,-1.5458634417506836,41.294299486081485,0.6728178448966315
