,Unnamed: 0,left_eyebrow_18x,left_eyebrow_18y,left_eyebrow_20x,left_eyebrow_20y,left_eyebrow_22x,left_eyebrow_22y,right_eyebrow_23x,right_eyebrow_23y,right_eyebrow_25x,right_eyebrow_25y,right_eyebrow_27x,right_eyebrow_27y,left_eye38_x,left_eye38_y,right_eye45_x,right_eye45_y,left_lip49_x,left_lip49_y,lip_center_upper52_x,lip_center_upper52_y,right_lip55_x,right_lip55_y,lip_center_lower58_x,lip_center_lower58_y,trans_x,trans_y,trans_z,rot_x,rot_y,rot_z
0,0,-3.1468353271484375,1.1691131591796875,1.6556549072265625,2.846298217773409,4.490325927734375,3.122268676757784,-4.119754791259766,4.1644439697265625,-3.6862030029296733,8.729537963867159,0.5193786621093182,-1.3311920166015625,1.0480422973632812,-2.7845764160155966,-1.0364913940429545,-1.071640014648466,7.4404220581054545,-0.8090400695800781,-3.6343042850494385,3.665790557861328,-3.5312118530273438,0.0835113525390625,-1.7215134501457214,1.2995834350585938,-0.0022433130070567114,-0.0179949551820755,-0.0179949551820755,0.988138473918944,2.2250290891087543,-1.7828567421664836
