,Unnamed: 0,left_eyebrow_18x,left_eyebrow_18y,left_eyebrow_20x,left_eyebrow_20y,left_eyebrow_22x,left_eyebrow_22y,right_eyebrow_23x,right_eyebrow_23y,right_eyebrow_25x,right_eyebrow_25y,right_eyebrow_27x,right_eyebrow_27y,left_eye38_x,left_eye38_y,right_eye45_x,right_eye45_y,left_lip49_x,left_lip49_y,lip_center_upper52_x,lip_center_upper52_y,right_lip55_x,right_lip55_y,lip_center_lower58_x,lip_center_lower58_y,trans_x,trans_y,trans_z,rot_x,rot_y,rot_z
0,0,24.847640991210938,-38.24433898925781,0.9087219238280966,-19.042800903320312,-28.082462310791016,-3.5828857421875,-9.430534362792969,-5.862380981445341,2.45892333984375,-0.7908782958984375,-1.423568725585909,3.7243804931640625,8.918716430664062,11.126205444335938,2.4505615234375284,10.879730224609375,8.933937072753906,13.244392395019531,-29.13105392456055,4.136394500732422,19.70928192138672,-27.884843826293945,-13.799803686328232,9.330665588378906,0.014731897390447557,0.017665501683950424,0.017665501683950424,6.495699409152384,37.383898241671844,4.855189436174285
