,Unnamed: 0,left_eyebrow_18x,left_eyebrow_18y,left_eyebrow_20x,left_eyebrow_20y,left_eyebrow_22x,left_eyebrow_22y,right_eyebrow_23x,right_eyebrow_23y,right_eyebrow_25x,right_eyebrow_25y,right_eyebrow_27x,right_eyebrow_27y,left_eye38_x,left_eye38_y,right_eye45_x,right_eye45_y,left_lip49_x,left_lip49_y,lip_center_upper52_x,lip_center_upper52_y,right_lip55_x,right_lip55_y,lip_center_lower58_x,lip_center_lower58_y,trans_x,trans_y,trans_z,rot_x,rot_y,rot_z
0,0,21.97065734863284,-14.760604858398438,-2.7026824951171875,-6.1730804443359375,-12.80019760131836,-7.99658203125,-20.254892349243164,-6.167129516601591,-3.0941009521484233,11.573883056640625,4.62091064453125,14.970458984375,4.1534271240234375,8.104537963867188,2.231544494628892,4.1883697509765625,6.777580261230483,23.381378173828125,-31.37919592857361,-6.402196884155273,13.878028869628892,-18.621749877929688,-17.208391785621643,10.925994873046875,0.018386477837339044,0.011728977784514427,0.011728977784514427,-6.058442279598832,37.48117993339095,0.4188088021107135
