,Unnamed: 0,left_eyebrow_18x,left_eyebrow_18y,left_eyebrow_20x,left_eyebrow_20y,left_eyebrow_22x,left_eyebrow_22y,right_eyebrow_23x,right_eyebrow_23y,right_eyebrow_25x,right_eyebrow_25y,right_eyebrow_27x,right_eyebrow_27y,left_eye38_x,left_eye38_y,right_eye45_x,right_eye45_y,left_lip49_x,left_lip49_y,lip_center_upper52_x,lip_center_upper52_y,right_lip55_x,right_lip55_y,lip_center_lower58_x,lip_center_lower58_y,trans_x,trans_y,trans_z,rot_x,rot_y,rot_z
0,0,26.49005126953125,-24.933059692382812,-10.026229858398423,-27.086166381835994,-20.87406158447265,-16.035079956054688,-23.806459426879883,-16.600921630859375,3.221008300781264,-4.845458984375,2.371856689453068,17.87805175781247,15.933250427246094,-3.9189300537109375,5.061447143554673,-5.199722290039034,40.88264465332031,30.505531311035156,-40.1729257106781,4.014369964599609,1.6407775878905966,-9.968383789062507,-16.87973153591156,15.769416809082031,0.020617437548935413,0.0054125115275382996,0.0054125115275382996,-6.558775792697414,34.8895150816341,2.3977896179323492
