,Unnamed: 0,left_eyebrow_18x,left_eyebrow_18y,left_eyebrow_20x,left_eyebrow_20y,left_eyebrow_22x,left_eyebrow_22y,right_eyebrow_23x,right_eyebrow_23y,right_eyebrow_25x,right_eyebrow_25y,right_eyebrow_27x,right_eyebrow_27y,left_eye38_x,left_eye38_y,right_eye45_x,right_eye45_y,left_lip49_x,left_lip49_y,lip_center_upper52_x,lip_center_upper52_y,right_lip55_x,right_lip55_y,lip_center_lower58_x,lip_center_lower58_y,trans_x,trans_y,trans_z,rot_x,rot_y,rot_z
0,0,6.029418945312528,-1.7440795898437216,1.7795791625976562,0.2552490234375,-3.6659507751464844,-1.8707733154296875,3.0283203125,-2.681472778320284,-3.2158432006835938,-1.126022338867159,-8.686416625976562,-1.1788330078125,3.1238174438476562,-0.5283050537109375,-2.6699371337890625,-1.6238250732421875,-7.7960433959960795,4.4218788146972585,-1.8585160970687864,-3.2036399841308594,12.877983093261719,7.438674926757805,-1.1588551998138428,2.0349655151367188,-0.0005282778292894359,0.009904883801937103,0.009904883801937103,0.6328628466094401,1.0132485724873384,0.7710010429820362
