,Unnamed: 0,left_eyebrow_18x,left_eyebrow_18y,left_eyebrow_20x,left_eyebrow_20y,left_eyebrow_22x,left_eyebrow_22y,right_eyebrow_23x,right_eyebrow_23y,right_eyebrow_25x,right_eyebrow_25y,right_eyebrow_27x,right_eyebrow_27y,left_eye38_x,left_eye38_y,right_eye45_x,right_eye45_y,left_lip49_x,left_lip49_y,lip_center_upper52_x,lip_center_upper52_y,right_lip55_x,right_lip55_y,lip_center_lower58_x,lip_center_lower58_y,trans_x,trans_y,trans_z,rot_x,rot_y,rot_z
0,0,11.301147460937528,-8.723678588867159,-0.0848236083984375,-2.991302490234375,-10.142265319824219,-2.5330200195312784,-6.9820098876953125,-0.8968963623046307,-4.573028564453111,4.979095458984347,-4.448318481445284,4.7910003662109375,5.04779052734375,-1.5831146240234375,-0.09059906005859375,-0.90313720703125,3.3255538940429545,10.607261657714837,-13.437340617179869,-1.0281047821044922,22.332839965820312,-3.2642059326171946,-11.52666115760803,8.471267700195312,-0.004127610009163618,0.0036374852061271667,0.0036374852061271667,2.418199208872124,22.811877855550158,0.05453426666890815
