,Unnamed: 0,left_eyebrow_18x,left_eyebrow_18y,left_eyebrow_20x,left_eyebrow_20y,left_eyebrow_22x,left_eyebrow_22y,right_eyebrow_23x,right_eyebrow_23y,right_eyebrow_25x,right_eyebrow_25y,right_eyebrow_27x,right_eyebrow_27y,left_eye38_x,left_eye38_y,right_eye45_x,right_eye45_y,left_lip49_x,left_lip49_y,lip_center_upper52_x,lip_center_upper52_y,right_lip55_x,right_lip55_y,lip_center_lower58_x,lip_center_lower58_y,trans_x,trans_y,trans_z,rot_x,rot_y,rot_z
0,0,22.44538879394534,-26.104202270507784,-1.6566772460937642,-8.500534057617216,-25.167800903320312,-5.919097900390597,-13.609874725341797,0.09655761718752842,-3.4464569091796733,15.750473022460938,-4.943511962890625,12.0263671875,12.154029846191406,-0.866546630859375,5.18414306640625,4.542877197265625,26.986328125,22.027278900146477,-32.105504870414734,8.664371490478516,20.37322235107422,-17.766265869140632,-20.51337742805481,16.2884521484375,0.008013537852093577,0.018258120864629745,0.018258120864629745,5.67528282775422,38.832835277403184,3.1946926856362414
