,Unnamed: 0,left_eyebrow_18x,left_eyebrow_18y,left_eyebrow_20x,left_eyebrow_20y,left_eyebrow_22x,left_eyebrow_22y,right_eyebrow_23x,right_eyebrow_23y,right_eyebrow_25x,right_eyebrow_25y,right_eyebrow_27x,right_eyebrow_27y,left_eye38_x,left_eye38_y,right_eye45_x,right_eye45_y,left_lip49_x,left_lip49_y,lip_center_upper52_x,lip_center_upper52_y,right_lip55_x,right_lip55_y,lip_center_lower58_x,lip_center_lower58_y,trans_x,trans_y,trans_z,rot_x,rot_y,rot_z
0,0,9.198638916015625,-13.581985473632812,0.24285888671877842,-1.2172546386719034,-8.384166717529297,4.48699951171875,-14.255424499511719,4.838775634765625,-6.663063049316406,11.842620849609347,0.8148040771484091,2.0884552001953125,5.206512451171875,-0.7135009765625,3.907043457031236,1.223373413085909,17.26779174804686,10.191612243652344,-20.27586817741394,6.097904205322266,5.539382934570298,-13.034709930419922,-13.238140285015108,9.079307556152344,-0.007958924397826193,-0.04106687381863594,-0.04106687381863594,-0.1523403443923052,25.718345785442654,-1.4874363605770782
