,Unnamed: 0,left_eyebrow_18x,left_eyebrow_18y,left_eyebrow_20x,left_eyebrow_20y,left_eyebrow_22x,left_eyebrow_22y,right_eyebrow_23x,right_eyebrow_23y,right_eyebrow_25x,right_eyebrow_25y,right_eyebrow_27x,right_eyebrow_27y,left_eye38_x,left_eye38_y,right_eye45_x,right_eye45_y,left_lip49_x,left_lip49_y,lip_center_upper52_x,lip_center_upper52_y,right_lip55_x,right_lip55_y,lip_center_lower58_x,lip_center_lower58_y,trans_x,trans_y,trans_z,rot_x,rot_y,rot_z
0,0,0.1463775634765625,-12.227737426757784,7.549369812011719,-6.634918212890625,7.7830352783203125,12.222106933593778,-12.942977905273445,14.51580810546875,-1.5354156494140625,7.71514892578125,7.8675384521484375,0.3420867919921591,-3.50836181640625,-9.618606567382812,-0.10827636718752842,-11.352386474609375,14.1693115234375,12.759666442871094,-12.295144796371458,1.1910324096679688,-10.650650024414077,-2.9178504943847585,-10.06134295463562,6.0650482177734375,-0.00493340566754341,-0.006813514977693551,-0.006813514977693551,7.233593693427947,21.75191651633819,-3.28337190051907
