,Unnamed: 0,left_eyebrow_18x,left_eyebrow_18y,left_eyebrow_20x,left_eyebrow_20y,left_eyebrow_22x,left_eyebrow_22y,right_eyebrow_23x,right_eyebrow_23y,right_eyebrow_25x,right_eyebrow_25y,right_eyebrow_27x,right_eyebrow_27y,left_eye38_x,left_eye38_y,right_eye45_x,right_eye45_y,left_lip49_x,left_lip49_y,lip_center_upper52_x,lip_center_upper52_y,right_lip55_x,right_lip55_y,lip_center_lower58_x,lip_center_lower58_y,trans_x,trans_y,trans_z,rot_x,rot_y,rot_z
0,0,11.25286865234375,-29.771987915039034,11.1458740234375,-0.7601470947265625,-1.5668296813964915,16.037734985351534,-21.021726608276374,15.168060302734403,-1.7044677734375,17.113250732421903,12.569854736328125,3.6109924316405966,2.0412063598632812,-0.5856475830078125,2.032203674316392,-6.906936645507784,16.469863891601562,25.99029541015625,-37.95982909202576,6.052814483642578,-9.149307250976562,-15.266929626464837,-21.847399950027462,10.970840454101562,0.015851394273340702,-0.0029880590736865997,-0.0029880590736865997,6.979046180684151,39.78029775440392,0.15276467119841464
