,Unnamed: 0,left_eyebrow_18x,left_eyebrow_18y,left_eyebrow_20x,left_eyebrow_20y,left_eyebrow_22x,left_eyebrow_22y,right_eyebrow_23x,right_eyebrow_23y,right_eyebrow_25x,right_eyebrow_25y,right_eyebrow_27x,right_eyebrow_27y,left_eye38_x,left_eye38_y,right_eye45_x,right_eye45_y,left_lip49_x,left_lip49_y,lip_center_upper52_x,lip_center_upper52_y,right_lip55_x,right_lip55_y,lip_center_lower58_x,lip_center_lower58_y,trans_x,trans_y,trans_z,rot_x,rot_y,rot_z
0,0,-1.4983520507812784,1.1043243408203125,6.368263244628906,2.1220397949218466,13.516342163085938,5.99456787109375,-13.724880218505866,6.821441650390625,-7.31793212890625,0.4779357910155966,0.7548675537109375,-0.07801818847653408,-3.0447998046875,-8.233596801757812,-0.28356170654296875,-8.6351318359375,-0.7266159057617188,-1.4632987976074219,5.250360727310181,10.933048248291009,0.03828430175782671,-0.9386444091796875,5.134296298027039,8.990852355957045,0.006814115680754185,-0.001339297741651535,-0.001339297741651535,4.439952934134768,-7.844677201518744,-0.4993231655346556
