,Unnamed: 0,left_eyebrow_18x,left_eyebrow_18y,left_eyebrow_20x,left_eyebrow_20y,left_eyebrow_22x,left_eyebrow_22y,right_eyebrow_23x,right_eyebrow_23y,right_eyebrow_25x,right_eyebrow_25y,right_eyebrow_27x,right_eyebrow_27y,left_eye38_x,left_eye38_y,right_eye45_x,right_eye45_y,left_lip49_x,left_lip49_y,lip_center_upper52_x,lip_center_upper52_y,right_lip55_x,right_lip55_y,lip_center_lower58_x,lip_center_lower58_y,trans_x,trans_y,trans_z,rot_x,rot_y,rot_z
0,0,9.157150268554659,-9.926773071289034,-1.7220306396484375,-3.329559326171875,-9.058891296386719,-2.183471679687443,-7.034160614013672,0.2753753662109091,-1.4761428833007812,6.243927001953125,3.862625122070284,6.5310821533203125,3.1890411376953125,-1.545547485351591,-1.4802474975585938,-0.5403442382812216,7.6366195678710795,11.941215515136719,-10.063900098204613,2.7979202270507884,11.210044860839844,-11.667167663574219,-4.238742113113403,2.2661209106445312,0.0032539921812713146,-0.02599642425775528,-0.02599642425775528,-4.084339020611902,17.817070614637178,1.0458282787299535
