,Unnamed: 0,left_eyebrow_18x,left_eyebrow_18y,left_eyebrow_20x,left_eyebrow_20y,left_eyebrow_22x,left_eyebrow_22y,right_eyebrow_23x,right_eyebrow_23y,right_eyebrow_25x,right_eyebrow_25y,right_eyebrow_27x,right_eyebrow_27y,left_eye38_x,left_eye38_y,right_eye45_x,right_eye45_y,left_lip49_x,left_lip49_y,lip_center_upper52_x,lip_center_upper52_y,right_lip55_x,right_lip55_y,lip_center_lower58_x,lip_center_lower58_y,trans_x,trans_y,trans_z,rot_x,rot_y,rot_z
0,0,-12.108520507812528,9.608291625976562,19.693641662597656,16.904342651367188,48.6841607093811,13.482192993164034,5.683795928955085,20.26287841796872,-1.3866577148437784,5.944549560546875,-13.923751831054659,-24.954193115234347,-5.5663909912109375,-1.8509674072265625,-16.541763305664077,-7.179870605468722,-11.460929870605469,-18.94786834716797,26.06185030937195,6.966251373291023,-28.437271118164062,23.988922119140625,23.8187837600708,7.196525573730483,-0.027825580444186933,-0.008619494736194618,-0.008619494736194618,-7.614537012735857,-43.3313262724159,-4.178959871928044
