,Unnamed: 0,left_eyebrow_18x,left_eyebrow_18y,left_eyebrow_20x,left_eyebrow_20y,left_eyebrow_22x,left_eyebrow_22y,right_eyebrow_23x,right_eyebrow_23y,right_eyebrow_25x,right_eyebrow_25y,right_eyebrow_27x,right_eyebrow_27y,left_eye38_x,left_eye38_y,right_eye45_x,right_eye45_y,left_lip49_x,left_lip49_y,lip_center_upper52_x,lip_center_upper52_y,right_lip55_x,right_lip55_y,lip_center_lower58_x,lip_center_lower58_y,trans_x,trans_y,trans_z,rot_x,rot_y,rot_z
0,0,-6.301727294921903,2.865402221679716,15.609199523925781,12.969451904296847,35.92908048629761,15.122299194335909,32.0697021484375,12.505355834960909,3.449302673339858,5.617614746093778,-31.929962158203125,-29.552947998046847,-2.0712966918945455,1.0418548583984375,-14.906761169433594,-7.196746826171903,-13.254257202148438,-11.489131927490227,36.43471002578735,7.574638366699226,-27.32793426513672,16.859615325927734,20.038182318210602,8.993003845214844,-0.011727697448804975,0.001848958432674415,0.001848958432674415,5.391064218893249,-40.38168635106649,-2.615568881430426
