,Unnamed: 0,left_eyebrow_18x,left_eyebrow_18y,left_eyebrow_20x,left_eyebrow_20y,left_eyebrow_22x,left_eyebrow_22y,right_eyebrow_23x,right_eyebrow_23y,right_eyebrow_25x,right_eyebrow_25y,right_eyebrow_27x,right_eyebrow_27y,left_eye38_x,left_eye38_y,right_eye45_x,right_eye45_y,left_lip49_x,left_lip49_y,lip_center_upper52_x,lip_center_upper52_y,right_lip55_x,right_lip55_y,lip_center_lower58_x,lip_center_lower58_y,trans_x,trans_y,trans_z,rot_x,rot_y,rot_z
0,0,0.2849578857421875,6.652114868164091,6.005645751953125,12.750427246093778,23.665645599365234,10.867904663085909,-11.435108184814453,9.90576171875,-11.458602905273409,4.366104125976506,4.35504150390625,2.1409759521484375,1.2975997924804688,-6.5885162353515625,1.369354248046875,-15.705047607421875,-13.501327514648423,-9.604598999023438,-10.662668228149414,16.33236312866211,-10.136272430419922,-17.018089294433587,-6.173574447631836,2.2256851196289062,-0.01170338410884142,-0.015061732381582253,-0.015061732381582253,9.5243607349829,1.4358261925726836,0.16254291538603338
