,Unnamed: 0,left_eyebrow_18x,left_eyebrow_18y,left_eyebrow_20x,left_eyebrow_20y,left_eyebrow_22x,left_eyebrow_22y,right_eyebrow_23x,right_eyebrow_23y,right_eyebrow_25x,right_eyebrow_25y,right_eyebrow_27x,right_eyebrow_27y,left_eye38_x,left_eye38_y,right_eye45_x,right_eye45_y,left_lip49_x,left_lip49_y,lip_center_upper52_x,lip_center_upper52_y,right_lip55_x,right_lip55_y,lip_center_lower58_x,lip_center_lower58_y,trans_x,trans_y,trans_z,rot_x,rot_y,rot_z
0,0,-9.201522827148466,-2.0526885986328125,18.59757995605466,25.10876464843753,38.56556749343873,27.1116943359375,25.383598327636733,27.071258544921847,-7.605819702148423,14.965148925781278,-32.87916564941406,-37.583969116210966,-5.138702392578139,1.0737457275390625,-20.377578735351562,-3.2020263671875284,5.5909881591796875,-21.111103057861328,40.48992717266083,9.105400085449226,-41.223930358886705,13.47188949584961,24.337871968746185,9.696746826171875,0.0164052308537066,0.03612745925784111,0.03612745925784111,13.153622478170231,-53.221313183449425,-7.877676751179775
