,Unnamed: 0,left_eyebrow_18x,left_eyebrow_18y,left_eyebrow_20x,left_eyebrow_20y,left_eyebrow_22x,left_eyebrow_22y,right_eyebrow_23x,right_eyebrow_23y,right_eyebrow_25x,right_eyebrow_25y,right_eyebrow_27x,right_eyebrow_27y,left_eye38_x,left_eye38_y,right_eye45_x,right_eye45_y,left_lip49_x,left_lip49_y,lip_center_upper52_x,lip_center_upper52_y,right_lip55_x,right_lip55_y,lip_center_lower58_x,lip_center_lower58_y,trans_x,trans_y,trans_z,rot_x,rot_y,rot_z
0,0,-2.0931243896484375,0.032989501953125,-1.6379547119140625,-2.58892822265625,-1.235748291015625,10.654052734375,4.133502960205085,9.985198974609403,2.3787689208984375,-2.8423614501953125,2.3492584228515625,-0.8899078369140341,-4.048957824707031,-3.3004608154296875,2.556983947753892,-3.0114288330078125,8.766876220703125,-2.0967025756835938,0.10673749446868896,-6.427272796630852,-7.348480224609361,-1.2319221496582031,1.9398858547210698,16.205543518066406,-0.0009280401282012454,0.006678495556116104,0.006678495556116104,1.3508518823218214,-0.35466039980744224,-0.49374635536465605
