,Unnamed: 0,left_eyebrow_18x,left_eyebrow_18y,left_eyebrow_20x,left_eyebrow_20y,left_eyebrow_22x,left_eyebrow_22y,right_eyebrow_23x,right_eyebrow_23y,right_eyebrow_25x,right_eyebrow_25y,right_eyebrow_27x,right_eyebrow_27y,left_eye38_x,left_eye38_y,right_eye45_x,right_eye45_y,left_lip49_x,left_lip49_y,lip_center_upper52_x,lip_center_upper52_y,right_lip55_x,right_lip55_y,lip_center_lower58_x,lip_center_lower58_y,trans_x,trans_y,trans_z,rot_x,rot_y,rot_z
0,0,-2.334136962890625,-1.139678955078125,-2.9266204833984233,-1.4209594726562216,-1.8018112182617188,1.99993896484375,1.0966110229492259,4.085510253906278,5.254188537597656,-1.197296142578125,4.5691070556640625,-0.1572265625,-2.7961654663085938,1.5370330810546875,0.975921630859375,0.346893310546875,7.083534240722656,-0.5525169372558665,1.159755289554596,9.250823974609375,-4.3958282470703125,-1.8897628784179688,2.8946592807769775,-25.027603149414062,-0.0015539483865723014,-0.0034174658358097076,-0.0034174658358097076,0.16452336981956162,0.41799375887031087,-1.0961855168240158
