,Unnamed: 0,left_eyebrow_18x,left_eyebrow_18y,left_eyebrow_20x,left_eyebrow_20y,left_eyebrow_22x,left_eyebrow_22y,right_eyebrow_23x,right_eyebrow_23y,right_eyebrow_25x,right_eyebrow_25y,right_eyebrow_27x,right_eyebrow_27y,left_eye38_x,left_eye38_y,right_eye45_x,right_eye45_y,left_lip49_x,left_lip49_y,lip_center_upper52_x,lip_center_upper52_y,right_lip55_x,right_lip55_y,lip_center_lower58_x,lip_center_lower58_y,trans_x,trans_y,trans_z,rot_x,rot_y,rot_z
0,0,-0.7907104492187216,5.917724609374972,4.339622497558594,14.525817871093693,12.86298942565918,9.064498901367188,-9.543888092041009,11.169052124023438,-6.837493896484347,12.914489746093778,5.380844116210966,2.213775634765625,0.7303466796875,-8.112808227539091,-1.2447128295898438,-9.648269653320284,-10.944900512695327,-8.467761993408196,-9.630448818206789,14.186592102050795,-15.360877990722656,-16.201133728027344,-7.310311317443846,10.82086181640625,0.0007323110476136208,-0.014328435063362129,-0.014328435063362129,10.495697090686688,3.2201999408437665,0.7486549662740359
