,Unnamed: 0,left_eyebrow_18x,left_eyebrow_18y,left_eyebrow_20x,left_eyebrow_20y,left_eyebrow_22x,left_eyebrow_22y,right_eyebrow_23x,right_eyebrow_23y,right_eyebrow_25x,right_eyebrow_25y,right_eyebrow_27x,right_eyebrow_27y,left_eye38_x,left_eye38_y,right_eye45_x,right_eye45_y,left_lip49_x,left_lip49_y,lip_center_upper52_x,lip_center_upper52_y,right_lip55_x,right_lip55_y,lip_center_lower58_x,lip_center_lower58_y,trans_x,trans_y,trans_z,rot_x,rot_y,rot_z
0,0,1.2337188720703125,-0.9690093994140625,13.869812011718722,21.017791748046875,19.43152236938477,16.959671020507784,6.990528106689453,16.734069824218807,2.319488525390625,11.5704345703125,-8.223968505859403,-12.424011230468807,-2.4547653198242188,-2.0263824462890625,-8.180374145507812,-8.913589477539062,-14.137649536132812,-11.206604003906243,12.422836542129517,14.134902954101555,-2.178375244140611,7.075748443603516,13.450404047966003,11.23724365234375,-0.008659328159410506,-0.01834869012236595,-0.01834869012236595,7.57521325136132,-22.188568172419096,-3.147879070966018
