,Unnamed: 0,left_eyebrow_18x,left_eyebrow_18y,left_eyebrow_20x,left_eyebrow_20y,left_eyebrow_22x,left_eyebrow_22y,right_eyebrow_23x,right_eyebrow_23y,right_eyebrow_25x,right_eyebrow_25y,right_eyebrow_27x,right_eyebrow_27y,left_eye38_x,left_eye38_y,right_eye45_x,right_eye45_y,left_lip49_x,left_lip49_y,lip_center_upper52_x,lip_center_upper52_y,right_lip55_x,right_lip55_y,lip_center_lower58_x,lip_center_lower58_y,trans_x,trans_y,trans_z,rot_x,rot_y,rot_z
0,0,-3.369155883789091,6.501312255859375,11.411048889160156,16.461700439453125,28.787134170532234,16.022796630859403,15.742776870727543,18.61244201660159,0.3561553955077983,4.608062744140653,-16.125747680664006,-22.7938232421875,-6.817512512207017,-6.788177490234375,-16.978622436523423,-11.247421264648438,-7.979759216308594,-23.45659255981446,28.45642995834351,9.812870025634759,-13.784805297851562,17.103534698486328,18.853371143341064,11.019996643066406,-0.02259367890655995,-0.0019159242510795593,-0.0019159242510795593,-0.5609065982743799,-45.7500305690599,-3.6362178514161636
