,Unnamed: 0,left_eyebrow_18x,left_eyebrow_18y,left_eyebrow_20x,left_eyebrow_20y,left_eyebrow_22x,left_eyebrow_22y,right_eyebrow_23x,right_eyebrow_23y,right_eyebrow_25x,right_eyebrow_25y,right_eyebrow_27x,right_eyebrow_27y,left_eye38_x,left_eye38_y,right_eye45_x,right_eye45_y,left_lip49_x,left_lip49_y,lip_center_upper52_x,lip_center_upper52_y,right_lip55_x,right_lip55_y,lip_center_lower58_x,lip_center_lower58_y,trans_x,trans_y,trans_z,rot_x,rot_y,rot_z
0,0,2.3356018066405966,-5.2427520751953125,9.368972778320284,13.899749755859375,6.454658508300778,14.064224243164034,-9.066619873046882,15.337936401367216,-13.219169616699219,15.860061645507841,-4.166473388671875,-5.6036376953125,1.6568069458007812,-7.3305206298828125,-1.3283920288085938,-7.4778594970703125,-6.151138305664077,-0.526447296142571,1.124061942100525,10.769207000732415,4.396484375,0.846221923828125,1.4343446493148806,9.579238891601562,0.0019608314032666385,-0.009810280054807663,-0.009810280054807663,10.099878242417903,-2.6959019634019477,-1.6297665871745084
