,Unnamed: 0,left_eyebrow_18x,left_eyebrow_18y,left_eyebrow_20x,left_eyebrow_20y,left_eyebrow_22x,left_eyebrow_22y,right_eyebrow_23x,right_eyebrow_23y,right_eyebrow_25x,right_eyebrow_25y,right_eyebrow_27x,right_eyebrow_27y,left_eye38_x,left_eye38_y,right_eye45_x,right_eye45_y,left_lip49_x,left_lip49_y,lip_center_upper52_x,lip_center_upper52_y,right_lip55_x,right_lip55_y,lip_center_lower58_x,lip_center_lower58_y,trans_x,trans_y,trans_z,rot_x,rot_y,rot_z
0,0,-3.11724853515625,0.855133056640625,13.604759216308565,10.909622192382784,28.83768653869629,15.244918823242159,-0.19760894775391336,14.211563110351562,-4.221405029296847,4.110992431640653,-6.367111206054659,-14.508544921875,-3.188148498535142,-7.39520263671875,-10.691207885742188,-13.582977294921875,-11.00302124023436,-9.110198974609375,10.699704885482788,-3.4889488220214844,-1.64776611328125,17.017364501953118,7.976235628128052,-11.599136352539062,-0.014333948958665133,0.008877482265233994,0.008877482265233994,6.1013610103052605,-16.42460971586341,-1.2110065493009197
