,Unnamed: 0,left_eyebrow_18x,left_eyebrow_18y,left_eyebrow_20x,left_eyebrow_20y,left_eyebrow_22x,left_eyebrow_22y,right_eyebrow_23x,right_eyebrow_23y,right_eyebrow_25x,right_eyebrow_25y,right_eyebrow_27x,right_eyebrow_27y,left_eye38_x,left_eye38_y,right_eye45_x,right_eye45_y,left_lip49_x,left_lip49_y,lip_center_upper52_x,lip_center_upper52_y,right_lip55_x,right_lip55_y,lip_center_lower58_x,lip_center_lower58_y,trans_x,trans_y,trans_z,rot_x,rot_y,rot_z
0,0,-3.620574951171875,1.7536163330078125,11.535034179687472,15.86100769042963,26.441905975341797,14.73796081542963,-0.6178054809570384,15.544830322265653,-1.9713973999023295,4.3439178466796875,-2.08477783203125,-12.229858398437472,-4.6161346435546875,-0.2864532470703125,-7.490318298339858,-6.53485107421875,-10.903984069824205,-11.31417083740235,14.457821369171143,10.078556060791009,-6.038627624511719,12.3051528930664,11.492788791656494,4.0475006103515625,-0.008863088442012668,-0.007338471710681908,-0.007338471710681908,6.6723606680591026,-21.315348144006876,-3.3532610198556525
