,Unnamed: 0,left_eyebrow_18x,left_eyebrow_18y,left_eyebrow_20x,left_eyebrow_20y,left_eyebrow_22x,left_eyebrow_22y,right_eyebrow_23x,right_eyebrow_23y,right_eyebrow_25x,right_eyebrow_25y,right_eyebrow_27x,right_eyebrow_27y,left_eye38_x,left_eye38_y,right_eye45_x,right_eye45_y,left_lip49_x,left_lip49_y,lip_center_upper52_x,lip_center_upper52_y,right_lip55_x,right_lip55_y,lip_center_lower58_x,lip_center_lower58_y,trans_x,trans_y,trans_z,rot_x,rot_y,rot_z
0,0,0.6017150878905966,4.742919921875028,23.43877410888672,3.7236480712890625,45.034674644470215,-11.08441162109375,45.39094543457031,0.7344970703125568,6.101219177246122,2.834014892578125,-40.18243408203125,-26.749710083007812,0.24579620361328125,11.837966918945312,-26.48246002197267,6.497924804687528,-32.431221008300795,-23.552597045898445,13.511449813842773,-4.8960723876953125,-41.049800872802734,2.2223968505859304,14.851199150085446,20.31468963623047,-0.04472392509342171,-0.027724985033273697,-0.027724985033273697,-10.15717796153997,-41.42675641575303,3.451835318792209
