,Unnamed: 0,left_eyebrow_18x,left_eyebrow_18y,left_eyebrow_20x,left_eyebrow_20y,left_eyebrow_22x,left_eyebrow_22y,right_eyebrow_23x,right_eyebrow_23y,right_eyebrow_25x,right_eyebrow_25y,right_eyebrow_27x,right_eyebrow_27y,left_eye38_x,left_eye38_y,right_eye45_x,right_eye45_y,left_lip49_x,left_lip49_y,lip_center_upper52_x,lip_center_upper52_y,right_lip55_x,right_lip55_y,lip_center_lower58_x,lip_center_lower58_y,trans_x,trans_y,trans_z,rot_x,rot_y,rot_z
0,0,1.4094238281249716,-5.1328125,8.916999816894531,-1.5583038330078693,16.341285705566406,0.7216644287109375,12.144187927246094,7.902008056640682,11.205024719238281,-5.669219970703125,-0.9382781982422159,-13.431503295898438,0.0772857666015625,6.319732666015597,-10.486167907714858,0.3291015625,-23.366569519042983,-19.17719268798829,2.397603988647462,1.1479988098144531,-16.241622924804688,-6.80327224731446,6.474020004272461,19.283157348632812,-0.009595246898243204,-0.036602411419153214,-0.036602411419153214,-6.865268751242931,-17.994623267055648,2.1122920375148757
