,Unnamed: 0,left_eyebrow_18x,left_eyebrow_18y,left_eyebrow_20x,left_eyebrow_20y,left_eyebrow_22x,left_eyebrow_22y,right_eyebrow_23x,right_eyebrow_23y,right_eyebrow_25x,right_eyebrow_25y,right_eyebrow_27x,right_eyebrow_27y,left_eye38_x,left_eye38_y,right_eye45_x,right_eye45_y,left_lip49_x,left_lip49_y,lip_center_upper52_x,lip_center_upper52_y,right_lip55_x,right_lip55_y,lip_center_lower58_x,lip_center_lower58_y,trans_x,trans_y,trans_z,rot_x,rot_y,rot_z
0,0,-3.0741882324218466,1.8243103027344034,9.567840576171875,14.640502929687472,18.92448139190674,14.542617797851562,13.736284255981445,11.082229614257841,1.2370986938476562,5.6091156005859375,-10.226791381835966,-15.186965942382841,-5.393760681152344,2.28375244140625,-7.400924682617173,-2.7086791992187216,-10.84423828125,-16.823474884033217,10.01586499810219,9.155853271484375,-8.964202880859375,16.82061004638672,13.917771264910698,3.9949798583984517,0.00044522923417389436,-0.0243237167596817,-0.0243237167596817,5.400221090453955,-29.656769600379725,-0.6660708065054809
