,Unnamed: 0,left_eyebrow_18x,left_eyebrow_18y,left_eyebrow_20x,left_eyebrow_20y,left_eyebrow_22x,left_eyebrow_22y,right_eyebrow_23x,right_eyebrow_23y,right_eyebrow_25x,right_eyebrow_25y,right_eyebrow_27x,right_eyebrow_27y,left_eye38_x,left_eye38_y,right_eye45_x,right_eye45_y,left_lip49_x,left_lip49_y,lip_center_upper52_x,lip_center_upper52_y,right_lip55_x,right_lip55_y,lip_center_lower58_x,lip_center_lower58_y,trans_x,trans_y,trans_z,rot_x,rot_y,rot_z
0,0,-2.333511352539034,-4.7995758056640625,-1.4040908813476847,11.732986450195312,0.006561279296878553,12.216354370117188,0.4832649230957067,13.173187255859347,0.16985321044924717,9.5140380859375,1.549560546875,-6.127899169921875,-2.1545028686523438,-3.3892211914062216,1.4163284301757812,-3.0005035400390625,1.8267135620117188,-6.773475646972656,-1.5487921237945557,5.276523590087898,-2.6474990844726562,-7.005462646484375,-1.8039236217737202,-1.3721771240234375,-0.0012876188848167662,-0.00701951980590821,-0.00701951980590821,6.422404452729589,0.9297969216126606,-0.06059671643859188
