,Unnamed: 0,left_eyebrow_18x,left_eyebrow_18y,left_eyebrow_20x,left_eyebrow_20y,left_eyebrow_22x,left_eyebrow_22y,right_eyebrow_23x,right_eyebrow_23y,right_eyebrow_25x,right_eyebrow_25y,right_eyebrow_27x,right_eyebrow_27y,left_eye38_x,left_eye38_y,right_eye45_x,right_eye45_y,left_lip49_x,left_lip49_y,lip_center_upper52_x,lip_center_upper52_y,right_lip55_x,right_lip55_y,lip_center_lower58_x,lip_center_lower58_y,trans_x,trans_y,trans_z,rot_x,rot_y,rot_z
0,0,1.7540283203124716,-7.738052368164091,11.536186218261719,16.216842651367216,10.65797424316407,14.732192993164062,-8.47125244140625,16.53002929687503,-9.927398681640625,18.376296997070312,-1.3140106201171875,-8.427902221679716,-1.7396087646484375,5.557098388671903,-0.6870880126953125,5.456802368164091,-7.1382598876953125,-6.811698913574219,-0.5739834308624268,7.9718780517578125,3.7312545776367188,-6.562728881835945,1.761106908321381,6.6907501220703125,-0.001042902935296297,-0.008078899234533317,-0.008078899234533317,10.237438449770272,0.7249497195382846,0.24407746230047667
