,Unnamed: 0,left_eyebrow_18x,left_eyebrow_18y,left_eyebrow_20x,left_eyebrow_20y,left_eyebrow_22x,left_eyebrow_22y,right_eyebrow_23x,right_eyebrow_23y,right_eyebrow_25x,right_eyebrow_25y,right_eyebrow_27x,right_eyebrow_27y,left_eye38_x,left_eye38_y,right_eye45_x,right_eye45_y,left_lip49_x,left_lip49_y,lip_center_upper52_x,lip_center_upper52_y,right_lip55_x,right_lip55_y,lip_center_lower58_x,lip_center_lower58_y,trans_x,trans_y,trans_z,rot_x,rot_y,rot_z
0,0,2.0186462402343466,1.9532165527343466,13.748275756835938,20.441619873046903,25.808732986450202,18.079742431640625,2.5018310546875,17.003448486328153,-2.2549896240234375,13.01690673828125,-9.269012451171847,-14.64447021484375,-6.799568176269531,5.992279052734403,-6.024284362792969,-0.0358123779296875,-12.109718322753892,-17.607872009277344,11.011749744415283,10.765754699707031,-6.846168518066406,2.234161376953118,10.413268089294434,8.596351623535156,-0.012302678544074297,-0.016864106059074402,-0.016864106059074402,6.1108647986424245,-17.454137979952716,-0.7590156355808865
