,Unnamed: 0,left_eyebrow_18x,left_eyebrow_18y,left_eyebrow_20x,left_eyebrow_20y,left_eyebrow_22x,left_eyebrow_22y,right_eyebrow_23x,right_eyebrow_23y,right_eyebrow_25x,right_eyebrow_25y,right_eyebrow_27x,right_eyebrow_27y,left_eye38_x,left_eye38_y,right_eye45_x,right_eye45_y,left_lip49_x,left_lip49_y,lip_center_upper52_x,lip_center_upper52_y,right_lip55_x,right_lip55_y,lip_center_lower58_x,lip_center_lower58_y,trans_x,trans_y,trans_z,rot_x,rot_y,rot_z
0,0,-9.522171020507812,1.8180236816405966,16.50545501708983,25.437240600585966,42.273316383361816,20.423828125,37.42451477050781,19.141677856445312,-15.326835632324219,11.24919128417963,-54.72897338867185,-36.0666198730469,1.40692138671875,-1.7461700439453125,-16.70519256591797,-3.257354736328125,-5.427162170410156,-15.340614318847663,31.90035116672516,21.667961120605476,-32.24567794799805,16.37564468383789,15.928833484649658,12.563613891601562,-0.025164737948216498,-0.03748403862118721,-0.03748403862118721,11.280783312808724,-45.07887863917348,-5.4646597964348445
