,Unnamed: 0,left_eyebrow_18x,left_eyebrow_18y,left_eyebrow_20x,left_eyebrow_20y,left_eyebrow_22x,left_eyebrow_22y,right_eyebrow_23x,right_eyebrow_23y,right_eyebrow_25x,right_eyebrow_25y,right_eyebrow_27x,right_eyebrow_27y,left_eye38_x,left_eye38_y,right_eye45_x,right_eye45_y,left_lip49_x,left_lip49_y,lip_center_upper52_x,lip_center_upper52_y,right_lip55_x,right_lip55_y,lip_center_lower58_x,lip_center_lower58_y,trans_x,trans_y,trans_z,rot_x,rot_y,rot_z
0,0,-1.383255004882841,0.3862762451171591,4.744537353515582,20.749069213867216,9.57317733764648,15.163345336914091,12.923019409179688,16.960037231445312,-1.724151611328125,11.127456665039034,-9.267730712890597,-13.392745971679716,-6.4850311279296875,-3.013916015625,-9.120712280273438,-7.0906982421875,-1.9456329345702983,-11.993236541748054,14.830490708351135,11.063407897949212,-4.92535400390625,12.899967193603501,12.102203845977783,11.316452026367188,-0.007877858937717974,-0.04077548161149025,-0.04077548161149025,9.733913967357218,-25.734217021763126,-0.972341732608231
