,Unnamed: 0,left_eyebrow_18x,left_eyebrow_18y,left_eyebrow_20x,left_eyebrow_20y,left_eyebrow_22x,left_eyebrow_22y,right_eyebrow_23x,right_eyebrow_23y,right_eyebrow_25x,right_eyebrow_25y,right_eyebrow_27x,right_eyebrow_27y,left_eye38_x,left_eye38_y,right_eye45_x,right_eye45_y,left_lip49_x,left_lip49_y,lip_center_upper52_x,lip_center_upper52_y,right_lip55_x,right_lip55_y,lip_center_lower58_x,lip_center_lower58_y,trans_x,trans_y,trans_z,rot_x,rot_y,rot_z
0,0,1.0339965820312216,-2.275985717773409,7.469841003417969,10.690383911132812,8.387561798095707,11.546417236328125,-4.107288360595703,11.948196411132841,-7.099021911621094,11.58648681640625,-1.9735260009765625,-4.546478271484375,0.46466064453125,-6.4752655029296875,-2.195068359375,-5.734924316406278,-2.936866760253892,-3.035491943359361,-0.23405623435974166,9.382957458496094,-1.89727783203125,-0.16271209716796875,-0.3194112479686737,3.35198974609375,0.0034705777652561665,-0.008705578744411469,-0.008705578744411469,12.592524333671996,-1.7859757292669125,1.0846240410640107
