,Unnamed: 0,left_eyebrow_18x,left_eyebrow_18y,left_eyebrow_20x,left_eyebrow_20y,left_eyebrow_22x,left_eyebrow_22y,right_eyebrow_23x,right_eyebrow_23y,right_eyebrow_25x,right_eyebrow_25y,right_eyebrow_27x,right_eyebrow_27y,left_eye38_x,left_eye38_y,right_eye45_x,right_eye45_y,left_lip49_x,left_lip49_y,lip_center_upper52_x,lip_center_upper52_y,right_lip55_x,right_lip55_y,lip_center_lower58_x,lip_center_lower58_y,trans_x,trans_y,trans_z,rot_x,rot_y,rot_z
0,0,-1.82568359375,7.9694671630859375,5.408699035644531,14.182296752929688,21.912445068359375,2.3258056640625,1.5033416748046946,5.724258422851534,-2.1153564453125,4.64971923828125,-3.9720611572265625,-8.82342529296875,-4.905738830566406,-2.540130615234375,-9.704475402832031,-4.308166503906222,-10.452438354492188,-12.098747253417976,14.19721519947052,5.772241592407227,-3.6147689819335938,12.270637512207024,11.781157597899437,1.9603805541992188,-0.013558511389419436,-0.0085458904504776,-0.0085458904504776,-2.9774953286550314,-20.19917458733222,-0.9361005106076088
