,Unnamed: 0,left_eyebrow_18x,left_eyebrow_18y,left_eyebrow_20x,left_eyebrow_20y,left_eyebrow_22x,left_eyebrow_22y,right_eyebrow_23x,right_eyebrow_23y,right_eyebrow_25x,right_eyebrow_25y,right_eyebrow_27x,right_eyebrow_27y,left_eye38_x,left_eye38_y,right_eye45_x,right_eye45_y,left_lip49_x,left_lip49_y,lip_center_upper52_x,lip_center_upper52_y,right_lip55_x,right_lip55_y,lip_center_lower58_x,lip_center_lower58_y,trans_x,trans_y,trans_z,rot_x,rot_y,rot_z
0,0,-1.8208618164062216,-1.74029541015625,4.448036193847642,16.05841064453125,10.802743911743164,13.242813110351591,15.618518829345707,11.622085571289034,8.202804565429702,4.6080322265625,-4.1029510498046875,-14.587799072265653,-6.865158081054702,1.105453491210966,-5.486503601074219,-2.7802276611328125,-7.773597717285156,-17.180522918701172,9.460240840911865,5.304882049560554,-9.19317626953125,4.414093017578125,7.344227537512779,-1.4089584350585938,-0.014495337847620249,-0.034188177436590216,-0.034188177436590216,0.6195076262353558,-18.554668913351172,0.016141654498484925
