,Unnamed: 0,left_eyebrow_18x,left_eyebrow_18y,left_eyebrow_20x,left_eyebrow_20y,left_eyebrow_22x,left_eyebrow_22y,right_eyebrow_23x,right_eyebrow_23y,right_eyebrow_25x,right_eyebrow_25y,right_eyebrow_27x,right_eyebrow_27y,left_eye38_x,left_eye38_y,right_eye45_x,right_eye45_y,left_lip49_x,left_lip49_y,lip_center_upper52_x,lip_center_upper52_y,right_lip55_x,right_lip55_y,lip_center_lower58_x,lip_center_lower58_y,trans_x,trans_y,trans_z,rot_x,rot_y,rot_z
0,0,-6.8869171142578125,7.5562591552734375,18.020767211914034,17.0703125,53.78978729248047,13.349502563476534,28.439006805419922,18.560348510742216,-4.798988342285156,8.041610717773438,-43.28376770019531,-36.20623779296872,-3.722564697265625,2.952880859375,-18.04739379882814,-0.9302520751953125,-17.636329650878906,-15.390766143798828,34.25114870071411,18.5943603515625,-34.14509582519531,16.31657409667968,23.77646780014038,6.931022644042969,-0.01962765003554523,0.005256131291389465,0.005256131291389465,5.51037548972003,-41.6920116289688,-6.879853866971187
