,Unnamed: 0,left_eyebrow_18x,left_eyebrow_18y,left_eyebrow_20x,left_eyebrow_20y,left_eyebrow_22x,left_eyebrow_22y,right_eyebrow_23x,right_eyebrow_23y,right_eyebrow_25x,right_eyebrow_25y,right_eyebrow_27x,right_eyebrow_27y,left_eye38_x,left_eye38_y,right_eye45_x,right_eye45_y,left_lip49_x,left_lip49_y,lip_center_upper52_x,lip_center_upper52_y,right_lip55_x,right_lip55_y,lip_center_lower58_x,lip_center_lower58_y,trans_x,trans_y,trans_z,rot_x,rot_y,rot_z
0,0,-5.8539886474609375,5.465682983398409,12.523468017578153,18.96350097656247,26.153501510620117,11.642440795898466,-11.64168930053711,13.535873413085966,-8.698165893554716,12.485885620117188,1.3339996337890625,-4.2459716796875,-3.3255996704101562,-5.995361328125,-3.6799240112304688,-8.110519409179716,3.5140457153320312,-8.86221694946289,7.754983961582183,1.1309356689453196,-5.2033538818359375,8.048538208007798,10.151811361312868,-4.90771484375,-0.014218876371160151,-0.023722063750028603,-0.023722063750028603,2.8067071090518416,-17.646927331168474,-0.6648062297604169
