,Unnamed: 0,left_eyebrow_18x,left_eyebrow_18y,left_eyebrow_20x,left_eyebrow_20y,left_eyebrow_22x,left_eyebrow_22y,right_eyebrow_23x,right_eyebrow_23y,right_eyebrow_25x,right_eyebrow_25y,right_eyebrow_27x,right_eyebrow_27y,left_eye38_x,left_eye38_y,right_eye45_x,right_eye45_y,left_lip49_x,left_lip49_y,lip_center_upper52_x,lip_center_upper52_y,right_lip55_x,right_lip55_y,lip_center_lower58_x,lip_center_lower58_y,trans_x,trans_y,trans_z,rot_x,rot_y,rot_z
0,0,0.22534179687497158,-3.69775390625,4.1145477294921875,0.682098388671875,4.474025726318359,6.6755523681640625,-7.6339759826660085,4.799545288085909,-8.71026611328125,4.573501586914034,-2.7616119384765625,-6.07525634765625,-1.3630142211914062,-4.9132232666015625,4.998840332031236,-2.9358673095703125,0.3928985595703267,3.3283958435058594,0.6077374517917633,1.5901012420654297,2.9184722900390625,4.057262420654297,-1.3444004654884336,-7.687393188476548,-0.003197207232005894,0.0020746365189552307,0.0020746365189552307,2.7429135105385307,2.329325893923372,-1.0731541180099327
