,Unnamed: 0,left_eyebrow_18x,left_eyebrow_18y,left_eyebrow_20x,left_eyebrow_20y,left_eyebrow_22x,left_eyebrow_22y,right_eyebrow_23x,right_eyebrow_23y,right_eyebrow_25x,right_eyebrow_25y,right_eyebrow_27x,right_eyebrow_27y,left_eye38_x,left_eye38_y,right_eye45_x,right_eye45_y,left_lip49_x,left_lip49_y,lip_center_upper52_x,lip_center_upper52_y,right_lip55_x,right_lip55_y,lip_center_lower58_x,lip_center_lower58_y,trans_x,trans_y,trans_z,rot_x,rot_y,rot_z
0,0,-5.112045288085994,-3.7839813232421307,25.636505126953125,22.71275329589841,51.54743003845215,28.184280395507812,36.53175163269043,33.30340576171872,-5.87994384765625,11.010452270507812,-42.173370361328125,-49.39599609375,-6.6837158203125,0.2586059570312784,-21.32198333740233,-6.1029510498046875,-17.43663787841797,-28.180984497070312,38.20386886596679,21.51530647277832,-31.680747985839844,13.871101379394531,28.803349018096924,21.611106872558594,-0.03273393551353365,-0.032925132662057884,-0.032925132662057884,15.230347523062097,-44.92372298002137,-2.0000150769524576
