,Unnamed: 0,left_eyebrow_18x,left_eyebrow_18y,left_eyebrow_20x,left_eyebrow_20y,left_eyebrow_22x,left_eyebrow_22y,right_eyebrow_23x,right_eyebrow_23y,right_eyebrow_25x,right_eyebrow_25y,right_eyebrow_27x,right_eyebrow_27y,left_eye38_x,left_eye38_y,right_eye45_x,right_eye45_y,left_lip49_x,left_lip49_y,lip_center_upper52_x,lip_center_upper52_y,right_lip55_x,right_lip55_y,lip_center_lower58_x,lip_center_lower58_y,trans_x,trans_y,trans_z,rot_x,rot_y,rot_z
0,0,-7.0609283447265625,2.345199584960966,7.7841796875,14.020965576171875,17.49280738830566,12.31611633300787,-23.072401046752933,13.757034301757812,-14.228248596191435,14.8258056640625,4.237701416015597,0.84765625,5.829498291015625,-11.955551147460966,2.9610366821289062,-7.392562866210966,6.975830078125,1.0728530883789062,-5.2566322684288025,-2.0397186279296875,-1.6597442626953125,-0.8211441040039062,-3.8744800090789795,-6.433525085449219,-0.010555743938311934,-0.005731068551540368,-0.005731068551540368,4.575567666989193,11.448317403633137,-0.2547420554922418
