,Unnamed: 0,left_eyebrow_18x,left_eyebrow_18y,left_eyebrow_20x,left_eyebrow_20y,left_eyebrow_22x,left_eyebrow_22y,right_eyebrow_23x,right_eyebrow_23y,right_eyebrow_25x,right_eyebrow_25y,right_eyebrow_27x,right_eyebrow_27y,left_eye38_x,left_eye38_y,right_eye45_x,right_eye45_y,left_lip49_x,left_lip49_y,lip_center_upper52_x,lip_center_upper52_y,right_lip55_x,right_lip55_y,lip_center_lower58_x,lip_center_lower58_y,trans_x,trans_y,trans_z,rot_x,rot_y,rot_z
0,0,0.336395263671875,1.232177734375,9.208335876464844,17.138092041015625,15.307138442993164,12.433517456054659,12.45695877075196,12.756729125976534,-2.5898208618164062,3.590591430664091,-15.406372070312557,-16.988693237304688,-6.080955505371094,0.642578125,-2.7379913330078125,-7.846282958984347,-17.603454589843736,-19.675939559936523,13.346140146255493,12.716697692871094,-9.458694458007812,3.785358428955078,11.5971577167511,6.5814208984375,-0.004983211867511272,-0.026298973709344857,-0.026298973709344857,9.844906314234645,-20.146090078132694,-1.008482855686925
