,Unnamed: 0,left_eyebrow_18x,left_eyebrow_18y,left_eyebrow_20x,left_eyebrow_20y,left_eyebrow_22x,left_eyebrow_22y,right_eyebrow_23x,right_eyebrow_23y,right_eyebrow_25x,right_eyebrow_25y,right_eyebrow_27x,right_eyebrow_27y,left_eye38_x,left_eye38_y,right_eye45_x,right_eye45_y,left_lip49_x,left_lip49_y,lip_center_upper52_x,lip_center_upper52_y,right_lip55_x,right_lip55_y,lip_center_lower58_x,lip_center_lower58_y,trans_x,trans_y,trans_z,rot_x,rot_y,rot_z
0,0,-4.813125610351534,-2.6827697753905966,8.076797485351562,10.080154418945284,17.00293350219727,7.9444580078125,6.844303131103516,6.875289916992159,-1.9879150390625,2.631088256835909,-12.381027221679716,-20.660507202148438,-3.8621826171875,-0.8011474609375,-2.0861968994140625,-2.3272552490234375,-2.0596694946289205,-9.31055831909179,14.832253485918047,5.565975189208984,3.2840652465820312,19.064544677734375,13.331555366516113,-4.2412033081054545,-0.011514011770486832,-0.01615780964493751,-0.01615780964493751,0.26745437559698493,-22.144652685071797,-2.2614821432212504
