,Unnamed: 0,left_eyebrow_18x,left_eyebrow_18y,left_eyebrow_20x,left_eyebrow_20y,left_eyebrow_22x,left_eyebrow_22y,right_eyebrow_23x,right_eyebrow_23y,right_eyebrow_25x,right_eyebrow_25y,right_eyebrow_27x,right_eyebrow_27y,left_eye38_x,left_eye38_y,right_eye45_x,right_eye45_y,left_lip49_x,left_lip49_y,lip_center_upper52_x,lip_center_upper52_y,right_lip55_x,right_lip55_y,lip_center_lower58_x,lip_center_lower58_y,trans_x,trans_y,trans_z,rot_x,rot_y,rot_z
0,0,1.980789184570284,-18.042007446289034,18.845985412597656,29.947998046875,5.497566223144528,38.200119018554716,1.1932735443115234,38.67323303222656,-14.462348937988281,28.967620849609375,-4.0399627685546875,-22.991683959960966,-3.46319580078125,-8.390289306640625,-1.3426666259765625,-8.47222900390625,-1.6949920654296875,-8.288280487060554,5.395980387926102,17.611120223999023,-3.6970062255859375,1.1787528991699219,5.803613655269146,11.437843322753906,0.0052507122745737425,0.00492192804813385,0.00492192804813385,28.75350345386117,-8.147932283993137,-0.42780462135622255
