,Unnamed: 0,left_eyebrow_18x,left_eyebrow_18y,left_eyebrow_20x,left_eyebrow_20y,left_eyebrow_22x,left_eyebrow_22y,right_eyebrow_23x,right_eyebrow_23y,right_eyebrow_25x,right_eyebrow_25y,right_eyebrow_27x,right_eyebrow_27y,left_eye38_x,left_eye38_y,right_eye45_x,right_eye45_y,left_lip49_x,left_lip49_y,lip_center_upper52_x,lip_center_upper52_y,right_lip55_x,right_lip55_y,lip_center_lower58_x,lip_center_lower58_y,trans_x,trans_y,trans_z,rot_x,rot_y,rot_z
0,0,2.153839111328125,-7.603713989257784,6.155014038085994,9.793807983398409,4.127628326416016,18.008468627929688,-6.538112640380859,19.904922485351534,-8.183547973632812,12.256134033203125,1.0499114990234375,-7.256744384765597,0.42502593994139204,-6.1041717529296875,0.6386260986327983,-5.951263427734403,3.4618759155273438,0.0766448974609375,-0.8254585266113281,5.458423614501953,-0.9428863525390625,-4.24695968627929,1.6335482001304626,-1.7691268920898438,-0.002711016684770584,-0.012452468276023865,-0.012452468276023865,12.578150500614948,2.1813057863171705,-0.8331680305426385
