,Unnamed: 0,left_eyebrow_18x,left_eyebrow_18y,left_eyebrow_20x,left_eyebrow_20y,left_eyebrow_22x,left_eyebrow_22y,right_eyebrow_23x,right_eyebrow_23y,right_eyebrow_25x,right_eyebrow_25y,right_eyebrow_27x,right_eyebrow_27y,left_eye38_x,left_eye38_y,right_eye45_x,right_eye45_y,left_lip49_x,left_lip49_y,lip_center_upper52_x,lip_center_upper52_y,right_lip55_x,right_lip55_y,lip_center_lower58_x,lip_center_lower58_y,trans_x,trans_y,trans_z,rot_x,rot_y,rot_z
0,0,-9.076293945312472,0.0338287353515625,14.977325439453125,14.810714721679659,38.129594683647156,7.433319091796875,22.271678924560547,10.150405883789034,-7.6136016845703125,6.083892822265597,-36.93084716796875,-36.85047912597656,-2.600830078125,2.5216217041015625,-17.55865478515625,0.3265380859375,-12.046333312988281,-20.870811462402344,38.18898490071297,17.469703674316406,-12.708587646484375,25.87928009033203,22.789612770080566,4.4565200805664205,-0.027106720954179764,-0.013360261917114258,-0.013360261917114258,-0.2039829608878403,-38.63594984775707,-3.5812491929798824
