,Unnamed: 0,left_eyebrow_18x,left_eyebrow_18y,left_eyebrow_20x,left_eyebrow_20y,left_eyebrow_22x,left_eyebrow_22y,right_eyebrow_23x,right_eyebrow_23y,right_eyebrow_25x,right_eyebrow_25y,right_eyebrow_27x,right_eyebrow_27y,left_eye38_x,left_eye38_y,right_eye45_x,right_eye45_y,left_lip49_x,left_lip49_y,lip_center_upper52_x,lip_center_upper52_y,right_lip55_x,right_lip55_y,lip_center_lower58_x,lip_center_lower58_y,trans_x,trans_y,trans_z,rot_x,rot_y,rot_z
0,0,-0.6268310546875284,-10.235610961914006,15.696670532226562,31.994705200195312,15.115481376647946,34.54393005371094,19.99660301208496,35.981903076171875,-1.5409393310546875,22.76548767089841,-13.596160888671903,-30.65229797363284,-8.047256469726548,-6.3734588623046875,-9.515037536621094,-11.125991821289062,-7.7092742919921875,-19.00741958618164,23.2405948638916,21.122175216674812,-9.051483154296875,12.790977478027358,23.664974689483643,18.830123901367188,-0.0035014647291973233,-0.017958480864763267,-0.017958480864763267,23.064619911263776,-29.059753469084725,-1.7409862293559848
