,Unnamed: 0,left_eyebrow_18x,left_eyebrow_18y,left_eyebrow_20x,left_eyebrow_20y,left_eyebrow_22x,left_eyebrow_22y,right_eyebrow_23x,right_eyebrow_23y,right_eyebrow_25x,right_eyebrow_25y,right_eyebrow_27x,right_eyebrow_27y,left_eye38_x,left_eye38_y,right_eye45_x,right_eye45_y,left_lip49_x,left_lip49_y,lip_center_upper52_x,lip_center_upper52_y,right_lip55_x,right_lip55_y,lip_center_lower58_x,lip_center_lower58_y,trans_x,trans_y,trans_z,rot_x,rot_y,rot_z
0,0,-5.564544677734375,9.651382446289062,16.818641662597656,19.542449951171875,47.533560037612915,11.805145263671875,11.396385192871087,18.632843017578125,-10.949455261230469,12.4351806640625,-28.376693725585938,-26.380935668945312,-13.38571166992189,-0.79193115234375,-23.740135192871094,-2.409927368164034,8.222465515136719,-12.457706451416009,42.941914319992065,23.820606231689453,-27.838653564453125,30.87265396118164,35.29381996393204,0.2362365722656392,-0.016373231075704098,-0.031996533274650574,-0.031996533274650574,-3.8220582372255762,-51.37515129622298,-0.9782997510924148
