,Unnamed: 0,left_eyebrow_18x,left_eyebrow_18y,left_eyebrow_20x,left_eyebrow_20y,left_eyebrow_22x,left_eyebrow_22y,right_eyebrow_23x,right_eyebrow_23y,right_eyebrow_25x,right_eyebrow_25y,right_eyebrow_27x,right_eyebrow_27y,left_eye38_x,left_eye38_y,right_eye45_x,right_eye45_y,left_lip49_x,left_lip49_y,lip_center_upper52_x,lip_center_upper52_y,right_lip55_x,right_lip55_y,lip_center_lower58_x,lip_center_lower58_y,trans_x,trans_y,trans_z,rot_x,rot_y,rot_z
0,0,-2.5628051757812784,1.5939331054687784,21.443023681640653,20.10168457031247,48.311105728149414,17.392532348632784,30.236515045166016,26.468719482421875,-5.984542846679659,18.766464233398466,-38.088348388671875,-35.0487060546875,-4.440711975097656,7.2221832275390625,-19.835784912109375,-0.5847473144531534,-23.475067138671875,-14.049697875976562,31.0152223110199,25.118927001953125,-13.268104553222656,17.609554290771484,16.660292208194733,8.155715942382812,-0.020871457643806934,-0.009291030466556549,-0.009291030466556549,15.71510905945274,-37.53016260314006,-0.9654463232651919
