,Unnamed: 0,left_eyebrow_18x,left_eyebrow_18y,left_eyebrow_20x,left_eyebrow_20y,left_eyebrow_22x,left_eyebrow_22y,right_eyebrow_23x,right_eyebrow_23y,right_eyebrow_25x,right_eyebrow_25y,right_eyebrow_27x,right_eyebrow_27y,left_eye38_x,left_eye38_y,right_eye45_x,right_eye45_y,left_lip49_x,left_lip49_y,lip_center_upper52_x,lip_center_upper52_y,right_lip55_x,right_lip55_y,lip_center_lower58_x,lip_center_lower58_y,trans_x,trans_y,trans_z,rot_x,rot_y,rot_z
0,0,-6.1970977783203125,7.0836029052734375,9.342391967773438,14.798400878906222,23.26266860961914,12.659408569335938,-3.0041885375976634,14.33648681640625,1.322952270507841,8.008941650390625,1.591949462890625,-8.87640380859375,-6.915443420410156,-4.415985107421875,-3.8453826904296875,-5.2410736083984375,4.8392486572265625,-10.81473541259765,16.437068700790405,9.160831451416016,-13.663803100585938,14.896854400634766,13.032289087772371,-4.924613952636719,0.011331906076520681,0.1210370287299156,0.1210370287299156,-1.4394253218244306,-38.139883190516706,178.34844560908297
