,Unnamed: 0,left_eyebrow_18x,left_eyebrow_18y,left_eyebrow_20x,left_eyebrow_20y,left_eyebrow_22x,left_eyebrow_22y,right_eyebrow_23x,right_eyebrow_23y,right_eyebrow_25x,right_eyebrow_25y,right_eyebrow_27x,right_eyebrow_27y,left_eye38_x,left_eye38_y,right_eye45_x,right_eye45_y,left_lip49_x,left_lip49_y,lip_center_upper52_x,lip_center_upper52_y,right_lip55_x,right_lip55_y,lip_center_lower58_x,lip_center_lower58_y,trans_x,trans_y,trans_z,rot_x,rot_y,rot_z
0,0,-3.7731933593749716,-1.5312042236328125,16.75021362304689,23.57905578613284,30.64015388488769,25.7784423828125,24.906784057617188,21.920745849609347,-1.7802734375,5.486648559570341,-24.54187011718753,-33.06623840332037,-4.8301849365234375,-12.707916259765625,-18.388870239257812,-16.052047729492216,-15.464508056640625,-22.356258392333984,29.587599754333496,25.183193206787102,-15.58221435546875,25.869766235351562,21.36245560646057,14.043998718261719,-0.0101363705471158,-0.02004281198605895,-0.02004281198605895,12.5214254329371,-45.431855319663704,4.062916663216611
