,Unnamed: 0,left_eyebrow_18x,left_eyebrow_18y,left_eyebrow_20x,left_eyebrow_20y,left_eyebrow_22x,left_eyebrow_22y,right_eyebrow_23x,right_eyebrow_23y,right_eyebrow_25x,right_eyebrow_25y,right_eyebrow_27x,right_eyebrow_27y,left_eye38_x,left_eye38_y,right_eye45_x,right_eye45_y,left_lip49_x,left_lip49_y,lip_center_upper52_x,lip_center_upper52_y,right_lip55_x,right_lip55_y,lip_center_lower58_x,lip_center_lower58_y,trans_x,trans_y,trans_z,rot_x,rot_y,rot_z
0,0,-3.6452026367187784,6.882797241210909,8.4090576171875,15.997970581054659,21.145711898803714,7.680908203124972,8.170391082763672,5.859405517578097,1.8814086914062216,4.396881103515597,-5.65081787109375,-9.362960815429659,-5.7818069458007955,-2.585189819335909,-5.4210968017578125,-5.469146728515653,-2.8099441528320312,-11.24892807006836,14.851951360702516,1.4678993225097585,-11.857093811035156,20.66980743408203,9.606423795223238,3.159393310546875,0.03368918760679662,0.0251738578081131,0.0251738578081131,0.4403266558282989,-32.46159213329071,-0.7004702577884248
