,Unnamed: 0,left_eyebrow_18x,left_eyebrow_18y,left_eyebrow_20x,left_eyebrow_20y,left_eyebrow_22x,left_eyebrow_22y,right_eyebrow_23x,right_eyebrow_23y,right_eyebrow_25x,right_eyebrow_25y,right_eyebrow_27x,right_eyebrow_27y,left_eye38_x,left_eye38_y,right_eye45_x,right_eye45_y,left_lip49_x,left_lip49_y,lip_center_upper52_x,lip_center_upper52_y,right_lip55_x,right_lip55_y,lip_center_lower58_x,lip_center_lower58_y,trans_x,trans_y,trans_z,rot_x,rot_y,rot_z
0,0,-2.10882568359375,0.9266510009765625,1.357986450195341,-2.39239501953125,0.4994640350341797,-0.5644073486328125,-6.889890670776364,1.2232055664062216,-2.444030761718764,4.840530395507784,2.1522827148437216,2.2147369384765625,0.8257064819335938,3.9457397460937216,1.3240432739257528,4.530914306640653,1.0172042846679688,4.270587921142585,-0.5421946868300438,1.6898689270019531,-1.5298843383789205,1.2032089233398438,-2.204209856688976,-1.4849166870117188,-0.0020583777804858987,0.0029448680579662254,0.0029448680579662254,-0.36904294383068525,3.6620128289571956,0.8596136588599854
