,Unnamed: 0,left_eyebrow_18x,left_eyebrow_18y,left_eyebrow_20x,left_eyebrow_20y,left_eyebrow_22x,left_eyebrow_22y,right_eyebrow_23x,right_eyebrow_23y,right_eyebrow_25x,right_eyebrow_25y,right_eyebrow_27x,right_eyebrow_27y,left_eye38_x,left_eye38_y,right_eye45_x,right_eye45_y,left_lip49_x,left_lip49_y,lip_center_upper52_x,lip_center_upper52_y,right_lip55_x,right_lip55_y,lip_center_lower58_x,lip_center_lower58_y,trans_x,trans_y,trans_z,rot_x,rot_y,rot_z
0,0,1.58929443359375,-12.7061767578125,7.837753295898409,16.495742797851562,1.66802978515625,26.505401611328125,-2.7933120727539062,24.903762817382784,-8.631439208984375,13.375213623046847,-1.01837158203125,-12.09162902832037,5.521018981933594,-15.721786499023409,-1.29852294921875,-15.069580078125,-2.4496612548828267,0.9326133728027415,-2.2996883392333993,19.602760314941406,0.16741180419921875,0.466278076171875,-5.499030828475954,11.614242553710923,0.005440926179289817,-0.011500816326588392,-0.011500816326588392,18.59591694176426,-0.035160364706165126,8.440502266904332
