,Unnamed: 0,left_eyebrow_18x,left_eyebrow_18y,left_eyebrow_20x,left_eyebrow_20y,left_eyebrow_22x,left_eyebrow_22y,right_eyebrow_23x,right_eyebrow_23y,right_eyebrow_25x,right_eyebrow_25y,right_eyebrow_27x,right_eyebrow_27y,left_eye38_x,left_eye38_y,right_eye45_x,right_eye45_y,left_lip49_x,left_lip49_y,lip_center_upper52_x,lip_center_upper52_y,right_lip55_x,right_lip55_y,lip_center_lower58_x,lip_center_lower58_y,trans_x,trans_y,trans_z,rot_x,rot_y,rot_z
0,0,-12.925796508789062,8.098739624023438,20.22621917724608,12.846801757812528,48.87575340270996,9.640380859374972,18.388587951660156,9.964248657226562,-17.653106689453125,2.7894287109375,-44.03550720214841,-31.30029296875,-4.976829528808608,8.217941284179716,-17.88084411621095,7.650390625,-13.540878295898438,-9.143253326416023,31.684883356094364,8.82938385009765,-27.14610290527345,29.62230682373047,8.2671799659729,-3.8403549194335795,-0.004420842975378038,-0.007558174431324019,-0.007558174431324019,3.510863707332716,-60.267339111721824,-1.1728725563169125
