,Unnamed: 0,left_eyebrow_18x,left_eyebrow_18y,left_eyebrow_20x,left_eyebrow_20y,left_eyebrow_22x,left_eyebrow_22y,right_eyebrow_23x,right_eyebrow_23y,right_eyebrow_25x,right_eyebrow_25y,right_eyebrow_27x,right_eyebrow_27y,left_eye38_x,left_eye38_y,right_eye45_x,right_eye45_y,left_lip49_x,left_lip49_y,lip_center_upper52_x,lip_center_upper52_y,right_lip55_x,right_lip55_y,lip_center_lower58_x,lip_center_lower58_y,trans_x,trans_y,trans_z,rot_x,rot_y,rot_z
0,0,-2.3044281005859375,5.033859252929631,6.101463317871094,6.816787719726506,12.149759292602539,6.587585449218722,-10.030601501464847,4.781768798828097,-3.4990158081054688,5.1199951171875,-0.04624938964846592,1.7825775146484375,0.6867218017578125,-6.742935180664006,1.8833389282226562,-5.8833160400390625,2.3593978881835938,0.9601516723632812,-0.26277127861976624,2.032459259033203,-2.2189865112304688,5.537593841552734,-1.331240713596344,1.2320709228515625,0.03342553391121328,0.027073472738265995,0.027073472738265995,2.7809650548496796,-3.842079094871991,-0.18681475999780894
