,Unnamed: 0,left_eyebrow_18x,left_eyebrow_18y,left_eyebrow_20x,left_eyebrow_20y,left_eyebrow_22x,left_eyebrow_22y,right_eyebrow_23x,right_eyebrow_23y,right_eyebrow_25x,right_eyebrow_25y,right_eyebrow_27x,right_eyebrow_27y,left_eye38_x,left_eye38_y,right_eye45_x,right_eye45_y,left_lip49_x,left_lip49_y,lip_center_upper52_x,lip_center_upper52_y,right_lip55_x,right_lip55_y,lip_center_lower58_x,lip_center_lower58_y,trans_x,trans_y,trans_z,rot_x,rot_y,rot_z
0,0,-3.009262084960909,5.646179199218722,4.3079757690429545,15.208526611328097,14.080478668212894,8.258621215820284,8.763431549072273,8.027450561523409,-0.1519622802734375,7.4897003173828125,-4.680969238281278,-8.309417724609375,-7.837890625,3.889144897460966,-1.008026123046875,2.018096923828125,-2.7103652954101705,-16.010826110839844,11.612293004989626,-3.1239967346191406,-15.95587158203125,7.685188293457031,10.55058616399765,18.69477081298828,0.03561829193495213,0.026676641777157784,0.026676641777157784,2.869837442398402,-31.853906027512235,-0.6065104611038246
