,Unnamed: 0,left_eyebrow_18x,left_eyebrow_18y,left_eyebrow_20x,left_eyebrow_20y,left_eyebrow_22x,left_eyebrow_22y,right_eyebrow_23x,right_eyebrow_23y,right_eyebrow_25x,right_eyebrow_25y,right_eyebrow_27x,right_eyebrow_27y,left_eye38_x,left_eye38_y,right_eye45_x,right_eye45_y,left_lip49_x,left_lip49_y,lip_center_upper52_x,lip_center_upper52_y,right_lip55_x,right_lip55_y,lip_center_lower58_x,lip_center_lower58_y,trans_x,trans_y,trans_z,rot_x,rot_y,rot_z
0,0,-0.97467041015625,-2.6931915283203125,6.510932922363281,11.492752075195312,10.37183952331543,16.293106079101562,-6.8582611083984375,15.482772827148466,-7.410003662109375,11.229309082031278,-1.7132263183593466,-6.1591796875,3.9493942260742188,-6.5913543701171875,-4.584228515625,-6.4343414306640625,-3.3066787719726562,-6.773155212402344,-1.202264547348023,1.4318313598632812,3.8601150512695312,-4.321208953857415,-1.1217614859342575,3.43743896484375,0.0014306842349469666,-0.010789945721626282,-0.010789945721626282,9.10266587045392,-1.3546274513215688,0.011077862308396025
