,Unnamed: 0,left_eyebrow_18x,left_eyebrow_18y,left_eyebrow_20x,left_eyebrow_20y,left_eyebrow_22x,left_eyebrow_22y,right_eyebrow_23x,right_eyebrow_23y,right_eyebrow_25x,right_eyebrow_25y,right_eyebrow_27x,right_eyebrow_27y,left_eye38_x,left_eye38_y,right_eye45_x,right_eye45_y,left_lip49_x,left_lip49_y,lip_center_upper52_x,lip_center_upper52_y,right_lip55_x,right_lip55_y,lip_center_lower58_x,lip_center_lower58_y,trans_x,trans_y,trans_z,rot_x,rot_y,rot_z
0,0,-0.5717010498046875,7.052719116210966,7.59515380859375,18.51776123046875,20.05383586883545,16.53265380859378,8.99582290649414,13.718734741210938,-2.2671051025390625,11.099334716796903,-13.441757202148409,-10.267791748046903,-8.617713928222642,-4.7884521484375,-10.470359802246094,-9.411758422851562,6.9293060302734375,-1.6484031677246094,20.62680959701538,-4.286048889160163,-11.993667602539062,17.107929229736314,17.82361526787281,-7.054405212402344,-0.0026976644876413047,-0.023835130035877228,-0.023835130035877228,3.856157532692503,-25.861665928825946,-0.9053461955361493
