,Unnamed: 0,left_eyebrow_18x,left_eyebrow_18y,left_eyebrow_20x,left_eyebrow_20y,left_eyebrow_22x,left_eyebrow_22y,right_eyebrow_23x,right_eyebrow_23y,right_eyebrow_25x,right_eyebrow_25y,right_eyebrow_27x,right_eyebrow_27y,left_eye38_x,left_eye38_y,right_eye45_x,right_eye45_y,left_lip49_x,left_lip49_y,lip_center_upper52_x,lip_center_upper52_y,right_lip55_x,right_lip55_y,lip_center_lower58_x,lip_center_lower58_y,trans_x,trans_y,trans_z,rot_x,rot_y,rot_z
0,0,-0.15596008300778408,-10.132888793945312,13.874153137207031,21.53755187988284,12.90206527709961,27.411972045898438,8.323165893554688,22.14923095703122,-4.343231201171875,6.9578094482421875,-6.787017822265653,-19.609832763671875,-2.4458999633789205,-11.839416503906222,-9.694694519042969,-15.74493408203125,-6.658233642578125,-11.736316680908203,12.881436347961426,18.679889678955078,0.65802001953125,13.690574645996094,11.134145975112913,11.972358703613281,0.0030239019542932493,-0.031225017737597227,-0.031225017737597227,15.327400669071856,-26.760336319626866,7.056580765993269
