,Unnamed: 0,left_eyebrow_18x,left_eyebrow_18y,left_eyebrow_20x,left_eyebrow_20y,left_eyebrow_22x,left_eyebrow_22y,right_eyebrow_23x,right_eyebrow_23y,right_eyebrow_25x,right_eyebrow_25y,right_eyebrow_27x,right_eyebrow_27y,left_eye38_x,left_eye38_y,right_eye45_x,right_eye45_y,left_lip49_x,left_lip49_y,lip_center_upper52_x,lip_center_upper52_y,right_lip55_x,right_lip55_y,lip_center_lower58_x,lip_center_lower58_y,trans_x,trans_y,trans_z,rot_x,rot_y,rot_z
0,0,-2.7530059814453125,4.2137451171875,15.569999694824233,13.737075805664091,42.738016605377204,7.033782958984403,21.117340087890625,17.01751708984378,-2.3252716064452983,3.701034545898466,-27.527801513671875,-29.0989990234375,-2.5141830444335938,-2.0188598632812784,-17.86107635498047,-3.3883819580078125,-10.176811218261719,-16.655513763427734,29.225227355957024,12.146083831787116,-31.161209106445312,8.78159332275392,19.872425436973572,-6.700836181640625,-0.024555201176553965,-0.0059190839529037476,-0.0059190839529037476,-2.7784629811897528,-37.29976071458461,-3.924344436032227
