,Unnamed: 0,left_eyebrow_18x,left_eyebrow_18y,left_eyebrow_20x,left_eyebrow_20y,left_eyebrow_22x,left_eyebrow_22y,right_eyebrow_23x,right_eyebrow_23y,right_eyebrow_25x,right_eyebrow_25y,right_eyebrow_27x,right_eyebrow_27y,left_eye38_x,left_eye38_y,right_eye45_x,right_eye45_y,left_lip49_x,left_lip49_y,lip_center_upper52_x,lip_center_upper52_y,right_lip55_x,right_lip55_y,lip_center_lower58_x,lip_center_lower58_y,trans_x,trans_y,trans_z,rot_x,rot_y,rot_z
0,0,-1.732528686523409,1.6047058105468466,12.129119873046847,14.767684936523409,27.73280429840088,17.816574096679688,4.717731475830078,17.966232299804688,-0.5607452392578409,2.866073608398466,-8.249404907226562,-20.413543701171875,-8.728698730468764,2.730560302734375,-4.209716796875,-1.2548370361328125,-10.260200500488281,-22.66364288330078,9.85697865486145,7.866741180419915,-20.51520538330078,8.827537536621094,8.55752432346344,23.664215087890625,-0.013152977917343378,-0.012714661657810204,-0.012714661657810204,7.470251100368355,-23.884879830742307,-2.7841386164946442
