,Unnamed: 0,left_eyebrow_18x,left_eyebrow_18y,left_eyebrow_20x,left_eyebrow_20y,left_eyebrow_22x,left_eyebrow_22y,right_eyebrow_23x,right_eyebrow_23y,right_eyebrow_25x,right_eyebrow_25y,right_eyebrow_27x,right_eyebrow_27y,left_eye38_x,left_eye38_y,right_eye45_x,right_eye45_y,left_lip49_x,left_lip49_y,lip_center_upper52_x,lip_center_upper52_y,right_lip55_x,right_lip55_y,lip_center_lower58_x,lip_center_lower58_y,trans_x,trans_y,trans_z,rot_x,rot_y,rot_z
0,0,-1.0110778808594034,13.013442993164062,1.056846618652358,3.0536346435546875,9.975608825683594,-6.39349365234375,15.259178161621094,-3.9060211181640625,6.646965026855469,-3.72802734375,-7.285888671874972,-2.2989196777343466,-7.662200927734375,-7.977401733398466,-10.067970275878906,-10.550796508789062,-5.5966567993164205,-5.163211822509766,17.400841236114502,-0.009197235107436086,-7.439483642578125,16.15210723876954,13.662066102027893,-5.347824096679702,0.0018416766542941332,0.023897074162960066,0.023897074162960066,-5.1534070680197885,-29.98583777070361,-4.056119085879077
