,Unnamed: 0,left_eyebrow_18x,left_eyebrow_18y,left_eyebrow_20x,left_eyebrow_20y,left_eyebrow_22x,left_eyebrow_22y,right_eyebrow_23x,right_eyebrow_23y,right_eyebrow_25x,right_eyebrow_25y,right_eyebrow_27x,right_eyebrow_27y,left_eye38_x,left_eye38_y,right_eye45_x,right_eye45_y,left_lip49_x,left_lip49_y,lip_center_upper52_x,lip_center_upper52_y,right_lip55_x,right_lip55_y,lip_center_lower58_x,lip_center_lower58_y,trans_x,trans_y,trans_z,rot_x,rot_y,rot_z
0,0,-4.886138916015625,-8.252029418945312,26.376296997070284,20.584121704101534,49.811482429504395,27.948486328125,20.102035522460923,29.43646240234372,-25.44085693359378,10.85791015625,-47.00819396972656,-50.52471923828125,-1.8848953247070455,10.152359008789062,-13.67474365234375,7.0856781005859375,-16.694396972656264,-21.683773040771484,25.984978914260868,13.72576904296875,-27.098068237304688,7.6547088623046875,17.692156434059143,24.69689178466797,-0.02856136811897159,0.0013505779206752846,0.0013505779206752846,15.526278621884021,-34.241239238971175,-10.401433722124066
