,Unnamed: 0,left_eyebrow_18x,left_eyebrow_18y,left_eyebrow_20x,left_eyebrow_20y,left_eyebrow_22x,left_eyebrow_22y,right_eyebrow_23x,right_eyebrow_23y,right_eyebrow_25x,right_eyebrow_25y,right_eyebrow_27x,right_eyebrow_27y,left_eye38_x,left_eye38_y,right_eye45_x,right_eye45_y,left_lip49_x,left_lip49_y,lip_center_upper52_x,lip_center_upper52_y,right_lip55_x,right_lip55_y,lip_center_lower58_x,lip_center_lower58_y,trans_x,trans_y,trans_z,rot_x,rot_y,rot_z
0,0,0.8220367431640625,-16.542617797851562,17.42638397216797,26.089157104492216,10.932996749877926,39.55192565917969,-11.305152893066396,36.234329223632784,-16.728057861328125,22.520355224609318,-3.312164306640625,-18.698760986328125,3.911956787109389,-14.880996704101562,-2.4054336547851562,-12.412994384765625,-0.6716613769531108,-6.984825134277344,4.143496155738831,14.93710708618164,5.442352294921875,-2.36260986328125,1.3758656978607178,16.65149688720703,0.0009549795649945729,-0.01404280215501786,-0.01404280215501786,22.650543397749743,-0.6916096382091692,-0.18691715726684155
