,Unnamed: 0,left_eyebrow_18x,left_eyebrow_18y,left_eyebrow_20x,left_eyebrow_20y,left_eyebrow_22x,left_eyebrow_22y,right_eyebrow_23x,right_eyebrow_23y,right_eyebrow_25x,right_eyebrow_25y,right_eyebrow_27x,right_eyebrow_27y,left_eye38_x,left_eye38_y,right_eye45_x,right_eye45_y,left_lip49_x,left_lip49_y,lip_center_upper52_x,lip_center_upper52_y,right_lip55_x,right_lip55_y,lip_center_lower58_x,lip_center_lower58_y,trans_x,trans_y,trans_z,rot_x,rot_y,rot_z
0,0,-5.258163452148466,3.1549377441405966,3.19635009765625,11.047683715820312,10.339502334594727,12.535827636718778,-7.271518707275391,8.154479980468778,-3.3070983886718466,7.724578857421903,2.3251953125,1.2994384765625284,0.0322113037109375,-4.499786376953153,1.8789978027343892,-3.2069702148437784,8.788719177246094,-3.4356155395507812,0.8483194634318351,1.2897796630859446,-3.0461578369140625,-0.7859115600585938,-1.346711277961731,6.590522766113281,0.002707276726141572,-0.00553371384739873,-0.00553371384739873,4.622132457374301,-0.5576197010285369,1.5113279586337316
