,Unnamed: 0,left_eyebrow_18x,left_eyebrow_18y,left_eyebrow_20x,left_eyebrow_20y,left_eyebrow_22x,left_eyebrow_22y,right_eyebrow_23x,right_eyebrow_23y,right_eyebrow_25x,right_eyebrow_25y,right_eyebrow_27x,right_eyebrow_27y,left_eye38_x,left_eye38_y,right_eye45_x,right_eye45_y,left_lip49_x,left_lip49_y,lip_center_upper52_x,lip_center_upper52_y,right_lip55_x,right_lip55_y,lip_center_lower58_x,lip_center_lower58_y,trans_x,trans_y,trans_z,rot_x,rot_y,rot_z
0,0,-0.67694091796875,-2.8565063476562784,5.083488464355497,3.689132690429716,4.217792510986328,9.09783935546875,-2.599170684814453,9.3232421875,-3.505126953125,5.204071044921875,0.9914093017578125,-3.990493774414091,2.0017318725585938,-7.269714355468807,-0.26263427734375,-5.01007080078125,1.0932159423828125,-0.5455055236816406,-3.1419813334941864,5.396556854248054,-0.19036102294921875,-2.4705810546875,-0.2993062734603884,-14.463813781738295,-0.005140126275364309,-0.0022348910570144653,-0.0022348910570144653,6.60026614928172,2.8846129521502046,-1.0414489613729305
