,Unnamed: 0,left_eyebrow_18x,left_eyebrow_18y,left_eyebrow_20x,left_eyebrow_20y,left_eyebrow_22x,left_eyebrow_22y,right_eyebrow_23x,right_eyebrow_23y,right_eyebrow_25x,right_eyebrow_25y,right_eyebrow_27x,right_eyebrow_27y,left_eye38_x,left_eye38_y,right_eye45_x,right_eye45_y,left_lip49_x,left_lip49_y,lip_center_upper52_x,lip_center_upper52_y,right_lip55_x,right_lip55_y,lip_center_lower58_x,lip_center_lower58_y,trans_x,trans_y,trans_z,rot_x,rot_y,rot_z
0,0,-3.486175537109375,-2.6435089111328125,23.222816467285156,29.21295166015622,46.51211452484131,31.780136108398466,25.945617675781257,32.916717529296875,-8.386268615722642,15.264343261718722,-35.30067443847656,-43.170913696289034,-2.5547409057617188,-9.675201416015625,-19.225074768066406,-14.613708496093722,-12.87905883789064,-17.065765380859375,35.54582643508911,19.328929901123047,-20.307579040527344,16.16558837890625,25.574513673782352,16.970367431640625,-0.032908390276134014,-0.015950143337249763,-0.015950143337249763,15.151236883269675,-40.14986661186674,-1.5870745085354279
