,Unnamed: 0,left_eyebrow_18x,left_eyebrow_18y,left_eyebrow_20x,left_eyebrow_20y,left_eyebrow_22x,left_eyebrow_22y,right_eyebrow_23x,right_eyebrow_23y,right_eyebrow_25x,right_eyebrow_25y,right_eyebrow_27x,right_eyebrow_27y,left_eye38_x,left_eye38_y,right_eye45_x,right_eye45_y,left_lip49_x,left_lip49_y,lip_center_upper52_x,lip_center_upper52_y,right_lip55_x,right_lip55_y,lip_center_lower58_x,lip_center_lower58_y,trans_x,trans_y,trans_z,rot_x,rot_y,rot_z
0,0,-3.76922607421875,0.4299163818359375,29.435546874999986,13.836196899414034,54.80638408660889,13.374282836914062,19.015819549560547,18.981414794921847,-15.326866149902344,5.710739135742159,-39.47711181640625,-43.00148010253906,-0.2012634277343892,2.8427734375,-23.365127563476562,-1.4943389892577557,-24.313339233398438,-24.415237426757812,24.19382953085005,5.572528839111321,-23.626628875732422,23.866958618164062,16.01665484905243,21.556312561035156,-0.015326029621064663,0.0006160773336887429,0.0006160773336887429,2.09306032343345,-39.75798923151055,0.3417020937652633
