,Unnamed: 0,left_eyebrow_18x,left_eyebrow_18y,left_eyebrow_20x,left_eyebrow_20y,left_eyebrow_22x,left_eyebrow_22y,right_eyebrow_23x,right_eyebrow_23y,right_eyebrow_25x,right_eyebrow_25y,right_eyebrow_27x,right_eyebrow_27y,left_eye38_x,left_eye38_y,right_eye45_x,right_eye45_y,left_lip49_x,left_lip49_y,lip_center_upper52_x,lip_center_upper52_y,right_lip55_x,right_lip55_y,lip_center_lower58_x,lip_center_lower58_y,trans_x,trans_y,trans_z,rot_x,rot_y,rot_z
0,0,-1.483230590820284,-3.340438842773466,4.203308105468722,7.273757934570341,2.8570556640625,9.795852661132784,-2.610137939453132,11.061218261718722,-5.781936645507841,6.125946044921875,0.7061614990234375,-5.0463714599609375,2.815155029296875,-6.952667236328153,-1.075836181640625,-5.845672607421847,1.3795013427734375,-2.9926300048828054,0.8881508056074381,6.438701629638665,-3.0582046508789062,-1.4534759521484375,1.3015558123588562,3.346588134765625,0.0017571072094142428,-0.004601612687110901,-0.004601612687110901,6.181810121868092,-0.14806528989005985,0.9953368052116036
