,Unnamed: 0,left_eyebrow_18x,left_eyebrow_18y,left_eyebrow_20x,left_eyebrow_20y,left_eyebrow_22x,left_eyebrow_22y,right_eyebrow_23x,right_eyebrow_23y,right_eyebrow_25x,right_eyebrow_25y,right_eyebrow_27x,right_eyebrow_27y,left_eye38_x,left_eye38_y,right_eye45_x,right_eye45_y,left_lip49_x,left_lip49_y,lip_center_upper52_x,lip_center_upper52_y,right_lip55_x,right_lip55_y,lip_center_lower58_x,lip_center_lower58_y,trans_x,trans_y,trans_z,rot_x,rot_y,rot_z
0,0,-5.6002349853515625,7.247207641601591,4.998664855957031,19.094512939453125,14.232650756835934,7.818008422851591,9.916809082031243,9.772109985351562,8.281097412109375,4.659225463867216,-4.319915771484375,-6.67633056640625,-8.346015930175781,3.240921020507784,-3.4699172973632812,-1.86865234375,8.040397644042969,-16.97208023071289,11.875990629196167,2.013866424560547,-15.414169311523438,14.722084045410156,10.791860491037369,5.7330780029296875,0.004778826900292187,-0.0040355585515499115,-0.0040355585515499115,-2.2707216655566738,-34.89596930280898,-0.2970066740506172
