,Unnamed: 0,left_eyebrow_18x,left_eyebrow_18y,left_eyebrow_20x,left_eyebrow_20y,left_eyebrow_22x,left_eyebrow_22y,right_eyebrow_23x,right_eyebrow_23y,right_eyebrow_25x,right_eyebrow_25y,right_eyebrow_27x,right_eyebrow_27y,left_eye38_x,left_eye38_y,right_eye45_x,right_eye45_y,left_lip49_x,left_lip49_y,lip_center_upper52_x,lip_center_upper52_y,right_lip55_x,right_lip55_y,lip_center_lower58_x,lip_center_lower58_y,trans_x,trans_y,trans_z,rot_x,rot_y,rot_z
0,0,-14.125640869140597,12.248153686523438,6.276000976562528,16.25804138183591,31.482709884643548,8.372482299804688,10.197132110595703,10.72021484375,1.4749298095703125,-1.7529449462890625,-16.145706176757812,-17.930526733398438,4.896690368652344,-10.16796875,-23.527183532714844,-10.428268432617188,-1.2022628784179688,-21.024898529052734,31.756221532821655,25.233154296875,-30.35002899169922,19.8211212158203,22.99695754051209,19.493850708007812,-0.02304360643029213,-0.010244902223348618,-0.010244902223348618,-1.8043876008341457,-41.54134323616689,-4.543246420795766
