,Unnamed: 0,left_eyebrow_18x,left_eyebrow_18y,left_eyebrow_20x,left_eyebrow_20y,left_eyebrow_22x,left_eyebrow_22y,right_eyebrow_23x,right_eyebrow_23y,right_eyebrow_25x,right_eyebrow_25y,right_eyebrow_27x,right_eyebrow_27y,left_eye38_x,left_eye38_y,right_eye45_x,right_eye45_y,left_lip49_x,left_lip49_y,lip_center_upper52_x,lip_center_upper52_y,right_lip55_x,right_lip55_y,lip_center_lower58_x,lip_center_lower58_y,trans_x,trans_y,trans_z,rot_x,rot_y,rot_z
0,0,1.451309204101534,14.084579467773438,4.857612609863281,17.378585815429688,33.78028392791749,2.908111572265625,17.00680160522461,7.98992919921875,6.5380401611328125,5.319976806640625,-22.44854736328125,-12.527893066406278,-14.522697448730469,1.969345092773466,-18.302566528320312,-1.8056488037109375,-7.154289245605483,-25.924217224121108,34.41383385658264,16.234699249267585,-37.36402893066406,13.785690307617188,25.739664554595947,12.648628234863281,-0.004332685843110083,-0.01247225329279901,-0.01247225329279901,1.767584033217246,-54.353073078070274,-5.145630910572463
