,Unnamed: 0,left_eyebrow_18x,left_eyebrow_18y,left_eyebrow_20x,left_eyebrow_20y,left_eyebrow_22x,left_eyebrow_22y,right_eyebrow_23x,right_eyebrow_23y,right_eyebrow_25x,right_eyebrow_25y,right_eyebrow_27x,right_eyebrow_27y,left_eye38_x,left_eye38_y,right_eye45_x,right_eye45_y,left_lip49_x,left_lip49_y,lip_center_upper52_x,lip_center_upper52_y,right_lip55_x,right_lip55_y,lip_center_lower58_x,lip_center_lower58_y,trans_x,trans_y,trans_z,rot_x,rot_y,rot_z
0,0,-2.621292114257841,2.204559326171875,7.233894348144503,14.954315185546903,19.062095642089844,8.605010986328153,3.104564666748047,5.418228149414091,1.6240539550781534,-1.88336181640625,-10.299697875976562,-11.193298339843778,-5.902259826660156,1.035308837890625,-2.438804626464858,-2.1774291992187784,-7.208686828613281,-14.62603759765625,9.231199860572815,11.897789001464844,-7.568511962890625,16.36301040649414,10.962242364883423,4.362541198730469,-0.00040099103352986276,-0.007204502820968628,-0.007204502820968628,2.0724868938967447,-27.732138242335672,0.2815300063124423
