,Unnamed: 0,left_eyebrow_18x,left_eyebrow_18y,left_eyebrow_20x,left_eyebrow_20y,left_eyebrow_22x,left_eyebrow_22y,right_eyebrow_23x,right_eyebrow_23y,right_eyebrow_25x,right_eyebrow_25y,right_eyebrow_27x,right_eyebrow_27y,left_eye38_x,left_eye38_y,right_eye45_x,right_eye45_y,left_lip49_x,left_lip49_y,lip_center_upper52_x,lip_center_upper52_y,right_lip55_x,right_lip55_y,lip_center_lower58_x,lip_center_lower58_y,trans_x,trans_y,trans_z,rot_x,rot_y,rot_z
0,0,-2.1797790527343466,-9.463653564453153,20.39258575439453,18.754486083984347,30.49301719665528,27.13165283203125,-8.016056060791009,25.22862243652341,-13.849517822265625,9.499282836914062,-7.7509307861328125,-23.647232055664062,-3.0729446411132812,-13.999282836914034,-4.582733154296861,-16.92742919921875,-3.6744461059570312,-11.607471466064453,4.034969806671143,31.490116119384766,-6.8169708251953125,12.371295928955071,11.099708557128908,0.2482757568359375,-0.0017737541347742076,-0.010164029896259315,-0.010164029896259315,11.556909071616838,-25.27390998272632,-1.6087562765332422
