,Unnamed: 0,left_eyebrow_18x,left_eyebrow_18y,left_eyebrow_20x,left_eyebrow_20y,left_eyebrow_22x,left_eyebrow_22y,right_eyebrow_23x,right_eyebrow_23y,right_eyebrow_25x,right_eyebrow_25y,right_eyebrow_27x,right_eyebrow_27y,left_eye38_x,left_eye38_y,right_eye45_x,right_eye45_y,left_lip49_x,left_lip49_y,lip_center_upper52_x,lip_center_upper52_y,right_lip55_x,right_lip55_y,lip_center_lower58_x,lip_center_lower58_y,trans_x,trans_y,trans_z,rot_x,rot_y,rot_z
0,0,-2.393249511718807,2.489501953125,2.179733276367159,5.508041381835966,7.715204238891598,5.6812744140625,-7.562032699584961,3.8734130859375284,-3.7699584960937784,3.41558837890625,-0.13372802734375,3.028900146484375,-0.7041625976562358,-3.0614013671875,3.4166183471679545,-0.7492828369140625,3.7982635498046875,-0.23326492309570312,-3.5785969495773315,11.019611358642578,-1.3440933227539062,-1.0716361999511719,-2.5218019485473633,-1.6561126708984375,-0.004208297410514206,-0.007847428321838379,-0.007847428321838379,1.7086081676255844,1.4737199739010722,-1.454305634088203
