,Unnamed: 0,left_eyebrow_18x,left_eyebrow_18y,left_eyebrow_20x,left_eyebrow_20y,left_eyebrow_22x,left_eyebrow_22y,right_eyebrow_23x,right_eyebrow_23y,right_eyebrow_25x,right_eyebrow_25y,right_eyebrow_27x,right_eyebrow_27y,left_eye38_x,left_eye38_y,right_eye45_x,right_eye45_y,left_lip49_x,left_lip49_y,lip_center_upper52_x,lip_center_upper52_y,right_lip55_x,right_lip55_y,lip_center_lower58_x,lip_center_lower58_y,trans_x,trans_y,trans_z,rot_x,rot_y,rot_z
0,0,-1.8412017822265625,0.473876953125,13.653533935546875,13.319458007812472,21.378576278686523,14.147766113281222,2.304729461669922,14.084426879882841,-2.9585571289062216,4.8759307861328125,-7.596511840820341,-12.556838989257812,-6.929183959960923,-6.5439453125,-5.733406066894531,-12.308670043945312,-3.2723922729492188,-14.675987243652344,7.421318054199219,1.0374870300292898,-8.810638427734375,9.887271881103509,6.870769500732423,7.422920227050781,0.00945795583538711,-0.0072660744190216064,-0.0072660744190216064,7.118758348154643,-30.020348782485666,0.04638151983729655
