,Unnamed: 0,left_eyebrow_18x,left_eyebrow_18y,left_eyebrow_20x,left_eyebrow_20y,left_eyebrow_22x,left_eyebrow_22y,right_eyebrow_23x,right_eyebrow_23y,right_eyebrow_25x,right_eyebrow_25y,right_eyebrow_27x,right_eyebrow_27y,left_eye38_x,left_eye38_y,right_eye45_x,right_eye45_y,left_lip49_x,left_lip49_y,lip_center_upper52_x,lip_center_upper52_y,right_lip55_x,right_lip55_y,lip_center_lower58_x,lip_center_lower58_y,trans_x,trans_y,trans_z,rot_x,rot_y,rot_z
0,0,-4.1142120361328125,9.339324951171875,0.3199615478515625,11.739089965820341,5.861057281494151,3.1128845214843466,-3.77325439453125,2.80194091796875,-2.2610473632812216,12.585739135742188,0.8836669921875,7.4276275634765625,0.7930984497070312,-0.04513549804681816,0.214111328125,-0.01759338378909092,9.406623840332017,-4.9285964965820455,-0.7345356941223145,-1.3922386169433594,-7.607429504394531,-1.7347259521484233,-1.6870813369750977,1.7079315185546875,-0.0026122434064745903,-0.0054171644151210785,-0.0054171644151210785,0.04451710934184039,2.889881529977538,-0.1752972807591926
