,Unnamed: 0,left_eyebrow_18x,left_eyebrow_18y,left_eyebrow_20x,left_eyebrow_20y,left_eyebrow_22x,left_eyebrow_22y,right_eyebrow_23x,right_eyebrow_23y,right_eyebrow_25x,right_eyebrow_25y,right_eyebrow_27x,right_eyebrow_27y,left_eye38_x,left_eye38_y,right_eye45_x,right_eye45_y,left_lip49_x,left_lip49_y,lip_center_upper52_x,lip_center_upper52_y,right_lip55_x,right_lip55_y,lip_center_lower58_x,lip_center_lower58_y,trans_x,trans_y,trans_z,rot_x,rot_y,rot_z
0,0,-4.773986816406222,-2.165939331054716,24.222999572753906,26.886306762695312,52.08420062065125,30.30963134765628,3.6864662170410227,30.031951904296903,-10.352340698242188,12.306854248046875,-19.946319580078097,-36.3392333984375,-0.9050140380859233,-13.730957031250028,-17.666305541992188,-17.398101806640625,-14.507217407226562,-22.089942932128906,26.71790647506714,35.2965087890625,-27.50730895996093,17.062709808349602,25.4956636428833,17.236839294433594,-0.023590855300426483,-0.0027457214891910622,-0.0027457214891910622,9.350015444043299,-41.66716471782089,-5.3368511388801405
