,Unnamed: 0,left_eyebrow_18x,left_eyebrow_18y,left_eyebrow_20x,left_eyebrow_20y,left_eyebrow_22x,left_eyebrow_22y,right_eyebrow_23x,right_eyebrow_23y,right_eyebrow_25x,right_eyebrow_25y,right_eyebrow_27x,right_eyebrow_27y,left_eye38_x,left_eye38_y,right_eye45_x,right_eye45_y,left_lip49_x,left_lip49_y,lip_center_upper52_x,lip_center_upper52_y,right_lip55_x,right_lip55_y,lip_center_lower58_x,lip_center_lower58_y,trans_x,trans_y,trans_z,rot_x,rot_y,rot_z
0,0,-0.6121826171875,11.301239013671875,5.0654144287109375,19.45977783203125,15.846973419189457,5.2530364990234375,3.9333152770996094,4.9189453125,-2.7882080078125,11.406173706054688,-5.876220703125,-1.8940887451171875,-10.635955810546875,4.356185913085994,-5.091941833496094,-0.004119873046846578,0.614479064941392,-16.382034301757827,13.641493082046509,2.360973358154304,-8.0360107421875,12.300018310546875,10.029975414276123,6.763160705566406,0.015772892627865076,-0.014442350715398788,-0.014442350715398788,0.41494232284832666,-42.32768329041606,0.03210969762637128
