,Unnamed: 0,left_eyebrow_18x,left_eyebrow_18y,left_eyebrow_20x,left_eyebrow_20y,left_eyebrow_22x,left_eyebrow_22y,right_eyebrow_23x,right_eyebrow_23y,right_eyebrow_25x,right_eyebrow_25y,right_eyebrow_27x,right_eyebrow_27y,left_eye38_x,left_eye38_y,right_eye45_x,right_eye45_y,left_lip49_x,left_lip49_y,lip_center_upper52_x,lip_center_upper52_y,right_lip55_x,right_lip55_y,lip_center_lower58_x,lip_center_lower58_y,trans_x,trans_y,trans_z,rot_x,rot_y,rot_z
0,0,-1.5604248046875,-1.8546142578124716,17.580978393554673,23.33978271484372,43.47116756439209,16.61590576171872,28.594070434570305,14.406036376953125,-10.765853881835952,10.590911865234375,-43.964920043945284,-41.31404113769531,-9.602981567382812,8.220336914062472,-15.256988525390625,4.359207153320284,-17.1853485107422,-25.25787734985351,26.1440589427948,4.204170227050781,-23.597496032714844,15.543571472167969,23.45120351016521,8.133247375488281,-0.02093060314655304,-0.024245962500572205,-0.024245962500572205,9.360320823082834,-37.071761405805276,-4.555106039058235
