,Unnamed: 0,left_eyebrow_18x,left_eyebrow_18y,left_eyebrow_20x,left_eyebrow_20y,left_eyebrow_22x,left_eyebrow_22y,right_eyebrow_23x,right_eyebrow_23y,right_eyebrow_25x,right_eyebrow_25y,right_eyebrow_27x,right_eyebrow_27y,left_eye38_x,left_eye38_y,right_eye45_x,right_eye45_y,left_lip49_x,left_lip49_y,lip_center_upper52_x,lip_center_upper52_y,right_lip55_x,right_lip55_y,lip_center_lower58_x,lip_center_lower58_y,trans_x,trans_y,trans_z,rot_x,rot_y,rot_z
0,0,-1.95562744140625,0.0359649658203125,5.919509887695327,6.289642333984375,7.856884002685547,10.096984863281222,-11.91412353515625,12.296051025390653,-7.714279174804659,9.766403198242188,-0.145263671875,-0.9529571533203125,1.5242919921875,-13.354446411132812,1.3990402221679688,-11.919448852539062,3.079673767089858,-2.8471717834472656,0.04462778568267822,-1.2694778442382884,-0.7200469970702983,-2.2703781127929688,-0.820122480392456,4.86993408203125,-0.0014243910554796464,-0.007752418518066406,-0.007752418518066406,5.913860510083695,1.7957642554111373,0.1578846364930171
