,Unnamed: 0,left_eyebrow_18x,left_eyebrow_18y,left_eyebrow_20x,left_eyebrow_20y,left_eyebrow_22x,left_eyebrow_22y,right_eyebrow_23x,right_eyebrow_23y,right_eyebrow_25x,right_eyebrow_25y,right_eyebrow_27x,right_eyebrow_27y,left_eye38_x,left_eye38_y,right_eye45_x,right_eye45_y,left_lip49_x,left_lip49_y,lip_center_upper52_x,lip_center_upper52_y,right_lip55_x,right_lip55_y,lip_center_lower58_x,lip_center_lower58_y,trans_x,trans_y,trans_z,rot_x,rot_y,rot_z
0,0,-3.502716064453125,-0.25732421875,18.42213439941409,22.062118530273494,26.654346466064453,16.871200561523438,25.912635803222656,12.395080566406307,2.3764038085937216,8.308822631835938,-16.81964111328128,-29.56803894042966,-11.718009948730483,5.356781005859375,-11.617340087890625,2.993072509765625,-5.1459503173828125,-23.814453125,25.318667888641357,1.4827461242675781,-37.75894165039065,20.104679107666016,18.701486945152283,5.759834289550781,-0.018761921441182494,0.002395257353782654,0.002395257353782654,3.987189364184066,-42.49881926051517,-2.9411661614256577
