,Unnamed: 0,left_eyebrow_18x,left_eyebrow_18y,left_eyebrow_20x,left_eyebrow_20y,left_eyebrow_22x,left_eyebrow_22y,right_eyebrow_23x,right_eyebrow_23y,right_eyebrow_25x,right_eyebrow_25y,right_eyebrow_27x,right_eyebrow_27y,left_eye38_x,left_eye38_y,right_eye45_x,right_eye45_y,left_lip49_x,left_lip49_y,lip_center_upper52_x,lip_center_upper52_y,right_lip55_x,right_lip55_y,lip_center_lower58_x,lip_center_lower58_y,trans_x,trans_y,trans_z,rot_x,rot_y,rot_z
0,0,-0.041778564453125,-7.7099609375,11.079177856445312,6.022781372070284,8.02798843383789,10.032745361328125,-15.967342376708984,8.951522827148494,-9.402008056640597,13.96849060058588,3.6686401367187216,-1.746429443359375,2.4065170288085938,-5.9628143310546875,-1.2593002319335938,-7.411178588867216,-3.2133712768554688,4.245079040527337,1.0518079996109013,4.280242919921875,2.5468292236328125,-4.668125152587891,-0.9008800983428942,1.0211410522460938,-0.003297120798379183,-0.00018180906772613525,-0.00018180906772613525,8.599922542619954,2.9111028791925273,1.7340576281988893
