,Unnamed: 0,left_eyebrow_18x,left_eyebrow_18y,left_eyebrow_20x,left_eyebrow_20y,left_eyebrow_22x,left_eyebrow_22y,right_eyebrow_23x,right_eyebrow_23y,right_eyebrow_25x,right_eyebrow_25y,right_eyebrow_27x,right_eyebrow_27y,left_eye38_x,left_eye38_y,right_eye45_x,right_eye45_y,left_lip49_x,left_lip49_y,lip_center_upper52_x,lip_center_upper52_y,right_lip55_x,right_lip55_y,lip_center_lower58_x,lip_center_lower58_y,trans_x,trans_y,trans_z,rot_x,rot_y,rot_z
0,0,-9.542892456054659,11.984817504882812,4.167114257812528,12.996627807617159,15.941772460937493,6.2106170654296875,-3.835723876953125,7.183425903320341,-2.7356033325195312,-0.0085601806640625,-1.7998046875,-1.05126953125,0.446258544921875,-10.536239624023438,-7.106636047363281,-12.841644287109403,6.5946502685546875,-13.883777618408203,12.5919930934906,11.892959594726562,-14.386238098144531,12.511978149414048,11.324386358261108,7.931648254394531,0.0013455061707645655,-0.01907603815197944,-0.01907603815197944,-0.6964615353116499,-25.21186495559332,-0.9011394600843907
