,Unnamed: 0,left_eyebrow_18x,left_eyebrow_18y,left_eyebrow_20x,left_eyebrow_20y,left_eyebrow_22x,left_eyebrow_22y,right_eyebrow_23x,right_eyebrow_23y,right_eyebrow_25x,right_eyebrow_25y,right_eyebrow_27x,right_eyebrow_27y,left_eye38_x,left_eye38_y,right_eye45_x,right_eye45_y,left_lip49_x,left_lip49_y,lip_center_upper52_x,lip_center_upper52_y,right_lip55_x,right_lip55_y,lip_center_lower58_x,lip_center_lower58_y,trans_x,trans_y,trans_z,rot_x,rot_y,rot_z
0,0,1.7710266113280966,-5.5054931640625,8.581336975097656,17.31239318847659,5.562629699707031,19.186752319335938,-12.136196136474613,19.91154479980466,-16.08698272705078,20.85206604003909,-0.7216644287109375,-5.542160034179631,5.308868408203111,-11.741821289062472,-1.263946533203125,-10.017242431640625,2.6943511962890625,2.7968330383300852,-1.7345300912857053,15.721805572509766,3.089179992675753,-3.8919906616210938,-3.374440371990204,2.298950195312514,-0.007748512784019112,-0.014517463743686683,-0.014517463743686683,12.566305269524092,11.085984055568089,1.4547669351800352
