,Unnamed: 0,left_eyebrow_18x,left_eyebrow_18y,left_eyebrow_20x,left_eyebrow_20y,left_eyebrow_22x,left_eyebrow_22y,right_eyebrow_23x,right_eyebrow_23y,right_eyebrow_25x,right_eyebrow_25y,right_eyebrow_27x,right_eyebrow_27y,left_eye38_x,left_eye38_y,right_eye45_x,right_eye45_y,left_lip49_x,left_lip49_y,lip_center_upper52_x,lip_center_upper52_y,right_lip55_x,right_lip55_y,lip_center_lower58_x,lip_center_lower58_y,trans_x,trans_y,trans_z,rot_x,rot_y,rot_z
0,0,-1.041976928710966,4.7706146240234375,6.963836669921847,13.718368530273409,10.97730827331543,1.215179443359375,7.306819915771484,2.684432983398409,5.6107940673828125,3.225250244140682,-6.375808715820284,-6.375183105468722,-6.439224243164034,5.994506835937472,-3.5067596435546875,1.8316955566405966,-3.8348464965820455,-12.094871520996094,8.66224694252014,6.783985137939453,-7.043235778808594,10.324237823486321,8.745396971702576,0.25119781494140625,-0.003944683470763266,-0.015312664210796342,-0.015312664210796342,-6.74798350132508,-16.951731794782443,1.9204723215341648
