,Unnamed: 0,left_eyebrow_18x,left_eyebrow_18y,left_eyebrow_20x,left_eyebrow_20y,left_eyebrow_22x,left_eyebrow_22y,right_eyebrow_23x,right_eyebrow_23y,right_eyebrow_25x,right_eyebrow_25y,right_eyebrow_27x,right_eyebrow_27y,left_eye38_x,left_eye38_y,right_eye45_x,right_eye45_y,left_lip49_x,left_lip49_y,lip_center_upper52_x,lip_center_upper52_y,right_lip55_x,right_lip55_y,lip_center_lower58_x,lip_center_lower58_y,trans_x,trans_y,trans_z,rot_x,rot_y,rot_z
0,0,-5.43609619140625,-0.5813293457031534,13.358818054199219,17.97100830078125,30.26712417602539,17.045272827148466,-4.305316925048828,17.64196777343747,-2.8094329833984943,10.061599731445312,-1.6411285400390625,-14.967819213867188,-4.7640151977539205,-7.9505462646484375,-5.7426605224609375,-10.237045288085966,-3.0363235473632812,-9.54566955566407,7.134399056434631,7.308124542236328,-11.876319885253906,12.765346527099588,4.9776448011398315,6.648551940917969,-0.0062696863897144794,-0.00937892496585846,-0.00937892496585846,6.107969717224607,-17.70934243583377,1.8384033111391092
