,Unnamed: 0,left_eyebrow_18x,left_eyebrow_18y,left_eyebrow_20x,left_eyebrow_20y,left_eyebrow_22x,left_eyebrow_22y,right_eyebrow_23x,right_eyebrow_23y,right_eyebrow_25x,right_eyebrow_25y,right_eyebrow_27x,right_eyebrow_27y,left_eye38_x,left_eye38_y,right_eye45_x,right_eye45_y,left_lip49_x,left_lip49_y,lip_center_upper52_x,lip_center_upper52_y,right_lip55_x,right_lip55_y,lip_center_lower58_x,lip_center_lower58_y,trans_x,trans_y,trans_z,rot_x,rot_y,rot_z
0,0,-5.040451049804631,6.972930908203182,20.11256408691409,7.684494018554716,48.779359102249146,6.7965545654296875,10.034843444824219,10.019546508789091,-4.822608947753935,-3.632476806640625,-26.045562744140625,-28.75822448730466,2.0409317016601562,-3.764389038085909,-12.81982421875,-6.80755615234375,-19.18144989013672,-23.250976562499993,34.57927417755127,-14.805830001831051,-11.787651062011719,4.495483398437514,20.11663919687271,12.526580810546875,0.0055384624283760795,-0.03523150458931923,-0.03523150458931923,0.27260568605288227,-36.18714246798294,-5.3704850035916705
