,Unnamed: 0,left_eyebrow_18x,left_eyebrow_18y,left_eyebrow_20x,left_eyebrow_20y,left_eyebrow_22x,left_eyebrow_22y,right_eyebrow_23x,right_eyebrow_23y,right_eyebrow_25x,right_eyebrow_25y,right_eyebrow_27x,right_eyebrow_27y,left_eye38_x,left_eye38_y,right_eye45_x,right_eye45_y,left_lip49_x,left_lip49_y,lip_center_upper52_x,lip_center_upper52_y,right_lip55_x,right_lip55_y,lip_center_lower58_x,lip_center_lower58_y,trans_x,trans_y,trans_z,rot_x,rot_y,rot_z
0,0,-2.958511352539034,-1.3379821777344034,8.680892944335923,11.297515869140625,17.054052352905273,15.753463745117188,-17.496253967285156,17.248443603515597,-10.503189086914091,11.925338745117188,2.8101043701171875,-2.5470428466796875,2.061347961425767,-11.59613037109375,1.8956527709960795,-9.96484375,3.707130432128892,3.1692924499511648,-2.735452175140381,5.933132171630859,-2.84930419921875,1.0611038208007741,-2.53240168094635,7.562103271484375,-0.002440088068397017,-0.0004769898951053689,-0.0004769898951053689,10.875080489507766,5.0196394401018525,2.542537259425394
