,Unnamed: 0,left_eyebrow_18x,left_eyebrow_18y,left_eyebrow_20x,left_eyebrow_20y,left_eyebrow_22x,left_eyebrow_22y,right_eyebrow_23x,right_eyebrow_23y,right_eyebrow_25x,right_eyebrow_25y,right_eyebrow_27x,right_eyebrow_27y,left_eye38_x,left_eye38_y,right_eye45_x,right_eye45_y,left_lip49_x,left_lip49_y,lip_center_upper52_x,lip_center_upper52_y,right_lip55_x,right_lip55_y,lip_center_lower58_x,lip_center_lower58_y,trans_x,trans_y,trans_z,rot_x,rot_y,rot_z
0,0,-7.044418334960966,1.7877655029296875,18.871902465820284,13.395599365234347,42.23640705645085,11.98193359375,15.671047210693366,13.867797851562472,-13.010559082031222,9.575897216796903,-38.064910888671875,-33.601043701171875,-2.20025634765625,0.068756103515625,-13.795547485351562,-7.756118774414091,-12.99228668212892,-21.726802825927734,42.58520686626435,7.8961257934570455,-26.084541320800767,14.49002456665039,18.84066814184189,17.298667907714844,0.009943961165845394,0.050523294135928154,0.050523294135928154,10.541404202626886,-53.15558145734645,-9.068706342937503
