,Unnamed: 0,left_eyebrow_18x,left_eyebrow_18y,left_eyebrow_20x,left_eyebrow_20y,left_eyebrow_22x,left_eyebrow_22y,right_eyebrow_23x,right_eyebrow_23y,right_eyebrow_25x,right_eyebrow_25y,right_eyebrow_27x,right_eyebrow_27y,left_eye38_x,left_eye38_y,right_eye45_x,right_eye45_y,left_lip49_x,left_lip49_y,lip_center_upper52_x,lip_center_upper52_y,right_lip55_x,right_lip55_y,lip_center_lower58_x,lip_center_lower58_y,trans_x,trans_y,trans_z,rot_x,rot_y,rot_z
0,0,-0.3974304199219034,4.5774993896484375,3.5085296630859375,-0.7928009033203125,9.520936965942383,-0.9298858642578125,-1.3846931457519531,-10.885314941406278,4.424224853515611,-11.821701049804659,-0.741455078125,1.0027008056640625,-0.16826629638671875,-3.8892364501953125,-1.7882003784179688,-2.7847442626953125,-0.11936187744142046,0.4745979309082031,-0.4404025077819824,-5.035621643066406,-0.377044677734375,5.429557800292969,-1.445580005645752,-3.903625488281264,0.004756021196953952,0.0015400871634483337,0.0015400871634483337,-4.4354528215292675,-2.4185367562659885,2.522409897213256
