,Unnamed: 0,left_eyebrow_18x,left_eyebrow_18y,left_eyebrow_20x,left_eyebrow_20y,left_eyebrow_22x,left_eyebrow_22y,right_eyebrow_23x,right_eyebrow_23y,right_eyebrow_25x,right_eyebrow_25y,right_eyebrow_27x,right_eyebrow_27y,left_eye38_x,left_eye38_y,right_eye45_x,right_eye45_y,left_lip49_x,left_lip49_y,lip_center_upper52_x,lip_center_upper52_y,right_lip55_x,right_lip55_y,lip_center_lower58_x,lip_center_lower58_y,trans_x,trans_y,trans_z,rot_x,rot_y,rot_z
0,0,-0.57476806640625,5.857360839843722,10.93599700927733,18.74865722656247,22.21661567687989,6.141632080078125,0.9046516418457031,4.896697998046818,1.3810577392578125,1.8464508056640625,-6.234664916992159,-5.2183380126953125,-4.271430969238281,-4.16070556640625,-7.939239501953125,-6.723602294921875,-0.2245483398437358,-14.49225234985353,14.041659832000732,0.07370758056640625,-4.338874816894531,16.29853057861328,11.878990888595581,20.26409149169922,-0.006831272738054394,-0.0055927261710167,-0.0055927261710167,3.3984024334387835,-24.80979399470254,0.7096766231510632
