,Unnamed: 0,left_eyebrow_18x,left_eyebrow_18y,left_eyebrow_20x,left_eyebrow_20y,left_eyebrow_22x,left_eyebrow_22y,right_eyebrow_23x,right_eyebrow_23y,right_eyebrow_25x,right_eyebrow_25y,right_eyebrow_27x,right_eyebrow_27y,left_eye38_x,left_eye38_y,right_eye45_x,right_eye45_y,left_lip49_x,left_lip49_y,lip_center_upper52_x,lip_center_upper52_y,right_lip55_x,right_lip55_y,lip_center_lower58_x,lip_center_lower58_y,trans_x,trans_y,trans_z,rot_x,rot_y,rot_z
0,0,-1.1513824462890625,5.5962982177734375,-1.67529296875,-2.2459106445312784,2.1453323364257812,0.1336822509765625,-2.5204277038574148,2.7427368164062216,-1.4360961914062216,-0.5898284912109091,0.2534484863281534,3.5399780273437784,-1.794624328613267,-9.865615844726562,-1.6505279541015625,-9.184036254882812,2.0075607299804688,9.046947479248047,-0.4816098213195801,-5.73450851440429,0.101348876953125,10.177406311035156,1.8797373771667485,-6.170356750488281,0.0012429775670170801,0.010043106973171234,0.010043106973171234,-0.46818400247525027,-1.5285037470152476,-0.8844745575591076
