,Unnamed: 0,left_eyebrow_18x,left_eyebrow_18y,left_eyebrow_20x,left_eyebrow_20y,left_eyebrow_22x,left_eyebrow_22y,right_eyebrow_23x,right_eyebrow_23y,right_eyebrow_25x,right_eyebrow_25y,right_eyebrow_27x,right_eyebrow_27y,left_eye38_x,left_eye38_y,right_eye45_x,right_eye45_y,left_lip49_x,left_lip49_y,lip_center_upper52_x,lip_center_upper52_y,right_lip55_x,right_lip55_y,lip_center_lower58_x,lip_center_lower58_y,trans_x,trans_y,trans_z,rot_x,rot_y,rot_z
0,0,2.13873291015625,1.774856567382784,-1.608078002929716,-5.530120849609375,0.8407249450683594,-5.347808837890625,-0.6755332946777344,-10.483840942382812,-0.196197509765625,-12.862899780273438,-3.2105712890625,2.0220794677734375,0.602294921875,-0.8909149169921875,0.9809188842773438,-2.734283447265625,0.5003128051757812,1.3418540954589844,-2.4131036400794983,-10.869527816772461,-2.1179046630859375,3.3986358642578054,-1.368318200111389,3.4117813110351562,-0.005055832676589489,0.015385769307613373,0.015385769307613373,-7.243994825922112,4.392665263282347,-0.4729376292676364
