,Unnamed: 0,left_eyebrow_18x,left_eyebrow_18y,left_eyebrow_20x,left_eyebrow_20y,left_eyebrow_22x,left_eyebrow_22y,right_eyebrow_23x,right_eyebrow_23y,right_eyebrow_25x,right_eyebrow_25y,right_eyebrow_27x,right_eyebrow_27y,left_eye38_x,left_eye38_y,right_eye45_x,right_eye45_y,left_lip49_x,left_lip49_y,lip_center_upper52_x,lip_center_upper52_y,right_lip55_x,right_lip55_y,lip_center_lower58_x,lip_center_lower58_y,trans_x,trans_y,trans_z,rot_x,rot_y,rot_z
0,0,0.1342315673828125,3.3053741455078125,-1.755836486816392,-0.6934204101562216,-1.3620796203613281,0.20610046386715908,-0.8696250915527344,0.04714965820315342,1.61712646484375,1.5316162109375,0.3033905029296875,5.093215942382784,1.63641357421875,-7.3077850341796875,-0.192626953125,-7.382354736328125,4.006797790527344,3.787330627441399,-1.202345550060272,-4.021739959716797,-1.652351379394517,1.4773139953613352,0.30353344976902014,1.6971435546875,-0.003081154427491129,0.004854060709476471,0.004854060709476471,-1.5693754949430012,3.0785846701590076,-0.3184101444246721
