,Unnamed: 0,left_eyebrow_18x,left_eyebrow_18y,left_eyebrow_20x,left_eyebrow_20y,left_eyebrow_22x,left_eyebrow_22y,right_eyebrow_23x,right_eyebrow_23y,right_eyebrow_25x,right_eyebrow_25y,right_eyebrow_27x,right_eyebrow_27y,left_eye38_x,left_eye38_y,right_eye45_x,right_eye45_y,left_lip49_x,left_lip49_y,lip_center_upper52_x,lip_center_upper52_y,right_lip55_x,right_lip55_y,lip_center_lower58_x,lip_center_lower58_y,trans_x,trans_y,trans_z,rot_x,rot_y,rot_z
0,0,3.165618896484375,-2.94866943359375,-2.3909149169921733,0.51171875,-9.449417114257812,4.3718109130859375,1.9516105651855469,2.1583557128906534,1.6126251220703125,3.3330078125,0.015594482421875,2.8672332763671875,2.7640228271484375,-6.3892364501953125,1.3397598266601562,-7.9320831298828125,2.0062942504882812,3.7190589904785085,-4.503798067569733,-4.563703536987305,-3.5433883666992188,-3.7173118591308594,-3.2245054244995117,8.900588989257812,-0.011096159345470367,-0.0004073604941368103,-0.0004073604941368103,-0.982565791689249,10.791246992576578,-0.5941184241298525
