,Unnamed: 0,left_eyebrow_18x,left_eyebrow_18y,left_eyebrow_20x,left_eyebrow_20y,left_eyebrow_22x,left_eyebrow_22y,right_eyebrow_23x,right_eyebrow_23y,right_eyebrow_25x,right_eyebrow_25y,right_eyebrow_27x,right_eyebrow_27y,left_eye38_x,left_eye38_y,right_eye45_x,right_eye45_y,left_lip49_x,left_lip49_y,lip_center_upper52_x,lip_center_upper52_y,right_lip55_x,right_lip55_y,lip_center_lower58_x,lip_center_lower58_y,trans_x,trans_y,trans_z,rot_x,rot_y,rot_z
0,0,2.8994140625,4.933197021484347,2.2508544921875,4.5835418701171875,2.5156631469726634,-4.0584259033203125,1.2585220336914062,-6.328201293945341,0.3952941894531534,-5.6035003662109375,-4.6932830810546875,1.9695434570312784,3.9801788330078125,-5.5439910888671875,0.147705078125,-2.8365325927734375,-5.9818954467773295,-4.1532363891601705,-4.707937777042389,-2.4061126708984304,10.592521667480469,-1.4299850463867188,-2.9698224067687984,6.021690368652344,-0.0027399975806474673,-0.004437923431396484,-0.004437923431396484,-1.4564531303456656,2.3573115714448254,-0.7974968105748381
