,Unnamed: 0,left_eyebrow_18x,left_eyebrow_18y,left_eyebrow_20x,left_eyebrow_20y,left_eyebrow_22x,left_eyebrow_22y,right_eyebrow_23x,right_eyebrow_23y,right_eyebrow_25x,right_eyebrow_25y,right_eyebrow_27x,right_eyebrow_27y,left_eye38_x,left_eye38_y,right_eye45_x,right_eye45_y,left_lip49_x,left_lip49_y,lip_center_upper52_x,lip_center_upper52_y,right_lip55_x,right_lip55_y,lip_center_lower58_x,lip_center_lower58_y,trans_x,trans_y,trans_z,rot_x,rot_y,rot_z
0,0,-1.862579345703125,4.565093994140653,8.314254760742159,8.490142822265597,28.409184455871582,5.910980224609375,20.577140808105476,1.826644897460909,2.4832153320312216,-8.051040649414091,-21.80230712890625,-25.88883972167963,-5.844856262207017,2.9851226806640625,-17.284469604492188,-0.4370574951171875,-22.474365234375,-30.588434219360355,22.048170626163483,-2.8806419372558594,-12.713539123535156,16.565475463867188,8.132098793983461,12.743362426757827,-0.007252993527799844,0.007800392806529999,0.007800392806529999,4.483917814777911,-48.8229554118507,-2.0016882096402293
