,Unnamed: 0,left_eyebrow_18x,left_eyebrow_18y,left_eyebrow_20x,left_eyebrow_20y,left_eyebrow_22x,left_eyebrow_22y,right_eyebrow_23x,right_eyebrow_23y,right_eyebrow_25x,right_eyebrow_25y,right_eyebrow_27x,right_eyebrow_27y,left_eye38_x,left_eye38_y,right_eye45_x,right_eye45_y,left_lip49_x,left_lip49_y,lip_center_upper52_x,lip_center_upper52_y,right_lip55_x,right_lip55_y,lip_center_lower58_x,lip_center_lower58_y,trans_x,trans_y,trans_z,rot_x,rot_y,rot_z
0,0,4.812225341796875,0.5627136230468466,-4.681091308593778,-5.937438964843778,-7.043670654296875,-4.7750396728515625,11.219856262207038,-3.8875122070312216,1.2417297363281534,-7.4941864013671875,-3.3394927978515625,-2.8779296875,4.2658767700195455,-2.794097900390625,-0.06241607666015625,-0.476959228515625,-16.49038696289064,-12.819953918457024,-12.417249441146852,1.5108489990234446,-8.395759582519531,-18.492618560791016,-10.289697170257567,12.68119049072267,-0.004856133833527565,-0.001294165849685662,-0.001294165849685662,6.195283976344078,6.095381772725972,-1.2113173772629784
