,Unnamed: 0,left_eyebrow_18x,left_eyebrow_18y,left_eyebrow_20x,left_eyebrow_20y,left_eyebrow_22x,left_eyebrow_22y,right_eyebrow_23x,right_eyebrow_23y,right_eyebrow_25x,right_eyebrow_25y,right_eyebrow_27x,right_eyebrow_27y,left_eye38_x,left_eye38_y,right_eye45_x,right_eye45_y,left_lip49_x,left_lip49_y,lip_center_upper52_x,lip_center_upper52_y,right_lip55_x,right_lip55_y,lip_center_lower58_x,lip_center_lower58_y,trans_x,trans_y,trans_z,rot_x,rot_y,rot_z
0,0,-2.9210662841796875,12.661254882812472,17.2378692626953,1.226119995117159,56.57878875732422,-7.055068969726591,24.873279571533203,2.6519927978515625,-3.1957855224609375,-14.107040405273438,-41.25929260253906,-27.427947998046847,2.1689682006835938,-2.8751068115234375,-24.566009521484375,-6.22186279296875,-33.671295166015625,-26.08823585510254,28.154961109161377,21.610404968261705,-28.446548461914062,11.73277282714843,14.060555934906004,8.133049011230469,-0.01186531945131719,0.012634571641683578,0.012634571641683578,5.882653979680363,-40.96807906028095,-3.6388104842670987
