,Unnamed: 0,left_eyebrow_18x,left_eyebrow_18y,left_eyebrow_20x,left_eyebrow_20y,left_eyebrow_22x,left_eyebrow_22y,right_eyebrow_23x,right_eyebrow_23y,right_eyebrow_25x,right_eyebrow_25y,right_eyebrow_27x,right_eyebrow_27y,left_eye38_x,left_eye38_y,right_eye45_x,right_eye45_y,left_lip49_x,left_lip49_y,lip_center_upper52_x,lip_center_upper52_y,right_lip55_x,right_lip55_y,lip_center_lower58_x,lip_center_lower58_y,trans_x,trans_y,trans_z,rot_x,rot_y,rot_z
0,0,6.2359466552734375,-7.311218261718778,-9.29700469970706,-15.701461791992188,-15.4127426147461,-7.8448486328125,9.1860580444336,-8.019622802734375,5.164756774902344,-11.548828125,-2.482391357421875,-1.335128784179716,2.0624160766601562,3.614959716796875,0.9627227783203125,3.2959136962890625,-7.461929321289077,-6.290866851806641,-2.016246736049652,-0.8729629516601634,10.553215026855469,-12.471363067626953,-2.2416010499000554,12.574760437011719,-0.006629513809457422,-0.0023411959409713676,-0.0023411959409713676,-4.936162952359725,6.611299986525152,-0.34336329388240694
