,Unnamed: 0,left_eyebrow_18x,left_eyebrow_18y,left_eyebrow_20x,left_eyebrow_20y,left_eyebrow_22x,left_eyebrow_22y,right_eyebrow_23x,right_eyebrow_23y,right_eyebrow_25x,right_eyebrow_25y,right_eyebrow_27x,right_eyebrow_27y,left_eye38_x,left_eye38_y,right_eye45_x,right_eye45_y,left_lip49_x,left_lip49_y,lip_center_upper52_x,lip_center_upper52_y,right_lip55_x,right_lip55_y,lip_center_lower58_x,lip_center_lower58_y,trans_x,trans_y,trans_z,rot_x,rot_y,rot_z
0,0,2.3956298828125284,0.5435638427734375,-3.9089736938476847,2.7174835205078125,-5.205429077148445,-4.293884277343778,3.7805709838867223,-3.261962890625057,1.0612487792968892,2.150772094726591,-4.825790405273409,-0.4961090087890625,2.4209518432617188,-3.2203674316405966,-1.236335754394517,-2.545318603515625,-7.209747314453125,-10.485282897949219,-0.7541463375091557,-0.30384445190428266,9.766143798828125,-7.4320526123046875,-2.4767813831567764,11.677375793457045,-0.00011991895735263824,-0.004358511418104186,-0.004358511418104186,0.9896849127341694,1.738730369719903,0.7484735639722837
