,Unnamed: 0,left_eyebrow_18x,left_eyebrow_18y,left_eyebrow_20x,left_eyebrow_20y,left_eyebrow_22x,left_eyebrow_22y,right_eyebrow_23x,right_eyebrow_23y,right_eyebrow_25x,right_eyebrow_25y,right_eyebrow_27x,right_eyebrow_27y,left_eye38_x,left_eye38_y,right_eye45_x,right_eye45_y,left_lip49_x,left_lip49_y,lip_center_upper52_x,lip_center_upper52_y,right_lip55_x,right_lip55_y,lip_center_lower58_x,lip_center_lower58_y,trans_x,trans_y,trans_z,rot_x,rot_y,rot_z
0,0,6.955718994140625,0.9194183349609375,-0.3786010742187784,-7.0744476318359375,-0.9764366149902415,-16.834304809570312,-2.8321189880371094,-9.415435791015653,-0.3776092529296875,3.14361572265625,-2.546463012695284,4.8151702880859375,-0.32686614990234375,9.7032470703125,-1.1068878173828125,8.339294433593778,-11.635925292968764,0.30998992919921164,-1.1222445666790009,-8.914997100830078,13.679733276367188,-8.225406646728523,0.010550573468208313,11.715896606445312,-0.002116600982844829,-0.0032821372151374817,-0.0032821372151374817,-7.626461831034964,1.7200149465497758,-0.4046230293614477
