,Unnamed: 0,left_eyebrow_18x,left_eyebrow_18y,left_eyebrow_20x,left_eyebrow_20y,left_eyebrow_22x,left_eyebrow_22y,right_eyebrow_23x,right_eyebrow_23y,right_eyebrow_25x,right_eyebrow_25y,right_eyebrow_27x,right_eyebrow_27y,left_eye38_x,left_eye38_y,right_eye45_x,right_eye45_y,left_lip49_x,left_lip49_y,lip_center_upper52_x,lip_center_upper52_y,right_lip55_x,right_lip55_y,lip_center_lower58_x,lip_center_lower58_y,trans_x,trans_y,trans_z,rot_x,rot_y,rot_z
0,0,-5.04754638671875,7.6237640380859375,16.176429748535142,6.836791992187472,49.56793785095215,-3.883285522460966,45.188968658447266,3.8233642578125,-1.34521484375,-1.709213256835966,-58.46318054199219,-32.03454589843747,2.68792724609375,2.804458618164091,-24.513664245605483,1.68798828125,-19.438949584960923,-17.195770263671875,44.24513864517212,12.716892242431634,-37.05894470214844,14.40958404541015,26.005311489105225,9.944381713867188,-0.01736997882835567,0.006599105894565582,0.006599105894565582,1.3738440566946553,-47.26099545366474,-6.999810214031695
