,Unnamed: 0,left_eyebrow_18x,left_eyebrow_18y,left_eyebrow_20x,left_eyebrow_20y,left_eyebrow_22x,left_eyebrow_22y,right_eyebrow_23x,right_eyebrow_23y,right_eyebrow_25x,right_eyebrow_25y,right_eyebrow_27x,right_eyebrow_27y,left_eye38_x,left_eye38_y,right_eye45_x,right_eye45_y,left_lip49_x,left_lip49_y,lip_center_upper52_x,lip_center_upper52_y,right_lip55_x,right_lip55_y,lip_center_lower58_x,lip_center_lower58_y,trans_x,trans_y,trans_z,rot_x,rot_y,rot_z
0,0,4.035400390625,-0.3634796142578125,0.6572113037109091,0.9523620605468466,-2.31317138671875,-3.1378479003906534,0.19625473022460938,-4.139068603515625,0.10408020019528408,1.664581298828125,-1.9483489990234375,2.7991943359375284,-1.5749664306640625,5.67572021484375,0.8628311157226705,3.8014068603515625,-3.9634246826171875,-1.0160369873046875,1.5780452489852905,-2.5931625366210938,6.57666015625,-3.2433586120605398,1.4162189066410065,7.244598388671875,0.00503973220475018,-0.13079971075057983,-0.13079971075057983,-1.3089495574420837,-1.5159497521477638,179.41445767571494
