,Unnamed: 0,left_eyebrow_18x,left_eyebrow_18y,left_eyebrow_20x,left_eyebrow_20y,left_eyebrow_22x,left_eyebrow_22y,right_eyebrow_23x,right_eyebrow_23y,right_eyebrow_25x,right_eyebrow_25y,right_eyebrow_27x,right_eyebrow_27y,left_eye38_x,left_eye38_y,right_eye45_x,right_eye45_y,left_lip49_x,left_lip49_y,lip_center_upper52_x,lip_center_upper52_y,right_lip55_x,right_lip55_y,lip_center_lower58_x,lip_center_lower58_y,trans_x,trans_y,trans_z,rot_x,rot_y,rot_z
0,0,-0.369232177734375,8.688858032226534,2.6488037109375,-8.239974975585966,16.3358211517334,-11.038330078125,45.920127868652344,-16.372909545898466,20.12542724609375,-22.435943603515625,-35.37322998046875,-18.76539611816409,0.98907470703125,9.242691040039062,-11.297821044921875,2.6805877685546875,-26.552719116210966,-24.5681381225586,27.949454843997955,3.1614952087402344,-15.140464782714844,3.8739089965820312,15.97881144285202,14.486640930175781,-0.02556986710987985,0.004208546131849289,0.004208546131849289,-10.72991944754171,-36.05060663808124,-2.563517358618028
