,Unnamed: 0,left_eyebrow_18x,left_eyebrow_18y,left_eyebrow_20x,left_eyebrow_20y,left_eyebrow_22x,left_eyebrow_22y,right_eyebrow_23x,right_eyebrow_23y,right_eyebrow_25x,right_eyebrow_25y,right_eyebrow_27x,right_eyebrow_27y,left_eye38_x,left_eye38_y,right_eye45_x,right_eye45_y,left_lip49_x,left_lip49_y,lip_center_upper52_x,lip_center_upper52_y,right_lip55_x,right_lip55_y,lip_center_lower58_x,lip_center_lower58_y,trans_x,trans_y,trans_z,rot_x,rot_y,rot_z
0,0,1.7592620849609375,1.323760986328125,-1.3245315551757955,-5.822570800781278,1.1957283020019531,-4.64697265625,1.5877113342285156,-3.023681640625,1.999298095703125,-9.595092773437528,-2.364395141601534,1.334701538085966,-0.47601318359375,-5.339996337890625,-4.026321411132827,-6.319137573242159,-1.4369277954101705,-1.99346923828125,4.82293975353241,2.6847152709960866,4.118476867675781,1.2506790161132812,2.9254428446292877,0.3526763916015625,0.005192868644371629,-0.004541281610727303,-0.004541281610727303,-0.7363530696840845,-7.009792105946456,-1.2016917703765138
