,Unnamed: 0,left_eyebrow_18x,left_eyebrow_18y,left_eyebrow_20x,left_eyebrow_20y,left_eyebrow_22x,left_eyebrow_22y,right_eyebrow_23x,right_eyebrow_23y,right_eyebrow_25x,right_eyebrow_25y,right_eyebrow_27x,right_eyebrow_27y,left_eye38_x,left_eye38_y,right_eye45_x,right_eye45_y,left_lip49_x,left_lip49_y,lip_center_upper52_x,lip_center_upper52_y,right_lip55_x,right_lip55_y,lip_center_lower58_x,lip_center_lower58_y,trans_x,trans_y,trans_z,rot_x,rot_y,rot_z
0,0,-3.1306610107421875,7.9165496826171875,12.63812255859375,7.7779083251953125,33.77828025817871,-7.854034423828153,41.983186721801765,-10.544692993164062,13.826705932617188,-8.626480102539062,-45.496826171875,-22.082839965820312,-4.5408859252929545,11.152633666992188,-20.813491821289077,10.685791015625,-16.693115234375,-30.264518737792955,41.80078744888306,4.685764312744148,-14.24273681640625,16.483272552490234,26.597544938325882,28.29413604736328,-0.03363162255845964,-0.01955942064523697,-0.01955942064523697,-7.367241494341032,-41.31298380637583,-1.8224055637295822
