,Unnamed: 0,left_eyebrow_18x,left_eyebrow_18y,left_eyebrow_20x,left_eyebrow_20y,left_eyebrow_22x,left_eyebrow_22y,right_eyebrow_23x,right_eyebrow_23y,right_eyebrow_25x,right_eyebrow_25y,right_eyebrow_27x,right_eyebrow_27y,left_eye38_x,left_eye38_y,right_eye45_x,right_eye45_y,left_lip49_x,left_lip49_y,lip_center_upper52_x,lip_center_upper52_y,right_lip55_x,right_lip55_y,lip_center_lower58_x,lip_center_lower58_y,trans_x,trans_y,trans_z,rot_x,rot_y,rot_z
0,0,1.045028686523409,12.486999511718722,4.985122680664048,5.649505615234375,21.54895782470703,-20.881912231445284,33.02300262451172,-23.2047119140625,6.815025329589844,-9.394775390625028,-33.38087463378906,-10.504867553710966,-5.360038757324219,17.952957153320312,-18.763374328613295,17.104904174804688,-20.702987670898438,-19.14809799194336,25.766998291015625,-10.067455291748047,-9.862770080566406,20.270568847656243,23.602755546569828,15.792236328125,-0.022542982274899256,-0.005464129149913784,-0.005464129149913784,-11.957283967840425,-39.96693791502374,-0.050230951985594574
