,Unnamed: 0,left_eyebrow_18x,left_eyebrow_18y,left_eyebrow_20x,left_eyebrow_20y,left_eyebrow_22x,left_eyebrow_22y,right_eyebrow_23x,right_eyebrow_23y,right_eyebrow_25x,right_eyebrow_25y,right_eyebrow_27x,right_eyebrow_27y,left_eye38_x,left_eye38_y,right_eye45_x,right_eye45_y,left_lip49_x,left_lip49_y,lip_center_upper52_x,lip_center_upper52_y,right_lip55_x,right_lip55_y,lip_center_lower58_x,lip_center_lower58_y,trans_x,trans_y,trans_z,rot_x,rot_y,rot_z
0,0,5.735763549804659,4.19970703125,1.3164825439453125,6.757644653320284,-2.2441062927246094,-16.83605957031247,38.953453063964844,-20.83929443359372,20.95116424560547,-6.557510375976591,-17.720993041992216,-6.581390380859375,0.43018341064451704,14.878326416015625,-12.55538940429689,11.369613647460938,-13.321914672851577,-12.527137756347663,6.724717140197756,-14.834880828857415,-5.711029052734375,10.1171646118164,6.577686309814453,4.0383453369140625,0.0020555491500999774,-0.01606528088450431,-0.01606528088450431,-15.008682236258096,-30.175017790197266,2.2889348922156394
