,Unnamed: 0,left_eyebrow_18x,left_eyebrow_18y,left_eyebrow_20x,left_eyebrow_20y,left_eyebrow_22x,left_eyebrow_22y,right_eyebrow_23x,right_eyebrow_23y,right_eyebrow_25x,right_eyebrow_25y,right_eyebrow_27x,right_eyebrow_27y,left_eye38_x,left_eye38_y,right_eye45_x,right_eye45_y,left_lip49_x,left_lip49_y,lip_center_upper52_x,lip_center_upper52_y,right_lip55_x,right_lip55_y,lip_center_lower58_x,lip_center_lower58_y,trans_x,trans_y,trans_z,rot_x,rot_y,rot_z
0,0,-5.766586303710909,7.8647003173828125,5.1190719604492045,12.117874145507812,31.19903540611267,-7.607177734374972,24.881862640380863,1.412551879882784,4.873779296874986,-1.7694549560546875,-27.05816650390625,-27.21022033691409,1.8408889770507812,1.4654083251953693,-19.853378295898438,1.46728515625,-24.27239990234375,-31.12793731689453,29.56151628494263,4.3581199645996165,-25.855369567871087,12.644004821777344,12.743284925818443,10.487724304199219,-0.033058478962630033,-0.025691177695989602,-0.025691177695989602,-3.944783966865329,-36.81286993970748,-0.27716757660028346
