,Unnamed: 0,left_eyebrow_18x,left_eyebrow_18y,left_eyebrow_20x,left_eyebrow_20y,left_eyebrow_22x,left_eyebrow_22y,right_eyebrow_23x,right_eyebrow_23y,right_eyebrow_25x,right_eyebrow_25y,right_eyebrow_27x,right_eyebrow_27y,left_eye38_x,left_eye38_y,right_eye45_x,right_eye45_y,left_lip49_x,left_lip49_y,lip_center_upper52_x,lip_center_upper52_y,right_lip55_x,right_lip55_y,lip_center_lower58_x,lip_center_lower58_y,trans_x,trans_y,trans_z,rot_x,rot_y,rot_z
0,0,1.294769287109375,10.175918579101562,8.18212890625,4.349914550781222,35.60651969909668,-15.970993041992216,29.607315063476562,-7.240417480468778,0.6603546142578125,-2.7820739746093466,-40.47749328613281,-21.295669555664062,-6.6432342529296875,12.18670654296875,-18.847625732421875,13.342834472656278,-25.28964233398436,-24.51323699951172,46.22186577320098,4.260648727416999,-13.042961120605469,13.631904602050774,25.226423367857937,19.97138214111328,-0.017178447684273124,0.015901699662208557,0.015901699662208557,-2.4195759535694608,-41.955675855390986,-1.4586475993207884
