,Unnamed: 0,left_eyebrow_18x,left_eyebrow_18y,left_eyebrow_20x,left_eyebrow_20y,left_eyebrow_22x,left_eyebrow_22y,right_eyebrow_23x,right_eyebrow_23y,right_eyebrow_25x,right_eyebrow_25y,right_eyebrow_27x,right_eyebrow_27y,left_eye38_x,left_eye38_y,right_eye45_x,right_eye45_y,left_lip49_x,left_lip49_y,lip_center_upper52_x,lip_center_upper52_y,right_lip55_x,right_lip55_y,lip_center_lower58_x,lip_center_lower58_y,trans_x,trans_y,trans_z,rot_x,rot_y,rot_z
0,0,1.110427856445284,2.1576995849609375,8.96575927734375,16.57630920410159,20.404411315917976,6.0741424560546875,8.541286468505866,4.999755859375028,2.5371856689453125,6.351638793945341,-10.353485107421847,-14.774429321289034,-7.719635009765611,1.578643798828125,-10.163856506347656,-0.8445587158202841,-3.393035888671875,-14.978618621826172,13.65227746963501,0.455230712890625,-13.948005676269531,8.050830841064446,11.404821872711182,15.967041015625,-0.004263439914211631,-0.016355112195014954,-0.016355112195014954,-1.8623091934121165,-25.024999424736134,1.458412250180255
