,Unnamed: 0,left_eyebrow_18x,left_eyebrow_18y,left_eyebrow_20x,left_eyebrow_20y,left_eyebrow_22x,left_eyebrow_22y,right_eyebrow_23x,right_eyebrow_23y,right_eyebrow_25x,right_eyebrow_25y,right_eyebrow_27x,right_eyebrow_27y,left_eye38_x,left_eye38_y,right_eye45_x,right_eye45_y,left_lip49_x,left_lip49_y,lip_center_upper52_x,lip_center_upper52_y,right_lip55_x,right_lip55_y,lip_center_lower58_x,lip_center_lower58_y,trans_x,trans_y,trans_z,rot_x,rot_y,rot_z
0,0,10.280822753906278,-2.275039672851534,0.634002685546875,-3.6761932373046875,-9.783170700073242,-12.650146484375028,22.26009178161621,-11.056274414062472,6.344589233398466,-4.7482757568359375,-10.867446899414062,-5.883438110351534,-0.32114410400392046,12.091232299804688,-4.381248474121108,11.549285888671875,-14.353195190429673,-9.01785659790037,0.6352993249893188,-11.438627243041989,12.757347106933594,-0.6258049011230469,1.3324065506458285,11.316650390625,0.00565489730797708,-0.0037097036838531494,-0.0037097036838531494,-9.31299216465709,-5.735771745247246,0.3808622431980744
