,Unnamed: 0,left_eyebrow_18x,left_eyebrow_18y,left_eyebrow_20x,left_eyebrow_20y,left_eyebrow_22x,left_eyebrow_22y,right_eyebrow_23x,right_eyebrow_23y,right_eyebrow_25x,right_eyebrow_25y,right_eyebrow_27x,right_eyebrow_27y,left_eye38_x,left_eye38_y,right_eye45_x,right_eye45_y,left_lip49_x,left_lip49_y,lip_center_upper52_x,lip_center_upper52_y,right_lip55_x,right_lip55_y,lip_center_lower58_x,lip_center_lower58_y,trans_x,trans_y,trans_z,rot_x,rot_y,rot_z
0,0,1.084823608398409,-2.151138305664091,5.867134094238281,8.934524536132812,9.666645050048832,7.6112060546875,-6.155803680419922,6.863632202148466,-4.8077392578125,7.848159790039034,-0.44950866699213066,-3.140640258789034,-2.5715255737304688,-2.9927673339844034,-2.3661270141601562,-2.2437591552734375,3.0807418823242188,-3.7268829345703054,0.4080808162689209,-2.083759307861328,-3.9572830200195312,-1.960277557373054,2.712359964847565,12.561416625976562,0.004711308050900696,-0.010883580893278129,-0.010883580893278129,1.786072911416209,-4.7947392428447015,1.1444468914462858
