,Unnamed: 0,left_eyebrow_18x,left_eyebrow_18y,left_eyebrow_20x,left_eyebrow_20y,left_eyebrow_22x,left_eyebrow_22y,right_eyebrow_23x,right_eyebrow_23y,right_eyebrow_25x,right_eyebrow_25y,right_eyebrow_27x,right_eyebrow_27y,left_eye38_x,left_eye38_y,right_eye45_x,right_eye45_y,left_lip49_x,left_lip49_y,lip_center_upper52_x,lip_center_upper52_y,right_lip55_x,right_lip55_y,lip_center_lower58_x,lip_center_lower58_y,trans_x,trans_y,trans_z,rot_x,rot_y,rot_z
0,0,1.4177246093750284,10.734344482421875,4.527160644531236,4.283859252929631,16.297487258911133,-6.523544311523466,11.892147064208984,-10.326812744140625,7.91655731201169,-12.75604248046875,-9.847198486328125,-4.064392089843693,-2.1822509765625,-1.8120269775390625,-10.939353942871108,-4.8497161865234375,-23.54730987548828,-23.302989959716797,9.090129852294922,12.480854034423821,-3.4452056884765767,5.174736022949212,6.825063228607177,2.8289718627929688,0.002205836353823543,0.007139209657907486,0.007139209657907486,2.1750882671108513,-23.797036424276634,-0.16261090119570287
