,Unnamed: 0,left_eyebrow_18x,left_eyebrow_18y,left_eyebrow_20x,left_eyebrow_20y,left_eyebrow_22x,left_eyebrow_22y,right_eyebrow_23x,right_eyebrow_23y,right_eyebrow_25x,right_eyebrow_25y,right_eyebrow_27x,right_eyebrow_27y,left_eye38_x,left_eye38_y,right_eye45_x,right_eye45_y,left_lip49_x,left_lip49_y,lip_center_upper52_x,lip_center_upper52_y,right_lip55_x,right_lip55_y,lip_center_lower58_x,lip_center_lower58_y,trans_x,trans_y,trans_z,rot_x,rot_y,rot_z
0,0,0.2753601074219034,4.248291015625,0.8819732666015625,10.311096191406222,8.32330322265625,-4.92218017578125,14.970699310302738,-0.07049560546877842,4.330749511718764,0.9601287841796875,-10.908843994140625,-12.675262451171875,-0.8536376953125,-0.8699951171874716,-7.192138671875,-3.118423461914034,-20.308677673339844,-24.802135467529297,9.12255334854126,-1.892887115478512,-4.7668914794921875,4.253997802734375,5.873700365424155,15.04965209960936,-0.013471026439219711,-0.02728052809834481,-0.02728052809834481,-1.5608235640370534,-19.201580745199458,0.6954355062116111
