,Unnamed: 0,left_eyebrow_18x,left_eyebrow_18y,left_eyebrow_20x,left_eyebrow_20y,left_eyebrow_22x,left_eyebrow_22y,right_eyebrow_23x,right_eyebrow_23y,right_eyebrow_25x,right_eyebrow_25y,right_eyebrow_27x,right_eyebrow_27y,left_eye38_x,left_eye38_y,right_eye45_x,right_eye45_y,left_lip49_x,left_lip49_y,lip_center_upper52_x,lip_center_upper52_y,right_lip55_x,right_lip55_y,lip_center_lower58_x,lip_center_lower58_y,trans_x,trans_y,trans_z,rot_x,rot_y,rot_z
0,0,0.5676422119140625,4.176513671875,-2.469741821289091,-0.15908813476559658,-1.0068511962890625,-1.8874816894531534,2.9010963439941406,-5.560607910156222,1.494384765625,-2.8320617675781534,-2.864822387695284,1.506759643554716,1.3465042114257812,0.1357879638671875,-0.12996673583984375,0.5360107421875,-1.10528564453125,-6.715133666992195,-0.0624699592590332,-6.633255004882805,3.6453628540039062,-4.4030189514160085,-1.0519404411315918,14.260307312011719,-0.0038340017199516296,0.0044903941452503204,0.0044903941452503204,0.14000363202462207,-0.9319116856089414,-4.103594530298151
