,Unnamed: 0,left_eyebrow_18x,left_eyebrow_18y,left_eyebrow_20x,left_eyebrow_20y,left_eyebrow_22x,left_eyebrow_22y,right_eyebrow_23x,right_eyebrow_23y,right_eyebrow_25x,right_eyebrow_25y,right_eyebrow_27x,right_eyebrow_27y,left_eye38_x,left_eye38_y,right_eye45_x,right_eye45_y,left_lip49_x,left_lip49_y,lip_center_upper52_x,lip_center_upper52_y,right_lip55_x,right_lip55_y,lip_center_lower58_x,lip_center_lower58_y,trans_x,trans_y,trans_z,rot_x,rot_y,rot_z
0,0,2.6094970703125284,4.0264129638671875,7.330230712890625,6.946624755859318,14.03089714050293,0.109375,25.229167938232422,-0.6229705810547159,1.520729064941392,-11.776321411132812,-22.55836486816409,-21.15911865234375,-3.7657318115234375,0.5214080810546875,-9.198219299316406,-3.3034362792968466,-21.468544006347642,-17.585784912109368,17.073987245559692,0.0414276123046875,-9.657272338867202,13.126976013183594,16.975920915603638,9.53289794921875,0.003776863683015108,-0.01886120811104773,-0.01886120811104773,1.3052694177321564,-30.528444999135832,0.7907587212210279
