,Unnamed: 0,left_eyebrow_18x,left_eyebrow_18y,left_eyebrow_20x,left_eyebrow_20y,left_eyebrow_22x,left_eyebrow_22y,right_eyebrow_23x,right_eyebrow_23y,right_eyebrow_25x,right_eyebrow_25y,right_eyebrow_27x,right_eyebrow_27y,left_eye38_x,left_eye38_y,right_eye45_x,right_eye45_y,left_lip49_x,left_lip49_y,lip_center_upper52_x,lip_center_upper52_y,right_lip55_x,right_lip55_y,lip_center_lower58_x,lip_center_lower58_y,trans_x,trans_y,trans_z,rot_x,rot_y,rot_z
0,0,9.415115356445284,-9.330902099609375,-1.3727874755859375,2.4606018066405966,-14.50699234008789,1.0864715576171875,14.672134399414062,-0.738861083984375,6.038681030273409,0.5246582031250284,-3.382522583007841,-4.792709350585909,2.569061279296875,4.577941894531222,-5.68505859375,0.2734222412109375,-3.495941162109375,-3.7238197326660156,-1.0891304016113281,-14.389591217041023,4.943717956542969,-10.329994201660156,1.5399057865142822,23.234546661376946,-0.003526736982166767,0.018800199031829827,0.018800199031829827,6.733048969976028,1.3691968840316795,-2.3336793572771186
