,Unnamed: 0,left_eyebrow_18x,left_eyebrow_18y,left_eyebrow_20x,left_eyebrow_20y,left_eyebrow_22x,left_eyebrow_22y,right_eyebrow_23x,right_eyebrow_23y,right_eyebrow_25x,right_eyebrow_25y,right_eyebrow_27x,right_eyebrow_27y,left_eye38_x,left_eye38_y,right_eye45_x,right_eye45_y,left_lip49_x,left_lip49_y,lip_center_upper52_x,lip_center_upper52_y,right_lip55_x,right_lip55_y,lip_center_lower58_x,lip_center_lower58_y,trans_x,trans_y,trans_z,rot_x,rot_y,rot_z
0,0,-4.6387176513671875,13.852233886718722,-7.939292907714872,7.321258544921903,12.42866325378418,-7.441436767578125,25.112705230712898,-6.36798095703125,-0.5191955566406392,-7.300094604492216,-32.40089416503906,-15.59307861328125,-3.1681594848632812,1.5124359130859375,-10.778945922851548,-1.7042388916015625,-6.114280700683594,-15.987628936767578,44.296109199523926,7.057655334472663,-18.03508758544922,20.55828857421875,27.71908068656921,16.401184082031264,-0.007979211630299687,-0.014014706015586853,-0.014014706015586853,0.9428703163150325,-47.551347951248594,6.43659366870327
