,Unnamed: 0,left_eyebrow_18x,left_eyebrow_18y,left_eyebrow_20x,left_eyebrow_20y,left_eyebrow_22x,left_eyebrow_22y,right_eyebrow_23x,right_eyebrow_23y,right_eyebrow_25x,right_eyebrow_25y,right_eyebrow_27x,right_eyebrow_27y,left_eye38_x,left_eye38_y,right_eye45_x,right_eye45_y,left_lip49_x,left_lip49_y,lip_center_upper52_x,lip_center_upper52_y,right_lip55_x,right_lip55_y,lip_center_lower58_x,lip_center_lower58_y,trans_x,trans_y,trans_z,rot_x,rot_y,rot_z
0,0,-7.1471099853515625,9.6973876953125,9.783294677734375,6.8861846923828125,32.032525062561035,2.2812652587890625,14.121341705322259,13.398422241210938,3.55035400390625,-0.2722320556640625,-18.576492309570312,-21.0106201171875,-3.9851226806640625,-6.78167724609375,-18.961219787597656,-7.1241302490234375,-6.253837585449219,-16.85169219970703,41.76096415519715,-4.818544387817383,-23.792488098144545,25.15555191040039,24.943819582462307,18.10877227783203,-0.015484484843909737,-0.02145715057849884,-0.02145715057849884,-4.931015176258616,-47.992707646153136,-1.3340327470854523
