,Unnamed: 0,left_eyebrow_18x,left_eyebrow_18y,left_eyebrow_20x,left_eyebrow_20y,left_eyebrow_22x,left_eyebrow_22y,right_eyebrow_23x,right_eyebrow_23y,right_eyebrow_25x,right_eyebrow_25y,right_eyebrow_27x,right_eyebrow_27y,left_eye38_x,left_eye38_y,right_eye45_x,right_eye45_y,left_lip49_x,left_lip49_y,lip_center_upper52_x,lip_center_upper52_y,right_lip55_x,right_lip55_y,lip_center_lower58_x,lip_center_lower58_y,trans_x,trans_y,trans_z,rot_x,rot_y,rot_z
0,0,6.174530029296875,9.459396362304688,-6.4417266845703125,-8.907150268554716,-3.9174652099609375,-18.93536376953125,1.194732666015625,-16.91169738769534,0.5,-7.4439239501953125,-11.398590087890653,7.763458251953125,4.456855773925781,8.811111450195312,-0.18326568603515625,7.810882568359375,-13.364433288574219,-9.28731918334961,0.48643091320991516,-25.22416877746582,16.334182739257812,-4.302173614501953,0.8067517280578618,21.63804626464845,-0.0020438588799152058,0.008497420698404309,0.008497420698404309,-7.348844555909247,4.0330788863550175,-0.03863601098985825
