,Unnamed: 0,left_eyebrow_18x,left_eyebrow_18y,left_eyebrow_20x,left_eyebrow_20y,left_eyebrow_22x,left_eyebrow_22y,right_eyebrow_23x,right_eyebrow_23y,right_eyebrow_25x,right_eyebrow_25y,right_eyebrow_27x,right_eyebrow_27y,left_eye38_x,left_eye38_y,right_eye45_x,right_eye45_y,left_lip49_x,left_lip49_y,lip_center_upper52_x,lip_center_upper52_y,right_lip55_x,right_lip55_y,lip_center_lower58_x,lip_center_lower58_y,trans_x,trans_y,trans_z,rot_x,rot_y,rot_z
0,0,4.223419189453097,-8.512969970703153,4.3743896484375,10.988800048828097,-0.30194091796875,6.6478424072265625,23.93374252319336,5.0525665283203125,6.023910522460909,-0.15180969238284092,-13.635803222656278,-22.598068237304688,0.2831268310546875,3.918197631835909,-8.12825775146483,1.021026611328125,-14.152259826660156,-18.520401000976562,11.428146600723267,-13.724880218505863,-6.990348815917969,0.753570556640625,13.56644821166992,27.76728439331054,-0.0042387079447507876,0.005523666739463806,0.005523666739463806,12.079518698113784,-27.898333644286225,-2.2631313109743094
