,Unnamed: 0,left_eyebrow_18x,left_eyebrow_18y,left_eyebrow_20x,left_eyebrow_20y,left_eyebrow_22x,left_eyebrow_22y,right_eyebrow_23x,right_eyebrow_23y,right_eyebrow_25x,right_eyebrow_25y,right_eyebrow_27x,right_eyebrow_27y,left_eye38_x,left_eye38_y,right_eye45_x,right_eye45_y,left_lip49_x,left_lip49_y,lip_center_upper52_x,lip_center_upper52_y,right_lip55_x,right_lip55_y,lip_center_lower58_x,lip_center_lower58_y,trans_x,trans_y,trans_z,rot_x,rot_y,rot_z
0,0,4.711303710937528,0.5107879638671875,2.5571441650390625,-1.7627563476562784,0.6885604858398366,-2.573516845703125,8.301517486572266,-3.5001831054687784,-0.8426895141601562,-9.531539916992188,-9.064208984375028,-5.704681396484347,-1.0528640747070312,-3.9679107666015625,-6.123023986816406,-4.620788574218722,-10.439743041992173,-3.5307655334472656,5.42467999458313,-0.769184112548821,6.2869949340820455,4.9635772705078125,5.649349927902222,8.616104125976562,0.01234774966724217,-0.0002505965530872206,-0.0002505965530872206,1.9271948862119626,-10.161179454169826,1.173881493254405
