,Unnamed: 0,left_eyebrow_18x,left_eyebrow_18y,left_eyebrow_20x,left_eyebrow_20y,left_eyebrow_22x,left_eyebrow_22y,right_eyebrow_23x,right_eyebrow_23y,right_eyebrow_25x,right_eyebrow_25y,right_eyebrow_27x,right_eyebrow_27y,left_eye38_x,left_eye38_y,right_eye45_x,right_eye45_y,left_lip49_x,left_lip49_y,lip_center_upper52_x,lip_center_upper52_y,right_lip55_x,right_lip55_y,lip_center_lower58_x,lip_center_lower58_y,trans_x,trans_y,trans_z,rot_x,rot_y,rot_z
0,0,4.693878173828125,0.16830444335940342,-0.25355529785150566,-1.2923889160156534,-0.5206642150878906,0.9236450195312216,0.48378372192383523,1.274200439453125,-2.1224975585937216,-4.7205047607421875,-4.3183441162109375,-0.9623870849609375,1.8098754882812358,-5.2501678466796875,-2.7153091430664062,-5.123931884765653,-8.204139709472656,-0.90570068359375,2.2687759399414062,-6.279279708862305,10.536987304687486,0.3822021484375,1.0476852804422379,12.932609558105455,0.0023950869217515018,0.005747877061367035,0.005747877061367035,2.7581520683767664,-1.7310867895401323,1.1878573727812287
