,Unnamed: 0,left_eyebrow_18x,left_eyebrow_18y,left_eyebrow_20x,left_eyebrow_20y,left_eyebrow_22x,left_eyebrow_22y,right_eyebrow_23x,right_eyebrow_23y,right_eyebrow_25x,right_eyebrow_25y,right_eyebrow_27x,right_eyebrow_27y,left_eye38_x,left_eye38_y,right_eye45_x,right_eye45_y,left_lip49_x,left_lip49_y,lip_center_upper52_x,lip_center_upper52_y,right_lip55_x,right_lip55_y,lip_center_lower58_x,lip_center_lower58_y,trans_x,trans_y,trans_z,rot_x,rot_y,rot_z
0,0,-0.4330596923828409,-1.923049926757784,6.234451293945327,8.593597412109375,5.314876556396481,5.2047119140625,0.910491943359375,5.955718994140597,-1.827880859375,2.414276123046875,-2.5335693359375,-5.201538085937528,-2.45623779296875,-5.8836517333984375,-3.4250335693359375,-6.010589599609375,0.6500778198242188,-5.979103088378899,5.973763518035412,4.424772262573242,0.20943450927734375,2.4766921997070312,6.791635632514954,8.811325073242188,0.004852454061619937,-0.00225678458809854,-0.00225678458809854,8.52932899016496,-7.553047206378617,1.5582974197236976
