,Unnamed: 0,left_eyebrow_18x,left_eyebrow_18y,left_eyebrow_20x,left_eyebrow_20y,left_eyebrow_22x,left_eyebrow_22y,right_eyebrow_23x,right_eyebrow_23y,right_eyebrow_25x,right_eyebrow_25y,right_eyebrow_27x,right_eyebrow_27y,left_eye38_x,left_eye38_y,right_eye45_x,right_eye45_y,left_lip49_x,left_lip49_y,lip_center_upper52_x,lip_center_upper52_y,right_lip55_x,right_lip55_y,lip_center_lower58_x,lip_center_lower58_y,trans_x,trans_y,trans_z,rot_x,rot_y,rot_z
0,0,-0.5151824951171875,1.6496582031249432,1.9324645996093892,0.9956207275390909,2.5990924835205114,-0.9600677490234375,-1.8738937377929688,1.87451171875,-4.889778137207031,1.2313690185546875,-3.646575927734375,0.10977172851559658,-2.2476348876953267,-0.6958465576171875,-4.075958251953111,-2.1937713623046875,-1.6665191650390625,-2.9476890563964773,4.2473344802856445,-1.4962196350097514,4.659446716308594,0.7568511962890696,5.392070531845094,15.153511047363281,0.013671808177605271,-0.010066583752632141,-0.010066583752632141,1.941248802204809,-9.733219538329152,4.627560513263737
