,Unnamed: 0,left_eyebrow_18x,left_eyebrow_18y,left_eyebrow_20x,left_eyebrow_20y,left_eyebrow_22x,left_eyebrow_22y,right_eyebrow_23x,right_eyebrow_23y,right_eyebrow_25x,right_eyebrow_25y,right_eyebrow_27x,right_eyebrow_27y,left_eye38_x,left_eye38_y,right_eye45_x,right_eye45_y,left_lip49_x,left_lip49_y,lip_center_upper52_x,lip_center_upper52_y,right_lip55_x,right_lip55_y,lip_center_lower58_x,lip_center_lower58_y,trans_x,trans_y,trans_z,rot_x,rot_y,rot_z
0,0,-7.3847198486328125,0.9945220947265625,8.313301086425781,-1.119461059570341,31.072436332702637,-10.141174316406222,25.00786209106444,-4.093231201171903,-9.163101196289062,-10.386322021484403,-48.215301513671875,-33.26896667480469,4.100830078125,10.12371826171875,-15.749732971191406,11.608734130859375,-23.81640625,-25.702953338623047,34.93023779988288,-1.6504478454589844,-0.38951873779296875,20.45697784423828,15.84329891204834,15.172080993652358,-0.019917035475373268,0.005523137748241421,0.005523137748241421,2.0011517983238845,-42.10169331423554,-4.616253820137748
