,Unnamed: 0,left_eyebrow_18x,left_eyebrow_18y,left_eyebrow_20x,left_eyebrow_20y,left_eyebrow_22x,left_eyebrow_22y,right_eyebrow_23x,right_eyebrow_23y,right_eyebrow_25x,right_eyebrow_25y,right_eyebrow_27x,right_eyebrow_27y,left_eye38_x,left_eye38_y,right_eye45_x,right_eye45_y,left_lip49_x,left_lip49_y,lip_center_upper52_x,lip_center_upper52_y,right_lip55_x,right_lip55_y,lip_center_lower58_x,lip_center_lower58_y,trans_x,trans_y,trans_z,rot_x,rot_y,rot_z
0,0,-3.4545288085937784,-9.063766479492188,16.484405517578125,12.673248291015597,29.208810806274414,8.233779907226562,38.89566421508789,8.274368286132812,0.19284057617190342,1.7090606689453125,-38.1532897949219,-36.967086791992216,0.985847473144517,14.142501831054659,-21.349998474121094,9.335739135742188,-19.056259155273438,-25.464969635009766,35.809413194656365,-3.358978271484382,-29.800331115722656,-0.5179901123046875,25.002924919128418,34.83301925659179,-0.019459090195596215,0.01789725944399833,0.01789725944399833,16.936865747399594,-45.16199856453916,-6.4564958661475185
