,Unnamed: 0,left_eyebrow_18x,left_eyebrow_18y,left_eyebrow_20x,left_eyebrow_20y,left_eyebrow_22x,left_eyebrow_22y,right_eyebrow_23x,right_eyebrow_23y,right_eyebrow_25x,right_eyebrow_25y,right_eyebrow_27x,right_eyebrow_27y,left_eye38_x,left_eye38_y,right_eye45_x,right_eye45_y,left_lip49_x,left_lip49_y,lip_center_upper52_x,lip_center_upper52_y,right_lip55_x,right_lip55_y,lip_center_lower58_x,lip_center_lower58_y,trans_x,trans_y,trans_z,rot_x,rot_y,rot_z
0,0,-8.545089721679716,11.576873779296903,15.400718688964844,-5.238128662109347,50.808777809143066,-16.029342651367216,31.887245178222642,-16.514312744140682,0.936279296875,-15.125625610351591,-50.06758117675781,-22.42924499511716,4.949920654296875,6.75921630859375,-19.875656127929673,8.200775146484403,-19.36717987060547,-21.114246368408217,25.725292921066284,-6.840190887451172,-41.15673828124999,6.2358970642089915,12.911576509475708,11.714950561523423,0.019255018793046474,0.03286438435316086,0.03286438435316086,-1.08467338207193,-41.30118913542225,-2.3980905052243613
