,Unnamed: 0,left_eyebrow_18x,left_eyebrow_18y,left_eyebrow_20x,left_eyebrow_20y,left_eyebrow_22x,left_eyebrow_22y,right_eyebrow_23x,right_eyebrow_23y,right_eyebrow_25x,right_eyebrow_25y,right_eyebrow_27x,right_eyebrow_27y,left_eye38_x,left_eye38_y,right_eye45_x,right_eye45_y,left_lip49_x,left_lip49_y,lip_center_upper52_x,lip_center_upper52_y,right_lip55_x,right_lip55_y,lip_center_lower58_x,lip_center_lower58_y,trans_x,trans_y,trans_z,rot_x,rot_y,rot_z
0,0,-4.625579833984375,-5.5035552978515625,7.279327392578153,-0.774749755859375,10.804119110107422,-3.258224487304716,43.92699432373047,-1.5875549316406534,8.643981933593736,-5.903564453125028,-35.96255493164065,-33.75852966308594,0.5773849487304545,11.028762817382784,-18.35544586181642,12.945785522460966,-5.720733642578139,-20.666648864746087,41.283337987959385,5.170433044433594,-14.457176208496094,9.462516784667969,22.22554440051317,14.74965667724608,-0.018024653603788465,-0.0033284425735473633,-0.0033284425735473633,0.7359383642134212,-43.26412437213653,-4.929850389865225
