,Unnamed: 0,left_eyebrow_18x,left_eyebrow_18y,left_eyebrow_20x,left_eyebrow_20y,left_eyebrow_22x,left_eyebrow_22y,right_eyebrow_23x,right_eyebrow_23y,right_eyebrow_25x,right_eyebrow_25y,right_eyebrow_27x,right_eyebrow_27y,left_eye38_x,left_eye38_y,right_eye45_x,right_eye45_y,left_lip49_x,left_lip49_y,lip_center_upper52_x,lip_center_upper52_y,right_lip55_x,right_lip55_y,lip_center_lower58_x,lip_center_lower58_y,trans_x,trans_y,trans_z,rot_x,rot_y,rot_z
0,0,1.724716186523409,1.936676025390625,-1.3933639526367188,-11.139419555664062,2.9267654418945312,-14.551742553710966,2.6682815551757812,-18.6669921875,5.426155090332031,-15.959579467773466,-3.3817291259765625,0.6723480224609659,1.8885574340820312,7.180511474609375,-2.9625167846679688,7.5409088134765625,-8.122207641601548,-12.705669403076172,-2.9484803676605225,-9.285079956054695,6.148414611816392,-9.969093322753906,-0.31302380561828613,16.31375122070311,0.040438526310026646,0.032424384728074074,0.032424384728074074,-4.132663266928908,-11.800466653899576,0.36243615198536416
