,Unnamed: 0,left_eyebrow_18x,left_eyebrow_18y,left_eyebrow_20x,left_eyebrow_20y,left_eyebrow_22x,left_eyebrow_22y,right_eyebrow_23x,right_eyebrow_23y,right_eyebrow_25x,right_eyebrow_25y,right_eyebrow_27x,right_eyebrow_27y,left_eye38_x,left_eye38_y,right_eye45_x,right_eye45_y,left_lip49_x,left_lip49_y,lip_center_upper52_x,lip_center_upper52_y,right_lip55_x,right_lip55_y,lip_center_lower58_x,lip_center_lower58_y,trans_x,trans_y,trans_z,rot_x,rot_y,rot_z
0,0,3.4302062988281534,-7.9002838134765625,9.181999206542969,3.5031280517578125,5.482501983642585,4.985748291015653,15.144832611083991,9.059219360351591,3.5705718994140057,-3.8148040771484375,-11.141906738281222,-20.467498779296875,-0.7090835571289062,-3.1102600097655966,-7.916114807128906,-5.108688354492159,-7.984580993652344,-11.464611053466797,13.57051992416382,2.4437332153320312,-1.1609954833984375,11.641227722167962,12.451421737670898,9.61431884765625,-0.00043636374175548553,-0.004536129534244541,-0.004536129534244541,2.8696996402819606,-30.182516379500832,0.759064768131238
