,Unnamed: 0,left_eyebrow_18x,left_eyebrow_18y,left_eyebrow_20x,left_eyebrow_20y,left_eyebrow_22x,left_eyebrow_22y,right_eyebrow_23x,right_eyebrow_23y,right_eyebrow_25x,right_eyebrow_25y,right_eyebrow_27x,right_eyebrow_27y,left_eye38_x,left_eye38_y,right_eye45_x,right_eye45_y,left_lip49_x,left_lip49_y,lip_center_upper52_x,lip_center_upper52_y,right_lip55_x,right_lip55_y,lip_center_lower58_x,lip_center_lower58_y,trans_x,trans_y,trans_z,rot_x,rot_y,rot_z
0,0,-3.2238311767578125,-1.128158569335909,4.436004638671875,9.565719604492188,15.402225494384766,3.4995574951171875,32.94172668457031,4.495788574218778,2.3852233886718466,-6.251800537109375,-32.33683776855469,-29.422805786132812,-0.17555999755859375,-1.42852783203125,-20.364356994628892,-0.0046844482421875,-3.740203857421889,-18.341442108154297,41.47072696685791,3.9539279937744176,-17.587562561035156,20.031768798828125,21.906141757965088,22.398941040039062,-0.02399110226542689,0.0053460150957107475,0.0053460150957107475,6.561984009854871,-39.78770623261487,-4.3245024223277415
