,Unnamed: 0,left_eyebrow_18x,left_eyebrow_18y,left_eyebrow_20x,left_eyebrow_20y,left_eyebrow_22x,left_eyebrow_22y,right_eyebrow_23x,right_eyebrow_23y,right_eyebrow_25x,right_eyebrow_25y,right_eyebrow_27x,right_eyebrow_27y,left_eye38_x,left_eye38_y,right_eye45_x,right_eye45_y,left_lip49_x,left_lip49_y,lip_center_upper52_x,lip_center_upper52_y,right_lip55_x,right_lip55_y,lip_center_lower58_x,lip_center_lower58_y,trans_x,trans_y,trans_z,rot_x,rot_y,rot_z
0,0,3.5810089111328125,6.130630493164034,10.01863861083983,-13.256286621093722,28.11350917816162,-23.306991577148438,37.95259094238281,-15.39727783203125,4.245704650878906,-18.56272888183591,-50.56639099121091,-21.566802978515653,-9.978828430175781,14.837142944335938,-12.261161804199219,18.44256591796875,-19.106788635253906,-7.810626983642578,36.93395948410035,-13.46126556396485,-32.87659454345702,23.223522186279297,19.72744865715504,-3.5675125122070312,-0.02972922543995082,0.029490403831005096,0.029490403831005096,-15.265716243017653,-43.07681978018273,-0.787373391180864
