,Unnamed: 0,left_eyebrow_18x,left_eyebrow_18y,left_eyebrow_20x,left_eyebrow_20y,left_eyebrow_22x,left_eyebrow_22y,right_eyebrow_23x,right_eyebrow_23y,right_eyebrow_25x,right_eyebrow_25y,right_eyebrow_27x,right_eyebrow_27y,left_eye38_x,left_eye38_y,right_eye45_x,right_eye45_y,left_lip49_x,left_lip49_y,lip_center_upper52_x,lip_center_upper52_y,right_lip55_x,right_lip55_y,lip_center_lower58_x,lip_center_lower58_y,trans_x,trans_y,trans_z,rot_x,rot_y,rot_z
0,0,-5.871734619140597,1.713043212890625,12.770950317382812,16.611068725585938,38.191152572631836,10.742416381835938,30.849876403808594,10.244583129882784,-5.550247192382784,-1.320526123046875,-40.40336608886719,-30.30590820312503,-2.8274993896484375,-8.028350830078125,-27.012481689453125,-5.895904541015625,-11.172439575195312,-22.839191436767578,44.18677234649658,21.094451904296875,-18.61994171142578,19.893569946289062,26.206461191177368,21.454757690429688,-0.0106733413413167,-0.012812698725610971,-0.012812698725610971,11.799722745619222,-50.708502690710766,-0.7237152647804597
