,Unnamed: 0,left_eyebrow_18x,left_eyebrow_18y,left_eyebrow_20x,left_eyebrow_20y,left_eyebrow_22x,left_eyebrow_22y,right_eyebrow_23x,right_eyebrow_23y,right_eyebrow_25x,right_eyebrow_25y,right_eyebrow_27x,right_eyebrow_27y,left_eye38_x,left_eye38_y,right_eye45_x,right_eye45_y,left_lip49_x,left_lip49_y,lip_center_upper52_x,lip_center_upper52_y,right_lip55_x,right_lip55_y,lip_center_lower58_x,lip_center_lower58_y,trans_x,trans_y,trans_z,rot_x,rot_y,rot_z
0,0,5.558898925781222,-2.1375885009765057,-0.5473022460937216,-2.949798583984375,-4.068546295166016,-1.941024780273409,5.5779991149902415,-3.7795867919921875,0.9698181152343466,0.3589324951171875,-3.1653137207031534,0.06359863281247158,5.5564422607421875,-2.2912139892578125,-3.549385070800753,-2.751129150390625,-5.114654541015639,1.860065460205071,-9.86550521850586,-9.384088516235355,-1.8235702514648438,-2.1327857971191406,-9.519397735595703,12.629005432128892,-0.012242690572747959,-0.00026044994592666626,-0.00026044994592666626,0.18054637141011298,15.902892268269824,-0.4232242079487953
