,Unnamed: 0,left_eyebrow_18x,left_eyebrow_18y,left_eyebrow_20x,left_eyebrow_20y,left_eyebrow_22x,left_eyebrow_22y,right_eyebrow_23x,right_eyebrow_23y,right_eyebrow_25x,right_eyebrow_25y,right_eyebrow_27x,right_eyebrow_27y,left_eye38_x,left_eye38_y,right_eye45_x,right_eye45_y,left_lip49_x,left_lip49_y,lip_center_upper52_x,lip_center_upper52_y,right_lip55_x,right_lip55_y,lip_center_lower58_x,lip_center_lower58_y,trans_x,trans_y,trans_z,rot_x,rot_y,rot_z
0,0,-2.2400970458984375,1.093719482421875,-0.603759765625,0.527801513671875,3.3886337280273366,-4.1054534912109375,17.63288116455078,-6.9585113525390625,1.9141921997070028,-13.246795654296875,-19.349548339843693,-18.68035888671878,-4.809814453125,11.216964721679716,-8.42892456054689,9.798873901367188,-11.57571411132814,-16.26334762573243,19.757543802261353,-12.863412857055664,-11.455307006835952,13.628944396972656,15.425838470458988,16.127708435058608,0.017258946783840656,0.004665698856115341,0.004665698856115341,2.350952036813066,-49.069422350432326,-0.9212735263975111
