,Unnamed: 0,left_eyebrow_18x,left_eyebrow_18y,left_eyebrow_20x,left_eyebrow_20y,left_eyebrow_22x,left_eyebrow_22y,right_eyebrow_23x,right_eyebrow_23y,right_eyebrow_25x,right_eyebrow_25y,right_eyebrow_27x,right_eyebrow_27y,left_eye38_x,left_eye38_y,right_eye45_x,right_eye45_y,left_lip49_x,left_lip49_y,lip_center_upper52_x,lip_center_upper52_y,right_lip55_x,right_lip55_y,lip_center_lower58_x,lip_center_lower58_y,trans_x,trans_y,trans_z,rot_x,rot_y,rot_z
0,0,10.390792846679688,-5.0423431396484375,-8.25146484375,-20.203720092773438,-15.989082336425781,-18.864334106445284,14.865028381347656,-16.75071716308591,4.311500549316406,-15.7161865234375,-11.352172851562472,-5.626190185546903,-2.7894515991210938,14.784210205078125,3.4766693115234375,16.054916381835938,-10.346099853515625,9.711807250976562,-0.9095828533172612,-23.90886116027833,13.484619140625,8.038658142089844,-2.2950509041547775,-5.2645416259765625,0.001619977643713356,0.019394244998693466,0.019394244998693466,-11.426692596990089,-0.015754089089916323,0.8097314607478476
