,Unnamed: 0,left_eyebrow_18x,left_eyebrow_18y,left_eyebrow_20x,left_eyebrow_20y,left_eyebrow_22x,left_eyebrow_22y,right_eyebrow_23x,right_eyebrow_23y,right_eyebrow_25x,right_eyebrow_25y,right_eyebrow_27x,right_eyebrow_27y,left_eye38_x,left_eye38_y,right_eye45_x,right_eye45_y,left_lip49_x,left_lip49_y,lip_center_upper52_x,lip_center_upper52_y,right_lip55_x,right_lip55_y,lip_center_lower58_x,lip_center_lower58_y,trans_x,trans_y,trans_z,rot_x,rot_y,rot_z
0,0,-0.0245361328125,1.027603149414034,-3.2170104980468466,-3.2185363769531534,-4.452915191650391,-3.464645385742216,8.157085418701172,-3.357101440429716,3.9350891113281534,-6.742401123046875,-0.239837646484375,-0.87371826171875,0.7056808471679688,1.0333557128906818,-2.1915969848632812,1.577545166015625,1.1350784301757955,-5.311225891113281,1.268637299537659,-10.310569763183587,-3.7962265014648438,-0.24783706665039062,1.8908777236938477,8.877029418945312,0.04245105548761785,0.03623903729021549,0.03623903729021549,-0.3051375802296541,-16.39286732154923,0.1384877486848639
