,Unnamed: 0,left_eyebrow_18x,left_eyebrow_18y,left_eyebrow_20x,left_eyebrow_20y,left_eyebrow_22x,left_eyebrow_22y,right_eyebrow_23x,right_eyebrow_23y,right_eyebrow_25x,right_eyebrow_25y,right_eyebrow_27x,right_eyebrow_27y,left_eye38_x,left_eye38_y,right_eye45_x,right_eye45_y,left_lip49_x,left_lip49_y,lip_center_upper52_x,lip_center_upper52_y,right_lip55_x,right_lip55_y,lip_center_lower58_x,lip_center_lower58_y,trans_x,trans_y,trans_z,rot_x,rot_y,rot_z
0,0,-0.18394470214840908,-2.196411132812557,18.171173095703125,1.247283935546875,31.25932931900025,3.9754638671875284,31.86418914794924,6.210098266601591,6.665893554687472,-11.478240966796847,-38.03260803222656,-33.22483825683594,3.2200241088867188,-3.7290496826171875,-21.779067993164062,-5.486129760742159,-21.224250793457017,-19.187625885009766,36.16313028335571,14.799808502197266,-10.998832702636719,20.687652587890618,24.082072257995605,16.450660705566406,-0.022387530654668808,-0.0030279159545898438,-0.0030279159545898438,2.6800771090587614,-44.585972287187566,-1.8335201305055926
