,Unnamed: 0,left_eyebrow_18x,left_eyebrow_18y,left_eyebrow_20x,left_eyebrow_20y,left_eyebrow_22x,left_eyebrow_22y,right_eyebrow_23x,right_eyebrow_23y,right_eyebrow_25x,right_eyebrow_25y,right_eyebrow_27x,right_eyebrow_27y,left_eye38_x,left_eye38_y,right_eye45_x,right_eye45_y,left_lip49_x,left_lip49_y,lip_center_upper52_x,lip_center_upper52_y,right_lip55_x,right_lip55_y,lip_center_lower58_x,lip_center_lower58_y,trans_x,trans_y,trans_z,rot_x,rot_y,rot_z
0,0,5.480712890625,5.128021240234403,10.922195434570312,-8.407241821289062,24.749156951904297,-18.98248291015622,43.70946502685547,-15.42486572265625,9.828041076660128,-15.24798583984375,-48.42562866210935,-22.31427001953128,-9.699813842773452,15.248855590820312,-10.607696533203125,17.782501220703125,-19.43230438232422,-12.239810943603516,31.76107358932495,-14.968143463134773,-24.461517333984375,13.578739166259766,16.372067645192146,13.807952880859375,-0.020908894715830684,0.024636119604110718,0.024636119604110718,-13.992183730061594,-44.76102029068779,-0.5196112857718256
