,Unnamed: 0,left_eyebrow_18x,left_eyebrow_18y,left_eyebrow_20x,left_eyebrow_20y,left_eyebrow_22x,left_eyebrow_22y,right_eyebrow_23x,right_eyebrow_23y,right_eyebrow_25x,right_eyebrow_25y,right_eyebrow_27x,right_eyebrow_27y,left_eye38_x,left_eye38_y,right_eye45_x,right_eye45_y,left_lip49_x,left_lip49_y,lip_center_upper52_x,lip_center_upper52_y,right_lip55_x,right_lip55_y,lip_center_lower58_x,lip_center_lower58_y,trans_x,trans_y,trans_z,rot_x,rot_y,rot_z
0,0,-1.6064453125,8.511016845703125,2.559432983398409,8.033447265625,12.94052886962891,-8.332901000976562,15.98231124877929,-9.809341430664091,13.613479614257812,-13.505203247070341,-6.84515380859375,-8.686431884765625,-3.6431808471679688,8.030609130859375,-9.199104309082031,7.015411376953153,-8.568565368652344,-23.005771636962884,12.580565446987748,-9.731117248535163,-8.373481750488281,12.707237243652344,10.432114481925964,10.037933349609375,0.0027090227231383315,0.0062611885368824005,0.0062611885368824005,-5.3677086524274955,-25.48666447498809,4.336739408318653
