,Unnamed: 0,left_eyebrow_18x,left_eyebrow_18y,left_eyebrow_20x,left_eyebrow_20y,left_eyebrow_22x,left_eyebrow_22y,right_eyebrow_23x,right_eyebrow_23y,right_eyebrow_25x,right_eyebrow_25y,right_eyebrow_27x,right_eyebrow_27y,left_eye38_x,left_eye38_y,right_eye45_x,right_eye45_y,left_lip49_x,left_lip49_y,lip_center_upper52_x,lip_center_upper52_y,right_lip55_x,right_lip55_y,lip_center_lower58_x,lip_center_lower58_y,trans_x,trans_y,trans_z,rot_x,rot_y,rot_z
0,0,7.7883148193359375,3.5789337158203125,-3.601516723632784,-9.132980346679659,-9.297534942626946,-14.107833862304659,9.037025451660156,-11.494735717773409,5.088592529296889,-8.416275024414062,-4.28167724609375,4.2579193115234375,5.7991485595703125,3.6592712402343466,-1.3692092895507812,5.6519317626953125,-14.711509704589844,2.4650421142578196,-4.044269680976868,-4.755332946777337,9.151123046875,-2.8438873291015625,-2.997951626777649,0.6851959228515625,-0.0076269747223705045,0.00013893097639083862,0.00013893097639083862,-6.11057609353439,4.596178909548815,-1.330571838005219
