,Unnamed: 0,left_eyebrow_18x,left_eyebrow_18y,left_eyebrow_20x,left_eyebrow_20y,left_eyebrow_22x,left_eyebrow_22y,right_eyebrow_23x,right_eyebrow_23y,right_eyebrow_25x,right_eyebrow_25y,right_eyebrow_27x,right_eyebrow_27y,left_eye38_x,left_eye38_y,right_eye45_x,right_eye45_y,left_lip49_x,left_lip49_y,lip_center_upper52_x,lip_center_upper52_y,right_lip55_x,right_lip55_y,lip_center_lower58_x,lip_center_lower58_y,trans_x,trans_y,trans_z,rot_x,rot_y,rot_z
0,0,3.02703857421875,-7.376251220703125,5.396995544433594,-1.353668212890625,6.478757858276364,-0.3654022216796875,0.634235382080071,-1.223464965820341,-1.0125732421874858,-3.8421630859375,-6.359512329101591,-5.442733764648466,1.4085006713867188,2.9310913085937216,-3.4400405883789205,-0.424285888671875,-8.179161071777344,-8.477691650390618,-2.749123454093933,-4.074180603027344,13.043907165527344,-3.624462127685554,-4.373185485601425,9.325508117675781,-0.0010320867295376956,-0.0054617710411548615,-0.0054617710411548615,2.2150578707612105,2.062833143567736,1.015493213493026
