,Unnamed: 0,left_eyebrow_18x,left_eyebrow_18y,left_eyebrow_20x,left_eyebrow_20y,left_eyebrow_22x,left_eyebrow_22y,right_eyebrow_23x,right_eyebrow_23y,right_eyebrow_25x,right_eyebrow_25y,right_eyebrow_27x,right_eyebrow_27y,left_eye38_x,left_eye38_y,right_eye45_x,right_eye45_y,left_lip49_x,left_lip49_y,lip_center_upper52_x,lip_center_upper52_y,right_lip55_x,right_lip55_y,lip_center_lower58_x,lip_center_lower58_y,trans_x,trans_y,trans_z,rot_x,rot_y,rot_z
0,0,-10.165664672851562,-1.724380493164034,26.939735412597656,6.177261352539034,54.89424705505371,8.521987915039034,22.912441253662116,14.734634399414062,-15.766258239746094,-1.5815734863280966,-53.97328186035156,-41.693557739257784,4.036018371582031,7.522109985351534,-20.508941650390625,4.348266601562472,-21.09210968017578,-20.812641143798828,32.198566198349,2.7862548828125,-25.00971221923828,17.330116271972656,8.648278146982193,15.133285522460923,-0.006931570998858661,0.0015302188694477081,0.0015302188694477081,3.8507177596208537,-46.75099778198099,-2.3483979725466604
