,Unnamed: 0,left_eyebrow_18x,left_eyebrow_18y,left_eyebrow_20x,left_eyebrow_20y,left_eyebrow_22x,left_eyebrow_22y,right_eyebrow_23x,right_eyebrow_23y,right_eyebrow_25x,right_eyebrow_25y,right_eyebrow_27x,right_eyebrow_27y,left_eye38_x,left_eye38_y,right_eye45_x,right_eye45_y,left_lip49_x,left_lip49_y,lip_center_upper52_x,lip_center_upper52_y,right_lip55_x,right_lip55_y,lip_center_lower58_x,lip_center_lower58_y,trans_x,trans_y,trans_z,rot_x,rot_y,rot_z
0,0,2.3130493164062216,11.541900634765625,-1.3895111083984233,-0.451446533203125,6.455345153808594,-12.412841796875,24.30414581298828,-14.069519042968778,9.032279968261719,-11.329559326171875,-17.59495544433591,-8.798080444335938,-4.541053771972656,-9.194931030273438,-14.628150939941406,-10.563308715820341,-20.048194885253892,-7.837272644042969,16.994558811187744,-1.7662315368652415,-8.743354797363281,17.8468017578125,14.433038353919983,0.843536376953125,0.007882650243118405,0.020608648657798767,0.020608648657798767,-7.538721554648188,-34.368631808783064,-1.7085063574083517
