,Unnamed: 0,left_eyebrow_18x,left_eyebrow_18y,left_eyebrow_20x,left_eyebrow_20y,left_eyebrow_22x,left_eyebrow_22y,right_eyebrow_23x,right_eyebrow_23y,right_eyebrow_25x,right_eyebrow_25y,right_eyebrow_27x,right_eyebrow_27y,left_eye38_x,left_eye38_y,right_eye45_x,right_eye45_y,left_lip49_x,left_lip49_y,lip_center_upper52_x,lip_center_upper52_y,right_lip55_x,right_lip55_y,lip_center_lower58_x,lip_center_lower58_y,trans_x,trans_y,trans_z,rot_x,rot_y,rot_z
0,0,0.22613525390622158,5.0534820556640625,13.740310668945284,11.839248657226562,30.34943389892578,-2.520797729492159,32.18413162231445,-4.042709350585994,3.7723846435546875,-7.429092407226591,-35.51531982421875,-26.31378173828125,-7.823432922363281,10.408447265625,-20.032737731933594,11.663726806640653,-17.847946166992173,-27.9349422454834,26.283770555630326,5.776409149169915,-16.21456146240233,27.15674591064453,19.39605700969696,15.289108276367202,-0.017409125342965126,0.020603759214282036,0.020603759214282036,0.08442422732144905,-37.65238985195524,-0.18570519448545708
