,Unnamed: 0,left_eyebrow_18x,left_eyebrow_18y,left_eyebrow_20x,left_eyebrow_20y,left_eyebrow_22x,left_eyebrow_22y,right_eyebrow_23x,right_eyebrow_23y,right_eyebrow_25x,right_eyebrow_25y,right_eyebrow_27x,right_eyebrow_27y,left_eye38_x,left_eye38_y,right_eye45_x,right_eye45_y,left_lip49_x,left_lip49_y,lip_center_upper52_x,lip_center_upper52_y,right_lip55_x,right_lip55_y,lip_center_lower58_x,lip_center_lower58_y,trans_x,trans_y,trans_z,rot_x,rot_y,rot_z
0,0,4.385940551757784,6.9758758544921875,-3.7551956176757386,-9.184494018554688,-5.273406982421875,-14.852218627929716,8.990974426269531,-15.37188720703125,6.716621398925781,-11.29890441894537,-4.012924194335909,7.1997528076171875,-0.48972320556642046,-8.690933227539062,-8.146087646484375,-10.19677734375,-6.3516845703125,4.516368865966804,5.647130370140076,-2.6461219787597727,4.9151687622070455,4.70941162109375,7.177988648414612,1.1085891723632812,0.008813083404675124,0.022923871874809265,0.022923871874809265,-5.545501608341413,-11.105581572197979,-1.5358621543165736
