,Unnamed: 0,left_eyebrow_18x,left_eyebrow_18y,left_eyebrow_20x,left_eyebrow_20y,left_eyebrow_22x,left_eyebrow_22y,right_eyebrow_23x,right_eyebrow_23y,right_eyebrow_25x,right_eyebrow_25y,right_eyebrow_27x,right_eyebrow_27y,left_eye38_x,left_eye38_y,right_eye45_x,right_eye45_y,left_lip49_x,left_lip49_y,lip_center_upper52_x,lip_center_upper52_y,right_lip55_x,right_lip55_y,lip_center_lower58_x,lip_center_lower58_y,trans_x,trans_y,trans_z,rot_x,rot_y,rot_z
0,0,-0.8077392578125284,6.0235137939453125,-4.1102294921875,-0.9419097900390341,-5.064918518066406,-7.171524047851534,4.879192352294929,-10.074752807617159,5.429199218750028,-3.181137084960909,-1.0394592285156534,6.258697509765653,0.9761581420898438,4.640090942382784,1.0885848999023438,4.463272094726506,5.648590087890611,0.9891166687011719,0.9389388486742976,-9.380836486816406,0.27358245849609375,1.6759529113769602,0.3437711000442505,-3.140350341796875,0.003686721669510007,0.0007501877844333787,0.0007501877844333787,-7.7298019889037,-1.4270990680572275,2.0030729443316115
