,Unnamed: 0,left_eyebrow_18x,left_eyebrow_18y,left_eyebrow_20x,left_eyebrow_20y,left_eyebrow_22x,left_eyebrow_22y,right_eyebrow_23x,right_eyebrow_23y,right_eyebrow_25x,right_eyebrow_25y,right_eyebrow_27x,right_eyebrow_27y,left_eye38_x,left_eye38_y,right_eye45_x,right_eye45_y,left_lip49_x,left_lip49_y,lip_center_upper52_x,lip_center_upper52_y,right_lip55_x,right_lip55_y,lip_center_lower58_x,lip_center_lower58_y,trans_x,trans_y,trans_z,rot_x,rot_y,rot_z
0,0,1.157485961914091,2.68853759765625,3.9669036865234375,7.379638671875,18.592948913574222,-2.6379547119140625,15.44399261474609,-4.3538055419921875,-0.5252075195312784,-10.01789855957037,-20.472732543945284,-21.8638916015625,-8.68662261962892,5.985504150390625,-7.715461730957017,7.134307861328125,-7.6663665771484375,-23.163299560546875,21.914362967014313,3.553386688232422,5.239326477050767,19.29937744140625,13.78065288066864,2.0048828125,0.0003787265159189701,-0.0018584392964840074,-0.0018584392964840074,0.17288653981453983,-32.05170833108893,1.2852772700167572
