,Unnamed: 0,left_eyebrow_18x,left_eyebrow_18y,left_eyebrow_20x,left_eyebrow_20y,left_eyebrow_22x,left_eyebrow_22y,right_eyebrow_23x,right_eyebrow_23y,right_eyebrow_25x,right_eyebrow_25y,right_eyebrow_27x,right_eyebrow_27y,left_eye38_x,left_eye38_y,right_eye45_x,right_eye45_y,left_lip49_x,left_lip49_y,lip_center_upper52_x,lip_center_upper52_y,right_lip55_x,right_lip55_y,lip_center_lower58_x,lip_center_lower58_y,trans_x,trans_y,trans_z,rot_x,rot_y,rot_z
0,0,-2.783859252929716,9.211395263671875,-1.028564453125,7.1371307373046875,5.952877044677734,-7.544448852539034,12.562755584716797,-9.188400268554659,7.059631347656278,-5.0071563720703125,-7.3730010986328125,-6.466201782226506,-4.335983276367173,6.301986694335909,-4.256004333496094,7.545181274414034,-1.9201583862304688,-13.866386413574219,13.245663158595562,-9.283267974853516,-9.21966552734375,14.308258056640625,10.317917108535767,0.10588836669921875,-0.004939259262755513,0.0003106296062469621,0.0003106296062469621,-9.330934201999312,-22.123061162880788,2.6360637574677224
