,Unnamed: 0,left_eyebrow_18x,left_eyebrow_18y,left_eyebrow_20x,left_eyebrow_20y,left_eyebrow_22x,left_eyebrow_22y,right_eyebrow_23x,right_eyebrow_23y,right_eyebrow_25x,right_eyebrow_25y,right_eyebrow_27x,right_eyebrow_27y,left_eye38_x,left_eye38_y,right_eye45_x,right_eye45_y,left_lip49_x,left_lip49_y,lip_center_upper52_x,lip_center_upper52_y,right_lip55_x,right_lip55_y,lip_center_lower58_x,lip_center_lower58_y,trans_x,trans_y,trans_z,rot_x,rot_y,rot_z
0,0,-1.134445190429716,-1.066162109375,-2.2744445800781534,1.22711181640625,-1.0866546630859446,-4.233093261718778,19.445827484130866,-8.577392578124972,10.506881713867188,-13.311859130859347,-10.679794311523438,-10.998641967773466,0.5822906494140625,9.145828247070312,-7.203765869140639,9.180648803710938,-9.8448486328125,-16.09297561645507,7.897098183631897,-4.037872314453132,-1.0480880737304688,10.018665313720703,7.838153123855591,-0.1434783935546875,-0.002719214593525976,0.011514537036418915,0.011514537036418915,-0.35020905621154164,-24.652211752758415,0.07827329394249252
