,Unnamed: 0,left_eyebrow_18x,left_eyebrow_18y,left_eyebrow_20x,left_eyebrow_20y,left_eyebrow_22x,left_eyebrow_22y,right_eyebrow_23x,right_eyebrow_23y,right_eyebrow_25x,right_eyebrow_25y,right_eyebrow_27x,right_eyebrow_27y,left_eye38_x,left_eye38_y,right_eye45_x,right_eye45_y,left_lip49_x,left_lip49_y,lip_center_upper52_x,lip_center_upper52_y,right_lip55_x,right_lip55_y,lip_center_lower58_x,lip_center_lower58_y,trans_x,trans_y,trans_z,rot_x,rot_y,rot_z
0,0,0.34619140625,-0.613800048828125,24.39629364013672,27.395553588867188,47.92387191951275,8.376480102539062,14.653526306152344,15.423233032226562,-11.982589721679702,7.811096191406222,-38.9730224609375,-41.81372070312506,-4.984123229980469,1.2774047851562216,-13.124244689941406,2.811431884765625,-17.940414428710938,-21.710086822509773,39.126272201538086,16.277366638183594,-22.40325164794922,27.801776885986328,22.077079296112064,12.50531005859375,-0.02033990272320807,0.011651206761598584,0.011651206761598584,1.7453836017932924,-41.92981794078121,-5.613972980801894
