,Unnamed: 0,left_eyebrow_18x,left_eyebrow_18y,left_eyebrow_20x,left_eyebrow_20y,left_eyebrow_22x,left_eyebrow_22y,right_eyebrow_23x,right_eyebrow_23y,right_eyebrow_25x,right_eyebrow_25y,right_eyebrow_27x,right_eyebrow_27y,left_eye38_x,left_eye38_y,right_eye45_x,right_eye45_y,left_lip49_x,left_lip49_y,lip_center_upper52_x,lip_center_upper52_y,right_lip55_x,right_lip55_y,lip_center_lower58_x,lip_center_lower58_y,trans_x,trans_y,trans_z,rot_x,rot_y,rot_z
0,0,-5.2204132080078125,0.5327606201171591,19.556663513183608,20.508026123046847,46.93177175521851,22.146194458007784,6.023933410644538,20.14520263671875,-4.087722778320341,1.5269622802734375,-18.67132568359372,-32.71977233886719,-1.6641082763671733,-14.45355224609375,-19.01813507080078,-15.510391235351562,-12.50640869140625,-19.67536163330078,28.428021907806396,28.90365219116211,-20.39423370361328,23.763965606689446,20.200045585632324,27.19879913330078,-0.019858891144394875,0.011266827583312988,0.011266827583312988,8.836509274666286,-41.937877654551016,-4.3854960430171825
