,Unnamed: 0,left_eyebrow_18x,left_eyebrow_18y,left_eyebrow_20x,left_eyebrow_20y,left_eyebrow_22x,left_eyebrow_22y,right_eyebrow_23x,right_eyebrow_23y,right_eyebrow_25x,right_eyebrow_25y,right_eyebrow_27x,right_eyebrow_27y,left_eye38_x,left_eye38_y,right_eye45_x,right_eye45_y,left_lip49_x,left_lip49_y,lip_center_upper52_x,lip_center_upper52_y,right_lip55_x,right_lip55_y,lip_center_lower58_x,lip_center_lower58_y,trans_x,trans_y,trans_z,rot_x,rot_y,rot_z
0,0,-1.5825500488280966,8.66607666015625,3.6210021972656534,15.004287719726562,14.154987335205082,5.2585296630859375,4.177845001220703,7.875411987304659,-5.668792724609375,8.238159179687472,-7.8292236328125,-7.677764892578125,-5.5088653564453125,-0.8705139160155966,-7.37823486328125,-1.299850463867216,-5.380760192871108,-14.933273315429702,16.25088334083557,6.8504638671875,-0.6071624755859375,14.041206359863281,13.771757602691649,8.536277770996094,0.015438004862517118,-0.018076647073030472,-0.018076647073030472,2.2049756793946704,-40.885783066571776,-0.9125920628592346
