,Unnamed: 0,left_eyebrow_18x,left_eyebrow_18y,left_eyebrow_20x,left_eyebrow_20y,left_eyebrow_22x,left_eyebrow_22y,right_eyebrow_23x,right_eyebrow_23y,right_eyebrow_25x,right_eyebrow_25y,right_eyebrow_27x,right_eyebrow_27y,left_eye38_x,left_eye38_y,right_eye45_x,right_eye45_y,left_lip49_x,left_lip49_y,lip_center_upper52_x,lip_center_upper52_y,right_lip55_x,right_lip55_y,lip_center_lower58_x,lip_center_lower58_y,trans_x,trans_y,trans_z,rot_x,rot_y,rot_z
0,0,2.947845458984375,-8.302932739257756,18.91159057617186,19.37554931640625,20.164690017700195,7.295471191406222,5.745201110839844,9.269378662109403,-8.691055297851562,3.3953399658203125,-16.23919677734375,-25.22406005859378,-5.5641326904296875,0.6633758544921591,-4.7261505126953125,-0.875244140625,-9.013198852539062,-8.210590362548835,19.184635162353516,10.437389373779297,5.9351806640625,21.658061981201172,14.733209133148193,2.1962356567382812,-0.0017129406915046272,0.0022461265325546265,0.0022461265325546265,1.574054548255166,-24.66691199051076,-2.2663285543159932
