,Unnamed: 0,left_eyebrow_18x,left_eyebrow_18y,left_eyebrow_20x,left_eyebrow_20y,left_eyebrow_22x,left_eyebrow_22y,right_eyebrow_23x,right_eyebrow_23y,right_eyebrow_25x,right_eyebrow_25y,right_eyebrow_27x,right_eyebrow_27y,left_eye38_x,left_eye38_y,right_eye45_x,right_eye45_y,left_lip49_x,left_lip49_y,lip_center_upper52_x,lip_center_upper52_y,right_lip55_x,right_lip55_y,lip_center_lower58_x,lip_center_lower58_y,trans_x,trans_y,trans_z,rot_x,rot_y,rot_z
0,0,0.2680206298828125,8.035324096679688,11.905876159667969,9.380355834960966,32.12952309846878,2.840560913085909,27.895275115966797,9.221221923828153,5.030960083007841,-3.850479125976591,-30.964935302734375,-21.023223876953125,-7.634788513183608,-1.1508636474609375,-18.352890014648438,-5.157501220703125,-19.203994750976562,-18.9443359375,25.199991226196286,11.497756958007805,-21.779869079589844,22.661739349365227,17.2125244140625,17.712005615234375,-0.004307430936023592,0.0036290250718593597,0.0036290250718593597,7.214814291926831,-47.65044095737392,-0.7197759795445178
