,Unnamed: 0,left_eyebrow_18x,left_eyebrow_18y,left_eyebrow_20x,left_eyebrow_20y,left_eyebrow_22x,left_eyebrow_22y,right_eyebrow_23x,right_eyebrow_23y,right_eyebrow_25x,right_eyebrow_25y,right_eyebrow_27x,right_eyebrow_27y,left_eye38_x,left_eye38_y,right_eye45_x,right_eye45_y,left_lip49_x,left_lip49_y,lip_center_upper52_x,lip_center_upper52_y,right_lip55_x,right_lip55_y,lip_center_lower58_x,lip_center_lower58_y,trans_x,trans_y,trans_z,rot_x,rot_y,rot_z
0,0,-7.150543212890597,11.371643066406278,2.8552932739258097,1.3981933593749432,23.66411113739013,-6.776062011718722,30.183937072753892,-2.9637298583984375,7.480010986328153,-14.920745849609347,-28.242172241210938,-21.672088623046875,4.673141479492202,-1.4382781982421875,-20.90190887451172,1.1276092529296875,-25.837005615234375,-31.413349151611328,29.116227865219116,2.8201026916503906,-25.435569763183594,1.3644866943359233,17.352949857711792,21.78260040283203,-0.015230514109134674,-0.004277186468243599,-0.004277186468243599,-1.8427198398574145,-40.65777206533035,-1.7994894024934645
