,Unnamed: 0,left_eyebrow_18x,left_eyebrow_18y,left_eyebrow_20x,left_eyebrow_20y,left_eyebrow_22x,left_eyebrow_22y,right_eyebrow_23x,right_eyebrow_23y,right_eyebrow_25x,right_eyebrow_25y,right_eyebrow_27x,right_eyebrow_27y,left_eye38_x,left_eye38_y,right_eye45_x,right_eye45_y,left_lip49_x,left_lip49_y,lip_center_upper52_x,lip_center_upper52_y,right_lip55_x,right_lip55_y,lip_center_lower58_x,lip_center_lower58_y,trans_x,trans_y,trans_z,rot_x,rot_y,rot_z
0,0,-10.282989501953068,11.662216186523409,11.5948486328125,10.717071533203153,42.607200145721436,-1.158615112304659,17.7182846069336,4.56842041015625,1.0605087280273438,-1.618270874023466,-29.69805908203122,-18.76060485839841,0.201141357421875,0.74853515625,-18.42124176025392,-1.3867645263671875,-4.815780639648452,-14.546123504638665,33.89033165946602,6.944694519042969,-42.82130432128906,12.944343566894524,21.778088927268985,17.976562499999986,-0.02234602789394557,0.00781776383519172,0.00781776383519172,-8.271857946855402,-42.879891655851544,-5.014148055445789
