,Unnamed: 0,left_eyebrow_18x,left_eyebrow_18y,left_eyebrow_20x,left_eyebrow_20y,left_eyebrow_22x,left_eyebrow_22y,right_eyebrow_23x,right_eyebrow_23y,right_eyebrow_25x,right_eyebrow_25y,right_eyebrow_27x,right_eyebrow_27y,left_eye38_x,left_eye38_y,right_eye45_x,right_eye45_y,left_lip49_x,left_lip49_y,lip_center_upper52_x,lip_center_upper52_y,right_lip55_x,right_lip55_y,lip_center_lower58_x,lip_center_lower58_y,trans_x,trans_y,trans_z,rot_x,rot_y,rot_z
0,0,-0.5980682373046875,-5.0314788818359375,0.2522125244140625,3.056594848632841,-5.130771636962891,7.391433715820284,5.147533416748047,4.038497924804716,0.7238159179687216,4.1015625,2.320648193359318,-3.4504547119140625,0.1537933349609233,-1.1104736328125,0.8918609619140625,-0.3630828857421875,5.8308029174804545,-0.8979377746582031,-0.9194993972778325,-3.6024703979492188,-5.65827178955081,-1.5335693359375,0.059188902378082275,7.541679382324219,-0.004743416560813785,-0.003411773592233658,-0.003411773592233658,2.3001684382822836,5.4018754360599885,-0.9828689168870408
