,Unnamed: 0,left_eyebrow_18x,left_eyebrow_18y,left_eyebrow_20x,left_eyebrow_20y,left_eyebrow_22x,left_eyebrow_22y,right_eyebrow_23x,right_eyebrow_23y,right_eyebrow_25x,right_eyebrow_25y,right_eyebrow_27x,right_eyebrow_27y,left_eye38_x,left_eye38_y,right_eye45_x,right_eye45_y,left_lip49_x,left_lip49_y,lip_center_upper52_x,lip_center_upper52_y,right_lip55_x,right_lip55_y,lip_center_lower58_x,lip_center_lower58_y,trans_x,trans_y,trans_z,rot_x,rot_y,rot_z
0,0,7.078674316406222,-4.32415771484375,1.8182373046875,1.714813232421875,-6.7337493896484375,4.936584472656222,3.5951156616210938,11.121078491210966,-4.416259765625,8.923553466796875,-4.77618408203125,-2.809173583984375,-0.24088287353517046,-5.6536712646484375,0.764312744140625,-5.4277496337890625,-5.7644424438476705,3.7546424865722656,-1.6787753403186798,2.9708366394042898,8.038169860839844,-0.7104415893554688,-1.6709420680999756,15.887954711914048,-0.00602818257175386,-0.008998394012451172,-0.008998394012451172,5.624725086808713,7.449409143269802,0.9664260564234679
