,Unnamed: 0,left_eyebrow_18x,left_eyebrow_18y,left_eyebrow_20x,left_eyebrow_20y,left_eyebrow_22x,left_eyebrow_22y,right_eyebrow_23x,right_eyebrow_23y,right_eyebrow_25x,right_eyebrow_25y,right_eyebrow_27x,right_eyebrow_27y,left_eye38_x,left_eye38_y,right_eye45_x,right_eye45_y,left_lip49_x,left_lip49_y,lip_center_upper52_x,lip_center_upper52_y,right_lip55_x,right_lip55_y,lip_center_lower58_x,lip_center_lower58_y,trans_x,trans_y,trans_z,rot_x,rot_y,rot_z
0,0,-0.9657745361328125,7.521728515625057,5.087432861328153,21.022216796875,15.668497085571289,0.13973999023434658,14.038887023925774,-6.2339019775390625,4.777282714843722,-0.6415252685546875,-12.811859130859347,-10.545547485351562,-7.807540893554702,2.8357543945312216,-7.791831970214844,0.4494018554687216,-6.333534240722685,-23.067077636718757,16.617571592330933,-4.506755828857422,-12.307975769042969,10.768280029296875,13.033132717013359,9.064262390136719,0.004094656091183422,-0.017893664538860307,-0.017893664538860307,-1.021076794560786,-30.64147916119384,0.8122698434352387
