,Unnamed: 0,left_eyebrow_18x,left_eyebrow_18y,left_eyebrow_20x,left_eyebrow_20y,left_eyebrow_22x,left_eyebrow_22y,right_eyebrow_23x,right_eyebrow_23y,right_eyebrow_25x,right_eyebrow_25y,right_eyebrow_27x,right_eyebrow_27y,left_eye38_x,left_eye38_y,right_eye45_x,right_eye45_y,left_lip49_x,left_lip49_y,lip_center_upper52_x,lip_center_upper52_y,right_lip55_x,right_lip55_y,lip_center_lower58_x,lip_center_lower58_y,trans_x,trans_y,trans_z,rot_x,rot_y,rot_z
0,0,1.731475830078125,1.5511322021484375,4.123504638671875,8.86773681640625,3.6688919067382884,5.3161163330078125,-5.403621673583988,5.6729736328125,-8.451286315917983,9.876693725585938,-4.696838378906278,-0.4445343017578125,0.11682891845703125,-0.8233642578124716,-1.6824417114257812,-1.2526245117187216,-5.0976638793945455,-0.8477478027343892,2.652248878031969,4.578289031982422,10.693817138671875,2.0522918701171875,1.036211110651493,4.557273864746094,0.0017007729038596153,-0.007810648530721664,-0.007810648530721664,3.294515592148195,-2.91774049886836,-0.7354187148803886
