,Unnamed: 0,left_eyebrow_18x,left_eyebrow_18y,left_eyebrow_20x,left_eyebrow_20y,left_eyebrow_22x,left_eyebrow_22y,right_eyebrow_23x,right_eyebrow_23y,right_eyebrow_25x,right_eyebrow_25y,right_eyebrow_27x,right_eyebrow_27y,left_eye38_x,left_eye38_y,right_eye45_x,right_eye45_y,left_lip49_x,left_lip49_y,lip_center_upper52_x,lip_center_upper52_y,right_lip55_x,right_lip55_y,lip_center_lower58_x,lip_center_lower58_y,trans_x,trans_y,trans_z,rot_x,rot_y,rot_z
0,0,-4.486419677734375,-2.3665008544921875,20.85192108154297,19.98010253906247,31.849958419799805,15.805068969726562,11.38873291015625,15.101837158203182,-7.2863616943359375,11.247512817382756,-21.58038330078128,-29.781295776367188,-3.9312286376953125,-0.5261993408202841,-13.37188720703125,-3.6420745849609375,-20.94416046142578,-19.900218963623054,20.076576709747314,10.196125030517585,-6.615966796875,24.37215805053711,12.102019309997559,9.084152221679688,-0.025735119357705113,0.014519920572638512,0.014519920572638512,9.85368630157985,-30.938841717546715,-2.8039905467861224
