,Unnamed: 0,left_eyebrow_18x,left_eyebrow_18y,left_eyebrow_20x,left_eyebrow_20y,left_eyebrow_22x,left_eyebrow_22y,right_eyebrow_23x,right_eyebrow_23y,right_eyebrow_25x,right_eyebrow_25y,right_eyebrow_27x,right_eyebrow_27y,left_eye38_x,left_eye38_y,right_eye45_x,right_eye45_y,left_lip49_x,left_lip49_y,lip_center_upper52_x,lip_center_upper52_y,right_lip55_x,right_lip55_y,lip_center_lower58_x,lip_center_lower58_y,trans_x,trans_y,trans_z,rot_x,rot_y,rot_z
0,0,-7.86993408203125,-9.401916503906278,23.48064422607422,11.517196655273438,43.46542376279831,9.654449462890625,37.82476806640625,3.9079742431640057,-6.2506103515625,-0.5745697021484375,-55.93119812011719,-40.20857238769531,1.1366271972656108,11.147872924804688,-18.122161865234375,15.462905883789062,-13.287857055664062,-15.154151916503913,39.24103891849518,4.999301910400391,-19.171798706054688,16.350299835205085,19.53922164440155,19.439109802246094,-0.017592333257198334,0.010709311813116074,0.010709311813116074,4.843811236079752,-38.55830300425745,-3.4140764530580463
