,Unnamed: 0,left_eyebrow_18x,left_eyebrow_18y,left_eyebrow_20x,left_eyebrow_20y,left_eyebrow_22x,left_eyebrow_22y,right_eyebrow_23x,right_eyebrow_23y,right_eyebrow_25x,right_eyebrow_25y,right_eyebrow_27x,right_eyebrow_27y,left_eye38_x,left_eye38_y,right_eye45_x,right_eye45_y,left_lip49_x,left_lip49_y,lip_center_upper52_x,lip_center_upper52_y,right_lip55_x,right_lip55_y,lip_center_lower58_x,lip_center_lower58_y,trans_x,trans_y,trans_z,rot_x,rot_y,rot_z
0,0,1.7779083251953125,-2.044631958007841,1.601715087890625,5.347183227539034,0.8019447326660156,0.465179443359375,1.3110923767089844,-6.85888671875,0.01922607421872158,-3.2227630615234375,-3.4315948486328125,-1.564743041992159,1.0628890991210795,3.58477783203125,-0.43430328369140625,5.5050201416015625,-2.1172714233398438,-0.8690528869628906,0.20048296451568604,-4.286836624145511,4.970130920410156,-1.0016517639160227,-1.9923343062400818,4.376823425292969,-0.0003823437727987766,0.005022838711738586,0.005022838711738586,-0.3070359598847805,2.7512186828031218,1.916904701436661
