,Unnamed: 0,left_eyebrow_18x,left_eyebrow_18y,left_eyebrow_20x,left_eyebrow_20y,left_eyebrow_22x,left_eyebrow_22y,right_eyebrow_23x,right_eyebrow_23y,right_eyebrow_25x,right_eyebrow_25y,right_eyebrow_27x,right_eyebrow_27y,left_eye38_x,left_eye38_y,right_eye45_x,right_eye45_y,left_lip49_x,left_lip49_y,lip_center_upper52_x,lip_center_upper52_y,right_lip55_x,right_lip55_y,lip_center_lower58_x,lip_center_lower58_y,trans_x,trans_y,trans_z,rot_x,rot_y,rot_z
0,0,7.13671875,7.693237304687528,-5.243576049804659,-10.453475952148409,-8.601154327392578,-19.193984985351534,4.453144073486328,-18.79302978515622,7.050140380859347,-9.520660400390625,-4.6021270751953125,8.822799682617216,4.1584320068359375,6.869079589843778,-2.3512420654296875,7.6722869873046875,-14.4139404296875,-0.9378776550292969,0.4542512893676758,-5.287147521972649,13.474517822265625,-4.850627899169915,1.2065022587776184,-2.157966613769517,-0.0014100909465923905,0.0011687129735946655,0.0011687129735946655,-9.444311436154477,1.4588658924726834,-0.29634243776218605
