,Unnamed: 0,left_eyebrow_18x,left_eyebrow_18y,left_eyebrow_20x,left_eyebrow_20y,left_eyebrow_22x,left_eyebrow_22y,right_eyebrow_23x,right_eyebrow_23y,right_eyebrow_25x,right_eyebrow_25y,right_eyebrow_27x,right_eyebrow_27y,left_eye38_x,left_eye38_y,right_eye45_x,right_eye45_y,left_lip49_x,left_lip49_y,lip_center_upper52_x,lip_center_upper52_y,right_lip55_x,right_lip55_y,lip_center_lower58_x,lip_center_lower58_y,trans_x,trans_y,trans_z,rot_x,rot_y,rot_z
0,0,0.8828887939453125,-2.820999145507841,9.072319030761719,13.021087646484403,14.296424865722656,4.6684112548828125,19.074638366699205,-5.751556396484403,8.763076782226534,-9.119140625,-14.492843627929688,-17.153305053710966,-5.453704833984389,7.297210693359375,-6.951210021972656,8.810867309570312,-11.246246337890625,-15.283729553222663,9.756161332130432,-1.2639122009277344,-3.7509307861328125,11.05189132690429,7.9673460721969604,7.956932067871094,-0.0023821786817279644,0.0021289847791194985,0.0021289847791194985,0.988162287013381,-22.439975952355447,1.2971084266409172
