,Unnamed: 0,left_eyebrow_18x,left_eyebrow_18y,left_eyebrow_20x,left_eyebrow_20y,left_eyebrow_22x,left_eyebrow_22y,right_eyebrow_23x,right_eyebrow_23y,right_eyebrow_25x,right_eyebrow_25y,right_eyebrow_27x,right_eyebrow_27y,left_eye38_x,left_eye38_y,right_eye45_x,right_eye45_y,left_lip49_x,left_lip49_y,lip_center_upper52_x,lip_center_upper52_y,right_lip55_x,right_lip55_y,lip_center_lower58_x,lip_center_lower58_y,trans_x,trans_y,trans_z,rot_x,rot_y,rot_z
0,0,1.8236694335937216,-0.1422119140625,15.559364318847656,-0.229949951171875,21.2601375579834,-1.102508544921875,33.216251373291016,6.50604248046875,0.264190673828125,-4.993179321289034,-35.45271301269531,-33.66380310058591,-8.75907135009767,6.68243408203125,-14.427169799804688,10.775161743164062,-17.179603576660156,-19.341136932373047,34.492013454437256,3.628673553466797,-18.311943054199233,23.025100708007812,16.948824405670166,7.72406005859375,-0.01252525788731873,-0.021496955305337913,-0.021496955305337913,-9.395024194567336,-39.71359929903477,4.06216914138326
