,Unnamed: 0,left_eyebrow_18x,left_eyebrow_18y,left_eyebrow_20x,left_eyebrow_20y,left_eyebrow_22x,left_eyebrow_22y,right_eyebrow_23x,right_eyebrow_23y,right_eyebrow_25x,right_eyebrow_25y,right_eyebrow_27x,right_eyebrow_27y,left_eye38_x,left_eye38_y,right_eye45_x,right_eye45_y,left_lip49_x,left_lip49_y,lip_center_upper52_x,lip_center_upper52_y,right_lip55_x,right_lip55_y,lip_center_lower58_x,lip_center_lower58_y,trans_x,trans_y,trans_z,rot_x,rot_y,rot_z
0,0,0.8887481689452841,6.469390869140597,10.661346435546875,10.613677978515625,22.952939987182617,-6.279495239257841,27.781394958496094,-9.484237670898466,21.540359497070312,-7.423248291015597,-22.376129150390597,-21.896209716796875,-7.4453964233398295,8.394668579101534,-14.687881469726562,7.771560668945284,-15.276702880859375,-26.46004295349121,27.60595345497131,-4.6517448425293,-11.752021789550781,22.00757217407226,18.172523379325867,7.94952392578125,-0.023341288790106773,0.006688911467790604,0.006688911467790604,-16.438318101838483,-38.392824165666035,-0.3524853711969902
