,Unnamed: 0,left_eyebrow_18x,left_eyebrow_18y,left_eyebrow_20x,left_eyebrow_20y,left_eyebrow_22x,left_eyebrow_22y,right_eyebrow_23x,right_eyebrow_23y,right_eyebrow_25x,right_eyebrow_25y,right_eyebrow_27x,right_eyebrow_27y,left_eye38_x,left_eye38_y,right_eye45_x,right_eye45_y,left_lip49_x,left_lip49_y,lip_center_upper52_x,lip_center_upper52_y,right_lip55_x,right_lip55_y,lip_center_lower58_x,lip_center_lower58_y,trans_x,trans_y,trans_z,rot_x,rot_y,rot_z
0,0,16.666656494140625,-17.08581542968753,-7.978134155273409,-9.254669189453125,-17.90034675598144,1.2425537109375284,-16.440374374389645,-1.238525390625,-1.6419525146484375,7.188446044921847,0.4863433837890625,12.014755249023438,9.83746337890625,-3.613922119140625,7.094757080078139,-3.4159545898437216,19.319412231445312,16.533836364746094,-40.24349927902222,-1.791759490966804,10.122734069824205,-25.012653350830078,-20.923426866531376,22.5997314453125,0.013995001092553139,0.011529002338647842,0.011529002338647842,-3.6880250287843737,49.25151458648477,4.007227716536383
