,Unnamed: 0,left_eyebrow_18x,left_eyebrow_18y,left_eyebrow_20x,left_eyebrow_20y,left_eyebrow_22x,left_eyebrow_22y,right_eyebrow_23x,right_eyebrow_23y,right_eyebrow_25x,right_eyebrow_25y,right_eyebrow_27x,right_eyebrow_27y,left_eye38_x,left_eye38_y,right_eye45_x,right_eye45_y,left_lip49_x,left_lip49_y,lip_center_upper52_x,lip_center_upper52_y,right_lip55_x,right_lip55_y,lip_center_lower58_x,lip_center_lower58_y,trans_x,trans_y,trans_z,rot_x,rot_y,rot_z
0,0,6.079803466796875,-1.5455627441406818,-2.750144958496108,-5.813217163085909,-3.9939975738525426,-0.4353027343749716,-4.9066619873046875,-0.89208984375,0.3275756835937642,0.4196777343749716,0.1155242919921875,7.547088623046875,3.7894515991210795,-6.155715942382784,2.7434616088867188,-3.675201416015625,8.077003479003906,8.109794616699205,-15.528436183929445,-8.140304565429691,3.9326934814453125,-11.677947998046875,-12.050471544265747,18.61072540283203,-0.0009426437318325034,-4.16934490203788e-05,-4.16934490203788e-05,-2.206985639825887,31.13454501474111,2.187217093038071
