,Unnamed: 0,left_eyebrow_18x,left_eyebrow_18y,left_eyebrow_20x,left_eyebrow_20y,left_eyebrow_22x,left_eyebrow_22y,right_eyebrow_23x,right_eyebrow_23y,right_eyebrow_25x,right_eyebrow_25y,right_eyebrow_27x,right_eyebrow_27y,left_eye38_x,left_eye38_y,right_eye45_x,right_eye45_y,left_lip49_x,left_lip49_y,lip_center_upper52_x,lip_center_upper52_y,right_lip55_x,right_lip55_y,lip_center_lower58_x,lip_center_lower58_y,trans_x,trans_y,trans_z,rot_x,rot_y,rot_z
0,0,9.945693969726562,-12.556045532226562,-8.142723083496122,-12.8131103515625,-18.70624542236328,-4.155364990234347,-7.306953430175778,0.0572967529296875,1.6993408203125,-1.4028930664062216,0.870361328125,3.445327758789091,4.227027893066406,1.5049591064453125,7.275138854980469,4.09869384765625,9.140731811523438,8.681976318359368,-18.29434061050415,-8.064514160156243,7.244613647460923,-13.960365295410156,-11.774966239929197,16.205696105957017,-0.004465075209736824,-0.007846359163522727,-0.007846359163522727,-0.5634220315042819,32.67990526911461,0.16821581406566066
