,Unnamed: 0,left_eyebrow_18x,left_eyebrow_18y,left_eyebrow_20x,left_eyebrow_20y,left_eyebrow_22x,left_eyebrow_22y,right_eyebrow_23x,right_eyebrow_23y,right_eyebrow_25x,right_eyebrow_25y,right_eyebrow_27x,right_eyebrow_27y,left_eye38_x,left_eye38_y,right_eye45_x,right_eye45_y,left_lip49_x,left_lip49_y,lip_center_upper52_x,lip_center_upper52_y,right_lip55_x,right_lip55_y,lip_center_lower58_x,lip_center_lower58_y,trans_x,trans_y,trans_z,rot_x,rot_y,rot_z
0,0,1.954330444335966,8.33575439453125,-3.7511291503906534,-11.332748413085966,-1.9938240051269531,-10.913986206054688,5.202800750732422,-12.857894897460909,5.640777587890625,-11.959701538085938,-5.132080078125,5.94378662109375,3.254150390625,0.763153076171875,-1.5803451538085938,1.893020629882841,-4.6511459350585795,-16.019855499267578,-3.7503921687602997,-15.527044296264641,4.024383544921875,-11.724117279052727,-1.7519280910491941,18.209068298339844,0.030819403007626534,0.04465998895466328,0.04465998895466328,-1.0193344809407412,-4.3967277737989345,0.610084869337206
