,Unnamed: 0,left_eyebrow_18x,left_eyebrow_18y,left_eyebrow_20x,left_eyebrow_20y,left_eyebrow_22x,left_eyebrow_22y,right_eyebrow_23x,right_eyebrow_23y,right_eyebrow_25x,right_eyebrow_25y,right_eyebrow_27x,right_eyebrow_27y,left_eye38_x,left_eye38_y,right_eye45_x,right_eye45_y,left_lip49_x,left_lip49_y,lip_center_upper52_x,lip_center_upper52_y,right_lip55_x,right_lip55_y,lip_center_lower58_x,lip_center_lower58_y,trans_x,trans_y,trans_z,rot_x,rot_y,rot_z
0,0,8.700286865234375,-2.0558776855468466,5.659225463867216,-2.3925933837890625,1.2741737365722656,-6.3961334228515625,7.9492149353027415,-10.748184204101591,4.6108245849609375,-10.125808715820312,-7.5424346923828125,-2.588485717773409,-2.2266464233398295,-0.9687042236328409,-2.173194885253892,-2.3208618164062216,-11.67598724365233,-6.463100433349609,3.680659770965576,-16.70957660675049,7.0280227661132955,-4.536933898925781,3.410212278366089,14.270828247070298,0.01869011041708291,-0.0013618767261505058,-0.0013618767261505058,-0.910913626243731,-17.786107882552976,2.7684685793554125
