,Unnamed: 0,left_eyebrow_18x,left_eyebrow_18y,left_eyebrow_20x,left_eyebrow_20y,left_eyebrow_22x,left_eyebrow_22y,right_eyebrow_23x,right_eyebrow_23y,right_eyebrow_25x,right_eyebrow_25y,right_eyebrow_27x,right_eyebrow_27y,left_eye38_x,left_eye38_y,right_eye45_x,right_eye45_y,left_lip49_x,left_lip49_y,lip_center_upper52_x,lip_center_upper52_y,right_lip55_x,right_lip55_y,lip_center_lower58_x,lip_center_lower58_y,trans_x,trans_y,trans_z,rot_x,rot_y,rot_z
0,0,2.841323852539034,-6.1953582763671875,-9.12889862060544,-8.358795166015653,-11.961456298828125,-3.9417724609375,0.7352981567382812,-5.208480834960909,2.3370437622070597,-0.03688049316400566,0.8186950683594034,4.150634765625,5.6150970458984375,-1.097946166992216,3.273223876953111,-1.9789428710937216,8.059982299804688,7.95904541015625,-18.602723717689514,-20.778484344482425,-0.490264892578125,-8.022777557373047,-11.508928537368774,14.474662780761719,0.011150678852573035,-0.00032854825258255005,-0.00032854825258255005,-7.922474608968923,24.100328973396827,3.4816133971180734
