,Unnamed: 0,left_eyebrow_18x,left_eyebrow_18y,left_eyebrow_20x,left_eyebrow_20y,left_eyebrow_22x,left_eyebrow_22y,right_eyebrow_23x,right_eyebrow_23y,right_eyebrow_25x,right_eyebrow_25y,right_eyebrow_27x,right_eyebrow_27y,left_eye38_x,left_eye38_y,right_eye45_x,right_eye45_y,left_lip49_x,left_lip49_y,lip_center_upper52_x,lip_center_upper52_y,right_lip55_x,right_lip55_y,lip_center_lower58_x,lip_center_lower58_y,trans_x,trans_y,trans_z,rot_x,rot_y,rot_z
0,0,23.38594055175787,-32.55583190917969,-10.016632080078153,-12.39093017578125,-25.724224090576186,2.1177520751953125,-21.388792037963867,-3.4563751220703125,-5.3718719482421875,4.1917572021484375,-1.8280029296875,3.3333892822265625,25.005958557128906,0.6591949462890341,10.363594055175781,6.264282226562528,29.310371398925795,23.141132354736328,-42.605854988098145,12.401245117187507,0.602394104003892,-26.92676544189453,-20.65582764148712,19.679298400878906,0.0381902065128088,0.04963725060224533,0.04963725060224533,7.562492801861103,52.48613306968592,8.995761177220867
