,Unnamed: 0,left_eyebrow_18x,left_eyebrow_18y,left_eyebrow_20x,left_eyebrow_20y,left_eyebrow_22x,left_eyebrow_22y,right_eyebrow_23x,right_eyebrow_23y,right_eyebrow_25x,right_eyebrow_25y,right_eyebrow_27x,right_eyebrow_27y,left_eye38_x,left_eye38_y,right_eye45_x,right_eye45_y,left_lip49_x,left_lip49_y,lip_center_upper52_x,lip_center_upper52_y,right_lip55_x,right_lip55_y,lip_center_lower58_x,lip_center_lower58_y,trans_x,trans_y,trans_z,rot_x,rot_y,rot_z
0,0,15.820114135742244,-13.347610473632812,-4.285476684570341,-14.943649291992188,-15.639232635498047,-7.5455322265625,-9.042732238769531,-9.826339721679688,1.1571044921875,-1.8056640625,-1.0237426757812216,6.42645263671875,9.512359619140625,3.8814697265624716,6.534385681152344,5.938888549804716,5.8845596313476705,1.452117919921882,-20.744080543518066,-10.306501388549798,14.182357788085938,-29.920024871826172,-11.86950409412384,22.00959014892578,0.01704000122845173,0.04542944394052029,0.04542944394052029,3.0298678105945487,40.942405572468694,1.497813473856629
