,Unnamed: 0,left_eyebrow_18x,left_eyebrow_18y,left_eyebrow_20x,left_eyebrow_20y,left_eyebrow_22x,left_eyebrow_22y,right_eyebrow_23x,right_eyebrow_23y,right_eyebrow_25x,right_eyebrow_25y,right_eyebrow_27x,right_eyebrow_27y,left_eye38_x,left_eye38_y,right_eye45_x,right_eye45_y,left_lip49_x,left_lip49_y,lip_center_upper52_x,lip_center_upper52_y,right_lip55_x,right_lip55_y,lip_center_lower58_x,lip_center_lower58_y,trans_x,trans_y,trans_z,rot_x,rot_y,rot_z
0,0,9.161270141601562,-11.643386840820312,-1.3296813964844034,-3.1339111328124716,-7.264026641845703,2.2632598876953125,-7.607364654541016,-1.3398590087890625,-2.789505004882841,3.5088958740234375,0.4039459228515625,1.7706451416015625,5.801979064941406,-4.565902709960966,4.424713134765625,-0.3409271240234091,5.4908828735351705,7.924488067626953,-19.251362800598145,-8.469573974609368,4.529624938964858,-15.273777008056634,-12.3188716173172,14.95822143554686,0.02174416370689869,0.036093421280384064,0.036093421280384064,3.972662290226312,37.726686841760234,4.42129164681847
