,Unnamed: 0,left_eyebrow_18x,left_eyebrow_18y,left_eyebrow_20x,left_eyebrow_20y,left_eyebrow_22x,left_eyebrow_22y,right_eyebrow_23x,right_eyebrow_23y,right_eyebrow_25x,right_eyebrow_25y,right_eyebrow_27x,right_eyebrow_27y,left_eye38_x,left_eye38_y,right_eye45_x,right_eye45_y,left_lip49_x,left_lip49_y,lip_center_upper52_x,lip_center_upper52_y,right_lip55_x,right_lip55_y,lip_center_lower58_x,lip_center_lower58_y,trans_x,trans_y,trans_z,rot_x,rot_y,rot_z
0,0,4.411376953124972,-4.2580108642578125,-2.4317169189453125,-7.0644073486328125,-4.768489837646477,-3.8697052001953125,-3.6155967712402273,-0.5474700927734375,-0.67041015625,2.05810546875,-1.471649169921875,0.3996887207031534,-0.08705902099609375,-1.200286865234375,0.3453674316406108,-1.0908660888671875,1.1048660278320312,6.65704345703125,1.1600967645645142,-7.576944351196289,5.048957824707031,0.15771102905273438,-0.12488305568695046,6.303672790527358,-0.00286688469350338,0.024129655212163918,0.024129655212163918,-1.7565950502705447,3.8016430217968282,0.45346759409765236
