,Unnamed: 0,left_eyebrow_18x,left_eyebrow_18y,left_eyebrow_20x,left_eyebrow_20y,left_eyebrow_22x,left_eyebrow_22y,right_eyebrow_23x,right_eyebrow_23y,right_eyebrow_25x,right_eyebrow_25y,right_eyebrow_27x,right_eyebrow_27y,left_eye38_x,left_eye38_y,right_eye45_x,right_eye45_y,left_lip49_x,left_lip49_y,lip_center_upper52_x,lip_center_upper52_y,right_lip55_x,right_lip55_y,lip_center_lower58_x,lip_center_lower58_y,trans_x,trans_y,trans_z,rot_x,rot_y,rot_z
0,0,1.0440673828125,5.492355346679631,-0.251373291015625,0.1270294189453125,3.323589324951179,-2.0399322509765057,1.3539466857910227,-1.77032470703125,1.3924560546875426,-2.3313751220703693,-1.1916198730469034,3.5978240966796875,-0.718971252441392,-6.23236083984375,-2.691162109375,-5.118820190429716,1.762725830078125,-4.080924987792969,0.09631538391113281,-9.094146728515632,-2.2403106689453125,-1.435192108154304,-0.23781180381774902,15.537490844726577,0.005663337185978888,0.005117055028676987,0.005117055028676987,-0.5499716751463932,-6.9432389753425845,0.8403844423000244
