,Unnamed: 0,left_eyebrow_18x,left_eyebrow_18y,left_eyebrow_20x,left_eyebrow_20y,left_eyebrow_22x,left_eyebrow_22y,right_eyebrow_23x,right_eyebrow_23y,right_eyebrow_25x,right_eyebrow_25y,right_eyebrow_27x,right_eyebrow_27y,left_eye38_x,left_eye38_y,right_eye45_x,right_eye45_y,left_lip49_x,left_lip49_y,lip_center_upper52_x,lip_center_upper52_y,right_lip55_x,right_lip55_y,lip_center_lower58_x,lip_center_lower58_y,trans_x,trans_y,trans_z,rot_x,rot_y,rot_z
0,0,14.679031372070312,-24.242919921875,-2.548583984375,-0.13314819335940342,-20.310573577880866,3.57330322265625,-13.212858200073232,6.148284912109375,-7.70501708984375,12.483963012695312,-1.299392700195284,-0.70703125,3.4528350830078125,4.1327972412109375,4.385757446289048,3.416717529296875,6.12799072265625,18.07522201538086,-17.618043899536133,-7.014522552490234,13.15972900390625,-11.48373031616211,-8.817502140998842,7.3638153076171875,0.007531779818236828,0.020410291850566857,0.020410291850566857,-1.4660238923473912,26.490426557109107,3.003202248374861
