,Unnamed: 0,left_eyebrow_18x,left_eyebrow_18y,left_eyebrow_20x,left_eyebrow_20y,left_eyebrow_22x,left_eyebrow_22y,right_eyebrow_23x,right_eyebrow_23y,right_eyebrow_25x,right_eyebrow_25y,right_eyebrow_27x,right_eyebrow_27y,left_eye38_x,left_eye38_y,right_eye45_x,right_eye45_y,left_lip49_x,left_lip49_y,lip_center_upper52_x,lip_center_upper52_y,right_lip55_x,right_lip55_y,lip_center_lower58_x,lip_center_lower58_y,trans_x,trans_y,trans_z,rot_x,rot_y,rot_z
0,0,-0.8264312744140625,2.1327667236328125,-6.276466369628878,-2.5352783203125,-6.392982482910163,-5.7578125,9.52481460571289,-6.085983276367159,5.744560241699219,-5.647994995117159,-4.609695434570284,0.5873565673827841,-1.1745529174804545,-0.1337890625,0.6327209472656392,-2.4961395263671875,4.966606140136719,-3.429546356201172,3.5437320470809937,-23.84089183807373,-3.76605224609375,4.794033050537109,3.4419019222259526,12.585655212402344,0.013403702760115264,0.005861096084117896,0.005861096084117896,-6.986883355024081,-12.465262683741697,2.020233569297446
