,Unnamed: 0,left_eyebrow_18x,left_eyebrow_18y,left_eyebrow_20x,left_eyebrow_20y,left_eyebrow_22x,left_eyebrow_22y,right_eyebrow_23x,right_eyebrow_23y,right_eyebrow_25x,right_eyebrow_25y,right_eyebrow_27x,right_eyebrow_27y,left_eye38_x,left_eye38_y,right_eye45_x,right_eye45_y,left_lip49_x,left_lip49_y,lip_center_upper52_x,lip_center_upper52_y,right_lip55_x,right_lip55_y,lip_center_lower58_x,lip_center_lower58_y,trans_x,trans_y,trans_z,rot_x,rot_y,rot_z
0,0,4.64654541015625,-4.998016357421875,-10.377342224121122,-12.374984741210938,-11.659904479980469,-7.808380126953125,-11.514371871948246,-7.663726806640625,2.5089874267578125,-1.957931518554659,2.317855834960909,11.061187744140682,4.41632080078125,0.0738525390625,5.403579711914077,1.4953460693359375,11.892631530761719,13.861148834228523,-15.75514841079712,-12.194869995117188,8.018882751464844,-9.486431121826165,-7.011166572570801,9.641105651855469,-0.0015220018103718758,0.001005258411169059,0.001005258411169059,-7.0066508979604265,27.457020755530444,-1.3767483896078958
