,Unnamed: 0,left_eyebrow_18x,left_eyebrow_18y,left_eyebrow_20x,left_eyebrow_20y,left_eyebrow_22x,left_eyebrow_22y,right_eyebrow_23x,right_eyebrow_23y,right_eyebrow_25x,right_eyebrow_25y,right_eyebrow_27x,right_eyebrow_27y,left_eye38_x,left_eye38_y,right_eye45_x,right_eye45_y,left_lip49_x,left_lip49_y,lip_center_upper52_x,lip_center_upper52_y,right_lip55_x,right_lip55_y,lip_center_lower58_x,lip_center_lower58_y,trans_x,trans_y,trans_z,rot_x,rot_y,rot_z
0,0,11.354751586914091,-8.980117797851562,-11.780784606933594,-18.51495361328122,-18.74897384643554,-12.901885986328097,-15.426462173461918,-14.303497314453125,0.08504486083982954,-0.3658142089843466,1.403350830078125,14.724533081054716,9.283233642578125,3.310134887695341,7.772575378417969,3.9076995849609375,2.346679687500014,17.91980743408203,-20.587440490722656,-10.225763320922848,8.401092529296875,-19.494804382324226,-12.990905523300173,8.095077514648452,-0.0008623134344816201,-0.005260992795228958,-0.005260992795228958,-9.480217603985247,34.73327991027614,-0.4159819950006467
