,Unnamed: 0,left_eyebrow_18x,left_eyebrow_18y,left_eyebrow_20x,left_eyebrow_20y,left_eyebrow_22x,left_eyebrow_22y,right_eyebrow_23x,right_eyebrow_23y,right_eyebrow_25x,right_eyebrow_25y,right_eyebrow_27x,right_eyebrow_27y,left_eye38_x,left_eye38_y,right_eye45_x,right_eye45_y,left_lip49_x,left_lip49_y,lip_center_upper52_x,lip_center_upper52_y,right_lip55_x,right_lip55_y,lip_center_lower58_x,lip_center_lower58_y,trans_x,trans_y,trans_z,rot_x,rot_y,rot_z
0,0,5.98382568359375,4.7505645751953125,-11.48687744140625,-5.504638671874972,-17.69184112548828,-23.228317260742188,17.346294403076165,-21.92742919921875,8.345855712890625,-4.384063720703068,-4.7719268798828125,4.4964599609375,1.45361328125,16.691909790039062,-1.6896743774414062,16.531204223632784,-1.988883972167983,-4.360931396484368,2.879427030682564,-22.82275581359863,5.8099517822265625,-5.3824615478515625,2.1591665744781494,14.232978820800781,-0.00613154964230489,0.0026142904534935917,0.0026142904534935917,-15.44027850462998,5.06462117464062,-0.33991772488003225
