,Unnamed: 0,left_eyebrow_18x,left_eyebrow_18y,left_eyebrow_20x,left_eyebrow_20y,left_eyebrow_22x,left_eyebrow_22y,right_eyebrow_23x,right_eyebrow_23y,right_eyebrow_25x,right_eyebrow_25y,right_eyebrow_27x,right_eyebrow_27y,left_eye38_x,left_eye38_y,right_eye45_x,right_eye45_y,left_lip49_x,left_lip49_y,lip_center_upper52_x,lip_center_upper52_y,right_lip55_x,right_lip55_y,lip_center_lower58_x,lip_center_lower58_y,trans_x,trans_y,trans_z,rot_x,rot_y,rot_z
0,0,29.970367431640625,-37.5899353027344,-5.1385498046875,-7.646270751953125,-26.9420166015625,3.2623443603515625,-28.49262809753418,-4.29327392578125,-3.480323791503878,4.7010498046875,1.5606079101562784,5.36834716796875,18.67693328857422,-2.3898468017578125,8.92816162109375,1.6223144531250284,40.206546783447266,23.85211181640625,-35.68548631668091,3.4639930725097727,-8.025772094726562,-13.540424346923828,-18.565255939960476,23.037559509277344,0.023054792545735836,0.013486061245203011,0.013486061245203011,-1.7046204345810865,40.133276163065986,1.4465957229860609
