,Unnamed: 0,left_eyebrow_18x,left_eyebrow_18y,left_eyebrow_20x,left_eyebrow_20y,left_eyebrow_22x,left_eyebrow_22y,right_eyebrow_23x,right_eyebrow_23y,right_eyebrow_25x,right_eyebrow_25y,right_eyebrow_27x,right_eyebrow_27y,left_eye38_x,left_eye38_y,right_eye45_x,right_eye45_y,left_lip49_x,left_lip49_y,lip_center_upper52_x,lip_center_upper52_y,right_lip55_x,right_lip55_y,lip_center_lower58_x,lip_center_lower58_y,trans_x,trans_y,trans_z,rot_x,rot_y,rot_z
0,0,-1.7486267089843466,-0.5826873779297159,-10.259979248046847,-15.218643188476562,-15.084220886230469,-5.1812286376953125,15.76373291015625,-3.2545166015625,10.131378173828125,-13.288787841796932,-1.9372558593750284,-5.208282470703125,1.1305007934570312,4.106948852539091,1.8859176635742188,4.4722747802734375,3.7235183715820455,-13.428112030029297,6.373608544468879,-20.663188934326172,-9.066169738769531,-10.39230728149414,4.114805459976196,33.76987457275389,0.012428614892996848,-0.012990150600671761,-0.012990150600671761,-7.367482207678075,-15.052026857584986,-0.6363445643122088
