,Unnamed: 0,left_eyebrow_18x,left_eyebrow_18y,left_eyebrow_20x,left_eyebrow_20y,left_eyebrow_22x,left_eyebrow_22y,right_eyebrow_23x,right_eyebrow_23y,right_eyebrow_25x,right_eyebrow_25y,right_eyebrow_27x,right_eyebrow_27y,left_eye38_x,left_eye38_y,right_eye45_x,right_eye45_y,left_lip49_x,left_lip49_y,lip_center_upper52_x,lip_center_upper52_y,right_lip55_x,right_lip55_y,lip_center_lower58_x,lip_center_lower58_y,trans_x,trans_y,trans_z,rot_x,rot_y,rot_z
0,0,2.533050537109375,7.4441070556640625,-5.750694274902315,-11.093414306640625,-4.764263153076165,-15.657806396484347,-1.085174560546875,-15.795074462890653,6.690399169921861,-4.421661376953153,0.2576599121094034,13.396789550781278,-0.1521148681640625,3.83001708984375,3.8985824584960795,3.1202392578125,-0.8900451660156108,3.261188507080071,-3.7451313734054565,-13.952001571655273,2.1841888427734375,-4.69829177856446,-1.7676069736480713,5.4362335205078125,-0.009603554382920265,-0.002223268151283264,-0.002223268151283264,-9.872586973929174,8.287542759101413,-1.7230218397455026
