,Unnamed: 0,left_eyebrow_18x,left_eyebrow_18y,left_eyebrow_20x,left_eyebrow_20y,left_eyebrow_22x,left_eyebrow_22y,right_eyebrow_23x,right_eyebrow_23y,right_eyebrow_25x,right_eyebrow_25y,right_eyebrow_27x,right_eyebrow_27y,left_eye38_x,left_eye38_y,right_eye45_x,right_eye45_y,left_lip49_x,left_lip49_y,lip_center_upper52_x,lip_center_upper52_y,right_lip55_x,right_lip55_y,lip_center_lower58_x,lip_center_lower58_y,trans_x,trans_y,trans_z,rot_x,rot_y,rot_z
0,0,42.32872009277344,-21.243804931640653,-12.5072021484375,-21.76615905761716,-43.9360466003418,-13.188751220703153,-18.492863655090332,-5.276901245117159,2.8531646728515625,-7.690155029296932,8.426010131835909,8.920913696289062,13.454994201660156,5.1154022216796875,3.7442550659179545,7.311096191406222,30.70787048339845,6.031005859375,-35.41296820342541,-13.369491577148438,8.543693542480469,-22.12632369995118,-18.591466665267948,26.100830078125,0.012520472169853747,0.005140502005815506,0.005140502005815506,-7.258046778412475,45.46510453659783,0.9741324002358482
