,Unnamed: 0,left_eyebrow_18x,left_eyebrow_18y,left_eyebrow_20x,left_eyebrow_20y,left_eyebrow_22x,left_eyebrow_22y,right_eyebrow_23x,right_eyebrow_23y,right_eyebrow_25x,right_eyebrow_25y,right_eyebrow_27x,right_eyebrow_27y,left_eye38_x,left_eye38_y,right_eye45_x,right_eye45_y,left_lip49_x,left_lip49_y,lip_center_upper52_x,lip_center_upper52_y,right_lip55_x,right_lip55_y,lip_center_lower58_x,lip_center_lower58_y,trans_x,trans_y,trans_z,rot_x,rot_y,rot_z
0,0,46.97752380371094,-29.00004577636716,5.434211730957003,-4.180191040039091,-34.43083190917969,-1.2908782958984943,-16.314424514770508,-4.5888214111328125,-1.733245849609375,2.853851318359375,1.5647735595703125,4.553802490234347,15.2489013671875,12.667587280273438,3.49774169921875,3.41070556640625,21.1077880859375,8.578079223632812,-57.642681926488876,-11.5858154296875,8.0048828125,-23.118824005126953,-29.462036848068237,42.31840515136719,0.01595781603828073,-0.11557957902550697,-0.11557957902550697,2.3755050198007317,43.95938518192427,-172.3414959773424
