,Unnamed: 0,left_eyebrow_18x,left_eyebrow_18y,left_eyebrow_20x,left_eyebrow_20y,left_eyebrow_22x,left_eyebrow_22y,right_eyebrow_23x,right_eyebrow_23y,right_eyebrow_25x,right_eyebrow_25y,right_eyebrow_27x,right_eyebrow_27y,left_eye38_x,left_eye38_y,right_eye45_x,right_eye45_y,left_lip49_x,left_lip49_y,lip_center_upper52_x,lip_center_upper52_y,right_lip55_x,right_lip55_y,lip_center_lower58_x,lip_center_lower58_y,trans_x,trans_y,trans_z,rot_x,rot_y,rot_z
0,0,3.8689880371093466,-4.4505615234375,-4.349098205566378,-6.876998901367216,-8.35205459594727,-0.475830078125,8.409374237060547,-3.4304199218750284,4.272155761718778,-9.991851806640597,0.0916900634765625,-2.63043212890625,3.0432281494140625,4.370483398437528,-0.45034027099609375,3.5479125976562784,5.947708129882827,-2.3406143188476634,-2.6061554849147797,-9.92583847045898,-0.36724853515625,-9.020095825195327,-1.6299350261688232,16.392112731933608,-0.006990772089920939,-0.0086882710456848,-0.0086882710456848,-1.7570617261815424,7.6835823839274,0.4172410853227395
