,Unnamed: 0,left_eyebrow_18x,left_eyebrow_18y,left_eyebrow_20x,left_eyebrow_20y,left_eyebrow_22x,left_eyebrow_22y,right_eyebrow_23x,right_eyebrow_23y,right_eyebrow_25x,right_eyebrow_25y,right_eyebrow_27x,right_eyebrow_27y,left_eye38_x,left_eye38_y,right_eye45_x,right_eye45_y,left_lip49_x,left_lip49_y,lip_center_upper52_x,lip_center_upper52_y,right_lip55_x,right_lip55_y,lip_center_lower58_x,lip_center_lower58_y,trans_x,trans_y,trans_z,rot_x,rot_y,rot_z
0,0,3.236618041992216,1.54779052734375,0.2028350830078125,4.5996551513671875,-2.7079696655273438,-7.338287353515625,3.4229965209960866,-9.447677612304688,0.816436767578125,2.3043975830078693,-2.1243896484375284,0.3885650634765909,0.5786514282226562,3.1125793457030966,-0.5292510986327983,4.110137939453097,3.1857147216797017,-2.5970420837402273,-1.5019378662109375,-17.410106658935547,0.49788665771484375,-2.113262176513672,-0.48201465606689453,22.22315216064453,-0.006475974616478197,-0.001279633492231369,-0.001279633492231369,-9.3115536038756,5.805613112552781,0.020444477126984606
