,Unnamed: 0,left_eyebrow_18x,left_eyebrow_18y,left_eyebrow_20x,left_eyebrow_20y,left_eyebrow_22x,left_eyebrow_22y,right_eyebrow_23x,right_eyebrow_23y,right_eyebrow_25x,right_eyebrow_25y,right_eyebrow_27x,right_eyebrow_27y,left_eye38_x,left_eye38_y,right_eye45_x,right_eye45_y,left_lip49_x,left_lip49_y,lip_center_upper52_x,lip_center_upper52_y,right_lip55_x,right_lip55_y,lip_center_lower58_x,lip_center_lower58_y,trans_x,trans_y,trans_z,rot_x,rot_y,rot_z
0,0,20.403961181640625,-18.203033447265625,-14.606369018554688,-2.7471008300780966,-37.82130432128906,-15.989807128906222,1.1474571228027273,-15.879226684570312,-1.424774169921875,4.679000854492244,-6.574111938476591,0.3688964843750284,9.340362548828125,19.015716552734375,3.802062988281236,18.60093688964841,11.933143615722656,7.1181983947753835,-9.90897560119629,-20.293752670288082,21.794677734375,-19.454769134521484,-3.9520440101623535,20.350151062011705,-0.005425272320280783,-0.018145415931940086,-0.018145415931940086,-13.531573550135374,32.810259002430286,-2.4528122007639515
