,Unnamed: 0,left_eyebrow_18x,left_eyebrow_18y,left_eyebrow_20x,left_eyebrow_20y,left_eyebrow_22x,left_eyebrow_22y,right_eyebrow_23x,right_eyebrow_23y,right_eyebrow_25x,right_eyebrow_25y,right_eyebrow_27x,right_eyebrow_27y,left_eye38_x,left_eye38_y,right_eye45_x,right_eye45_y,left_lip49_x,left_lip49_y,lip_center_upper52_x,lip_center_upper52_y,right_lip55_x,right_lip55_y,lip_center_lower58_x,lip_center_lower58_y,trans_x,trans_y,trans_z,rot_x,rot_y,rot_z
0,0,24.534317016601562,-15.628662109374972,-9.430648803710938,-7.910675048828097,-31.10100555419922,-22.119705200195312,-13.489782333374034,-18.823074340820312,-0.665046691894517,6.764511108398466,0.5260772705077841,10.5794677734375,16.600845336914062,20.757125854492188,0.7291107177734375,20.396011352539034,9.115806579589844,14.242389678955085,-17.28065013885498,-18.775938034057617,25.13459014892578,-25.64163589477539,-7.822171688079834,22.17047882080078,0.022360677088727243,-0.008521750569343567,-0.008521750569343567,-11.526407531358027,38.33221379150564,0.14778070296368662
