,Unnamed: 0,left_eyebrow_18x,left_eyebrow_18y,left_eyebrow_20x,left_eyebrow_20y,left_eyebrow_22x,left_eyebrow_22y,right_eyebrow_23x,right_eyebrow_23y,right_eyebrow_25x,right_eyebrow_25y,right_eyebrow_27x,right_eyebrow_27y,left_eye38_x,left_eye38_y,right_eye45_x,right_eye45_y,left_lip49_x,left_lip49_y,lip_center_upper52_x,lip_center_upper52_y,right_lip55_x,right_lip55_y,lip_center_lower58_x,lip_center_lower58_y,trans_x,trans_y,trans_z,rot_x,rot_y,rot_z
0,0,14.780517578124943,-21.356124877929688,-0.35614013671875,-0.5270843505859375,-19.613281250000007,2.8888244628905966,-8.983022689819336,3.28125,-3.0396881103515057,14.280746459960938,0.6235046386718466,-0.5666656494140625,9.239326477050781,3.751205444335909,7.81597900390625,2.8658142089844034,-0.6551055908203125,10.281745910644531,-23.98904001712799,-8.394493103027337,3.3662567138671875,-16.830066680908203,-12.42079347372055,24.72992706298828,-0.0011416249471949413,-0.015862826257944107,-0.015862826257944107,5.276002643588276,35.54121161651187,1.5739627784038808
