,Unnamed: 0,left_eyebrow_18x,left_eyebrow_18y,left_eyebrow_20x,left_eyebrow_20y,left_eyebrow_22x,left_eyebrow_22y,right_eyebrow_23x,right_eyebrow_23y,right_eyebrow_25x,right_eyebrow_25y,right_eyebrow_27x,right_eyebrow_27y,left_eye38_x,left_eye38_y,right_eye45_x,right_eye45_y,left_lip49_x,left_lip49_y,lip_center_upper52_x,lip_center_upper52_y,right_lip55_x,right_lip55_y,lip_center_lower58_x,lip_center_lower58_y,trans_x,trans_y,trans_z,rot_x,rot_y,rot_z
0,0,15.8194580078125,-11.072677612304688,-11.246910095214844,-1.3524169921875,-29.918149948120117,-11.0155029296875,-5.040069580078125,-3.756698608398409,2.2334899902344034,21.811859130859347,1.9028930664062784,10.915802001953153,9.708114624023438,13.126434326171875,7.772743225097656,12.482147216796875,6.184112548828111,3.7370262145996094,-22.736897468566895,-12.960468292236328,11.17642211914064,-36.894842147827156,-19.585839986801147,35.3369140625,-0.008133330382406712,-0.02419213205575943,-0.02419213205575943,4.516589698780353,39.51306528615628,-4.2906057058085345
