,Unnamed: 0,left_eyebrow_18x,left_eyebrow_18y,left_eyebrow_20x,left_eyebrow_20y,left_eyebrow_22x,left_eyebrow_22y,right_eyebrow_23x,right_eyebrow_23y,right_eyebrow_25x,right_eyebrow_25y,right_eyebrow_27x,right_eyebrow_27y,left_eye38_x,left_eye38_y,right_eye45_x,right_eye45_y,left_lip49_x,left_lip49_y,lip_center_upper52_x,lip_center_upper52_y,right_lip55_x,right_lip55_y,lip_center_lower58_x,lip_center_lower58_y,trans_x,trans_y,trans_z,rot_x,rot_y,rot_z
0,0,17.130874633789062,-27.03712463378909,2.328857421875,-12.485260009765682,-14.504974365234375,3.9776611328125,-21.958520889282227,7.7160491943359375,-5.3410797119140625,7.388107299804716,0.8175201416015341,-1.2810211181640625,7.153114318847656,3.7155914306640057,5.798759460449219,3.2581787109375,-2.03826904296875,12.646732330322259,-11.003406286239624,-0.7012290954589844,15.774826049804688,-20.474987030029293,-8.52436649799347,22.007911682128906,7.754378020763397e-05,-0.004594422876834883,-0.004594422876834883,8.035355282191333,26.72202006732875,-1.0166390354539903
