,Unnamed: 0,left_eyebrow_18x,left_eyebrow_18y,left_eyebrow_20x,left_eyebrow_20y,left_eyebrow_22x,left_eyebrow_22y,right_eyebrow_23x,right_eyebrow_23y,right_eyebrow_25x,right_eyebrow_25y,right_eyebrow_27x,right_eyebrow_27y,left_eye38_x,left_eye38_y,right_eye45_x,right_eye45_y,left_lip49_x,left_lip49_y,lip_center_upper52_x,lip_center_upper52_y,right_lip55_x,right_lip55_y,lip_center_lower58_x,lip_center_lower58_y,trans_x,trans_y,trans_z,rot_x,rot_y,rot_z
0,0,9.8790283203125,-21.72216796875,-4.786529541015625,4.655990600585966,-24.759525299072266,6.414764404296875,7.756591796875,7.2005157470703125,-1.4745941162109375,17.767440795898438,-2.688247680664091,-7.6043853759765625,4.989410400390639,5.0482330322265625,1.5136108398437358,3.294250488281193,10.651512145996094,-0.05680084228514204,-17.910184860229492,-15.304288864135739,7.279067993164077,-20.49468994140625,-12.985694527626038,38.94133758544922,0.0007276791147887707,0.006355553865432739,0.006355553865432739,9.482175374812925,30.23509238531274,2.3547324166005534
