,Unnamed: 0,left_eyebrow_18x,left_eyebrow_18y,left_eyebrow_20x,left_eyebrow_20y,left_eyebrow_22x,left_eyebrow_22y,right_eyebrow_23x,right_eyebrow_23y,right_eyebrow_25x,right_eyebrow_25y,right_eyebrow_27x,right_eyebrow_27y,left_eye38_x,left_eye38_y,right_eye45_x,right_eye45_y,left_lip49_x,left_lip49_y,lip_center_upper52_x,lip_center_upper52_y,right_lip55_x,right_lip55_y,lip_center_lower58_x,lip_center_lower58_y,trans_x,trans_y,trans_z,rot_x,rot_y,rot_z
0,0,6.25689697265625,-6.488265991210966,-2.1850204467773438,-13.191223144531193,-10.551467895507812,-5.129501342773409,9.283027648925781,-1.5089111328125568,1.34478759765625,-9.315811157226534,-3.2013702392578125,-6.502395629882784,3.3636550903320312,4.47491455078125,-0.45090484619140625,5.7336273193359375,-6.785087585449219,-16.34925460815431,0.46225166320800737,10.908903121948246,9.920722961425781,-23.292633056640632,4.04011082649231,20.456970214843736,0.0013547013513743882,-0.01945730298757553,-0.01945730298757553,-0.32539319262626587,-2.6429320481200476,0.1290222868959634
