,Unnamed: 0,left_eyebrow_18x,left_eyebrow_18y,left_eyebrow_20x,left_eyebrow_20y,left_eyebrow_22x,left_eyebrow_22y,right_eyebrow_23x,right_eyebrow_23y,right_eyebrow_25x,right_eyebrow_25y,right_eyebrow_27x,right_eyebrow_27y,left_eye38_x,left_eye38_y,right_eye45_x,right_eye45_y,left_lip49_x,left_lip49_y,lip_center_upper52_x,lip_center_upper52_y,right_lip55_x,right_lip55_y,lip_center_lower58_x,lip_center_lower58_y,trans_x,trans_y,trans_z,rot_x,rot_y,rot_z
0,0,30.59649658203128,-32.227981567382784,4.523727416992216,-9.749526977539062,-19.32395553588868,2.168289184570284,-20.283081054687493,-4.179611206054716,-2.5094299316406534,1.71502685546875,9.748977661132784,0.0782012939453125,16.31112670898436,12.251693725585938,3.5742645263671875,9.581039428710909,15.321853637695312,14.695980072021484,-38.88388681411743,-14.172977447509764,-0.8082962036132812,-24.736305236816406,-13.134763956069945,28.60222625732419,0.020015961825265546,0.0008072331547737191,0.0008072331547737191,0.9956347086205863,46.04106825680669,6.280357555661874
