,Unnamed: 0,left_eyebrow_18x,left_eyebrow_18y,left_eyebrow_20x,left_eyebrow_20y,left_eyebrow_22x,left_eyebrow_22y,right_eyebrow_23x,right_eyebrow_23y,right_eyebrow_25x,right_eyebrow_25y,right_eyebrow_27x,right_eyebrow_27y,left_eye38_x,left_eye38_y,right_eye45_x,right_eye45_y,left_lip49_x,left_lip49_y,lip_center_upper52_x,lip_center_upper52_y,right_lip55_x,right_lip55_y,lip_center_lower58_x,lip_center_lower58_y,trans_x,trans_y,trans_z,rot_x,rot_y,rot_z
0,0,2.99786376953125,-3.798049926757784,-4.10089111328125,4.608932495117216,-15.522338867187507,1.8116760253906534,18.999183654785156,0.66729736328125,8.820587158203125,7.9553985595703125,-5.096786499023409,-1.9402923583984375,1.1869659423828125,2.97003173828125,-3.8072357177734375,-0.9339904785156534,4.246063232421875,-10.174537658691392,-1.125491619110107,-19.283790588378906,-3.4360504150390483,-7.450305938720703,-0.4438047409057615,36.02989196777344,0.010284438263624907,0.01904329657554627,0.01904329657554627,4.967226359530354,-9.884725715599897,2.3990449316316713
