,Unnamed: 0,left_eyebrow_18x,left_eyebrow_18y,left_eyebrow_20x,left_eyebrow_20y,left_eyebrow_22x,left_eyebrow_22y,right_eyebrow_23x,right_eyebrow_23y,right_eyebrow_25x,right_eyebrow_25y,right_eyebrow_27x,right_eyebrow_27y,left_eye38_x,left_eye38_y,right_eye45_x,right_eye45_y,left_lip49_x,left_lip49_y,lip_center_upper52_x,lip_center_upper52_y,right_lip55_x,right_lip55_y,lip_center_lower58_x,lip_center_lower58_y,trans_x,trans_y,trans_z,rot_x,rot_y,rot_z
0,0,38.21258544921875,-21.138442993164062,-8.581428527832031,-18.09300231933591,-38.95506668090819,-10.273590087890597,-16.325300216674805,-6.103683471679716,-0.635536193847642,1.0952301025390625,3.0429840087890625,8.283645629882841,13.613441467285156,8.460052490234375,2.0614776611328125,9.803665161132812,6.416648864746108,1.5979156494140483,-34.39998960494996,15.388803482055668,25.11156463623047,-39.12923240661621,-19.731780767440792,26.14226531982422,0.02305848221294582,-0.01870390772819519,-0.01870390772819519,1.2721631152035064,42.2681756681869,1.8908481342137533
