,Unnamed: 0,left_eyebrow_18x,left_eyebrow_18y,left_eyebrow_20x,left_eyebrow_20y,left_eyebrow_22x,left_eyebrow_22y,right_eyebrow_23x,right_eyebrow_23y,right_eyebrow_25x,right_eyebrow_25y,right_eyebrow_27x,right_eyebrow_27y,left_eye38_x,left_eye38_y,right_eye45_x,right_eye45_y,left_lip49_x,left_lip49_y,lip_center_upper52_x,lip_center_upper52_y,right_lip55_x,right_lip55_y,lip_center_lower58_x,lip_center_lower58_y,trans_x,trans_y,trans_z,rot_x,rot_y,rot_z
0,0,14.328628540039091,-11.222808837890625,-7.832092285156222,-3.809814453125057,-24.61429214477539,-6.864486694335966,2.3419265747070312,-6.980255126953125,1.6631317138671875,4.687088012695284,-2.432449340820341,3.706619262695341,4.7987518310546875,8.688888549804659,5.252487182617202,7.8271484375,1.953765869140625,4.091510772705078,-15.057172775268553,-24.11910629272461,8.296493530273438,-18.345172882080078,-8.912848889827728,15.537040710449219,-0.006265758886002004,-0.017427463084459305,-0.017427463084459305,-4.440373624966045,36.341135967344385,-1.294970531901016
