,Unnamed: 0,left_eyebrow_18x,left_eyebrow_18y,left_eyebrow_20x,left_eyebrow_20y,left_eyebrow_22x,left_eyebrow_22y,right_eyebrow_23x,right_eyebrow_23y,right_eyebrow_25x,right_eyebrow_25y,right_eyebrow_27x,right_eyebrow_27y,left_eye38_x,left_eye38_y,right_eye45_x,right_eye45_y,left_lip49_x,left_lip49_y,lip_center_upper52_x,lip_center_upper52_y,right_lip55_x,right_lip55_y,lip_center_lower58_x,lip_center_lower58_y,trans_x,trans_y,trans_z,rot_x,rot_y,rot_z
0,0,17.150344848632812,-11.876235961914034,6.9600677490234375,-0.7595367431640909,-9.280691146850586,-0.16653442382809658,-0.6276473999023509,-4.30523681640625,6.903648376464844,5.6070404052734375,2.894393920898466,5.729583740234375,6.631294250488281,-0.425018310546875,2.559173583984375,-0.899749755859375,7.301460266113281,7.023853302001946,-27.898444294929508,-1.7433052062988281,2.9151077270507812,-14.905715942382812,-22.723442196846005,18.767242431640625,-0.012609931698534638,-0.02155228704214096,-0.02155228704214096,0.7993515797963595,35.06920348170165,-9.847125438469241
