,Unnamed: 0,left_eyebrow_18x,left_eyebrow_18y,left_eyebrow_20x,left_eyebrow_20y,left_eyebrow_22x,left_eyebrow_22y,right_eyebrow_23x,right_eyebrow_23y,right_eyebrow_25x,right_eyebrow_25y,right_eyebrow_27x,right_eyebrow_27y,left_eye38_x,left_eye38_y,right_eye45_x,right_eye45_y,left_lip49_x,left_lip49_y,lip_center_upper52_x,lip_center_upper52_y,right_lip55_x,right_lip55_y,lip_center_lower58_x,lip_center_lower58_y,trans_x,trans_y,trans_z,rot_x,rot_y,rot_z
0,0,9.667404174804688,-7.788879394531278,-2.732757568359375,-16.225173950195284,-11.47481918334961,-10.449615478515625,-0.5995025634765625,-7.1436004638671875,1.908157348632841,-3.5296478271484375,0.83544921875,3.781387329101591,3.2993392944335938,6.144012451171875,2.5134048461914062,4.817062377929659,0.5853652954101562,3.804210662841797,-10.741859436035154,-12.022674560546875,4.143974304199219,-19.15765380859375,-5.973968505859376,16.617568969726562,0.00726638687774539,-0.003983702510595329,-0.003983702510595329,-3.4120182784196085,24.960352951191098,0.2566721801498921
