,Unnamed: 0,left_eyebrow_18x,left_eyebrow_18y,left_eyebrow_20x,left_eyebrow_20y,left_eyebrow_22x,left_eyebrow_22y,right_eyebrow_23x,right_eyebrow_23y,right_eyebrow_25x,right_eyebrow_25y,right_eyebrow_27x,right_eyebrow_27y,left_eye38_x,left_eye38_y,right_eye45_x,right_eye45_y,left_lip49_x,left_lip49_y,lip_center_upper52_x,lip_center_upper52_y,right_lip55_x,right_lip55_y,lip_center_lower58_x,lip_center_lower58_y,trans_x,trans_y,trans_z,rot_x,rot_y,rot_z
0,0,27.05377197265625,-22.526824951171875,-7.9775238037109375,-13.868286132812472,-30.829444885253913,-7.92901611328125,-18.92317390441895,-6.554611206054716,-6.69244384765625,4.2064361572265625,1.363800048828125,4.1699371337890625,13.808403015136719,10.504684448242188,5.444671630859361,6.502410888671847,10.994041442871094,13.372692108154297,-30.76759910583496,-8.06551551818848,12.57851409912108,-26.894388198852536,-16.557170391082764,17.52912139892578,-0.0021165208891034126,0.0015821419656276633,0.0015821419656276633,-2.668299131687849,40.362196999183844,2.5023387780682698
