,Unnamed: 0,left_eyebrow_18x,left_eyebrow_18y,left_eyebrow_20x,left_eyebrow_20y,left_eyebrow_22x,left_eyebrow_22y,right_eyebrow_23x,right_eyebrow_23y,right_eyebrow_25x,right_eyebrow_25y,right_eyebrow_27x,right_eyebrow_27y,left_eye38_x,left_eye38_y,right_eye45_x,right_eye45_y,left_lip49_x,left_lip49_y,lip_center_upper52_x,lip_center_upper52_y,right_lip55_x,right_lip55_y,lip_center_lower58_x,lip_center_lower58_y,trans_x,trans_y,trans_z,rot_x,rot_y,rot_z
0,0,38.01121520996094,-17.733749389648438,-1.7775039672851562,-7.333236694335994,-28.772485733032227,-9.8050537109375,-17.62558460235596,-10.162124633789062,7.3092498779296875,9.491897583007841,5.781616210937528,16.27137756347659,15.911651611328125,0.5106048583984375,3.1535568237304688,-0.252410888671875,28.364673614501953,22.308506011962884,-56.21903717517853,7.004398345947266,7.7991485595703125,-22.479751586914062,-33.55522549152374,16.879600524902358,0.009920274780597538,-0.01299535483121872,-0.01299535483121872,-2.7765654632805643,49.99644322995243,-9.976064236253276
