,Unnamed: 0,left_eyebrow_18x,left_eyebrow_18y,left_eyebrow_20x,left_eyebrow_20y,left_eyebrow_22x,left_eyebrow_22y,right_eyebrow_23x,right_eyebrow_23y,right_eyebrow_25x,right_eyebrow_25y,right_eyebrow_27x,right_eyebrow_27y,left_eye38_x,left_eye38_y,right_eye45_x,right_eye45_y,left_lip49_x,left_lip49_y,lip_center_upper52_x,lip_center_upper52_y,right_lip55_x,right_lip55_y,lip_center_lower58_x,lip_center_lower58_y,trans_x,trans_y,trans_z,rot_x,rot_y,rot_z
0,0,-3.7555999755859375,3.577163696289034,-5.231018066406278,-6.84027099609375,-5.031536102294922,-4.07470703125,2.292884826660149,-1.3267059326171875,2.911911010742216,-2.03900146484375,1.911972045898466,1.694732666015625,3.3801651000976562,-0.464874267578125,3.472908020019517,1.4710693359375284,10.113571166992202,0.21109390258789062,-0.713435649871826,-16.483673095703125,-6.536170959472656,-0.3115730285644531,-0.5777209997177124,8.127601623535156,0.013005877495743334,0.0358394980430603,0.0358394980430603,-1.184599483758182,16.39093005806523,0.5607714540450199
