,Unnamed: 0,left_eyebrow_18x,left_eyebrow_18y,left_eyebrow_20x,left_eyebrow_20y,left_eyebrow_22x,left_eyebrow_22y,right_eyebrow_23x,right_eyebrow_23y,right_eyebrow_25x,right_eyebrow_25y,right_eyebrow_27x,right_eyebrow_27y,left_eye38_x,left_eye38_y,right_eye45_x,right_eye45_y,left_lip49_x,left_lip49_y,lip_center_upper52_x,lip_center_upper52_y,right_lip55_x,right_lip55_y,lip_center_lower58_x,lip_center_lower58_y,trans_x,trans_y,trans_z,rot_x,rot_y,rot_z
0,0,39.2977294921875,-31.330398559570312,0.5554351806640057,-0.9517059326171875,-33.99797058105469,4.918533325195284,-20.23435401916504,6.268341064453125,-7.8019256591796875,7.9998321533203125,6.3123626708984375,-3.6019744873046875,22.822723388671875,2.0446624755859375,-5.075897216796889,-0.5853424072265625,20.062667846679688,24.410057067871094,-42.89260745048523,2.207748413085941,4.3368453979492045,-13.520771026611321,-27.649338573217392,18.135391235351562,0.02444080839632079,0.004323828965425491,0.004323828965425491,6.208986269494959,40.78453690597642,4.827112991994684
