,Unnamed: 0,left_eyebrow_18x,left_eyebrow_18y,left_eyebrow_20x,left_eyebrow_20y,left_eyebrow_22x,left_eyebrow_22y,right_eyebrow_23x,right_eyebrow_23y,right_eyebrow_25x,right_eyebrow_25y,right_eyebrow_27x,right_eyebrow_27y,left_eye38_x,left_eye38_y,right_eye45_x,right_eye45_y,left_lip49_x,left_lip49_y,lip_center_upper52_x,lip_center_upper52_y,right_lip55_x,right_lip55_y,lip_center_lower58_x,lip_center_lower58_y,trans_x,trans_y,trans_z,rot_x,rot_y,rot_z
0,0,23.440460205078153,-17.173248291015625,-14.859451293945341,-5.3892364501953125,-36.080081939697266,-1.3922729492187784,-18.66119003295899,-4.7122650146484375,-1.9891357421874432,9.284332275390625,5.717742919921875,8.1112060546875,21.5322265625,5.6765594482421875,8.101158142089844,4.494064331054716,31.75694274902345,18.577865600585938,-36.35986351966858,-3.7645034790039134,-0.39716339111328125,-20.886451721191406,-20.592153906822205,13.101188659667955,0.03788895125035196,0.03670177794992924,0.03670177794992924,-1.5900295043029997,45.572322984646306,5.700346283237503
