,Unnamed: 0,left_eyebrow_18x,left_eyebrow_18y,left_eyebrow_20x,left_eyebrow_20y,left_eyebrow_22x,left_eyebrow_22y,right_eyebrow_23x,right_eyebrow_23y,right_eyebrow_25x,right_eyebrow_25y,right_eyebrow_27x,right_eyebrow_27y,left_eye38_x,left_eye38_y,right_eye45_x,right_eye45_y,left_lip49_x,left_lip49_y,lip_center_upper52_x,lip_center_upper52_y,right_lip55_x,right_lip55_y,lip_center_lower58_x,lip_center_lower58_y,trans_x,trans_y,trans_z,rot_x,rot_y,rot_z
0,0,32.912322998046875,-21.106887817382784,1.2265167236328125,-16.53790283203128,-16.409244537353516,-16.631851196289062,-14.870834350585948,-13.234725952148494,1.168182373046875,-5.936126708984375,6.61883544921875,9.049377441406278,13.503936767578125,21.755645751953125,5.897102355957031,18.774993896484375,7.3122482299804545,25.532127380371094,-35.64562165737152,-25.656993865966797,12.092414855957031,-17.35009765625,-16.921797394752502,12.669853210449219,0.01296159066259861,0.016755525022745132,0.016755525022745132,-2.906612700322605,54.33014337435398,4.521303061603246
