,Unnamed: 0,left_eyebrow_18x,left_eyebrow_18y,left_eyebrow_20x,left_eyebrow_20y,left_eyebrow_22x,left_eyebrow_22y,right_eyebrow_23x,right_eyebrow_23y,right_eyebrow_25x,right_eyebrow_25y,right_eyebrow_27x,right_eyebrow_27y,left_eye38_x,left_eye38_y,right_eye45_x,right_eye45_y,left_lip49_x,left_lip49_y,lip_center_upper52_x,lip_center_upper52_y,right_lip55_x,right_lip55_y,lip_center_lower58_x,lip_center_lower58_y,trans_x,trans_y,trans_z,rot_x,rot_y,rot_z
0,0,8.798706054687528,-9.962921142578153,-10.972885131835966,-12.967498779296903,-13.999763488769524,4.9736785888671875,-6.586463928222656,2.936553955078125,-3.711639404296875,-3.254898071289034,1.4440765380859375,2.996673583984375,9.094688415527344,-11.532302856445284,1.6474761962890625,-9.342819213867188,5.893302917480469,10.243267059326172,-13.511094748973846,-8.566318511962887,-1.881813049316392,-15.014186859130852,-10.72967743873596,22.93781280517578,-0.0005506731104105715,-0.004658041521906856,-0.004658041521906856,-0.4218910206395359,31.97653411552178,-2.031456354883461
