,Unnamed: 0,left_eyebrow_18x,left_eyebrow_18y,left_eyebrow_20x,left_eyebrow_20y,left_eyebrow_22x,left_eyebrow_22y,right_eyebrow_23x,right_eyebrow_23y,right_eyebrow_25x,right_eyebrow_25y,right_eyebrow_27x,right_eyebrow_27y,left_eye38_x,left_eye38_y,right_eye45_x,right_eye45_y,left_lip49_x,left_lip49_y,lip_center_upper52_x,lip_center_upper52_y,right_lip55_x,right_lip55_y,lip_center_lower58_x,lip_center_lower58_y,trans_x,trans_y,trans_z,rot_x,rot_y,rot_z
0,0,5.931121826171875,-13.880661010742188,-5.957244873046932,-4.6540374755859375,-19.471893310546875,0.3884735107421875,-1.3406524658203196,-1.5526733398437784,0.4753875732422159,5.10498046875,0.8513946533203125,0.4482879638672159,6.489952087402344,4.850982666015625,7.0748825073242045,3.971176147460966,13.513069152832045,8.403945922851562,-16.462305307388306,-13.76394271850586,2.9781112670898438,-11.903289794921875,-11.77086865901947,11.249130249023438,0.023253205814398825,0.03389341942965984,0.03389341942965984,-1.1671135791161475,33.15563324902578,1.7755946635659514
