,Unnamed: 0,left_eyebrow_18x,left_eyebrow_18y,left_eyebrow_20x,left_eyebrow_20y,left_eyebrow_22x,left_eyebrow_22y,right_eyebrow_23x,right_eyebrow_23y,right_eyebrow_25x,right_eyebrow_25y,right_eyebrow_27x,right_eyebrow_27y,left_eye38_x,left_eye38_y,right_eye45_x,right_eye45_y,left_lip49_x,left_lip49_y,lip_center_upper52_x,lip_center_upper52_y,right_lip55_x,right_lip55_y,lip_center_lower58_x,lip_center_lower58_y,trans_x,trans_y,trans_z,rot_x,rot_y,rot_z
0,0,-3.97308349609375,2.953399658203125,-11.020393371582017,-11.150650024414034,-9.039443969726555,-13.13214111328125,12.728080749511719,-18.525955200195312,11.410079956054688,-14.05029296875,-0.79205322265625,0.90203857421875,-5.6169281005859375,16.61712646484375,4.6699295043945455,14.931991577148438,16.657257080078125,-5.05408859252929,-0.17468750476837158,-41.580835819244385,-5.815162658691392,2.647502899169922,-3.031840860843659,23.78271484375,-0.02519803261384368,0.020625021308660507,0.020625021308660507,-12.257648298124415,28.208816398384894,-2.3814100036946924
