,Unnamed: 0,left_eyebrow_18x,left_eyebrow_18y,left_eyebrow_20x,left_eyebrow_20y,left_eyebrow_22x,left_eyebrow_22y,right_eyebrow_23x,right_eyebrow_23y,right_eyebrow_25x,right_eyebrow_25y,right_eyebrow_27x,right_eyebrow_27y,left_eye38_x,left_eye38_y,right_eye45_x,right_eye45_y,left_lip49_x,left_lip49_y,lip_center_upper52_x,lip_center_upper52_y,right_lip55_x,right_lip55_y,lip_center_lower58_x,lip_center_lower58_y,trans_x,trans_y,trans_z,rot_x,rot_y,rot_z
0,0,3.1637573242187216,4.478897094726591,-6.66473388671875,-2.667190551757784,-10.614830017089837,-6.283203125,6.146511077880859,-3.9638824462890625,4.349311828613281,-1.554397583007784,-2.6904907226562784,7.556579589843722,1.7724075317382955,-2.358688354492216,0.815559387207017,-3.167984008789034,5.570060729980483,-2.6005096435546946,-5.343213319778442,-15.493881225585945,-0.05366516113279829,-7.656883239746094,-0.8193692117929459,20.095115661621108,-0.008604370872490108,-0.01100425748154521,-0.01100425748154521,-5.728722662352521,8.177837519518109,-0.363098779836732
