,Unnamed: 0,left_eyebrow_18x,left_eyebrow_18y,left_eyebrow_20x,left_eyebrow_20y,left_eyebrow_22x,left_eyebrow_22y,right_eyebrow_23x,right_eyebrow_23y,right_eyebrow_25x,right_eyebrow_25y,right_eyebrow_27x,right_eyebrow_27y,left_eye38_x,left_eye38_y,right_eye45_x,right_eye45_y,left_lip49_x,left_lip49_y,lip_center_upper52_x,lip_center_upper52_y,right_lip55_x,right_lip55_y,lip_center_lower58_x,lip_center_lower58_y,trans_x,trans_y,trans_z,rot_x,rot_y,rot_z
0,0,2.287628173828125,2.2226104736328125,-6.5244293212890625,-10.74250793457037,-7.090293884277344,-12.984481811523438,2.7586822509765554,-11.077407836914091,8.423736572265653,-8.517166137695312,0.8850402832031534,7.213012695312528,0.8691253662109375,10.565032958984375,3.1761703491210938,10.030624389648438,5.362403869628892,3.7585792541503906,-1.2109017670154572,-30.66022491455078,-0.2682342529296875,-4.792045593261719,-2.8127869367599487,14.217391967773438,0.006969073787331581,0.016962025314569473,0.016962025314569473,-5.156666655281228,-8.393676348544927,3.2923088810888372
