,Unnamed: 0,left_eyebrow_18x,left_eyebrow_18y,left_eyebrow_20x,left_eyebrow_20y,left_eyebrow_22x,left_eyebrow_22y,right_eyebrow_23x,right_eyebrow_23y,right_eyebrow_25x,right_eyebrow_25y,right_eyebrow_27x,right_eyebrow_27y,left_eye38_x,left_eye38_y,right_eye45_x,right_eye45_y,left_lip49_x,left_lip49_y,lip_center_upper52_x,lip_center_upper52_y,right_lip55_x,right_lip55_y,lip_center_lower58_x,lip_center_lower58_y,trans_x,trans_y,trans_z,rot_x,rot_y,rot_z
0,0,15.531112670898438,-9.941024780273409,-12.286018371582017,-13.465988159179688,-23.23033905029297,-15.162750244140653,7.293033599853516,-15.434661865234403,10.972183227539091,-5.0984344482421875,-2.211624145507841,6.398193359375,1.3280181884765625,17.0718994140625,11.961380004882812,14.002426147460938,18.30492401123047,7.96070861816407,-25.221655368804935,-39.135756969451904,0.40868377685548296,-11.532516479492188,-14.388449728488924,31.647834777832045,-0.011005690786987543,0.016678586602211005,0.016678586602211005,-11.339378287424843,39.299634087729885,-1.4213868978553257
