,Unnamed: 0,left_eyebrow_18x,left_eyebrow_18y,left_eyebrow_20x,left_eyebrow_20y,left_eyebrow_22x,left_eyebrow_22y,right_eyebrow_23x,right_eyebrow_23y,right_eyebrow_25x,right_eyebrow_25y,right_eyebrow_27x,right_eyebrow_27y,left_eye38_x,left_eye38_y,right_eye45_x,right_eye45_y,left_lip49_x,left_lip49_y,lip_center_upper52_x,lip_center_upper52_y,right_lip55_x,right_lip55_y,lip_center_lower58_x,lip_center_lower58_y,trans_x,trans_y,trans_z,rot_x,rot_y,rot_z
0,0,39.595413208007784,-26.795761108398438,-2.685150146484375,2.1055145263671875,-36.604736328125,10.654556274414034,-27.57179021835327,6.115539550781278,-10.985748291015597,8.217010498046903,6.22943115234375,-4.405029296874972,20.653091430664062,6.89312744140625,4.058097839355483,2.0665130615234375,18.313049316406236,17.468250274658203,-44.690647840499885,-10.895271301269531,11.55216217041017,-13.883281707763672,-22.762505888938904,24.230575561523438,0.027927663410082456,0.010005861520767212,0.010005861520767212,3.653036014045427,42.49843193511117,3.299781549819788
