,Unnamed: 0,left_eyebrow_18x,left_eyebrow_18y,left_eyebrow_20x,left_eyebrow_20y,left_eyebrow_22x,left_eyebrow_22y,right_eyebrow_23x,right_eyebrow_23y,right_eyebrow_25x,right_eyebrow_25y,right_eyebrow_27x,right_eyebrow_27y,left_eye38_x,left_eye38_y,right_eye45_x,right_eye45_y,left_lip49_x,left_lip49_y,lip_center_upper52_x,lip_center_upper52_y,right_lip55_x,right_lip55_y,lip_center_lower58_x,lip_center_lower58_y,trans_x,trans_y,trans_z,rot_x,rot_y,rot_z
0,0,40.67463684082031,-28.033447265625057,-11.373764038085909,-0.5296173095703125,-44.11055755615234,2.386749267578125,-25.693893432617188,-1.465469360351591,-7.2428131103515625,13.214004516601562,4.976684570312472,0.8802032470702841,22.70087432861328,6.145477294921875,0.15824127197265625,2.2381744384765625,35.39854049682616,4.329212188720689,-41.12575721740723,-3.4415435791015696,5.0127334594726705,-20.443645477294922,-27.644201755523685,35.015830993652344,0.015023872721940279,0.010627642273902893,0.010627642273902893,0.7536446679660351,44.3210896957836,1.197798737798324
