,Unnamed: 0,left_eyebrow_18x,left_eyebrow_18y,left_eyebrow_20x,left_eyebrow_20y,left_eyebrow_22x,left_eyebrow_22y,right_eyebrow_23x,right_eyebrow_23y,right_eyebrow_25x,right_eyebrow_25y,right_eyebrow_27x,right_eyebrow_27y,left_eye38_x,left_eye38_y,right_eye45_x,right_eye45_y,left_lip49_x,left_lip49_y,lip_center_upper52_x,lip_center_upper52_y,right_lip55_x,right_lip55_y,lip_center_lower58_x,lip_center_lower58_y,trans_x,trans_y,trans_z,rot_x,rot_y,rot_z
0,0,0.1820831298828125,-2.5573577880859943,-6.783935546875,-16.666564941406193,-2.851329803466797,-4.373107910156278,0.32021331787109375,-2.2143707275390625,5.702697753906278,-16.22320556640628,-0.20872497558590908,-0.708892822265625,7.162933349609375,2.474212646484375,-5.681175231933594,2.3957366943359943,-3.5647964477539062,-17.749378204345703,-0.8325222432613373,-13.292747497558594,5.3118820190429545,-19.255474090576172,-0.403464138507843,40.19476318359375,-0.006749896332621574,0.0011176466941833496,0.0011176466941833496,2.534492981963166,7.828056153410862,0.5155478349114921
