,Unnamed: 0,left_eyebrow_18x,left_eyebrow_18y,left_eyebrow_20x,left_eyebrow_20y,left_eyebrow_22x,left_eyebrow_22y,right_eyebrow_23x,right_eyebrow_23y,right_eyebrow_25x,right_eyebrow_25y,right_eyebrow_27x,right_eyebrow_27y,left_eye38_x,left_eye38_y,right_eye45_x,right_eye45_y,left_lip49_x,left_lip49_y,lip_center_upper52_x,lip_center_upper52_y,right_lip55_x,right_lip55_y,lip_center_lower58_x,lip_center_lower58_y,trans_x,trans_y,trans_z,rot_x,rot_y,rot_z
0,0,9.579818725585909,-17.31158447265622,-1.2830963134765625,-4.5736083984375,-16.247676849365234,3.3827667236328125,-1.9029388427734375,2.1639404296875,-0.49816894531244316,8.129562377929716,-0.09445190429684658,-2.9869995117187216,8.049018859863281,5.903656005859375,6.763992309570327,4.95489501953125,5.944892883300767,11.064910888671868,-18.670411825180054,-12.909198760986328,3.865028381347642,-14.19400405883789,-13.70487916469574,19.118431091308594,0.0032329936511814586,0.0040727853775024345,0.0040727853775024345,1.482251563797627,28.887454889093615,-1.0814038735558515
