,Unnamed: 0,left_eyebrow_18x,left_eyebrow_18y,left_eyebrow_20x,left_eyebrow_20y,left_eyebrow_22x,left_eyebrow_22y,right_eyebrow_23x,right_eyebrow_23y,right_eyebrow_25x,right_eyebrow_25y,right_eyebrow_27x,right_eyebrow_27y,left_eye38_x,left_eye38_y,right_eye45_x,right_eye45_y,left_lip49_x,left_lip49_y,lip_center_upper52_x,lip_center_upper52_y,right_lip55_x,right_lip55_y,lip_center_lower58_x,lip_center_lower58_y,trans_x,trans_y,trans_z,rot_x,rot_y,rot_z
0,0,7.208679199218722,-16.66722106933591,1.7374420166015625,7.603790283203097,-4.2661705017089915,15.928176879882812,-14.353605270385753,11.186172485351562,-5.230331420898409,14.05987548828125,0.5715637207030966,-1.405975341796875,8.891548156738281,-11.278472900390597,5.547637939453125,-9.3465576171875,15.276695251464858,12.255355834960938,-23.808408141136166,-5.7578334808349645,-2.68890380859375,-10.386177062988281,-11.146714687347412,28.170135498046875,-0.010826092213392258,-0.0028473511338233948,-0.0028473511338233948,11.239462004195028,38.63190583426835,0.6934469812148212
