,Unnamed: 0,left_eyebrow_18x,left_eyebrow_18y,left_eyebrow_20x,left_eyebrow_20y,left_eyebrow_22x,left_eyebrow_22y,right_eyebrow_23x,right_eyebrow_23y,right_eyebrow_25x,right_eyebrow_25y,right_eyebrow_27x,right_eyebrow_27y,left_eye38_x,left_eye38_y,right_eye45_x,right_eye45_y,left_lip49_x,left_lip49_y,lip_center_upper52_x,lip_center_upper52_y,right_lip55_x,right_lip55_y,lip_center_lower58_x,lip_center_lower58_y,trans_x,trans_y,trans_z,rot_x,rot_y,rot_z
0,0,4.057907104492216,-11.148086547851562,0.8449859619140625,-7.04107666015625,-6.652093887329105,0.308807373046875,-3.304611206054684,0.7957000732421591,-2.9902496337890625,0.2036895751953125,-3.55084228515625,-4.840682983398466,3.767547607421889,4.873779296875,4.435150146484361,3.47076416015625,0.42035675048828125,0.5038604736328196,-4.564571887254716,-12.55714511871338,7.5443038940429545,-7.304840087890632,-2.7764514684677124,17.2207489013672,-0.016662051901221275,0.0018120482563972473,0.0018120482563972473,3.329550408975159,18.982233108092252,-0.6657223440544902
