,Unnamed: 0,left_eyebrow_18x,left_eyebrow_18y,left_eyebrow_20x,left_eyebrow_20y,left_eyebrow_22x,left_eyebrow_22y,right_eyebrow_23x,right_eyebrow_23y,right_eyebrow_25x,right_eyebrow_25y,right_eyebrow_27x,right_eyebrow_27y,left_eye38_x,left_eye38_y,right_eye45_x,right_eye45_y,left_lip49_x,left_lip49_y,lip_center_upper52_x,lip_center_upper52_y,right_lip55_x,right_lip55_y,lip_center_lower58_x,lip_center_lower58_y,trans_x,trans_y,trans_z,rot_x,rot_y,rot_z
0,0,1.5641479492187784,4.0565185546875,-5.268432617187557,-9.660095214843693,-9.508670806884766,-10.0771484375,9.486110687255852,-11.330718994140682,6.3537445068359375,-8.475082397460966,-3.86016845703125,3.4137573242187216,2.446746826171875,7.1671905517578125,-0.9939346313476562,6.307510375976534,-4.467491149902315,-7.172447204589837,0.29626379907131195,-16.158172607421868,0.06519317626953125,-6.076404571533203,0.8520205020904545,10.281509399414062,0.003463774104602635,-0.00038667023181915283,-0.00038667023181915283,-6.319135933644836,-0.017717247817216397,0.2601502680891701
