,Unnamed: 0,left_eyebrow_18x,left_eyebrow_18y,left_eyebrow_20x,left_eyebrow_20y,left_eyebrow_22x,left_eyebrow_22y,right_eyebrow_23x,right_eyebrow_23y,right_eyebrow_25x,right_eyebrow_25y,right_eyebrow_27x,right_eyebrow_27y,left_eye38_x,left_eye38_y,right_eye45_x,right_eye45_y,left_lip49_x,left_lip49_y,lip_center_upper52_x,lip_center_upper52_y,right_lip55_x,right_lip55_y,lip_center_lower58_x,lip_center_lower58_y,trans_x,trans_y,trans_z,rot_x,rot_y,rot_z
0,0,8.21319580078125,-16.38270568847659,-10.905700683593722,-2.2278594970703125,-25.599761962890618,-0.5191192626952841,-0.6490211486816406,0.922393798828125,-1.3477935791015625,13.764419555664062,-2.475601196289034,0.059356689453125,7.757057189941406,4.6903839111328125,5.241584777832031,3.22198486328125,13.445434570312486,1.575061798095689,-16.808780670166016,-14.851985931396491,7.342857360839844,-19.58454132080078,-14.544569492340088,28.144004821777344,-0.004969328176230192,0.0034596025943756173,0.0034596025943756173,-1.2050160227322255,30.288291427878864,-2.30160853525816
