,Unnamed: 0,left_eyebrow_18x,left_eyebrow_18y,left_eyebrow_20x,left_eyebrow_20y,left_eyebrow_22x,left_eyebrow_22y,right_eyebrow_23x,right_eyebrow_23y,right_eyebrow_25x,right_eyebrow_25y,right_eyebrow_27x,right_eyebrow_27y,left_eye38_x,left_eye38_y,right_eye45_x,right_eye45_y,left_lip49_x,left_lip49_y,lip_center_upper52_x,lip_center_upper52_y,right_lip55_x,right_lip55_y,lip_center_lower58_x,lip_center_lower58_y,trans_x,trans_y,trans_z,rot_x,rot_y,rot_z
0,0,-1.0330505371094034,1.984634399414091,3.2236175537109375,9.318740844726591,5.462268829345703,12.428024291992216,-2.5284461975097727,6.375411987304716,-1.388824462890625,5.84722900390625,0.2735748291015625,-0.2806701660155966,3.0964889526367188,-11.692718505859403,-0.7526702880859375,-10.20257568359375,5.5511627197265625,-2.481281280517571,-0.447284460067749,-10.843969345092773,-10.8345947265625,2.9077301025390625,0.6621685028076172,26.375862121582045,-0.005079342576209456,-0.007609937340021133,-0.007609937340021133,5.083548015864365,4.87822112250049,-0.3017584527128925
