,Unnamed: 0,left_eyebrow_18x,left_eyebrow_18y,left_eyebrow_20x,left_eyebrow_20y,left_eyebrow_22x,left_eyebrow_22y,right_eyebrow_23x,right_eyebrow_23y,right_eyebrow_25x,right_eyebrow_25y,right_eyebrow_27x,right_eyebrow_27y,left_eye38_x,left_eye38_y,right_eye45_x,right_eye45_y,left_lip49_x,left_lip49_y,lip_center_upper52_x,lip_center_upper52_y,right_lip55_x,right_lip55_y,lip_center_lower58_x,lip_center_lower58_y,trans_x,trans_y,trans_z,rot_x,rot_y,rot_z
0,0,8.1231689453125,-19.718673706054688,-10.018157958984375,-11.864456176757812,-19.753704071044922,-6.296051025390625,-6.00776481628419,-2.4686126708984375,-0.2440185546875,4.096099853515625,0.8574981689452841,-0.006896972656221578,10.925773620605469,13.183715820312472,7.4366302490234375,11.729507446289062,7.90301513671875,11.384162902832031,-13.683246910572052,-11.052860260009766,4.4368438720703125,-18.47118759155274,-13.46784368157387,13.61279296875,-0.0018214886076748371,0.009216483682394028,0.009216483682394028,-2.7038647353008365,26.912187816793743,-2.557275678195045
