,Unnamed: 0,left_eyebrow_18x,left_eyebrow_18y,left_eyebrow_20x,left_eyebrow_20y,left_eyebrow_22x,left_eyebrow_22y,right_eyebrow_23x,right_eyebrow_23y,right_eyebrow_25x,right_eyebrow_25y,right_eyebrow_27x,right_eyebrow_27y,left_eye38_x,left_eye38_y,right_eye45_x,right_eye45_y,left_lip49_x,left_lip49_y,lip_center_upper52_x,lip_center_upper52_y,right_lip55_x,right_lip55_y,lip_center_lower58_x,lip_center_lower58_y,trans_x,trans_y,trans_z,rot_x,rot_y,rot_z
0,0,15.554855346679716,-2.587890625,-12.021835327148438,-18.195220947265597,-19.439884185791016,-24.87263488769534,-7.8654479980468786,-24.951171875,5.798858642578153,-6.286819458007784,-2.488265991210909,17.7926025390625,11.092124938964844,0.300079345703125,10.937469482421875,1.172271728515625,9.100166320800781,15.73580551147461,-19.160305976867676,-19.04665184020996,10.03964996337892,-10.874340057373054,-16.479393482208252,8.312736511230483,-0.013741547358222306,0.02084219455718994,0.02084219455718994,-9.776474921229639,39.47083123593877,1.2189396840923958
