,Unnamed: 0,left_eyebrow_18x,left_eyebrow_18y,left_eyebrow_20x,left_eyebrow_20y,left_eyebrow_22x,left_eyebrow_22y,right_eyebrow_23x,right_eyebrow_23y,right_eyebrow_25x,right_eyebrow_25y,right_eyebrow_27x,right_eyebrow_27y,left_eye38_x,left_eye38_y,right_eye45_x,right_eye45_y,left_lip49_x,left_lip49_y,lip_center_upper52_x,lip_center_upper52_y,right_lip55_x,right_lip55_y,lip_center_lower58_x,lip_center_lower58_y,trans_x,trans_y,trans_z,rot_x,rot_y,rot_z
0,0,22.025192260742216,-29.742996215820284,5.1435546875,-3.6431884765625,-21.194070816040043,12.336135864257841,-21.156039237976074,9.758743286132812,-9.631027221679688,12.417800903320312,-1.36572265625,-3.306320190429716,16.3323211669922,2.7712249755859375,9.257514953613281,3.4177703857421875,11.2066650390625,16.562904357910156,-34.90557101368904,-8.866416931152347,9.053665161132812,-22.30908966064454,-13.83170461654663,27.4379119873047,0.017646330408751965,0.014609601348638541,0.014609601348638541,10.676048309844644,39.57511813303117,10.397876624509214
