,Unnamed: 0,left_eyebrow_18x,left_eyebrow_18y,left_eyebrow_20x,left_eyebrow_20y,left_eyebrow_22x,left_eyebrow_22y,right_eyebrow_23x,right_eyebrow_23y,right_eyebrow_25x,right_eyebrow_25y,right_eyebrow_27x,right_eyebrow_27y,left_eye38_x,left_eye38_y,right_eye45_x,right_eye45_y,left_lip49_x,left_lip49_y,lip_center_upper52_x,lip_center_upper52_y,right_lip55_x,right_lip55_y,lip_center_lower58_x,lip_center_lower58_y,trans_x,trans_y,trans_z,rot_x,rot_y,rot_z
0,0,9.700286865234375,-22.84321594238284,-10.399658203125,-4.97119140625,-23.667732238769524,-0.5769348144530966,5.9066162109375,1.959259033203125,7.841880798339872,7.590759277343722,4.767425537109375,-3.9920654296875,9.618896484375,13.3597412109375,0.5497665405273438,10.795623779296875,15.7315673828125,4.70001220703125,-21.8091883957386,-23.471796035766605,2.012023925781236,-23.25712203979493,-12.029930204153061,35.78187561035156,-0.014052520244149491,0.009784765541553497,0.009784765541553497,-0.19343122976507043,40.046923510277466,-1.160577186009004
