,Unnamed: 0,left_eyebrow_18x,left_eyebrow_18y,left_eyebrow_20x,left_eyebrow_20y,left_eyebrow_22x,left_eyebrow_22y,right_eyebrow_23x,right_eyebrow_23y,right_eyebrow_25x,right_eyebrow_25y,right_eyebrow_27x,right_eyebrow_27y,left_eye38_x,left_eye38_y,right_eye45_x,right_eye45_y,left_lip49_x,left_lip49_y,lip_center_upper52_x,lip_center_upper52_y,right_lip55_x,right_lip55_y,lip_center_lower58_x,lip_center_lower58_y,trans_x,trans_y,trans_z,rot_x,rot_y,rot_z
0,0,9.192779541015653,-11.981307983398438,-11.235275268554688,-9.722122192382841,-16.647785186767585,-9.034713745117188,-1.029552459716804,-2.5531005859375,1.411788940429659,1.210891723632841,3.0278625488281534,0.3709716796874716,8.762001037597656,14.11590576171875,0.16049957275390625,12.204055786132812,3.813117980957017,9.227512359619155,-13.056427747011183,-11.766656875610352,10.499748229980483,-19.12531280517578,-10.22100877761841,11.718856811523423,-0.0005460267420858145,0.011904887855052948,0.011904887855052948,0.8725441709466981,24.068533090531233,-0.7328016589473421
