,Unnamed: 0,left_eyebrow_18x,left_eyebrow_18y,left_eyebrow_20x,left_eyebrow_20y,left_eyebrow_22x,left_eyebrow_22y,right_eyebrow_23x,right_eyebrow_23y,right_eyebrow_25x,right_eyebrow_25y,right_eyebrow_27x,right_eyebrow_27y,left_eye38_x,left_eye38_y,right_eye45_x,right_eye45_y,left_lip49_x,left_lip49_y,lip_center_upper52_x,lip_center_upper52_y,right_lip55_x,right_lip55_y,lip_center_lower58_x,lip_center_lower58_y,trans_x,trans_y,trans_z,rot_x,rot_y,rot_z
0,0,8.409133911132784,-8.302627563476562,5.6271514892578125,6.272064208984347,1.8114051818847585,7.85009765625,-18.010385513305664,1.4534301757811932,-11.215148925781278,19.7305908203125,-0.3165588378906534,6.435516357421903,0.2495269775390625,-1.959808349609375,9.086738586425781,-1.6944427490234375,9.038291931152344,17.350780487060547,-13.35877811908722,14.41920280456543,3.2739334106445312,-9.154323577880866,-11.946140602231026,10.269340515136719,0.0002432498149573805,-0.0007289797067642212,-0.0007289797067642212,-1.7873244395630727,23.464595764385876,0.638231718901612
