,Unnamed: 0,left_eyebrow_18x,left_eyebrow_18y,left_eyebrow_20x,left_eyebrow_20y,left_eyebrow_22x,left_eyebrow_22y,right_eyebrow_23x,right_eyebrow_23y,right_eyebrow_25x,right_eyebrow_25y,right_eyebrow_27x,right_eyebrow_27y,left_eye38_x,left_eye38_y,right_eye45_x,right_eye45_y,left_lip49_x,left_lip49_y,lip_center_upper52_x,lip_center_upper52_y,right_lip55_x,right_lip55_y,lip_center_lower58_x,lip_center_lower58_y,trans_x,trans_y,trans_z,rot_x,rot_y,rot_z
0,0,17.033905029296875,-15.07000732421875,-13.170433044433594,-11.70780944824213,-29.243873596191406,-12.206588745117188,4.470478057861328,-7.283721923828125,3.8705902099609375,3.0792999267578125,1.2366638183593182,7.983627319335966,9.336524963378906,15.002960205078125,3.0566787719726562,10.306884765625,9.938545227050781,-2.680450439453125,-17.426109075546265,-17.047044754028317,12.8797607421875,-30.639751434326172,-9.536160290241243,26.43444061279297,-0.006901005282998084,-0.006590040400624272,-0.006590040400624272,-3.2960533415718216,34.234017248304355,3.1856105641051156
