,Unnamed: 0,left_eyebrow_18x,left_eyebrow_18y,left_eyebrow_20x,left_eyebrow_20y,left_eyebrow_22x,left_eyebrow_22y,right_eyebrow_23x,right_eyebrow_23y,right_eyebrow_25x,right_eyebrow_25y,right_eyebrow_27x,right_eyebrow_27y,left_eye38_x,left_eye38_y,right_eye45_x,right_eye45_y,left_lip49_x,left_lip49_y,lip_center_upper52_x,lip_center_upper52_y,right_lip55_x,right_lip55_y,lip_center_lower58_x,lip_center_lower58_y,trans_x,trans_y,trans_z,rot_x,rot_y,rot_z
0,0,8.738372802734375,-8.241439819335909,-0.9533386230468466,-4.57992553710929,-8.742824554443366,1.143234252929716,-7.802806854248054,-0.9349060058593182,-5.9756622314453125,-0.95074462890625,0.7394866943359091,0.07914733886715908,3.8565750122070455,3.147186279296875,4.373214721679702,4.870391845703125,-2.7926788330078267,8.9189453125,-8.328857660293579,-2.1128463745117188,6.275253295898423,-12.017112731933587,-7.24994969367981,8.67291259765625,-0.003557618707418442,-0.002765446901321404,-0.002765446901321404,3.2254036630612637,24.333860044837365,-0.530320331315603
