,Unnamed: 0,left_eyebrow_18x,left_eyebrow_18y,left_eyebrow_20x,left_eyebrow_20y,left_eyebrow_22x,left_eyebrow_22y,right_eyebrow_23x,right_eyebrow_23y,right_eyebrow_25x,right_eyebrow_25y,right_eyebrow_27x,right_eyebrow_27y,left_eye38_x,left_eye38_y,right_eye45_x,right_eye45_y,left_lip49_x,left_lip49_y,lip_center_upper52_x,lip_center_upper52_y,right_lip55_x,right_lip55_y,lip_center_lower58_x,lip_center_lower58_y,trans_x,trans_y,trans_z,rot_x,rot_y,rot_z
0,0,13.143218994140625,-14.931518554687528,-8.116561889648438,-7.6543731689453125,-13.128471374511719,0.9333038330078125,-4.352790832519531,4.5731353759765625,0.32891845703125,5.2859649658203125,4.6528778076171875,2.349365234374943,8.485137939453125,-0.6900482177734375,0.43358612060546875,-1.2817840576171875,7.083930969238281,6.487403869628906,-18.255123645067215,-0.5248889923095703,6.077285766601577,-23.829299926757816,-8.697115898132324,39.28797149658203,-0.013485833071172239,0.002843983471393585,0.002843983471393585,5.503096196485286,38.31776816549481,-0.9907885135157761
