,Unnamed: 0,left_eyebrow_18x,left_eyebrow_18y,left_eyebrow_20x,left_eyebrow_20y,left_eyebrow_22x,left_eyebrow_22y,right_eyebrow_23x,right_eyebrow_23y,right_eyebrow_25x,right_eyebrow_25y,right_eyebrow_27x,right_eyebrow_27y,left_eye38_x,left_eye38_y,right_eye45_x,right_eye45_y,left_lip49_x,left_lip49_y,lip_center_upper52_x,lip_center_upper52_y,right_lip55_x,right_lip55_y,lip_center_lower58_x,lip_center_lower58_y,trans_x,trans_y,trans_z,rot_x,rot_y,rot_z
0,0,3.241302490234375,-6.175231933593778,-11.007217407226562,-5.122711181640597,-17.47500228881836,-4.002304077148466,-1.6200790405273509,-3.7455139160155966,0.3695983886719034,0.4600982666015909,-0.9556884765624716,3.4296264648437784,9.165489196777344,5.039459228515653,6.351768493652344,5.9472198486328125,8.152236938476562,5.546951293945327,-13.728136539459229,1.9357566833496094,6.9700775146484375,-16.22610092163086,-13.46082878112793,0.9627914428710938,-0.00741143454797566,-0.011593427509069436,-0.011593427509069436,0.9217302448771658,33.034559596626835,0.29370566343831733
