,Unnamed: 0,left_eyebrow_18x,left_eyebrow_18y,left_eyebrow_20x,left_eyebrow_20y,left_eyebrow_22x,left_eyebrow_22y,right_eyebrow_23x,right_eyebrow_23y,right_eyebrow_25x,right_eyebrow_25y,right_eyebrow_27x,right_eyebrow_27y,left_eye38_x,left_eye38_y,right_eye45_x,right_eye45_y,left_lip49_x,left_lip49_y,lip_center_upper52_x,lip_center_upper52_y,right_lip55_x,right_lip55_y,lip_center_lower58_x,lip_center_lower58_y,trans_x,trans_y,trans_z,rot_x,rot_y,rot_z
0,0,2.6799163818359375,9.481140136718778,-14.318077087402344,-7.205657958984375,-13.41127014160157,-16.997848510742188,12.2690658569336,-14.094833374023438,9.845565795898438,-4.9163818359375,-3.0042266845703125,10.639846801757812,3.4878005981445455,8.31451416015625,-1.5484085083007812,7.76104736328125,-2.5355682373046875,-14.902908325195312,-1.0466668605804448,-22.712677001953125,4.693817138671875,-14.6199951171875,-3.902595818042755,17.757568359375,-0.0019635771168395877,-0.008644947782158852,-0.008644947782158852,-8.043578876161758,5.244302480758228,2.2757904166274106
