,Unnamed: 0,left_eyebrow_18x,left_eyebrow_18y,left_eyebrow_20x,left_eyebrow_20y,left_eyebrow_22x,left_eyebrow_22y,right_eyebrow_23x,right_eyebrow_23y,right_eyebrow_25x,right_eyebrow_25y,right_eyebrow_27x,right_eyebrow_27y,left_eye38_x,left_eye38_y,right_eye45_x,right_eye45_y,left_lip49_x,left_lip49_y,lip_center_upper52_x,lip_center_upper52_y,right_lip55_x,right_lip55_y,lip_center_lower58_x,lip_center_lower58_y,trans_x,trans_y,trans_z,rot_x,rot_y,rot_z
0,0,15.916015625,-37.46202087402341,-17.86882781982422,-21.48854064941412,-28.710716247558594,-4.5641937255859375,-13.664899826049805,-8.520904541015597,-1.8185272216796875,-3.3535308837890625,0.3908843994140625,5.887802124023409,23.833282470703125,14.091644287109375,4.370071411132827,13.427474975585938,37.82923507690429,15.70794677734375,-38.9162871837616,4.00848388671875,5.855659484863281,-31.07848167419433,-21.511149406433102,29.339393615722656,0.017796297091990713,0.008303690701723099,0.008303690701723099,-10.571567588370456,45.09319672202878,3.4517538059872157
