,Unnamed: 0,left_eyebrow_18x,left_eyebrow_18y,left_eyebrow_20x,left_eyebrow_20y,left_eyebrow_22x,left_eyebrow_22y,right_eyebrow_23x,right_eyebrow_23y,right_eyebrow_25x,right_eyebrow_25y,right_eyebrow_27x,right_eyebrow_27y,left_eye38_x,left_eye38_y,right_eye45_x,right_eye45_y,left_lip49_x,left_lip49_y,lip_center_upper52_x,lip_center_upper52_y,right_lip55_x,right_lip55_y,lip_center_lower58_x,lip_center_lower58_y,trans_x,trans_y,trans_z,rot_x,rot_y,rot_z
0,0,-3.0868682861328125,2.3186035156250284,-8.786903381347628,-9.896820068359375,-8.371749877929688,-7.27911376953125,9.622512817382812,-7.464630126953097,10.247322082519531,-12.820571899414062,3.7211761474609375,0.3611297607421591,4.8298568725585795,3.4497222900390625,-1.1891632080078125,4.2061767578125,5.8232574462890625,-1.2177238464355469,-2.6195220053195953,-13.617984771728509,-7.2696304321289205,-1.952899932861321,-0.3285013437271118,7.212409973144531,-0.004744041594676673,0.00489632785320282,0.00489632785320282,-7.923154891567677,3.3636348263417943,-1.3181963109247818
