,Unnamed: 0,left_eyebrow_18x,left_eyebrow_18y,left_eyebrow_20x,left_eyebrow_20y,left_eyebrow_22x,left_eyebrow_22y,right_eyebrow_23x,right_eyebrow_23y,right_eyebrow_25x,right_eyebrow_25y,right_eyebrow_27x,right_eyebrow_27y,left_eye38_x,left_eye38_y,right_eye45_x,right_eye45_y,left_lip49_x,left_lip49_y,lip_center_upper52_x,lip_center_upper52_y,right_lip55_x,right_lip55_y,lip_center_lower58_x,lip_center_lower58_y,trans_x,trans_y,trans_z,rot_x,rot_y,rot_z
0,0,-0.628753662109375,2.710647583007784,0.0691070556640625,-4.016128540039091,1.7931671142578125,-8.936431884765597,3.3467445373535156,-9.679962158203153,5.032928466796875,-10.444290161132812,0.6020660400390625,1.3201751708984375,-1.797515869140625,7.622543334960966,-2.0818252563476562,7.9211578369140625,-3.675170898437486,-1.0627555847167898,0.49511668086051935,-10.771415710449222,1.62127685546875,2.2973709106445312,-0.01388859748840332,2.9968795776367188,0.0006987559609115124,0.013132847845554345,0.013132847845554345,-7.907406547736321,-2.047637317816882,-0.029862056092714084
