,Unnamed: 0,left_eyebrow_18x,left_eyebrow_18y,left_eyebrow_20x,left_eyebrow_20y,left_eyebrow_22x,left_eyebrow_22y,right_eyebrow_23x,right_eyebrow_23y,right_eyebrow_25x,right_eyebrow_25y,right_eyebrow_27x,right_eyebrow_27y,left_eye38_x,left_eye38_y,right_eye45_x,right_eye45_y,left_lip49_x,left_lip49_y,lip_center_upper52_x,lip_center_upper52_y,right_lip55_x,right_lip55_y,lip_center_lower58_x,lip_center_lower58_y,trans_x,trans_y,trans_z,rot_x,rot_y,rot_z
0,0,13.548126220703097,-5.589294433593722,-7.894561767578125,-13.736557006835938,-13.482830047607429,-19.473678588867216,-1.6143684387207102,-14.339614868164062,2.667312622070341,-1.563232421875,-1.1707763671875,9.53472900390625,2.1997299194335938,13.422958374023409,2.9452285766601562,11.662490844726591,2.9836044311523438,-0.469635009765625,-20.088839769363403,-15.69373512268066,12.702117919921875,-21.464130401611328,-11.005053520202638,16.900489807128906,-0.003836747258901596,-0.01790929958224298,-0.01790929958224298,-9.371647994752072,27.44427955497131,-0.3753052243330074
