,Unnamed: 0,left_eyebrow_18x,left_eyebrow_18y,left_eyebrow_20x,left_eyebrow_20y,left_eyebrow_22x,left_eyebrow_22y,right_eyebrow_23x,right_eyebrow_23y,right_eyebrow_25x,right_eyebrow_25y,right_eyebrow_27x,right_eyebrow_27y,left_eye38_x,left_eye38_y,right_eye45_x,right_eye45_y,left_lip49_x,left_lip49_y,lip_center_upper52_x,lip_center_upper52_y,right_lip55_x,right_lip55_y,lip_center_lower58_x,lip_center_lower58_y,trans_x,trans_y,trans_z,rot_x,rot_y,rot_z
0,0,1.81939697265625,11.375122070312528,-7.862228393554716,-9.36444091796875,-4.019145965576179,-18.971908569335994,6.767158508300781,-18.70758056640625,9.601989746093778,-9.09332275390625,-3.1320800781249716,10.796661376953153,1.7520980834960938,9.032760620117159,-2.0828704833984375,7.903747558593778,-5.347785949707017,-13.680290222167969,-2.924666166305542,-20.534507751464844,4.5149993896484375,-9.729072570800774,-3.9888787269592285,13.391067504882812,-0.00048388028517365456,0.003092147409915924,0.003092147409915924,-9.783636044593825,1.0868992067222782,-0.28766109291812375
