,Unnamed: 0,left_eyebrow_18x,left_eyebrow_18y,left_eyebrow_20x,left_eyebrow_20y,left_eyebrow_22x,left_eyebrow_22y,right_eyebrow_23x,right_eyebrow_23y,right_eyebrow_25x,right_eyebrow_25y,right_eyebrow_27x,right_eyebrow_27y,left_eye38_x,left_eye38_y,right_eye45_x,right_eye45_y,left_lip49_x,left_lip49_y,lip_center_upper52_x,lip_center_upper52_y,right_lip55_x,right_lip55_y,lip_center_lower58_x,lip_center_lower58_y,trans_x,trans_y,trans_z,rot_x,rot_y,rot_z
0,0,-1.4025726318359375,-4.6282501220703125,2.9109497070312784,-7.3908843994140625,1.2494468688964844,1.0713806152343466,-1.8944854736328054,2.0924072265624716,-0.055206298828125,-3.173126220703125,0.705169677734375,-4.3369140625,0.464141845703125,3.5072479248046875,0.02770233154298296,0.609588623046875,1.76141357421875,-2.5030250549316406,0.5030550956726074,-8.369531631469727,1.1228103637695312,-0.5005722045898366,0.2980923652648926,10.453941345214844,-0.0013315698597580194,0.0008443854749202798,0.0008443854749202798,1.948014790107636,-1.9007265855897542,-2.543995630261354
