,Unnamed: 0,left_eyebrow_18x,left_eyebrow_18y,left_eyebrow_20x,left_eyebrow_20y,left_eyebrow_22x,left_eyebrow_22y,right_eyebrow_23x,right_eyebrow_23y,right_eyebrow_25x,right_eyebrow_25y,right_eyebrow_27x,right_eyebrow_27y,left_eye38_x,left_eye38_y,right_eye45_x,right_eye45_y,left_lip49_x,left_lip49_y,lip_center_upper52_x,lip_center_upper52_y,right_lip55_x,right_lip55_y,lip_center_lower58_x,lip_center_lower58_y,trans_x,trans_y,trans_z,rot_x,rot_y,rot_z
0,0,49.841033935546875,-36.626556396484375,4.432037353515653,0.126800537109375,-38.395408630371094,5.5819244384765625,-31.65415668487549,5.044052124023409,-18.986175537109375,0.0641632080078125,6.689071655273466,-10.66143798828125,17.8311767578125,16.383407592773438,0.3723602294922017,11.564910888671875,25.288719177246094,10.206184387207017,-39.71387434005737,3.060710906982422,14.303688049316392,-12.108123779296875,-21.288799166679382,23.412315368652344,0.016840600175783038,0.0071844980120658875,0.0071844980120658875,3.8808401326252673,36.841942100987765,1.0491815162314881
