,Unnamed: 0,left_eyebrow_18x,left_eyebrow_18y,left_eyebrow_20x,left_eyebrow_20y,left_eyebrow_22x,left_eyebrow_22y,right_eyebrow_23x,right_eyebrow_23y,right_eyebrow_25x,right_eyebrow_25y,right_eyebrow_27x,right_eyebrow_27y,left_eye38_x,left_eye38_y,right_eye45_x,right_eye45_y,left_lip49_x,left_lip49_y,lip_center_upper52_x,lip_center_upper52_y,right_lip55_x,right_lip55_y,lip_center_lower58_x,lip_center_lower58_y,trans_x,trans_y,trans_z,rot_x,rot_y,rot_z
0,0,6.310562133789091,-0.7061004638671875,-5.383270263671875,-6.622100830078125,-11.86636734008789,-9.71417236328125,8.0941162109375,-9.75140380859375,4.082427978515653,-6.981353759765625,-5.8200836181640625,2.8719329833984375,-0.754478454589858,8.964111328125,0.6041183471679688,5.9720611572265625,-3.1897735595703125,-3.914947509765625,0.18588638305663974,-22.90457057952881,4.688850402832017,-6.301460266113281,0.44520735740661666,16.964324951171875,-0.013905075727961957,0.005050215870141983,0.005050215870141983,-2.349738872232562,15.416364093008264,0.7407533122480322
