,Unnamed: 0,left_eyebrow_18x,left_eyebrow_18y,left_eyebrow_20x,left_eyebrow_20y,left_eyebrow_22x,left_eyebrow_22y,right_eyebrow_23x,right_eyebrow_23y,right_eyebrow_25x,right_eyebrow_25y,right_eyebrow_27x,right_eyebrow_27y,left_eye38_x,left_eye38_y,right_eye45_x,right_eye45_y,left_lip49_x,left_lip49_y,lip_center_upper52_x,lip_center_upper52_y,right_lip55_x,right_lip55_y,lip_center_lower58_x,lip_center_lower58_y,trans_x,trans_y,trans_z,rot_x,rot_y,rot_z
0,0,12.197952270507841,-32.16828918457034,-10.738449096679688,-19.519805908203153,-12.478691101074219,-5.632720947265597,-20.950785636901855,-13.024520874023466,-5.587203979492216,3.880950927734375,-4.64666748046875,9.927429199218722,7.989166259765625,13.958496093750028,9.997322082519545,11.350357055664062,5.5338287353515625,32.28347396850587,-31.848245352506638,-1.8893203735351598,14.2200927734375,-29.669162750244137,-13.863145112991333,12.137985229492188,0.023753719870001078,0.01270025968551635,0.01270025968551635,-12.856669168587628,37.076362051314284,1.3837961275007098
