,Unnamed: 0,left_eyebrow_18x,left_eyebrow_18y,left_eyebrow_20x,left_eyebrow_20y,left_eyebrow_22x,left_eyebrow_22y,right_eyebrow_23x,right_eyebrow_23y,right_eyebrow_25x,right_eyebrow_25y,right_eyebrow_27x,right_eyebrow_27y,left_eye38_x,left_eye38_y,right_eye45_x,right_eye45_y,left_lip49_x,left_lip49_y,lip_center_upper52_x,lip_center_upper52_y,right_lip55_x,right_lip55_y,lip_center_lower58_x,lip_center_lower58_y,trans_x,trans_y,trans_z,rot_x,rot_y,rot_z
0,0,-3.1484527587890625,5.814300537109375,-0.9368743896484375,2.0888824462890625,3.3587379455566335,-1.1273345947265625,0.04368209838867898,-1.5196533203124716,3.2016525268554688,0.67626953125,0.07000732421877842,5.121063232421875,2.7336273193359375,-6.702163696289034,-3.042755126953125,-8.724182128906278,3.46282958984375,0.07368087768555398,-0.041061043739318626,-6.618473052978512,-2.7579879760742188,5.476615905761712,-0.1610066294670105,1.9313125610351562,0.002842217916622758,0.004062265157699585,0.004062265157699585,-2.3557892316259106,-2.8837083005328306,0.5968616035584818
