,Unnamed: 0,left_eyebrow_18x,left_eyebrow_18y,left_eyebrow_20x,left_eyebrow_20y,left_eyebrow_22x,left_eyebrow_22y,right_eyebrow_23x,right_eyebrow_23y,right_eyebrow_25x,right_eyebrow_25y,right_eyebrow_27x,right_eyebrow_27y,left_eye38_x,left_eye38_y,right_eye45_x,right_eye45_y,left_lip49_x,left_lip49_y,lip_center_upper52_x,lip_center_upper52_y,right_lip55_x,right_lip55_y,lip_center_lower58_x,lip_center_lower58_y,trans_x,trans_y,trans_z,rot_x,rot_y,rot_z
0,0,3.725387573242159,-2.2609710693359375,-0.39715576171875,-8.838150024414034,-1.6028861999511648,-6.607727050781278,-0.8801918029785085,-3.9070587158203125,1.5369567871093466,-4.1249542236328125,-2.238494873046875,-0.7227630615234091,0.4226837158202983,-0.060943603515625,-1.4677734375,-0.8150634765625,3.9586944580078125,3.7115211486816406,3.720483779907226,-10.709644317626953,3.147552490234389,3.2502288818359304,3.461822986602783,3.8059463500976562,0.004611342679709196,0.017599459737539284,0.017599459737539284,-5.136606604743028,-3.722858864625799,1.1184340974620535
