,Unnamed: 0,left_eyebrow_18x,left_eyebrow_18y,left_eyebrow_20x,left_eyebrow_20y,left_eyebrow_22x,left_eyebrow_22y,right_eyebrow_23x,right_eyebrow_23y,right_eyebrow_25x,right_eyebrow_25y,right_eyebrow_27x,right_eyebrow_27y,left_eye38_x,left_eye38_y,right_eye45_x,right_eye45_y,left_lip49_x,left_lip49_y,lip_center_upper52_x,lip_center_upper52_y,right_lip55_x,right_lip55_y,lip_center_lower58_x,lip_center_lower58_y,trans_x,trans_y,trans_z,rot_x,rot_y,rot_z
0,0,9.631378173828125,-26.329925537109375,-4.428024291992159,-7.702178955078125,-4.50566482543946,10.371902465820312,-32.477989196777344,3.826904296875,-7.9930267333984375,13.692459106445341,10.464141845703153,11.779296875,15.233421325683594,-9.469161987304688,7.678512573242173,-6.040756225585909,28.775680541992188,32.21858215332032,-32.54130840301514,4.101631164550781,-1.478111267089858,-22.47099685668944,-20.36232590675354,16.066551208496094,0.01899548061192036,-0.013563953340053558,-0.013563953340053558,-10.209997688521955,46.99774885087284,2.4530334259608946
