,Unnamed: 0,left_eyebrow_18x,left_eyebrow_18y,left_eyebrow_20x,left_eyebrow_20y,left_eyebrow_22x,left_eyebrow_22y,right_eyebrow_23x,right_eyebrow_23y,right_eyebrow_25x,right_eyebrow_25y,right_eyebrow_27x,right_eyebrow_27y,left_eye38_x,left_eye38_y,right_eye45_x,right_eye45_y,left_lip49_x,left_lip49_y,lip_center_upper52_x,lip_center_upper52_y,right_lip55_x,right_lip55_y,lip_center_lower58_x,lip_center_lower58_y,trans_x,trans_y,trans_z,rot_x,rot_y,rot_z
0,0,39.747039794921875,-26.634933471679688,-3.5376586914062784,-6.503158569335909,-30.909378051757812,-2.6773834228515625,-30.623613357543945,-1.7843933105469318,-13.328483581542983,15.867996215820312,2.1631317138671875,5.9572906494140625,18.59375,5.8296356201171875,1.8581771850585795,1.8358154296875284,13.10540771484375,23.513565063476562,-27.40490460395813,-2.1541175842285156,18.767127990722642,-29.21710205078125,-17.081841230392456,26.52362060546875,0.013176335021853447,0.009639255702495582,0.009639255702495582,1.2072777742730931,41.98570267724355,1.4361602827733426
