,Unnamed: 0,left_eyebrow_18x,left_eyebrow_18y,left_eyebrow_20x,left_eyebrow_20y,left_eyebrow_22x,left_eyebrow_22y,right_eyebrow_23x,right_eyebrow_23y,right_eyebrow_25x,right_eyebrow_25y,right_eyebrow_27x,right_eyebrow_27y,left_eye38_x,left_eye38_y,right_eye45_x,right_eye45_y,left_lip49_x,left_lip49_y,lip_center_upper52_x,lip_center_upper52_y,right_lip55_x,right_lip55_y,lip_center_lower58_x,lip_center_lower58_y,trans_x,trans_y,trans_z,rot_x,rot_y,rot_z
0,0,11.179443359375,-5.442626953125028,-1.9487457275390625,-11.133346557617188,-4.885854721069325,-4.027908325195284,-7.986446380615231,-1.835113525390625,-0.8931121826171733,-2.5757598876953125,-0.8964996337890341,6.685455322265625,4.2779541015625,-5.303176879882784,3.4893264770507812,-2.880096435546875,2.3392105102539062,6.334564208984375,-14.989268779754639,-1.1524276733398509,14.493927001953125,-17.139476776123054,-11.459340333938597,22.18399047851561,-0.000507973600178957,-0.0022735707461833954,-0.0022735707461833954,-1.7795508670247735,30.57842790782887,1.4842757314829194
