,Unnamed: 0,left_eyebrow_18x,left_eyebrow_18y,left_eyebrow_20x,left_eyebrow_20y,left_eyebrow_22x,left_eyebrow_22y,right_eyebrow_23x,right_eyebrow_23y,right_eyebrow_25x,right_eyebrow_25y,right_eyebrow_27x,right_eyebrow_27y,left_eye38_x,left_eye38_y,right_eye45_x,right_eye45_y,left_lip49_x,left_lip49_y,lip_center_upper52_x,lip_center_upper52_y,right_lip55_x,right_lip55_y,lip_center_lower58_x,lip_center_lower58_y,trans_x,trans_y,trans_z,rot_x,rot_y,rot_z
0,0,5.498611450195341,-11.184539794921875,4.542999267578097,-2.286956787109375,6.001319885253906,7.0632781982421875,-21.730676651000977,7.682632446289091,-9.2086181640625,2.3932037353515625,0.9564361572265625,-1.473907470703125,5.82122802734375,-10.037734985351591,5.5468292236328125,-3.286224365234375,5.465591430664077,2.4271316528320312,-15.40146541595459,1.7332649230957102,8.819961547851577,-18.046806335449205,-10.493009686470032,16.279327392578125,0.029706390574574464,0.03529049828648567,0.03529049828648567,6.115016089973528,33.02670442708377,4.177778224557488
