,Unnamed: 0,left_eyebrow_18x,left_eyebrow_18y,left_eyebrow_20x,left_eyebrow_20y,left_eyebrow_22x,left_eyebrow_22y,right_eyebrow_23x,right_eyebrow_23y,right_eyebrow_25x,right_eyebrow_25y,right_eyebrow_27x,right_eyebrow_27y,left_eye38_x,left_eye38_y,right_eye45_x,right_eye45_y,left_lip49_x,left_lip49_y,lip_center_upper52_x,lip_center_upper52_y,right_lip55_x,right_lip55_y,lip_center_lower58_x,lip_center_lower58_y,trans_x,trans_y,trans_z,rot_x,rot_y,rot_z
0,0,18.515213012695312,7.9329833984375,-6.541473388671875,-7.0659637451171875,-22.116214752197273,-13.673110961914091,3.7566661834716797,-3.748062133789034,2.586944580078125,-5.167846679687528,4.0090789794921875,1.0867309570312784,-5.323829650878906,-2.91766357421875,-12.873268127441406,-3.3806915283203125,0.793701171875,-27.93703842163086,12.551881790161136,-2.588764190673828,21.268569946289062,-9.009515762329105,10.276644706726074,1.8975448608398438,0.027495106332935393,-0.0011438727378845215,-0.0011438727378845215,6.733132168685619,-5.214497573286295,0.25558398263586435
