,Unnamed: 0,left_eyebrow_18x,left_eyebrow_18y,left_eyebrow_20x,left_eyebrow_20y,left_eyebrow_22x,left_eyebrow_22y,right_eyebrow_23x,right_eyebrow_23y,right_eyebrow_25x,right_eyebrow_25y,right_eyebrow_27x,right_eyebrow_27y,left_eye38_x,left_eye38_y,right_eye45_x,right_eye45_y,left_lip49_x,left_lip49_y,lip_center_upper52_x,lip_center_upper52_y,right_lip55_x,right_lip55_y,lip_center_lower58_x,lip_center_lower58_y,trans_x,trans_y,trans_z,rot_x,rot_y,rot_z
0,0,19.562545776367188,-37.306121826171875,14.652641296386733,10.774307250976562,-9.01190185546875,19.909027099609347,-27.42486763000488,11.853332519531278,-16.551429748535156,15.091445922851562,5.845199584960966,-5.40533447265625,14.529144287109375,7.0537109375,4.6984786987304545,5.0538177490234375,32.42403411865233,18.114921569824226,-28.528809547424316,-0.13763046264647727,14.910102844238281,-18.20510864257811,-25.285419702529907,5.985366821289077,0.02888232283294201,0.025684289634227756,0.025684289634227756,-1.711779426320419,41.37466273447599,7.253694563543401
