,Unnamed: 0,left_eyebrow_18x,left_eyebrow_18y,left_eyebrow_20x,left_eyebrow_20y,left_eyebrow_22x,left_eyebrow_22y,right_eyebrow_23x,right_eyebrow_23y,right_eyebrow_25x,right_eyebrow_25y,right_eyebrow_27x,right_eyebrow_27y,left_eye38_x,left_eye38_y,right_eye45_x,right_eye45_y,left_lip49_x,left_lip49_y,lip_center_upper52_x,lip_center_upper52_y,right_lip55_x,right_lip55_y,lip_center_lower58_x,lip_center_lower58_y,trans_x,trans_y,trans_z,rot_x,rot_y,rot_z
0,0,26.049346923828125,-27.730224609375,-1.35247802734375,4.964309692382784,-28.031780242919922,11.537506103515597,-17.304063796997067,7.207901000976591,-5.216583251953139,12.812118530273494,5.307312011718778,3.8865356445312216,15.622055053710938,-6.133728027343722,-1.1155700683593608,-4.599670410156278,24.37397003173828,15.020282745361328,-38.01799929141998,1.5315170288085938,7.461090087890639,-14.886028289794922,-19.18934559822083,14.066505432128906,0.02444649231620133,0.0037522055208683014,0.0037522055208683014,-4.287213597416475,40.000744455323385,5.8467908449024755
