,Unnamed: 0,left_eyebrow_18x,left_eyebrow_18y,left_eyebrow_20x,left_eyebrow_20y,left_eyebrow_22x,left_eyebrow_22y,right_eyebrow_23x,right_eyebrow_23y,right_eyebrow_25x,right_eyebrow_25y,right_eyebrow_27x,right_eyebrow_27y,left_eye38_x,left_eye38_y,right_eye45_x,right_eye45_y,left_lip49_x,left_lip49_y,lip_center_upper52_x,lip_center_upper52_y,right_lip55_x,right_lip55_y,lip_center_lower58_x,lip_center_lower58_y,trans_x,trans_y,trans_z,rot_x,rot_y,rot_z
0,0,12.381668090820312,-13.920166015625,-0.1094970703125,-3.66827392578125,-9.775196075439467,4.0126190185546875,-11.741622924804688,3.23388671875,-8.656387329101562,8.49627685546875,3.823104858398466,0.9599761962890625,4.858818054199219,-7.679397583007841,3.184234619140611,-6.2293853759765625,-1.1276397705078267,23.5130844116211,-17.27034282684326,-7.014499664306641,6.607109069824219,-3.698242187499993,-17.486491441726688,-1.5575103759765625,0.006459387019276618,0.007546469569206238,0.007546469569206238,-6.313540393036941,27.72042321851102,2.2295610039372065
