,Unnamed: 0,left_eyebrow_18x,left_eyebrow_18y,left_eyebrow_20x,left_eyebrow_20y,left_eyebrow_22x,left_eyebrow_22y,right_eyebrow_23x,right_eyebrow_23y,right_eyebrow_25x,right_eyebrow_25y,right_eyebrow_27x,right_eyebrow_27y,left_eye38_x,left_eye38_y,right_eye45_x,right_eye45_y,left_lip49_x,left_lip49_y,lip_center_upper52_x,lip_center_upper52_y,right_lip55_x,right_lip55_y,lip_center_lower58_x,lip_center_lower58_y,trans_x,trans_y,trans_z,rot_x,rot_y,rot_z
0,0,6.027374267578125,0.8666687011718466,-1.3761138916015625,-3.1819915771484375,-5.999698638916016,-9.115509033203125,0.5476455688476634,-2.1546020507812784,-0.909759521484375,6.4114532470703125,-2.104507446289091,3.6571044921875,1.5320358276367188,0.2165069580078125,-2.676300048828139,-1.3336486816405966,-10.618209838867188,-0.8309860229492188,2.8132997751235957,-1.54962158203125,4.374969482421861,-4.899677276611328,1.3964484930038452,6.34423828125,0.00022695446386933327,-0.003987401723861694,-0.003987401723861694,-1.7857937520702993,-0.5522281493004886,0.026355972168731867
