,Unnamed: 0,left_eyebrow_18x,left_eyebrow_18y,left_eyebrow_20x,left_eyebrow_20y,left_eyebrow_22x,left_eyebrow_22y,right_eyebrow_23x,right_eyebrow_23y,right_eyebrow_25x,right_eyebrow_25y,right_eyebrow_27x,right_eyebrow_27y,left_eye38_x,left_eye38_y,right_eye45_x,right_eye45_y,left_lip49_x,left_lip49_y,lip_center_upper52_x,lip_center_upper52_y,right_lip55_x,right_lip55_y,lip_center_lower58_x,lip_center_lower58_y,trans_x,trans_y,trans_z,rot_x,rot_y,rot_z
0,0,-2.591217041015625,-3.785369873046875,10.124649047851562,17.097930908203125,13.021951675415043,20.268798828125,-16.691005706787102,22.347763061523438,-13.934432983398438,16.25511169433591,-0.8514709472655966,-7.279922485351534,4.922698974609375,-13.1036376953125,-1.472312927246108,-10.106704711914062,0.1510162353515625,-5.19835281372071,-0.5118657350540161,-4.848125457763679,0.32898712158203125,-2.4710311889648438,-2.609756588935852,11.781936645507812,-0.0018856944516301155,0.013919197022914886,0.013919197022914886,10.216464162747995,3.0375181842642585,1.7213470921330816
