,Unnamed: 0,left_eyebrow_18x,left_eyebrow_18y,left_eyebrow_20x,left_eyebrow_20y,left_eyebrow_22x,left_eyebrow_22y,right_eyebrow_23x,right_eyebrow_23y,right_eyebrow_25x,right_eyebrow_25y,right_eyebrow_27x,right_eyebrow_27y,left_eye38_x,left_eye38_y,right_eye45_x,right_eye45_y,left_lip49_x,left_lip49_y,lip_center_upper52_x,lip_center_upper52_y,right_lip55_x,right_lip55_y,lip_center_lower58_x,lip_center_lower58_y,trans_x,trans_y,trans_z,rot_x,rot_y,rot_z
0,0,3.5571746826171875,11.186080932617159,1.7903137207031392,-7.454574584960966,6.322452545166019,-7.43603515625,-5.95843505859375,-6.4131927490234375,-1.9522399902343608,-10.171249389648466,-5.92181396484375,9.366500854492159,1.06390380859375,-10.355178833007812,-0.574119567871108,-11.194107055664062,-8.561813354492202,-4.953529357910156,1.1070480346679688,2.0139732360839773,9.87931060791017,-3.819866180419922,0.8968875408172612,16.054672241210938,0.0026687495410442352,0.02950263768434525,0.02950263768434525,-1.0716636847947443,0.9340349396102319,3.0774306602651795
