,Unnamed: 0,left_eyebrow_18x,left_eyebrow_18y,left_eyebrow_20x,left_eyebrow_20y,left_eyebrow_22x,left_eyebrow_22y,right_eyebrow_23x,right_eyebrow_23y,right_eyebrow_25x,right_eyebrow_25y,right_eyebrow_27x,right_eyebrow_27y,left_eye38_x,left_eye38_y,right_eye45_x,right_eye45_y,left_lip49_x,left_lip49_y,lip_center_upper52_x,lip_center_upper52_y,right_lip55_x,right_lip55_y,lip_center_lower58_x,lip_center_lower58_y,trans_x,trans_y,trans_z,rot_x,rot_y,rot_z
0,0,4.677459716796932,-10.9415283203125,3.3152008056640057,-7.98504638671875,6.955726623535156,5.1914825439453125,-21.843069076538086,7.0154571533203125,-9.531875610351562,0.172119140625,-1.3231201171875,-1.9274139404296875,8.296623229980469,-14.750274658203182,2.4507904052734233,-6.17919921875,4.500930786132827,-2.670501708984382,-13.815368652343752,12.122051239013686,17.807212829589858,-21.43646621704101,-11.321831822395325,12.766090393066406,0.0294711608439684,0.03227233886718749,0.03227233886718749,7.03587817645502,30.911035455290993,3.1387509284803388
