,Unnamed: 0,left_eyebrow_18x,left_eyebrow_18y,left_eyebrow_20x,left_eyebrow_20y,left_eyebrow_22x,left_eyebrow_22y,right_eyebrow_23x,right_eyebrow_23y,right_eyebrow_25x,right_eyebrow_25y,right_eyebrow_27x,right_eyebrow_27y,left_eye38_x,left_eye38_y,right_eye45_x,right_eye45_y,left_lip49_x,left_lip49_y,lip_center_upper52_x,lip_center_upper52_y,right_lip55_x,right_lip55_y,lip_center_lower58_x,lip_center_lower58_y,trans_x,trans_y,trans_z,rot_x,rot_y,rot_z
0,0,5.705368041992159,-3.4703674316405966,4.521545410156222,-0.9560241699218466,2.4885978698730398,2.8558197021484375,4.246570587158196,1.4909820556640057,2.3019561767578125,-3.22503662109375,0.2696380615234091,-1.2015838623046307,-2.5469207763671875,-2.2955474853515625,-4.664337158203111,-2.8436279296875,-9.218902587890625,-1.2706565856933594,3.3836188316345215,-4.888914108276367,1.197235107421875,-9.834182739257805,5.015768766403198,5.123870849609375,0.0077404344920069,-0.004641033709049218,-0.004641033709049218,1.7049371362968717,-8.14638873908046,-0.08033170703139048
