,Unnamed: 0,left_eyebrow_18x,left_eyebrow_18y,left_eyebrow_20x,left_eyebrow_20y,left_eyebrow_22x,left_eyebrow_22y,right_eyebrow_23x,right_eyebrow_23y,right_eyebrow_25x,right_eyebrow_25y,right_eyebrow_27x,right_eyebrow_27y,left_eye38_x,left_eye38_y,right_eye45_x,right_eye45_y,left_lip49_x,left_lip49_y,lip_center_upper52_x,lip_center_upper52_y,right_lip55_x,right_lip55_y,lip_center_lower58_x,lip_center_lower58_y,trans_x,trans_y,trans_z,rot_x,rot_y,rot_z
0,0,22.201187133789062,-20.373565673828153,-5.82470703125,-13.67864990234375,-21.03771781921387,-2.8302154541015625,-21.304009437561035,-3.166961669921875,-4.233283996582017,4.359741210937472,1.736419677734375,12.596893310546875,10.9947509765625,-3.235565185546875,2.933746337890611,-2.041107177734375,15.43060302734375,13.989654541015625,-30.620273113250732,3.6707687377929616,23.90477752685547,-30.907794952392585,-15.49232220649719,22.177925109863295,0.014787562191486362,0.009171608835458755,0.009171608835458755,-3.8411092032514915,47.5659118759863,3.271848904686581
