,Unnamed: 0,left_eyebrow_18x,left_eyebrow_18y,left_eyebrow_20x,left_eyebrow_20y,left_eyebrow_22x,left_eyebrow_22y,right_eyebrow_23x,right_eyebrow_23y,right_eyebrow_25x,right_eyebrow_25y,right_eyebrow_27x,right_eyebrow_27y,left_eye38_x,left_eye38_y,right_eye45_x,right_eye45_y,left_lip49_x,left_lip49_y,lip_center_upper52_x,lip_center_upper52_y,right_lip55_x,right_lip55_y,lip_center_lower58_x,lip_center_lower58_y,trans_x,trans_y,trans_z,rot_x,rot_y,rot_z
0,0,3.5662384033203125,-5.4646759033203125,-4.01903533935544,-1.6151123046875,-9.064346313476562,2.580902099609375,-7.355907440185547,0.5089263916015909,-1.8891525268554545,7.285995483398466,0.970245361328125,6.0938720703125,7.20361328125,-8.759704589843722,3.2291107177734375,-8.433807373046875,10.087043762207031,12.311344146728516,-15.60224783420563,-4.222698211669922,4.354957580566392,-6.358180999755859,-10.89591908454895,2.715576171875,0.011624163249507546,-0.005651500076055534,-0.005651500076055534,-7.533246593590809,21.407303894094547,2.899702114612891
