,Unnamed: 0,left_eyebrow_18x,left_eyebrow_18y,left_eyebrow_20x,left_eyebrow_20y,left_eyebrow_22x,left_eyebrow_22y,right_eyebrow_23x,right_eyebrow_23y,right_eyebrow_25x,right_eyebrow_25y,right_eyebrow_27x,right_eyebrow_27y,left_eye38_x,left_eye38_y,right_eye45_x,right_eye45_y,left_lip49_x,left_lip49_y,lip_center_upper52_x,lip_center_upper52_y,right_lip55_x,right_lip55_y,lip_center_lower58_x,lip_center_lower58_y,trans_x,trans_y,trans_z,rot_x,rot_y,rot_z
0,0,3.8925170898437216,-3.597259521484375,-3.9109802246093466,-8.396301269531222,-12.140861511230469,-5.097640991210909,7.370277404785149,-1.5943145751953125,3.4795608520507812,-1.3851013183593466,-3.3863830566405966,-2.0737457275390625,0.5618591308593608,-2.4906768798828125,-5.907859802246094,-4.076995849609375,9.834083557128906,-18.972835540771477,7.339013576507568,-0.9439926147460938,12.639022827148438,-13.780326843261719,8.422492504119875,8.842826843261719,0.0022945068776607513,-0.000841315835714361,-0.000841315835714361,6.187771312571104,-4.993534117376269,0.6086335493094579
