,Unnamed: 0,left_eyebrow_18x,left_eyebrow_18y,left_eyebrow_20x,left_eyebrow_20y,left_eyebrow_22x,left_eyebrow_22y,right_eyebrow_23x,right_eyebrow_23y,right_eyebrow_25x,right_eyebrow_25y,right_eyebrow_27x,right_eyebrow_27y,left_eye38_x,left_eye38_y,right_eye45_x,right_eye45_y,left_lip49_x,left_lip49_y,lip_center_upper52_x,lip_center_upper52_y,right_lip55_x,right_lip55_y,lip_center_lower58_x,lip_center_lower58_y,trans_x,trans_y,trans_z,rot_x,rot_y,rot_z
0,0,-1.086441040039091,4.0019378662109375,-0.6684417724609091,-2.228378295898409,-1.7894325256347585,5.8994140625,5.082862854003906,3.1787109375,2.3952484130859375,-5.5372467041015625,-2.328704833984375,3.175338745117159,3.2151870727539062,-11.227493286132784,-4.048759460449219,-14.098114013671875,-4.356231689453125,-16.645263671875007,-0.2824975550174713,7.0039520263671875,2.844940185546875,-11.100570678710938,-1.950673222541809,20.697975158691406,-0.002643028972670436,-0.003361836075782783,-0.003361836075782783,10.339583810131707,0.17303896000543584,-3.3258028145845127
