,Unnamed: 0,left_eyebrow_18x,left_eyebrow_18y,left_eyebrow_20x,left_eyebrow_20y,left_eyebrow_22x,left_eyebrow_22y,right_eyebrow_23x,right_eyebrow_23y,right_eyebrow_25x,right_eyebrow_25y,right_eyebrow_27x,right_eyebrow_27y,left_eye38_x,left_eye38_y,right_eye45_x,right_eye45_y,left_lip49_x,left_lip49_y,lip_center_upper52_x,lip_center_upper52_y,right_lip55_x,right_lip55_y,lip_center_lower58_x,lip_center_lower58_y,trans_x,trans_y,trans_z,rot_x,rot_y,rot_z
0,0,2.9420928955078125,-1.334915161132841,-2.199920654296861,-12.87225341796875,-5.2261314392089915,-6.539688110351591,11.269260406494134,-7.437484741210909,7.614044189453125,-17.788208007812557,-4.091354370117159,-4.764709472656222,0.31423187255859375,2.4466857910156534,-3.7751312255859375,2.441421508789034,-11.91976928710936,-10.19991683959961,4.555027440190315,-1.0514297485351634,4.649887084960923,-6.199344635009766,4.862717866897583,14.084831237792955,0.005364716169424355,-0.000918220728635781,-0.000918220728635781,-3.4202705342049384,-4.868532436891938,0.879484827201219
