,Unnamed: 0,left_eyebrow_18x,left_eyebrow_18y,left_eyebrow_20x,left_eyebrow_20y,left_eyebrow_22x,left_eyebrow_22y,right_eyebrow_23x,right_eyebrow_23y,right_eyebrow_25x,right_eyebrow_25y,right_eyebrow_27x,right_eyebrow_27y,left_eye38_x,left_eye38_y,right_eye45_x,right_eye45_y,left_lip49_x,left_lip49_y,lip_center_upper52_x,lip_center_upper52_y,right_lip55_x,right_lip55_y,lip_center_lower58_x,lip_center_lower58_y,trans_x,trans_y,trans_z,rot_x,rot_y,rot_z
0,0,13.197128295898466,-7.281188964843722,-3.9382858276367188,-11.672821044921903,-10.270420074462884,-10.730316162109318,-16.641302108764645,-5.886077880859375,-5.636810302734389,3.1121978759765625,-2.28216552734375,9.384796142578153,9.525390625,-2.9000549316406534,2.9754562377929688,-0.332244873046875,-5.696723937988281,5.330448150634766,-12.9686918258667,13.895206451416023,22.225936889648438,-22.598072052001967,-8.881778955459595,5.8702774047851705,-0.004826206946745515,0.006595343351364136,0.006595343351364136,1.5246815560036233,25.81553426382517,-0.5494147250153563
