,Unnamed: 0,left_eyebrow_18x,left_eyebrow_18y,left_eyebrow_20x,left_eyebrow_20y,left_eyebrow_22x,left_eyebrow_22y,right_eyebrow_23x,right_eyebrow_23y,right_eyebrow_25x,right_eyebrow_25y,right_eyebrow_27x,right_eyebrow_27y,left_eye38_x,left_eye38_y,right_eye45_x,right_eye45_y,left_lip49_x,left_lip49_y,lip_center_upper52_x,lip_center_upper52_y,right_lip55_x,right_lip55_y,lip_center_lower58_x,lip_center_lower58_y,trans_x,trans_y,trans_z,rot_x,rot_y,rot_z
0,0,8.219131469726591,-9.873886108398409,-2.2360992431640625,-2.820281982421875,-11.093154907226566,-0.4306640625,-12.711786270141602,-4.402969360351534,-3.0622024536132812,8.181091308593722,-0.2564239501952841,5.0049896240234375,9.068145751953125,-4.3858489990234375,0.9809494018554545,-3.087753295898466,6.419898986816406,2.616523742675774,-6.661237716674806,-1.7561988830566406,20.89922332763672,-23.031261444091804,-6.666587233543395,13.4259033203125,0.015289359726011753,-0.028315007686614983,-0.028315007686614983,-2.01149441817234,17.75381673753968,-0.5816903287281154
