,Unnamed: 0,left_eyebrow_18x,left_eyebrow_18y,left_eyebrow_20x,left_eyebrow_20y,left_eyebrow_22x,left_eyebrow_22y,right_eyebrow_23x,right_eyebrow_23y,right_eyebrow_25x,right_eyebrow_25y,right_eyebrow_27x,right_eyebrow_27y,left_eye38_x,left_eye38_y,right_eye45_x,right_eye45_y,left_lip49_x,left_lip49_y,lip_center_upper52_x,lip_center_upper52_y,right_lip55_x,right_lip55_y,lip_center_lower58_x,lip_center_lower58_y,trans_x,trans_y,trans_z,rot_x,rot_y,rot_z
0,0,24.73240661621091,-30.158798217773438,-12.6507568359375,-17.266876220703125,-26.8947639465332,5.0162353515625,-29.602047085762024,5.8912811279296875,-5.1994476318359375,5.8655853271484375,0.2191162109375,10.49664306640625,11.261184692382812,-7.5345611572265625,6.5018310546875,-5.4068756103515625,35.72194290161133,8.348052978515618,-28.05254563689232,22.99340438842774,14.677436828613281,-31.704500198364258,-13.542518973350527,18.689544677734375,0.024716973537579182,-0.027406863868236542,-0.027406863868236542,4.036077845746586,39.433436286598045,-0.9802195359714907
