,Unnamed: 0,left_eyebrow_18x,left_eyebrow_18y,left_eyebrow_20x,left_eyebrow_20y,left_eyebrow_22x,left_eyebrow_22y,right_eyebrow_23x,right_eyebrow_23y,right_eyebrow_25x,right_eyebrow_25y,right_eyebrow_27x,right_eyebrow_27y,left_eye38_x,left_eye38_y,right_eye45_x,right_eye45_y,left_lip49_x,left_lip49_y,lip_center_upper52_x,lip_center_upper52_y,right_lip55_x,right_lip55_y,lip_center_lower58_x,lip_center_lower58_y,trans_x,trans_y,trans_z,rot_x,rot_y,rot_z
0,0,10.003341674804688,-14.2288818359375,-3.141510009765625,-6.82208251953125,-15.417018890380856,7.5460205078125,-7.6362209320068395,7.109848022460966,-3.7149658203125,4.6929931640625,-0.86669921875,3.165496826171875,8.634048461914062,-13.641006469726562,0.5654067993164062,-11.571411132812472,7.604499816894531,-1.2016944885253977,-10.609918683767317,10.278850555419922,15.054954528808594,-25.48064041137696,-7.9750159978866595,22.317794799804688,0.004276452353224158,-0.02803868055343628,-0.02803868055343628,6.052109817705703,21.22779755045152,-2.8510570492030567
