,Unnamed: 0,left_eyebrow_18x,left_eyebrow_18y,left_eyebrow_20x,left_eyebrow_20y,left_eyebrow_22x,left_eyebrow_22y,right_eyebrow_23x,right_eyebrow_23y,right_eyebrow_25x,right_eyebrow_25y,right_eyebrow_27x,right_eyebrow_27y,left_eye38_x,left_eye38_y,right_eye45_x,right_eye45_y,left_lip49_x,left_lip49_y,lip_center_upper52_x,lip_center_upper52_y,right_lip55_x,right_lip55_y,lip_center_lower58_x,lip_center_lower58_y,trans_x,trans_y,trans_z,rot_x,rot_y,rot_z
0,0,19.046249389648438,-16.978546142578125,-10.747268676757812,-0.15016174316400566,-31.64385223388672,-17.727096557617188,-0.8836021423339915,-16.367965698242188,-4.331809997558594,4.473403930664091,-7.153259277343778,-2.097213745117159,11.287712097167969,15.963272094726562,1.2954330444335938,15.286437988281222,1.269416809082017,9.43809890747071,-8.71455478668213,-13.784618377685547,17.796142578125,-14.234378814697266,-7.585084438323973,7.071296691894531,-0.0007151004247134551,-0.01603294163942337,-0.01603294163942337,-14.775238036189739,28.604556683316794,-1.8942982546704115
