,Unnamed: 0,left_eyebrow_18x,left_eyebrow_18y,left_eyebrow_20x,left_eyebrow_20y,left_eyebrow_22x,left_eyebrow_22y,right_eyebrow_23x,right_eyebrow_23y,right_eyebrow_25x,right_eyebrow_25y,right_eyebrow_27x,right_eyebrow_27y,left_eye38_x,left_eye38_y,right_eye45_x,right_eye45_y,left_lip49_x,left_lip49_y,lip_center_upper52_x,lip_center_upper52_y,right_lip55_x,right_lip55_y,lip_center_lower58_x,lip_center_lower58_y,trans_x,trans_y,trans_z,rot_x,rot_y,rot_z
0,0,28.757369995117188,-38.64082336425784,-2.5681915283203125,-4.6360931396484375,-23.783897399902344,2.866806030273409,-42.67014503479004,-3.5883026123046875,-10.900337219238267,7.3106689453125,0.08139038085940342,4.854141235351534,21.10984802246095,-2.976669311523466,11.028823852539062,2.956558227539034,39.87500762939453,22.122459411621094,-29.130882740020752,12.935535430908203,-2.9847412109375,-16.52892303466797,-16.51165372133255,16.56456756591797,0.022918387316167355,0.006835196167230599,0.006835196167230599,-1.7919357958427773,39.213334653031694,-0.8311686484609491
