,Unnamed: 0,left_eyebrow_18x,left_eyebrow_18y,left_eyebrow_20x,left_eyebrow_20y,left_eyebrow_22x,left_eyebrow_22y,right_eyebrow_23x,right_eyebrow_23y,right_eyebrow_25x,right_eyebrow_25y,right_eyebrow_27x,right_eyebrow_27y,left_eye38_x,left_eye38_y,right_eye45_x,right_eye45_y,left_lip49_x,left_lip49_y,lip_center_upper52_x,lip_center_upper52_y,right_lip55_x,right_lip55_y,lip_center_lower58_x,lip_center_lower58_y,trans_x,trans_y,trans_z,rot_x,rot_y,rot_z
0,0,45.79913330078125,-14.877975463867188,-20.089614868164062,-2.7361145019530966,-52.981224060058594,-25.080581665039062,-16.720268249511726,-19.646408081054688,-4.544006347656236,12.953857421875057,-2.47265625,10.210784912109403,21.6536865234375,18.853988647460938,3.5799026489257812,18.621658325195284,32.50714874267578,14.927959442138679,-27.35336971282959,-10.50738525390625,20.58885955810547,-24.15398406982422,-17.381908893585205,9.877815246582031,0.017085239480366,-0.0049773212522268295,-0.0049773212522268295,-12.981280777207939,45.858781737994384,-1.4462462905500177
