,Unnamed: 0,left_eyebrow_18x,left_eyebrow_18y,left_eyebrow_20x,left_eyebrow_20y,left_eyebrow_22x,left_eyebrow_22y,right_eyebrow_23x,right_eyebrow_23y,right_eyebrow_25x,right_eyebrow_25y,right_eyebrow_27x,right_eyebrow_27y,left_eye38_x,left_eye38_y,right_eye45_x,right_eye45_y,left_lip49_x,left_lip49_y,lip_center_upper52_x,lip_center_upper52_y,right_lip55_x,right_lip55_y,lip_center_lower58_x,lip_center_lower58_y,trans_x,trans_y,trans_z,rot_x,rot_y,rot_z
0,0,2.3441619873046875,-1.5096435546875,-0.5071868896484375,-9.079986572265625,-2.3892440795898366,-3.111328125,-1.07794189453125,-3.6398773193359375,1.4293060302734517,-7.620437622070341,-1.6446533203124716,2.1739349365234943,4.010627746582031,-3.729461669921875,0.8806076049804688,-5.3811187744140625,-2.8812484741210795,0.9178199768066406,-4.863945439457893,1.1292304992675781,1.7359466552734375,-2.801971435546882,-4.45325493812561,0.6016693115234375,-0.005890262080356479,-0.005670230835676193,-0.005670230835676193,-1.5748638441361713,7.43194703250542,0.9726413818390032
