,Unnamed: 0,left_eyebrow_18x,left_eyebrow_18y,left_eyebrow_20x,left_eyebrow_20y,left_eyebrow_22x,left_eyebrow_22y,right_eyebrow_23x,right_eyebrow_23y,right_eyebrow_25x,right_eyebrow_25y,right_eyebrow_27x,right_eyebrow_27y,left_eye38_x,left_eye38_y,right_eye45_x,right_eye45_y,left_lip49_x,left_lip49_y,lip_center_upper52_x,lip_center_upper52_y,right_lip55_x,right_lip55_y,lip_center_lower58_x,lip_center_lower58_y,trans_x,trans_y,trans_z,rot_x,rot_y,rot_z
0,0,3.787979125976534,-12.276458740234403,2.3681564331054688,-10.17266845703125,-2.8159313201904297,1.7620391845703125,7.534328460693359,3.4071044921874716,-0.3435821533203409,-8.528701782226591,-4.7042388916015625,-13.1419677734375,0.26085662841796875,3.3435516357421875,-2.8088760375976562,2.150238037109375,-6.750679016113281,-7.05846023559571,-0.5847802460193634,5.069580078125,5.540336608886719,-5.038722991943359,-0.3610053062438965,10.080062866210938,-0.002772206498775631,-0.00048122927546501854,-0.00048122927546501854,5.371485304940105,-2.7039127516179207,-4.314658472098159
