,Unnamed: 0,left_eyebrow_18x,left_eyebrow_18y,left_eyebrow_20x,left_eyebrow_20y,left_eyebrow_22x,left_eyebrow_22y,right_eyebrow_23x,right_eyebrow_23y,right_eyebrow_25x,right_eyebrow_25y,right_eyebrow_27x,right_eyebrow_27y,left_eye38_x,left_eye38_y,right_eye45_x,right_eye45_y,left_lip49_x,left_lip49_y,lip_center_upper52_x,lip_center_upper52_y,right_lip55_x,right_lip55_y,lip_center_lower58_x,lip_center_lower58_y,trans_x,trans_y,trans_z,rot_x,rot_y,rot_z
0,0,0.3979644775390625,-6.046798706054716,5.227386474609403,9.066604614257812,3.528839111328125,6.390625,-4.3042144775390625,6.763916015625,-8.194068908691378,8.24127197265625,-2.0978698730468466,-6.3956298828125,0.891845703125,-1.7924499511719034,-0.14990234375,-0.914947509765625,3.6265640258789062,-2.0258140563964844,-0.7720987796783443,-1.3984260559082031,-1.2490997314453125,-2.3789596557617188,-0.33592015504837036,11.824058532714858,-0.0027063051238656044,-0.010911632329225547,-0.010911632329225547,1.3415165611154314,2.5288752054377905,-1.3952833690356792
