,Unnamed: 0,left_eyebrow_18x,left_eyebrow_18y,left_eyebrow_20x,left_eyebrow_20y,left_eyebrow_22x,left_eyebrow_22y,right_eyebrow_23x,right_eyebrow_23y,right_eyebrow_25x,right_eyebrow_25y,right_eyebrow_27x,right_eyebrow_27y,left_eye38_x,left_eye38_y,right_eye45_x,right_eye45_y,left_lip49_x,left_lip49_y,lip_center_upper52_x,lip_center_upper52_y,right_lip55_x,right_lip55_y,lip_center_lower58_x,lip_center_lower58_y,trans_x,trans_y,trans_z,rot_x,rot_y,rot_z
0,0,5.7042999267578125,5.477416992187528,-7.7181243896484375,-6.095916748046847,-13.088520050048835,-23.47821044921875,10.796932220458977,-21.08734130859375,5.7254791259765625,-5.000640869140597,-5.844512939453153,5.098297119140682,4.375091552734375,10.696365356445312,-3.126716613769517,10.996444702148409,-6.309913635253906,-0.7991104125976491,0.9490988254547115,-14.399555206298828,8.529403686523438,-0.9275245666503906,0.22626113891601562,3.2199325561523438,-0.003962756411056033,0.007851351983845234,0.007851351983845234,-14.112193531730902,4.440987757933074,0.8738264849642775
