,Unnamed: 0,left_eyebrow_18x,left_eyebrow_18y,left_eyebrow_20x,left_eyebrow_20y,left_eyebrow_22x,left_eyebrow_22y,right_eyebrow_23x,right_eyebrow_23y,right_eyebrow_25x,right_eyebrow_25y,right_eyebrow_27x,right_eyebrow_27y,left_eye38_x,left_eye38_y,right_eye45_x,right_eye45_y,left_lip49_x,left_lip49_y,lip_center_upper52_x,lip_center_upper52_y,right_lip55_x,right_lip55_y,lip_center_lower58_x,lip_center_lower58_y,trans_x,trans_y,trans_z,rot_x,rot_y,rot_z
0,0,8.704879760742188,-20.375518798828125,3.721755981445341,9.836135864257812,-7.3523406982421875,10.065322875976562,-21.125550270080566,7.739761352539091,-12.623519897460909,14.779968261718722,-1.981735229492159,-0.8185577392578125,9.731658935546875,-0.3912506103515909,8.053009033203125,1.572769165039034,14.658737182617188,7.045845031738281,-15.897493839263916,-0.5170745849609375,3.544097900390625,-15.627975463867188,-11.443728268146515,16.0043182373047,0.00447393674403429,-0.014358803629875183,-0.014358803629875183,0.49754222811771465,24.133963911042052,-0.490449472362537
