,Unnamed: 0,left_eyebrow_18x,left_eyebrow_18y,left_eyebrow_20x,left_eyebrow_20y,left_eyebrow_22x,left_eyebrow_22y,right_eyebrow_23x,right_eyebrow_23y,right_eyebrow_25x,right_eyebrow_25y,right_eyebrow_27x,right_eyebrow_27y,left_eye38_x,left_eye38_y,right_eye45_x,right_eye45_y,left_lip49_x,left_lip49_y,lip_center_upper52_x,lip_center_upper52_y,right_lip55_x,right_lip55_y,lip_center_lower58_x,lip_center_lower58_y,trans_x,trans_y,trans_z,rot_x,rot_y,rot_z
0,0,42.61555480957031,-24.919586181640625,-5.225471496582031,-15.575302124023438,-34.87393569946288,-8.922424316406222,-40.08015954494476,-8.425140380859375,-9.474288940429702,5.361602783203153,0.7999114990234375,13.637481689453153,25.29039764404297,-0.134552001953125,-1.0270309448242188,1.0689392089844034,19.6608123779297,12.420684814453125,-30.95926570892334,16.812206268310554,30.392539978027344,-26.784914016723636,-17.67464804649353,5.790107727050767,0.007265412714332342,0.010898318141698837,0.010898318141698837,2.7454421602082744,45.0160296685485,1.5974751394614086
