,Unnamed: 0,left_eyebrow_18x,left_eyebrow_18y,left_eyebrow_20x,left_eyebrow_20y,left_eyebrow_22x,left_eyebrow_22y,right_eyebrow_23x,right_eyebrow_23y,right_eyebrow_25x,right_eyebrow_25y,right_eyebrow_27x,right_eyebrow_27y,left_eye38_x,left_eye38_y,right_eye45_x,right_eye45_y,left_lip49_x,left_lip49_y,lip_center_upper52_x,lip_center_upper52_y,right_lip55_x,right_lip55_y,lip_center_lower58_x,lip_center_lower58_y,trans_x,trans_y,trans_z,rot_x,rot_y,rot_z
0,0,45.59552001953125,-22.797576904296875,0.04216766357419033,2.2861328125,-35.362543106079116,-2.4777832031249716,-36.48714590072632,7.8028411865234375,-17.80316925048828,16.876556396484375,10.503890991210938,-1.109161376953125,10.565933227539062,14.384643554687528,0.7396240234374858,16.242523193359375,3.3110122680664062,5.131706237792969,-31.291932821273807,2.996917724609375,34.166961669921875,-30.504669189453125,-12.850737810134888,21.217758178710923,0.029246092308312654,-0.006152153015136719,-0.006152153015136719,5.206184107339104,41.55656731593627,11.104424704996582
