,Unnamed: 0,left_eyebrow_18x,left_eyebrow_18y,left_eyebrow_20x,left_eyebrow_20y,left_eyebrow_22x,left_eyebrow_22y,right_eyebrow_23x,right_eyebrow_23y,right_eyebrow_25x,right_eyebrow_25y,right_eyebrow_27x,right_eyebrow_27y,left_eye38_x,left_eye38_y,right_eye45_x,right_eye45_y,left_lip49_x,left_lip49_y,lip_center_upper52_x,lip_center_upper52_y,right_lip55_x,right_lip55_y,lip_center_lower58_x,lip_center_lower58_y,trans_x,trans_y,trans_z,rot_x,rot_y,rot_z
0,0,11.839904785156307,10.125396728515625,-3.3054809570312216,-12.161483764648466,-3.701141357421875,-20.680206298828153,3.882213592529304,-17.56294250488284,5.548187255859347,-9.610031127929659,-8.803436279296903,10.446975708007812,2.8291473388671733,6.6496429443359375,0.15079498291015625,7.472640991210909,-16.126976013183608,-2.073890686035149,-0.4077215194702153,-26.524821758270264,15.096458435058608,-5.771568298339844,-1.011724948883057,14.380203247070298,-0.0025948000984499235,0.006752476096153256,0.006752476096153256,-9.136448553187769,1.8849155850307922,-0.04629557309938814
