,Unnamed: 0,left_eyebrow_18x,left_eyebrow_18y,left_eyebrow_20x,left_eyebrow_20y,left_eyebrow_22x,left_eyebrow_22y,right_eyebrow_23x,right_eyebrow_23y,right_eyebrow_25x,right_eyebrow_25y,right_eyebrow_27x,right_eyebrow_27y,left_eye38_x,left_eye38_y,right_eye45_x,right_eye45_y,left_lip49_x,left_lip49_y,lip_center_upper52_x,lip_center_upper52_y,right_lip55_x,right_lip55_y,lip_center_lower58_x,lip_center_lower58_y,trans_x,trans_y,trans_z,rot_x,rot_y,rot_z
0,0,11.974456787109375,-15.965972900390597,-6.1673583984375,0.9630279541015909,-18.57040023803711,11.616622924804688,-23.720484733581543,11.958541870117159,-7.436744689941406,17.36326599121091,2.374267578125,8.011734008789091,13.388595581054688,-13.115753173828125,2.2567291259765625,-7.42333984375,11.203201293945298,12.840019226074205,-26.031728267669674,30.90022087097169,20.554733276367188,-22.96005630493164,-18.604104757308956,13.675018310546875,0.028610574780032035,-0.02151688188314438,-0.02151688188314438,5.188571568153011,37.12571008768565,2.417321706557545
