,Unnamed: 0,left_eyebrow_18x,left_eyebrow_18y,left_eyebrow_20x,left_eyebrow_20y,left_eyebrow_22x,left_eyebrow_22y,right_eyebrow_23x,right_eyebrow_23y,right_eyebrow_25x,right_eyebrow_25y,right_eyebrow_27x,right_eyebrow_27y,left_eye38_x,left_eye38_y,right_eye45_x,right_eye45_y,left_lip49_x,left_lip49_y,lip_center_upper52_x,lip_center_upper52_y,right_lip55_x,right_lip55_y,lip_center_lower58_x,lip_center_lower58_y,trans_x,trans_y,trans_z,rot_x,rot_y,rot_z
0,0,32.71804809570315,-26.750991821289062,-1.235107421875,-18.85382080078125,-19.42549133300782,-7.5745849609375,-28.659030914306634,-12.679183959960966,-4.9020843505859375,-1.7132415771484375,6.042617797851506,6.750640869140625,18.94406127929686,12.388748168945312,3.1393585205078267,10.021301269531222,3.84765625,25.49959945678711,-26.439438343048096,-0.8734130859375,23.218078613281264,-25.795745849609375,-9.458287477493284,2.4456939697265483,0.019306547343148846,0.0023029725998640095,0.0023029725998640095,-1.7298683204191838,42.5826942841762,2.982172077056105
