,Unnamed: 0,left_eyebrow_18x,left_eyebrow_18y,left_eyebrow_20x,left_eyebrow_20y,left_eyebrow_22x,left_eyebrow_22y,right_eyebrow_23x,right_eyebrow_23y,right_eyebrow_25x,right_eyebrow_25y,right_eyebrow_27x,right_eyebrow_27y,left_eye38_x,left_eye38_y,right_eye45_x,right_eye45_y,left_lip49_x,left_lip49_y,lip_center_upper52_x,lip_center_upper52_y,right_lip55_x,right_lip55_y,lip_center_lower58_x,lip_center_lower58_y,trans_x,trans_y,trans_z,rot_x,rot_y,rot_z
0,0,3.456146240234375,-2.5452880859375,3.301239013671875,-1.61932373046875,-1.5559310913085938,1.604995727539034,1.5273857116699219,4.096771240234375,-1.475738525390625,0.6843872070312784,-2.1401824951171875,-0.7727355957030966,3.041229248046875,-9.496505737304716,-1.0472183227539205,-7.3653564453125,-8.906333923339858,0.9634780883788991,-1.5222286581993103,-5.5117797851562536,6.546943664550781,-3.2432212829589844,0.26264548301696755,12.441268920898438,-0.0032641654834151285,0.0072951540350914,0.0072951540350914,4.327883455137843,2.0270839418781943,-1.0196173846556313
