,Unnamed: 0,left_eyebrow_18x,left_eyebrow_18y,left_eyebrow_20x,left_eyebrow_20y,left_eyebrow_22x,left_eyebrow_22y,right_eyebrow_23x,right_eyebrow_23y,right_eyebrow_25x,right_eyebrow_25y,right_eyebrow_27x,right_eyebrow_27y,left_eye38_x,left_eye38_y,right_eye45_x,right_eye45_y,left_lip49_x,left_lip49_y,lip_center_upper52_x,lip_center_upper52_y,right_lip55_x,right_lip55_y,lip_center_lower58_x,lip_center_lower58_y,trans_x,trans_y,trans_z,rot_x,rot_y,rot_z
0,0,5.507293701171875,-0.330718994140625,3.8207855224609375,2.6941223144530966,-1.1183967590332067,2.13787841796875,1.7168273925781214,-1.8984375,-1.2146224975585938,2.654266357421875,-0.984771728515625,0.3614044189453409,5.35760498046875,-2.33502197265625,0.6909561157226562,-1.45947265625,-9.76568603515625,1.312061309814446,-6.410055756568909,0.6417732238769602,-0.1053466796875,-2.064849853515625,-5.825513958930969,13.853538513183594,-0.014658492116723208,-0.009552612900733948,-0.009552612900733948,2.0923084992168195,10.746904100497265,-4.986304007039958
