,Unnamed: 0,left_eyebrow_18x,left_eyebrow_18y,left_eyebrow_20x,left_eyebrow_20y,left_eyebrow_22x,left_eyebrow_22y,right_eyebrow_23x,right_eyebrow_23y,right_eyebrow_25x,right_eyebrow_25y,right_eyebrow_27x,right_eyebrow_27y,left_eye38_x,left_eye38_y,right_eye45_x,right_eye45_y,left_lip49_x,left_lip49_y,lip_center_upper52_x,lip_center_upper52_y,right_lip55_x,right_lip55_y,lip_center_lower58_x,lip_center_lower58_y,trans_x,trans_y,trans_z,rot_x,rot_y,rot_z
0,0,41.11277770996094,-44.47027587890622,4.387748718261719,6.645355224609403,-40.948150634765625,12.915863037109375,-25.9801025390625,12.403457641601591,-16.956375122070312,21.784774780273438,-1.554489135742216,-9.115585327148438,20.026473999023438,15.01959228515625,6.928810119628906,14.068542480468722,33.088523864746094,4.1957473754882955,-35.02294445037842,-3.125225067138672,22.2353973388672,-29.12474822998047,-26.092989563941952,32.72295379638672,0.020849614869803194,0.016806334257125854,0.016806334257125854,14.364333592503577,42.773452026044446,5.885302203580693
