,Unnamed: 0,left_eyebrow_18x,left_eyebrow_18y,left_eyebrow_20x,left_eyebrow_20y,left_eyebrow_22x,left_eyebrow_22y,right_eyebrow_23x,right_eyebrow_23y,right_eyebrow_25x,right_eyebrow_25y,right_eyebrow_27x,right_eyebrow_27y,left_eye38_x,left_eye38_y,right_eye45_x,right_eye45_y,left_lip49_x,left_lip49_y,lip_center_upper52_x,lip_center_upper52_y,right_lip55_x,right_lip55_y,lip_center_lower58_x,lip_center_lower58_y,trans_x,trans_y,trans_z,rot_x,rot_y,rot_z
0,0,13.801544189453125,-19.47572326660159,2.0141754150390625,-16.57574462890622,-14.33016204833985,-3.9474945068359375,-2.287029266357422,-6.16064453125,-4.250885009765597,-8.998016357421875,-6.979217529296903,-6.71990966796875,9.8348388671875,4.3523101806640625,-0.27740478515625,3.361465454101534,-14.326148986816406,-1.7694473266601491,-9.018584251403809,15.843338012695312,26.91146850585936,-16.460735321044922,-7.734626770019531,7.851409912109375,0.008399109356105328,-0.006962914019823088,-0.006962914019823088,0.22719633130568406,19.733104512398537,-1.1621781674088234
