,Unnamed: 0,left_eyebrow_18x,left_eyebrow_18y,left_eyebrow_20x,left_eyebrow_20y,left_eyebrow_22x,left_eyebrow_22y,right_eyebrow_23x,right_eyebrow_23y,right_eyebrow_25x,right_eyebrow_25y,right_eyebrow_27x,right_eyebrow_27y,left_eye38_x,left_eye38_y,right_eye45_x,right_eye45_y,left_lip49_x,left_lip49_y,lip_center_upper52_x,lip_center_upper52_y,right_lip55_x,right_lip55_y,lip_center_lower58_x,lip_center_lower58_y,trans_x,trans_y,trans_z,rot_x,rot_y,rot_z
0,0,14.694427490234375,-15.030563354492188,-11.941001892089844,3.28009033203125,-28.97191810607911,-4.69134521484375,-7.728208541870117,1.7201232910155966,-0.5234527587890057,21.48120117187497,1.9195404052734375,4.7265167236328125,13.657272338867188,9.438720703125,10.988639831542969,8.679031372070312,7.167549133300781,12.2706298828125,-27.289006233215332,3.732717514038086,-1.0777053833007528,-29.7699203491211,-23.9298894405365,16.49130249023439,-0.0028929984546266496,-0.025527246296405806,-0.025527246296405806,5.6391277985874995,39.89658755970581,0.9780260032622039
