,Unnamed: 0,left_eyebrow_18x,left_eyebrow_18y,left_eyebrow_20x,left_eyebrow_20y,left_eyebrow_22x,left_eyebrow_22y,right_eyebrow_23x,right_eyebrow_23y,right_eyebrow_25x,right_eyebrow_25y,right_eyebrow_27x,right_eyebrow_27y,left_eye38_x,left_eye38_y,right_eye45_x,right_eye45_y,left_lip49_x,left_lip49_y,lip_center_upper52_x,lip_center_upper52_y,right_lip55_x,right_lip55_y,lip_center_lower58_x,lip_center_lower58_y,trans_x,trans_y,trans_z,rot_x,rot_y,rot_z
0,0,26.580947875976562,-33.24723815917969,-21.752418518066406,-14.457000732421932,-36.45068550109863,-1.47052001953125,-34.431602001190186,0.5025177001953125,-4.402038574218722,19.28796386718747,1.26318359375,12.649246215820312,22.504035949707017,6.8657073974609375,17.57564544677733,4.51165771484375,30.428321838378906,35.57660675048828,-37.10653018951415,23.2475528717041,-0.4041290283202983,-36.409597396850586,-23.86309790611267,19.94287872314453,0.042108004912734025,-0.018888428807258606,-0.018888428807258606,2.954752177039291,48.814359364154086,0.4789594103860977
