,Unnamed: 0,left_eyebrow_18x,left_eyebrow_18y,left_eyebrow_20x,left_eyebrow_20y,left_eyebrow_22x,left_eyebrow_22y,right_eyebrow_23x,right_eyebrow_23y,right_eyebrow_25x,right_eyebrow_25y,right_eyebrow_27x,right_eyebrow_27y,left_eye38_x,left_eye38_y,right_eye45_x,right_eye45_y,left_lip49_x,left_lip49_y,lip_center_upper52_x,lip_center_upper52_y,right_lip55_x,right_lip55_y,lip_center_lower58_x,lip_center_lower58_y,trans_x,trans_y,trans_z,rot_x,rot_y,rot_z
0,0,8.676895141601562,-13.721206665039091,2.4182281494140625,-11.683563232421847,-5.382514953613281,-2.7324829101562216,9.147556304931648,-3.8202056884765625,-2.9389495849609375,-13.03253173828125,-8.335174560546903,-14.4674072265625,1.8324508666992188,5.812408447265653,-5.623603820800781,2.971847534179659,-25.084861755371108,-11.009868621826172,0.2830324172973633,15.492584228515632,14.492698669433608,-8.223407745361321,0.41864633560180664,4.969894409179673,0.006616264581680298,0.010315485298633575,0.010315485298633575,1.6744071175481374,-6.972185262699936,0.952771786186497
