,Unnamed: 0,left_eyebrow_18x,left_eyebrow_18y,left_eyebrow_20x,left_eyebrow_20y,left_eyebrow_22x,left_eyebrow_22y,right_eyebrow_23x,right_eyebrow_23y,right_eyebrow_25x,right_eyebrow_25y,right_eyebrow_27x,right_eyebrow_27y,left_eye38_x,left_eye38_y,right_eye45_x,right_eye45_y,left_lip49_x,left_lip49_y,lip_center_upper52_x,lip_center_upper52_y,right_lip55_x,right_lip55_y,lip_center_lower58_x,lip_center_lower58_y,trans_x,trans_y,trans_z,rot_x,rot_y,rot_z
0,0,15.016754150390597,-19.057296752929688,-0.9301605224609091,-3.41552734375,-17.468490600585938,-3.639724731445341,-10.778976440429688,0.8913726806640625,-2.2873687744140057,13.853317260742188,0.6607055664062216,1.6880493164062216,11.326126098632812,4.1885223388671875,5.518959045410156,2.518142700195341,-4.138641357421875,10.052841186523438,-22.353831887245178,-1.8426456451415945,7.132843017578111,-19.56640625,-12.190004289150238,14.577949523925781,0.002845324503141455,-0.009332682937383652,-0.009332682937383652,3.8183724363297804,32.87667732776371,3.5634621981247436
