,Unnamed: 0,left_eyebrow_18x,left_eyebrow_18y,left_eyebrow_20x,left_eyebrow_20y,left_eyebrow_22x,left_eyebrow_22y,right_eyebrow_23x,right_eyebrow_23y,right_eyebrow_25x,right_eyebrow_25y,right_eyebrow_27x,right_eyebrow_27y,left_eye38_x,left_eye38_y,right_eye45_x,right_eye45_y,left_lip49_x,left_lip49_y,lip_center_upper52_x,lip_center_upper52_y,right_lip55_x,right_lip55_y,lip_center_lower58_x,lip_center_lower58_y,trans_x,trans_y,trans_z,rot_x,rot_y,rot_z
0,0,7.327972412109375,-13.738006591796875,-8.580284118652344,-5.596527099609432,-18.62504005432129,4.206817626953125,-23.18855047225952,5.37322998046875,-9.574569702148423,16.79331970214838,4.372436523437528,7.6260528564453125,12.490203857421875,-4.7363739013671875,9.352325439453125,-2.7535858154296875,10.4046630859375,19.290237426757812,-18.94238376617432,5.047842025756836,2.2900772094726705,-23.304046630859382,-17.366618871688843,10.88653564453125,0.0046883197501301765,-0.024161502718925476,-0.024161502718925476,1.634846388248949,31.124654723306662,-1.695654743212628
