,Unnamed: 0,left_eyebrow_18x,left_eyebrow_18y,left_eyebrow_20x,left_eyebrow_20y,left_eyebrow_22x,left_eyebrow_22y,right_eyebrow_23x,right_eyebrow_23y,right_eyebrow_25x,right_eyebrow_25y,right_eyebrow_27x,right_eyebrow_27y,left_eye38_x,left_eye38_y,right_eye45_x,right_eye45_y,left_lip49_x,left_lip49_y,lip_center_upper52_x,lip_center_upper52_y,right_lip55_x,right_lip55_y,lip_center_lower58_x,lip_center_lower58_y,trans_x,trans_y,trans_z,rot_x,rot_y,rot_z
0,0,7.7631378173828125,-4.9198760986328125,-0.9492797851562358,-7.401062011718778,-10.453996658325192,-2.1146087646484375,1.606029510498054,-4.959335327148409,-2.06201171875,-1.178237915039034,-6.54364013671875,-1.315505981445284,6.0727081298828125,-4.0404815673828125,1.0667572021484375,-0.8711700439453125,-5.7047348022460795,3.9948692321777344,-3.6982112228870387,-2.5063323974609375,11.364051818847656,-0.9587783813476562,-7.820221662521362,8.041542053222656,-0.010601281421259046,-0.00030028820037841103,-0.00030028820037841103,1.5614321086847713,8.602111878264077,-1.2725900206094447
