,Unnamed: 0,left_eyebrow_18x,left_eyebrow_18y,left_eyebrow_20x,left_eyebrow_20y,left_eyebrow_22x,left_eyebrow_22y,right_eyebrow_23x,right_eyebrow_23y,right_eyebrow_25x,right_eyebrow_25y,right_eyebrow_27x,right_eyebrow_27y,left_eye38_x,left_eye38_y,right_eye45_x,right_eye45_y,left_lip49_x,left_lip49_y,lip_center_upper52_x,lip_center_upper52_y,right_lip55_x,right_lip55_y,lip_center_lower58_x,lip_center_lower58_y,trans_x,trans_y,trans_z,rot_x,rot_y,rot_z
0,0,1.9828796386718466,-8.751312255859347,-5.131317138671932,-6.07269287109375,-11.912590026855469,-6.370925903320341,14.696586608886715,-10.797790527343693,6.437271118164006,-12.0733642578125,-3.582595825195284,-7.350509643554716,5.133010864257798,7.501235961914091,-3.6095733642578267,6.1390533447265625,-3.1449356079101562,-1.4345016479492188,-2.1297272071242332,-7.57948112487793,6.154541015625,-0.5925636291503906,-1.4760571420192716,-0.4524536132812642,0.0007848943350836635,0.0015904083847999642,0.0015904083847999642,-3.5954039073137642,-0.4776499992907559,-0.08521023424786112
