,Unnamed: 0,left_eyebrow_18x,left_eyebrow_18y,left_eyebrow_20x,left_eyebrow_20y,left_eyebrow_22x,left_eyebrow_22y,right_eyebrow_23x,right_eyebrow_23y,right_eyebrow_25x,right_eyebrow_25y,right_eyebrow_27x,right_eyebrow_27y,left_eye38_x,left_eye38_y,right_eye45_x,right_eye45_y,left_lip49_x,left_lip49_y,lip_center_upper52_x,lip_center_upper52_y,right_lip55_x,right_lip55_y,lip_center_lower58_x,lip_center_lower58_y,trans_x,trans_y,trans_z,rot_x,rot_y,rot_z
0,0,9.545669555664062,-3.652420043945284,-4.152015686035142,-17.057647705078125,-10.057456970214837,-17.24151611328125,11.659709930419922,-18.762557983398438,2.1856536865234375,-18.355667114257812,-12.77923583984375,-6.001556396484347,-2.525787353515625,12.48260498046875,1.4104614257812642,11.874130249023438,-12.231369018554688,6.900867462158196,0.7293599843978882,-22.5290584564209,16.191650390625,11.62038803100586,1.2014786601066587,-3.2995529174804688,0.0007430776022374626,0.021128371357917786,0.021128371357917786,-9.537603622031941,-1.9362999342258824,-0.9873512154644879
