,Unnamed: 0,left_eyebrow_18x,left_eyebrow_18y,left_eyebrow_20x,left_eyebrow_20y,left_eyebrow_22x,left_eyebrow_22y,right_eyebrow_23x,right_eyebrow_23y,right_eyebrow_25x,right_eyebrow_25y,right_eyebrow_27x,right_eyebrow_27y,left_eye38_x,left_eye38_y,right_eye45_x,right_eye45_y,left_lip49_x,left_lip49_y,lip_center_upper52_x,lip_center_upper52_y,right_lip55_x,right_lip55_y,lip_center_lower58_x,lip_center_lower58_y,trans_x,trans_y,trans_z,rot_x,rot_y,rot_z
0,0,12.904998779296875,-26.322463989257812,-4.074630737304716,-7.20245361328125,-21.93114471435547,-0.13346862792971592,9.035648345947262,-7.695495605468722,2.5246276855468466,-5.5501556396484375,-0.5015869140625,-8.523040771484375,7.593856811523423,10.601638793945312,0.8677978515624858,8.011322021484375,4.261207580566406,6.743888854980469,-26.309096097946163,-3.6598968505859375,9.6634521484375,-15.690006256103516,-20.230776071548462,7.5955047607421875,0.0009681106366770109,0.0024478323757648537,0.0024478323757648537,-0.16406815530496588,26.958959414691396,1.1401954635046856
