,Unnamed: 0,left_eyebrow_18x,left_eyebrow_18y,left_eyebrow_20x,left_eyebrow_20y,left_eyebrow_22x,left_eyebrow_22y,right_eyebrow_23x,right_eyebrow_23y,right_eyebrow_25x,right_eyebrow_25y,right_eyebrow_27x,right_eyebrow_27y,left_eye38_x,left_eye38_y,right_eye45_x,right_eye45_y,left_lip49_x,left_lip49_y,lip_center_upper52_x,lip_center_upper52_y,right_lip55_x,right_lip55_y,lip_center_lower58_x,lip_center_lower58_y,trans_x,trans_y,trans_z,rot_x,rot_y,rot_z
0,0,46.77642822265625,-21.158889770507784,-4.783241271972642,-18.10206604003909,-35.4364891052246,-13.359878540039062,-25.783252716064453,-18.135040283203125,-9.712882995605469,-10.860046386718722,-2.8597259521484375,5.2147674560546875,10.877487182617188,13.53411865234375,5.860778808593736,11.825180053710938,36.61418914794922,16.104572296142578,-31.357975482940674,-14.286462783813473,20.316581726074247,-9.052543640136719,-16.060023367404938,14.113571166992188,0.02379793906584382,0.02533915638923645,0.02533915638923645,-13.142383086781937,41.89293476122217,-0.1606672348433129
