,Unnamed: 0,left_eyebrow_18x,left_eyebrow_18y,left_eyebrow_20x,left_eyebrow_20y,left_eyebrow_22x,left_eyebrow_22y,right_eyebrow_23x,right_eyebrow_23y,right_eyebrow_25x,right_eyebrow_25y,right_eyebrow_27x,right_eyebrow_27y,left_eye38_x,left_eye38_y,right_eye45_x,right_eye45_y,left_lip49_x,left_lip49_y,lip_center_upper52_x,lip_center_upper52_y,right_lip55_x,right_lip55_y,lip_center_lower58_x,lip_center_lower58_y,trans_x,trans_y,trans_z,rot_x,rot_y,rot_z
0,0,49.171234130859375,-29.718215942382784,12.495208740234403,1.799301147460909,-28.08829116821289,11.748916625976534,-42.11864566802979,16.11053466796875,-21.183181762695327,16.384048461914062,8.852218627929688,-3.0922393798828125,25.871185302734375,-3.702667236328125,-1.026123046875,-3.35321044921875,10.458763122558594,20.897140502929688,-41.77397060394287,16.17625236511231,14.785484313964858,-18.87485122680664,-24.223319053649902,11.762496948242173,0.012303860858082777,-0.011514870915561914,-0.011514870915561914,12.53654383334495,50.271913240233864,0.35926970807299474
