,Unnamed: 0,left_eyebrow_18x,left_eyebrow_18y,left_eyebrow_20x,left_eyebrow_20y,left_eyebrow_22x,left_eyebrow_22y,right_eyebrow_23x,right_eyebrow_23y,right_eyebrow_25x,right_eyebrow_25y,right_eyebrow_27x,right_eyebrow_27y,left_eye38_x,left_eye38_y,right_eye45_x,right_eye45_y,left_lip49_x,left_lip49_y,lip_center_upper52_x,lip_center_upper52_y,right_lip55_x,right_lip55_y,lip_center_lower58_x,lip_center_lower58_y,trans_x,trans_y,trans_z,rot_x,rot_y,rot_z
0,0,37.993133544921875,-22.233474731445312,-13.414367675781278,-14.46270751953125,-33.9419479370117,5.320327758789034,-32.34788703918457,3.28875732421875,-16.121726989746094,2.211883544921875,0.3501739501953125,3.422088623046875,21.715927124023438,-10.614395141601562,2.058563232421875,-8.55853271484375,18.79480743408203,21.049335479736328,-38.18919724225998,10.61709213256836,17.701461791992188,-17.061119079589837,-23.108964204788208,17.975769042968764,0.02098788181319833,-0.005305748432874683,-0.005305748432874683,1.0447493221986779,44.81876807459499,1.228203405909314
