,Unnamed: 0,left_eyebrow_18x,left_eyebrow_18y,left_eyebrow_20x,left_eyebrow_20y,left_eyebrow_22x,left_eyebrow_22y,right_eyebrow_23x,right_eyebrow_23y,right_eyebrow_25x,right_eyebrow_25y,right_eyebrow_27x,right_eyebrow_27y,left_eye38_x,left_eye38_y,right_eye45_x,right_eye45_y,left_lip49_x,left_lip49_y,lip_center_upper52_x,lip_center_upper52_y,right_lip55_x,right_lip55_y,lip_center_lower58_x,lip_center_lower58_y,trans_x,trans_y,trans_z,rot_x,rot_y,rot_z
0,0,46.086944580078125,-37.95161437988284,-1.9605102539062784,-4.3567962646484375,-41.28562927246094,2.151641845703068,-17.577374458312992,-8.452758789062472,-10.079994201660185,-6.170013427734375,3.622940063476591,-9.254318237304716,18.878044128417955,8.996246337890625,-4.225158691406264,7.969818115234375,21.253501892089844,5.023193359375,-49.786123991012566,7.788055419921875,10.794486999511719,-14.060039520263672,-26.529474496841434,14.846733093261719,0.019409806234762076,-0.00482912361621856,-0.00482912361621856,0.2077923208291791,42.0523378166327,5.550823964816516
