,Unnamed: 0,left_eyebrow_18x,left_eyebrow_18y,left_eyebrow_20x,left_eyebrow_20y,left_eyebrow_22x,left_eyebrow_22y,right_eyebrow_23x,right_eyebrow_23y,right_eyebrow_25x,right_eyebrow_25y,right_eyebrow_27x,right_eyebrow_27y,left_eye38_x,left_eye38_y,right_eye45_x,right_eye45_y,left_lip49_x,left_lip49_y,lip_center_upper52_x,lip_center_upper52_y,right_lip55_x,right_lip55_y,lip_center_lower58_x,lip_center_lower58_y,trans_x,trans_y,trans_z,rot_x,rot_y,rot_z
0,0,3.358154296875,-3.8469085693359375,-0.6547088623047159,1.4786834716796875,-5.642021179199219,-1.299575805664034,8.101543426513665,-1.3751373291015625,1.6018218994140625,-1.5611572265625,-4.7533111572265625,-4.411956787109403,1.2271804809570312,-2.0576171875,-8.75974273681642,-2.1988067626953125,0.8454055786132812,-3.34234619140625,8.448980569839478,-9.872426986694336,3.9200592041015625,1.0278434753417969,5.777634769678117,12.699356079101562,0.013507720257621258,8.761882781983116e-05,8.761882781983116e-05,0.2987787642441253,-17.463202080254096,0.3777248915200361
