,Unnamed: 0,left_eyebrow_18x,left_eyebrow_18y,left_eyebrow_20x,left_eyebrow_20y,left_eyebrow_22x,left_eyebrow_22y,right_eyebrow_23x,right_eyebrow_23y,right_eyebrow_25x,right_eyebrow_25y,right_eyebrow_27x,right_eyebrow_27y,left_eye38_x,left_eye38_y,right_eye45_x,right_eye45_y,left_lip49_x,left_lip49_y,lip_center_upper52_x,lip_center_upper52_y,right_lip55_x,right_lip55_y,lip_center_lower58_x,lip_center_lower58_y,trans_x,trans_y,trans_z,rot_x,rot_y,rot_z
0,0,0.8892517089844034,-6.068679809570284,-6.030242919921932,-5.4439849853515625,-10.561439514160163,-5.505584716796932,15.504669189453121,-7.576583862304631,6.562164306640597,-11.016937255859375,-2.305511474609375,-4.9258575439453125,2.984436035156236,6.224822998046903,-3.6840362548828267,3.8313293457031534,-0.649566650390625,-5.437675476074219,-0.9386506080627441,-7.3998413085937536,0.6937942504882812,-2.4738426208496023,-1.3019108176231382,7.8416900634765625,0.0021319317165762186,-0.006137460470199592,-0.006137460470199592,-3.268692120691507,-2.3245178806429694,-0.7747740426081375
