,Unnamed: 0,left_eyebrow_18x,left_eyebrow_18y,left_eyebrow_20x,left_eyebrow_20y,left_eyebrow_22x,left_eyebrow_22y,right_eyebrow_23x,right_eyebrow_23y,right_eyebrow_25x,right_eyebrow_25y,right_eyebrow_27x,right_eyebrow_27y,left_eye38_x,left_eye38_y,right_eye45_x,right_eye45_y,left_lip49_x,left_lip49_y,lip_center_upper52_x,lip_center_upper52_y,right_lip55_x,right_lip55_y,lip_center_lower58_x,lip_center_lower58_y,trans_x,trans_y,trans_z,rot_x,rot_y,rot_z
0,0,35.89674377441406,-23.366470336914034,3.5632858276367188,-15.063491821289091,-21.587142944335938,-12.988311767578125,-19.103979110717777,-12.117462158203153,-1.0951843261719034,-3.0127563476562784,6.37542724609375,8.335693359375057,16.453399658203125,13.115585327148438,4.4700851440429545,12.019500732421875,10.651504516601548,28.168540954589844,-35.772544264793396,-17.174943923950195,15.371856689453125,-19.09219741821289,-12.31600534915924,1.8735809326171875,0.006784973666071892,0.004096869379281998,0.004096869379281998,-2.387160650475497,55.68298311557716,1.3046543726850808
