,Unnamed: 0,left_eyebrow_18x,left_eyebrow_18y,left_eyebrow_20x,left_eyebrow_20y,left_eyebrow_22x,left_eyebrow_22y,right_eyebrow_23x,right_eyebrow_23y,right_eyebrow_25x,right_eyebrow_25y,right_eyebrow_27x,right_eyebrow_27y,left_eye38_x,left_eye38_y,right_eye45_x,right_eye45_y,left_lip49_x,left_lip49_y,lip_center_upper52_x,lip_center_upper52_y,right_lip55_x,right_lip55_y,lip_center_lower58_x,lip_center_lower58_y,trans_x,trans_y,trans_z,rot_x,rot_y,rot_z
0,0,44.50822448730469,-27.349212646484375,7.095222473144531,-4.941879272460909,-24.018074035644524,3.4824066162109375,-33.584097266197205,-5.499938964843778,-11.05210113525392,2.6663513183594034,7.491958618164006,5.13800048828125,16.885673522949233,3.772064208984375,-0.9999847412109659,-0.5175018310546875,36.359870910644545,16.37557601928711,-50.240623712539666,2.1700592041015554,8.605178833007827,-16.030223846435547,-23.55510914325714,11.105667114257827,0.02715382550377399,-0.015333311632275581,-0.015333311632275581,-7.013082215249118,40.15349793157112,1.3776098608714085
