,Unnamed: 0,left_eyebrow_18x,left_eyebrow_18y,left_eyebrow_20x,left_eyebrow_20y,left_eyebrow_22x,left_eyebrow_22y,right_eyebrow_23x,right_eyebrow_23y,right_eyebrow_25x,right_eyebrow_25y,right_eyebrow_27x,right_eyebrow_27y,left_eye38_x,left_eye38_y,right_eye45_x,right_eye45_y,left_lip49_x,left_lip49_y,lip_center_upper52_x,lip_center_upper52_y,right_lip55_x,right_lip55_y,lip_center_lower58_x,lip_center_lower58_y,trans_x,trans_y,trans_z,rot_x,rot_y,rot_z
0,0,33.2494812011719,-31.377487182617216,-8.679267883300781,-40.13404846191409,-21.893035888671875,-28.203277587890625,-31.574392795562744,-24.835769653320312,2.618003845214858,-4.634567260742131,-2.140853881835909,16.839370727539062,13.317214965820312,15.651916503906222,14.914505004882827,19.7235107421875,30.76178741455078,25.297401428222656,-17.821523249149323,2.71771240234375,13.66781616210936,-28.578763961791996,-8.52413123846054,8.739791870117202,0.04383270721882582,0.03296335320919752,0.03296335320919752,-2.412925348577563,38.84904390440753,1.9475853204193685
