,Unnamed: 0,left_eyebrow_18x,left_eyebrow_18y,left_eyebrow_20x,left_eyebrow_20y,left_eyebrow_22x,left_eyebrow_22y,right_eyebrow_23x,right_eyebrow_23y,right_eyebrow_25x,right_eyebrow_25y,right_eyebrow_27x,right_eyebrow_27y,left_eye38_x,left_eye38_y,right_eye45_x,right_eye45_y,left_lip49_x,left_lip49_y,lip_center_upper52_x,lip_center_upper52_y,right_lip55_x,right_lip55_y,lip_center_lower58_x,lip_center_lower58_y,trans_x,trans_y,trans_z,rot_x,rot_y,rot_z
0,0,20.023956298828153,-13.047988891601562,-10.532829284667955,-16.2056884765625,-26.42029190063476,-14.681381225585938,2.48699951171875,-14.381210327148438,1.4343338012695312,-8.84161376953125,-8.588745117187472,-0.443115234375,2.4471969604492188,13.883392333984375,5.2644119262695455,13.203765869140625,-0.43953704833984375,12.51596450805664,-11.712088108062744,-18.80309867858887,21.49227905273439,-2.9584197998046875,-6.113966047763825,11.641220092773438,0.0031371434743050486,0.009127337485551827,0.009127337485551827,-11.328347366180935,26.389278394998698,-1.6543450470179257
