,Unnamed: 0,left_eyebrow_18x,left_eyebrow_18y,left_eyebrow_20x,left_eyebrow_20y,left_eyebrow_22x,left_eyebrow_22y,right_eyebrow_23x,right_eyebrow_23y,right_eyebrow_25x,right_eyebrow_25y,right_eyebrow_27x,right_eyebrow_27y,left_eye38_x,left_eye38_y,right_eye45_x,right_eye45_y,left_lip49_x,left_lip49_y,lip_center_upper52_x,lip_center_upper52_y,right_lip55_x,right_lip55_y,lip_center_lower58_x,lip_center_lower58_y,trans_x,trans_y,trans_z,rot_x,rot_y,rot_z
0,0,3.944686889648409,0.7577972412109375,-2.3529357910156534,-1.5997619628905966,-6.72502136230468,-2.8080902099609375,2.1106910705566406,-0.626434326171875,1.750762939453125,-0.9659881591796875,-1.6091613769531534,4.9770965576171875,3.7336578369140767,-6.0014190673828125,-1.759117126464858,-7.6387176513671875,-1.3106994628906108,1.1386184692382741,-4.059546709060669,-2.5892486572265696,3.100646972656264,-3.9910888671875,-1.4386963844299316,8.74054718017581,-0.005930022685788572,-0.00569910102058202,-0.00569910102058202,-1.1445620644200725,4.081964195808336,0.26423151209436435
