,Unnamed: 0,left_eyebrow_18x,left_eyebrow_18y,left_eyebrow_20x,left_eyebrow_20y,left_eyebrow_22x,left_eyebrow_22y,right_eyebrow_23x,right_eyebrow_23y,right_eyebrow_25x,right_eyebrow_25y,right_eyebrow_27x,right_eyebrow_27y,left_eye38_x,left_eye38_y,right_eye45_x,right_eye45_y,left_lip49_x,left_lip49_y,lip_center_upper52_x,lip_center_upper52_y,right_lip55_x,right_lip55_y,lip_center_lower58_x,lip_center_lower58_y,trans_x,trans_y,trans_z,rot_x,rot_y,rot_z
0,0,9.999588012695312,-15.805770874023438,-4.997299194335994,-9.990142822265625,-14.370613098144524,8.427764892578097,-9.413446426391605,7.21697998046875,-9.55342864990233,-0.6587524414062216,-0.2950439453125,-3.4908447265625,9.354225158691406,-11.549697875976562,0.019378662109375,-8.856246948242188,5.574249267578111,14.879268646240234,-11.539211928844452,5.78570556640625,9.257614135742188,-10.980022430419915,-10.338984727859497,8.366722106933594,0.0021863114088773727,-0.005678281188011173,-0.005678281188011173,2.1474348251967847,28.023622503161008,-0.8833057662732768
