,Unnamed: 0,left_eyebrow_18x,left_eyebrow_18y,left_eyebrow_20x,left_eyebrow_20y,left_eyebrow_22x,left_eyebrow_22y,right_eyebrow_23x,right_eyebrow_23y,right_eyebrow_25x,right_eyebrow_25y,right_eyebrow_27x,right_eyebrow_27y,left_eye38_x,left_eye38_y,right_eye45_x,right_eye45_y,left_lip49_x,left_lip49_y,lip_center_upper52_x,lip_center_upper52_y,right_lip55_x,right_lip55_y,lip_center_lower58_x,lip_center_lower58_y,trans_x,trans_y,trans_z,rot_x,rot_y,rot_z
0,0,5.3539276123046875,-6.534820556640682,5.25390625,-5.6628875732421875,4.441114425659183,0.8167266845703693,-5.9831886291503835,-2.6871337890625,2.0619583129882812,-5.7288665771484375,0.8626556396484091,-5.003585815429631,2.512115478515611,1.351699829101591,-0.21813201904298296,1.3827362060546875,-10.618293762207017,-5.296012878417969,0.4880070723593235,-3.8411903381347656,6.194297790527344,-11.135696411132812,3.8580059111118317,12.911636352539062,0.00025803934113355353,-0.00502980500459671,-0.00502980500459671,1.7726498685961292,-2.261680141863531,-1.4649124558764532
