,Unnamed: 0,left_eyebrow_18x,left_eyebrow_18y,left_eyebrow_20x,left_eyebrow_20y,left_eyebrow_22x,left_eyebrow_22y,right_eyebrow_23x,right_eyebrow_23y,right_eyebrow_25x,right_eyebrow_25y,right_eyebrow_27x,right_eyebrow_27y,left_eye38_x,left_eye38_y,right_eye45_x,right_eye45_y,left_lip49_x,left_lip49_y,lip_center_upper52_x,lip_center_upper52_y,right_lip55_x,right_lip55_y,lip_center_lower58_x,lip_center_lower58_y,trans_x,trans_y,trans_z,rot_x,rot_y,rot_z
0,0,46.93199157714844,-30.383331298828125,-2.398147583007841,-15.584182739257784,-38.00199508666992,-5.1541900634765625,-31.057244300842292,-10.34912109375,-8.849006652832045,0.9287567138671591,2.4388427734375,6.628585815429659,19.61382293701172,11.088333129882812,-2.5719528198242188,6.691238403320284,29.83310699462892,15.412731170654297,-39.42918439209461,4.525398254394531,24.071022033691406,-22.521911621093743,-22.048370122909546,2.4298248291015625,0.015454507898539305,0.00627841055393219,0.00627841055393219,-5.105730225239574,43.08534276416547,3.1411089318857712
