,Unnamed: 0,left_eyebrow_18x,left_eyebrow_18y,left_eyebrow_20x,left_eyebrow_20y,left_eyebrow_22x,left_eyebrow_22y,right_eyebrow_23x,right_eyebrow_23y,right_eyebrow_25x,right_eyebrow_25y,right_eyebrow_27x,right_eyebrow_27y,left_eye38_x,left_eye38_y,right_eye45_x,right_eye45_y,left_lip49_x,left_lip49_y,lip_center_upper52_x,lip_center_upper52_y,right_lip55_x,right_lip55_y,lip_center_lower58_x,lip_center_lower58_y,trans_x,trans_y,trans_z,rot_x,rot_y,rot_z
0,0,27.785995483398466,-26.40069580078125,-16.536178588867188,-29.554031372070284,-35.441593170166016,-19.10066223144534,-22.694137573242188,-23.86976623535159,3.3087692260742188,-9.732666015624943,-2.7518920898437216,17.403915405273438,31.57175064086914,-9.804397583007812,14.510986328125,-3.314559936523409,27.263031005859375,38.92875671386719,-30.071060180664062,11.954238891601562,14.213706970214858,-14.579904556274414,-19.078559398651123,-0.636993408203125,0.011144697549752891,0.025852598249912262,0.025852598249912262,-10.503758842534394,47.98786865819612,3.6951559213246745
