,Unnamed: 0,left_eyebrow_18x,left_eyebrow_18y,left_eyebrow_20x,left_eyebrow_20y,left_eyebrow_22x,left_eyebrow_22y,right_eyebrow_23x,right_eyebrow_23y,right_eyebrow_25x,right_eyebrow_25y,right_eyebrow_27x,right_eyebrow_27y,left_eye38_x,left_eye38_y,right_eye45_x,right_eye45_y,left_lip49_x,left_lip49_y,lip_center_upper52_x,lip_center_upper52_y,right_lip55_x,right_lip55_y,lip_center_lower58_x,lip_center_lower58_y,trans_x,trans_y,trans_z,rot_x,rot_y,rot_z
0,0,4.527435302734403,6.249481201171875,-6.442352294921875,-11.849060058593722,-6.914157867431641,-14.277252197265625,5.322547912597663,-16.14625549316409,6.79571533203125,-14.243255615234347,-5.1986236572265625,7.692214965820284,10.597763061523438,-12.263763427734375,4.2258987426757955,-11.830368041992188,-5.860076904296875,3.9857635498046875,-5.884447515010834,-3.5384674072265625,6.2972488403320455,3.9134864807128906,-7.150426864624023,-1.7788543701172017,-0.01005851209629327,0.022694826126098633,0.022694826126098633,-5.594062607371101,12.211563159560844,1.9863332526677056
