,Unnamed: 0,left_eyebrow_18x,left_eyebrow_18y,left_eyebrow_20x,left_eyebrow_20y,left_eyebrow_22x,left_eyebrow_22y,right_eyebrow_23x,right_eyebrow_23y,right_eyebrow_25x,right_eyebrow_25y,right_eyebrow_27x,right_eyebrow_27y,left_eye38_x,left_eye38_y,right_eye45_x,right_eye45_y,left_lip49_x,left_lip49_y,lip_center_upper52_x,lip_center_upper52_y,right_lip55_x,right_lip55_y,lip_center_lower58_x,lip_center_lower58_y,trans_x,trans_y,trans_z,rot_x,rot_y,rot_z
0,0,24.923370361328125,-39.80917358398435,8.043655395507784,0.33673095703125,-11.38876724243164,19.026260375976562,-25.77343368530274,16.814743041992244,-8.104232788085909,19.557540893554688,1.1059722900390625,2.2291412353515625,12.540267944335938,-13.338211059570312,7.206062316894517,-6.8957061767578125,35.800117492675795,32.24874877929689,-29.938720107078556,19.075935363769528,6.18505859375,-17.16708755493164,-5.6198554039001465,12.143753051757798,0.023518018424510952,0.0006481483578682015,0.0006481483578682015,10.168247341447799,45.72268329016342,6.69246320235216
