,Unnamed: 0,left_eyebrow_18x,left_eyebrow_18y,left_eyebrow_20x,left_eyebrow_20y,left_eyebrow_22x,left_eyebrow_22y,right_eyebrow_23x,right_eyebrow_23y,right_eyebrow_25x,right_eyebrow_25y,right_eyebrow_27x,right_eyebrow_27y,left_eye38_x,left_eye38_y,right_eye45_x,right_eye45_y,left_lip49_x,left_lip49_y,lip_center_upper52_x,lip_center_upper52_y,right_lip55_x,right_lip55_y,lip_center_lower58_x,lip_center_lower58_y,trans_x,trans_y,trans_z,rot_x,rot_y,rot_z
0,0,13.418930053710966,-8.052413940429688,-9.604660034179716,-13.01300048828125,-20.15471649169922,-13.875595092773494,-6.11773681640625,-15.24201965332037,1.7862625122070312,-4.752655029296818,-2.1483917236328125,11.461883544921875,16.000259399414062,-10.13836669921875,4.8166046142578125,-7.816558837890597,6.229225158691406,14.542804718017578,-19.09762954711914,-4.1937351226806605,17.022834777832045,-7.170986175537109,-14.562629222869875,4.4172821044921875,-0.007891416666097937,0.020286582410335527,0.020286582410335527,-7.439965736476663,33.41478660548042,1.718547715010894
