,Unnamed: 0,left_eyebrow_18x,left_eyebrow_18y,left_eyebrow_20x,left_eyebrow_20y,left_eyebrow_22x,left_eyebrow_22y,right_eyebrow_23x,right_eyebrow_23y,right_eyebrow_25x,right_eyebrow_25y,right_eyebrow_27x,right_eyebrow_27y,left_eye38_x,left_eye38_y,right_eye45_x,right_eye45_y,left_lip49_x,left_lip49_y,lip_center_upper52_x,lip_center_upper52_y,right_lip55_x,right_lip55_y,lip_center_lower58_x,lip_center_lower58_y,trans_x,trans_y,trans_z,rot_x,rot_y,rot_z
0,0,5.623275756835966,-10.388839721679688,-17.129257202148438,-15.155471801757812,-14.867359161376953,-6.7245941162109375,-13.176553726196296,-6.1229400634765625,-0.6448364257812216,5.153991699218778,0.0195770263671875,8.048004150390653,9.97784423828125,5.635177612304659,8.76340484619142,5.6667633056640625,15.320266723632812,14.85882568359375,-14.348576843738554,-6.845283508300781,8.046646118164062,-17.683288574218757,-9.513705879449844,6.193511962890625,-0.002390124835073948,0.00690262392163276,0.00690262392163276,-4.18208781793461,25.774781163096133,-3.539992970418781
