,Unnamed: 0,left_eyebrow_18x,left_eyebrow_18y,left_eyebrow_20x,left_eyebrow_20y,left_eyebrow_22x,left_eyebrow_22y,right_eyebrow_23x,right_eyebrow_23y,right_eyebrow_25x,right_eyebrow_25y,right_eyebrow_27x,right_eyebrow_27y,left_eye38_x,left_eye38_y,right_eye45_x,right_eye45_y,left_lip49_x,left_lip49_y,lip_center_upper52_x,lip_center_upper52_y,right_lip55_x,right_lip55_y,lip_center_lower58_x,lip_center_lower58_y,trans_x,trans_y,trans_z,rot_x,rot_y,rot_z
0,0,35.56236267089844,-30.155624389648438,0.3677520751953125,0.7481842041015909,-27.535186767578118,7.220275878906278,-37.79373049736023,8.002990722656278,-15.735862731933622,19.121612548828125,8.406753540039091,-0.08683776855465908,16.02391815185547,2.928924560546875,5.6547393798828125,1.999008178710966,20.298950195312486,20.409439086914062,-44.34109592437744,3.0221405029296875,-2.240875244140611,-11.941219329833991,-21.84004235267639,19.28615570068358,0.042188880033791065,0.030183127149939534,0.030183127149939534,5.017427861972638,45.584118869307765,2.7337686962881773
