,Unnamed: 0,left_eyebrow_18x,left_eyebrow_18y,left_eyebrow_20x,left_eyebrow_20y,left_eyebrow_22x,left_eyebrow_22y,right_eyebrow_23x,right_eyebrow_23y,right_eyebrow_25x,right_eyebrow_25y,right_eyebrow_27x,right_eyebrow_27y,left_eye38_x,left_eye38_y,right_eye45_x,right_eye45_y,left_lip49_x,left_lip49_y,lip_center_upper52_x,lip_center_upper52_y,right_lip55_x,right_lip55_y,lip_center_lower58_x,lip_center_lower58_y,trans_x,trans_y,trans_z,rot_x,rot_y,rot_z
0,0,-1.0825805664062784,4.8955230712890625,-4.002532958984375,-0.1758880615234375,-2.9392318725585938,-7.826477050781222,0.29067230224608664,-7.820465087890653,3.793838500976591,0.708770751953125,0.4742584228515909,7.745437622070341,3.9410400390625,3.495376586914034,-0.6780624389648438,3.169464111328125,1.8908157348632812,0.8133468627929688,-1.3687694668769836,-12.689514160156243,-1.0111007690429688,-0.9232368469238281,-3.2423097193241124,2.5406417846679688,-0.006170405074954033,0.008034050464630127,0.008034050464630127,-3.86459406475163,4.263887578343395,-2.535164109945787
