,Unnamed: 0,left_eyebrow_18x,left_eyebrow_18y,left_eyebrow_20x,left_eyebrow_20y,left_eyebrow_22x,left_eyebrow_22y,right_eyebrow_23x,right_eyebrow_23y,right_eyebrow_25x,right_eyebrow_25y,right_eyebrow_27x,right_eyebrow_27y,left_eye38_x,left_eye38_y,right_eye45_x,right_eye45_y,left_lip49_x,left_lip49_y,lip_center_upper52_x,lip_center_upper52_y,right_lip55_x,right_lip55_y,lip_center_lower58_x,lip_center_lower58_y,trans_x,trans_y,trans_z,rot_x,rot_y,rot_z
0,0,7.609680175781278,-4.7777252197265625,1.2915649414062784,-7.625839233398409,-3.56276893615723,-8.1103515625,-1.3136730194091832,-9.33087158203125,-1.6428680419921875,-1.7860565185546875,-4.929473876953125,0.9514007568359091,2.4585342407226705,5.3034820556640625,2.0471954345703267,4.3857269287109375,-8.171676635742188,2.6279067993164062,-4.735040694475174,-2.7383041381835973,10.482200622558594,-5.77388000488282,-2.998931884765625,-5.324409484863267,-0.009635839611291885,-0.0017737820744514465,-0.0017737820744514465,-2.6274465998308285,10.090958501123255,-1.6702422383679143
