,Unnamed: 0,left_eyebrow_18x,left_eyebrow_18y,left_eyebrow_20x,left_eyebrow_20y,left_eyebrow_22x,left_eyebrow_22y,right_eyebrow_23x,right_eyebrow_23y,right_eyebrow_25x,right_eyebrow_25y,right_eyebrow_27x,right_eyebrow_27y,left_eye38_x,left_eye38_y,right_eye45_x,right_eye45_y,left_lip49_x,left_lip49_y,lip_center_upper52_x,lip_center_upper52_y,right_lip55_x,right_lip55_y,lip_center_lower58_x,lip_center_lower58_y,trans_x,trans_y,trans_z,rot_x,rot_y,rot_z
0,0,0.7856292724609659,3.478118896484375,7.740905761718778,8.015716552734375,10.248817443847663,3.7237396240234375,-6.869297027587898,4.060424804687472,-6.030410766601591,4.62030029296875,-1.286453247070284,1.5047607421875284,0.822998046875,-3.6750030517577557,-1.2920303344726562,-2.807891845703182,-7.162361145019517,-2.2764205932617188,-3.288036465644836,4.451137542724609,5.480201721191406,-0.39334869384767046,-4.275184392929077,6.166465759277344,0.004555725725367665,-0.007665202021598802,-0.007665202021598802,3.3959954815188853,-3.6859301074404804,1.3479135876732042
