,Unnamed: 0,left_eyebrow_18x,left_eyebrow_18y,left_eyebrow_20x,left_eyebrow_20y,left_eyebrow_22x,left_eyebrow_22y,right_eyebrow_23x,right_eyebrow_23y,right_eyebrow_25x,right_eyebrow_25y,right_eyebrow_27x,right_eyebrow_27y,left_eye38_x,left_eye38_y,right_eye45_x,right_eye45_y,left_lip49_x,left_lip49_y,lip_center_upper52_x,lip_center_upper52_y,right_lip55_x,right_lip55_y,lip_center_lower58_x,lip_center_lower58_y,trans_x,trans_y,trans_z,rot_x,rot_y,rot_z
0,0,2.137237548828125,-8.197708129882812,-0.9460372924804688,0.5160980224609375,-5.441558837890618,3.76763916015625,-13.756692886352539,2.286193847656307,-2.2359542846679688,13.27490234375,5.806823730468722,10.428207397460909,7.120147705078125,-2.6334228515624716,5.925895690917969,-1.7303619384765625,17.02740478515625,15.800369262695312,-19.237749814987183,-5.4405364990234375,-0.25411224365234375,-11.761684417724595,-11.876664161682127,9.843414306640625,-0.004544957308098674,-0.0008740164339542389,-0.0008740164339542389,-7.648876961548174,29.626558210656867,0.2122430411427616
