,Unnamed: 0,left_eyebrow_18x,left_eyebrow_18y,left_eyebrow_20x,left_eyebrow_20y,left_eyebrow_22x,left_eyebrow_22y,right_eyebrow_23x,right_eyebrow_23y,right_eyebrow_25x,right_eyebrow_25y,right_eyebrow_27x,right_eyebrow_27y,left_eye38_x,left_eye38_y,right_eye45_x,right_eye45_y,left_lip49_x,left_lip49_y,lip_center_upper52_x,lip_center_upper52_y,right_lip55_x,right_lip55_y,lip_center_lower58_x,lip_center_lower58_y,trans_x,trans_y,trans_z,rot_x,rot_y,rot_z
0,0,-4.04571533203125,3.283462524414091,1.4608459472655682,2.5026092529296307,4.834156036376953,3.0235137939453125,-0.511859893798821,3.9692535400390625,-1.9554595947265625,3.0386199951171875,0.2946624755859375,-0.8750457763671875,-1.1527481079101705,-1.8401947021484375,0.50933837890625,-0.5796661376953125,4.854843139648452,-2.9823036193847656,-0.6062473058700562,-1.336711883544929,-3.7210464477539205,0.73822021484375,0.44363386929035187,7.011344909667969,0.0043613703455775985,-0.004766508936882019,-0.004766508936882019,1.4170151246847658,-5.295872313929557,0.6346340475603218
