,Unnamed: 0,left_eyebrow_18x,left_eyebrow_18y,left_eyebrow_20x,left_eyebrow_20y,left_eyebrow_22x,left_eyebrow_22y,right_eyebrow_23x,right_eyebrow_23y,right_eyebrow_25x,right_eyebrow_25y,right_eyebrow_27x,right_eyebrow_27y,left_eye38_x,left_eye38_y,right_eye45_x,right_eye45_y,left_lip49_x,left_lip49_y,lip_center_upper52_x,lip_center_upper52_y,right_lip55_x,right_lip55_y,lip_center_lower58_x,lip_center_lower58_y,trans_x,trans_y,trans_z,rot_x,rot_y,rot_z
0,0,-3.136032104492159,5.490325927734403,0.5607528686523438,1.7655639648437784,7.070041656494141,0.5059661865234091,-8.79369735717773,0.5267028808594034,-1.63055419921875,4.630340576171875,3.2983245849609375,7.537124633789034,0.49428558349609375,-4.7606964111328125,2.3511810302734375,-4.317230224609347,7.522735595703125,4.553070068359389,-2.820904679596424,-8.032054901123054,-7.0754241943359375,1.5552978515625142,-2.395113468170166,6.292320251464844,-0.005792008247226477,0.006017629057168961,0.006017629057168961,-3.491715387884025,6.081220542301811,-0.315694100834349
