,Unnamed: 0,left_eyebrow_18x,left_eyebrow_18y,left_eyebrow_20x,left_eyebrow_20y,left_eyebrow_22x,left_eyebrow_22y,right_eyebrow_23x,right_eyebrow_23y,right_eyebrow_25x,right_eyebrow_25y,right_eyebrow_27x,right_eyebrow_27y,left_eye38_x,left_eye38_y,right_eye45_x,right_eye45_y,left_lip49_x,left_lip49_y,lip_center_upper52_x,lip_center_upper52_y,right_lip55_x,right_lip55_y,lip_center_lower58_x,lip_center_lower58_y,trans_x,trans_y,trans_z,rot_x,rot_y,rot_z
0,0,3.959548950195284,-8.1478271484375,12.391937255859375,11.721084594726591,9.825103759765625,6.436401367187528,-7.505741119384766,3.0653381347655966,-9.600677490234403,12.118408203125,0.0533905029296875,-6.650527954101591,-1.2917938232421875,0.661651611328125,0.5014877319335938,0.9473114013671875,-5.249481201171861,3.7169723510742188,-1.2943962812423702,3.836515426635742,1.0383987426757812,0.064971923828125,0.34513814747333527,1.9632797241210938,-0.0014428552240133286,0.00571272149682045,0.00571272149682045,2.779213836475793,1.3996156135685227,1.7832186113529405
