,Unnamed: 0,left_eyebrow_18x,left_eyebrow_18y,left_eyebrow_20x,left_eyebrow_20y,left_eyebrow_22x,left_eyebrow_22y,right_eyebrow_23x,right_eyebrow_23y,right_eyebrow_25x,right_eyebrow_25y,right_eyebrow_27x,right_eyebrow_27y,left_eye38_x,left_eye38_y,right_eye45_x,right_eye45_y,left_lip49_x,left_lip49_y,lip_center_upper52_x,lip_center_upper52_y,right_lip55_x,right_lip55_y,lip_center_lower58_x,lip_center_lower58_y,trans_x,trans_y,trans_z,rot_x,rot_y,rot_z
0,0,22.27978515625,-24.672195434570312,2.4074554443359943,4.814910888671903,-15.925823211669915,10.282470703125028,-35.184464454650886,11.338897705078153,-17.19698333740233,17.48603820800784,6.778900146484375,9.519729614257756,11.752456665039077,-7.222076416015625,1.9786911010742188,-4.515121459960966,6.519805908203111,24.366703033447266,-18.06368374824524,6.716144561767578,21.55105590820311,-24.070083618164062,-8.96170973777771,16.337181091308594,0.020718691870570186,0.009155012667179115,0.009155012667179115,5.001135369749798,34.52056587661849,1.4165860911619368
