,Unnamed: 0,left_eyebrow_18x,left_eyebrow_18y,left_eyebrow_20x,left_eyebrow_20y,left_eyebrow_22x,left_eyebrow_22y,right_eyebrow_23x,right_eyebrow_23y,right_eyebrow_25x,right_eyebrow_25y,right_eyebrow_27x,right_eyebrow_27y,left_eye38_x,left_eye38_y,right_eye45_x,right_eye45_y,left_lip49_x,left_lip49_y,lip_center_upper52_x,lip_center_upper52_y,right_lip55_x,right_lip55_y,lip_center_lower58_x,lip_center_lower58_y,trans_x,trans_y,trans_z,rot_x,rot_y,rot_z
0,0,23.121856689453153,-30.246444702148438,3.545257568359375,-1.114105224609375,-10.793609619140632,7.484375,-36.29198741912842,-1.951644897460966,-12.115409851074233,23.608734130859403,-0.3543243408203125,14.4180908203125,15.007942199707031,-2.040756225585966,10.538055419921875,-2.9312286376953125,26.28197479248047,35.3769645690918,-36.51912796497345,20.412321090698242,9.718673706054688,-25.84748458862304,-19.814601257443428,10.522674560546875,0.021034416509792212,0.0066675748676061596,0.0066675748676061596,-4.51962443107567,40.3599251314794,3.448522977003713
