,Unnamed: 0,left_eyebrow_18x,left_eyebrow_18y,left_eyebrow_20x,left_eyebrow_20y,left_eyebrow_22x,left_eyebrow_22y,right_eyebrow_23x,right_eyebrow_23y,right_eyebrow_25x,right_eyebrow_25y,right_eyebrow_27x,right_eyebrow_27y,left_eye38_x,left_eye38_y,right_eye45_x,right_eye45_y,left_lip49_x,left_lip49_y,lip_center_upper52_x,lip_center_upper52_y,right_lip55_x,right_lip55_y,lip_center_lower58_x,lip_center_lower58_y,trans_x,trans_y,trans_z,rot_x,rot_y,rot_z
0,0,37.8382568359375,-19.876617431640597,-11.62725830078125,-16.12518310546875,-32.927047729492195,-14.572265625,-20.124895095825202,-11.007446289062472,-5.543701171875,-0.3642730712890625,1.482345581054716,10.04095458984375,14.043739318847656,12.892898559570284,1.838478088378892,9.455490112304716,18.376296997070312,15.778160095214844,-40.606148958206184,6.482933044433601,21.3125,-23.50926971435546,-22.473164558410648,3.6367416381835938,0.017075023148208857,-0.017283085733652115,-0.017283085733652115,-5.806603297563075,39.053925192376944,3.3398692640258005
