,Unnamed: 0,left_eyebrow_18x,left_eyebrow_18y,left_eyebrow_20x,left_eyebrow_20y,left_eyebrow_22x,left_eyebrow_22y,right_eyebrow_23x,right_eyebrow_23y,right_eyebrow_25x,right_eyebrow_25y,right_eyebrow_27x,right_eyebrow_27y,left_eye38_x,left_eye38_y,right_eye45_x,right_eye45_y,left_lip49_x,left_lip49_y,lip_center_upper52_x,lip_center_upper52_y,right_lip55_x,right_lip55_y,lip_center_lower58_x,lip_center_lower58_y,trans_x,trans_y,trans_z,rot_x,rot_y,rot_z
0,0,6.390869140625,6.2262115478515625,-4.116256713867216,-11.301086425781278,-3.2767524719238352,-17.83148193359378,6.042083740234368,-16.494827270507784,4.448532104492216,-10.5919189453125,-4.856750488281278,5.4486083984375,0.39728546142578125,7.263763427734347,-2.9400558471679688,7.344726562500028,-14.902305603027344,-4.011714935302727,-2.4779269695281982,-4.556495666503913,10.905868530273438,-1.9300613403320241,-1.6890950202941903,-2.2744674682617188,-0.0001416854793205855,0.0019940175116062164,0.0019940175116062164,-8.65534266746489,0.2408003982649567,-0.2882481225341033
