,Unnamed: 0,left_eyebrow_18x,left_eyebrow_18y,left_eyebrow_20x,left_eyebrow_20y,left_eyebrow_22x,left_eyebrow_22y,right_eyebrow_23x,right_eyebrow_23y,right_eyebrow_25x,right_eyebrow_25y,right_eyebrow_27x,right_eyebrow_27y,left_eye38_x,left_eye38_y,right_eye45_x,right_eye45_y,left_lip49_x,left_lip49_y,lip_center_upper52_x,lip_center_upper52_y,right_lip55_x,right_lip55_y,lip_center_lower58_x,lip_center_lower58_y,trans_x,trans_y,trans_z,rot_x,rot_y,rot_z
0,0,45.71559143066406,-36.855712890625,0.6152954101562784,-0.8863983154296875,-42.79563903808594,8.365997314453097,-32.90883922576904,6.292526245117159,-16.319328308105483,8.030624389648466,5.5267486572265625,-9.092864990234375,23.098175048828125,15.980880737304688,2.0579681396484517,9.65789794921875,30.1448516845703,16.013626098632805,-38.82618284225464,7.844749450683594,12.203636169433594,-10.951488494873047,-22.902231097221375,10.523574829101562,0.01794325257651508,0.012331988662481308,0.012331988662481308,6.926818278392242,36.42568307347004,3.620307088212702
