,Unnamed: 0,left_eyebrow_18x,left_eyebrow_18y,left_eyebrow_20x,left_eyebrow_20y,left_eyebrow_22x,left_eyebrow_22y,right_eyebrow_23x,right_eyebrow_23y,right_eyebrow_25x,right_eyebrow_25y,right_eyebrow_27x,right_eyebrow_27y,left_eye38_x,left_eye38_y,right_eye45_x,right_eye45_y,left_lip49_x,left_lip49_y,lip_center_upper52_x,lip_center_upper52_y,right_lip55_x,right_lip55_y,lip_center_lower58_x,lip_center_lower58_y,trans_x,trans_y,trans_z,rot_x,rot_y,rot_z
0,0,1.571075439453125,2.9260406494140625,-0.7041168212890057,-3.747802734375,-2.4944343566894602,-8.318176269531278,-0.5113677978515625,-2.6448822021484943,3.9336090087890625,0.9629974365234375,-0.3618774414062216,4.941497802734375,-0.05812835693359375,6.8822479248046875,1.0418472290039205,4.7840118408203125,1.3537521362304688,-3.062103271484382,1.22716224193573,-3.491943359374993,3.6102294921875,-3.273681640625,2.237191915512085,-1.1999053955078125,0.00040099630132317586,0.0029083266854286124,0.0029083266854286124,-2.2749372596912636,-2.373805842507692,-1.4098540124477608
