,Unnamed: 0,left_eyebrow_18x,left_eyebrow_18y,left_eyebrow_20x,left_eyebrow_20y,left_eyebrow_22x,left_eyebrow_22y,right_eyebrow_23x,right_eyebrow_23y,right_eyebrow_25x,right_eyebrow_25y,right_eyebrow_27x,right_eyebrow_27y,left_eye38_x,left_eye38_y,right_eye45_x,right_eye45_y,left_lip49_x,left_lip49_y,lip_center_upper52_x,lip_center_upper52_y,right_lip55_x,right_lip55_y,lip_center_lower58_x,lip_center_lower58_y,trans_x,trans_y,trans_z,rot_x,rot_y,rot_z
0,0,2.6865081787109375,-1.6654357910156534,-5.780548095703125,-7.4423828125,-2.9172592163085938,-3.8954162597655966,-5.532314300537113,-8.626403808593778,0.1907958984375,-2.4621124267578125,1.0464019775390625,3.7630462646484375,5.0517120361328125,-0.24838256835931816,3.6286849975585795,3.27703857421875,5.201820373535156,10.340953826904304,-12.523919790983198,-3.2679042816162145,1.9855422973632812,-8.40884780883789,-13.009669542312624,2.367645263671875,0.0033319885842502117,0.004439692944288247,0.004439692944288247,-11.216311177813571,20.253898461126408,-1.259603613090837
