,Unnamed: 0,left_eyebrow_18x,left_eyebrow_18y,left_eyebrow_20x,left_eyebrow_20y,left_eyebrow_22x,left_eyebrow_22y,right_eyebrow_23x,right_eyebrow_23y,right_eyebrow_25x,right_eyebrow_25y,right_eyebrow_27x,right_eyebrow_27y,left_eye38_x,left_eye38_y,right_eye45_x,right_eye45_y,left_lip49_x,left_lip49_y,lip_center_upper52_x,lip_center_upper52_y,right_lip55_x,right_lip55_y,lip_center_lower58_x,lip_center_lower58_y,trans_x,trans_y,trans_z,rot_x,rot_y,rot_z
0,0,27.127792358398438,-40.21397399902344,-5.6483306884765625,-15.271759033203125,-26.241043090820312,5.373214721679716,-25.51936912536621,-1.9939727783203125,-16.27448272705078,-1.3479461669921875,-5.458297729492216,1.9434051513671875,16.586265563964844,9.568145751953125,10.729087829589844,4.797271728515625,29.845989227294922,26.132774353027344,-37.74859929084778,8.458145141601562,12.813606262207017,-27.359743118286133,-17.27385950088501,10.12188720703125,0.011063464567996562,-0.02244313806295395,-0.02244313806295395,-10.387872032150023,41.62335467805864,-4.961996411269848
