,Unnamed: 0,left_eyebrow_18x,left_eyebrow_18y,left_eyebrow_20x,left_eyebrow_20y,left_eyebrow_22x,left_eyebrow_22y,right_eyebrow_23x,right_eyebrow_23y,right_eyebrow_25x,right_eyebrow_25y,right_eyebrow_27x,right_eyebrow_27y,left_eye38_x,left_eye38_y,right_eye45_x,right_eye45_y,left_lip49_x,left_lip49_y,lip_center_upper52_x,lip_center_upper52_y,right_lip55_x,right_lip55_y,lip_center_lower58_x,lip_center_lower58_y,trans_x,trans_y,trans_z,rot_x,rot_y,rot_z
0,0,11.961944580078153,-14.154708862304688,0.25439453125,-8.647262573242216,-15.324985504150376,-3.3242645263671875,-2.450275421142571,3.085662841796875,3.78448486328125,4.675262451171903,2.57373046875,4.6679229736328125,1.8776626586914062,1.7796783447265625,4.178138732910156,1.620681762695341,16.75072479248047,-1.3114356994628906,-17.46085488796234,-14.550575256347653,8.475494384765625,-20.90494537353515,-10.51253128051758,31.905143737792983,-0.002606838010251522,-0.00024191290140151284,-0.00024191290140151284,0.15770432482998142,32.876512697452455,2.7827180785384695
