,Unnamed: 0,left_eyebrow_18x,left_eyebrow_18y,left_eyebrow_20x,left_eyebrow_20y,left_eyebrow_22x,left_eyebrow_22y,right_eyebrow_23x,right_eyebrow_23y,right_eyebrow_25x,right_eyebrow_25y,right_eyebrow_27x,right_eyebrow_27y,left_eye38_x,left_eye38_y,right_eye45_x,right_eye45_y,left_lip49_x,left_lip49_y,lip_center_upper52_x,lip_center_upper52_y,right_lip55_x,right_lip55_y,lip_center_lower58_x,lip_center_lower58_y,trans_x,trans_y,trans_z,rot_x,rot_y,rot_z
0,0,5.9346466064453125,-15.581619262695312,3.571990966796889,0.2037353515625,-7.996280670166016,10.032257080078125,-4.478040695190433,12.354110717773438,-6.4162750244140625,7.5016021728515625,-0.0800933837890625,-4.490829467773466,0.41837310791015625,-0.672393798828125,1.3106689453124858,-2.278961181640625,3.545021057128892,4.259002685546875,-11.584906458854675,-6.953813552856438,4.4755935668945455,-7.709491729736328,-11.916699051856996,16.984947204589844,0.010512065375223756,-0.006727106869220727,-0.006727106869220727,1.893438161701528,16.4802716070636,2.6537160741870274
