,Unnamed: 0,left_eyebrow_18x,left_eyebrow_18y,left_eyebrow_20x,left_eyebrow_20y,left_eyebrow_22x,left_eyebrow_22y,right_eyebrow_23x,right_eyebrow_23y,right_eyebrow_25x,right_eyebrow_25y,right_eyebrow_27x,right_eyebrow_27y,left_eye38_x,left_eye38_y,right_eye45_x,right_eye45_y,left_lip49_x,left_lip49_y,lip_center_upper52_x,lip_center_upper52_y,right_lip55_x,right_lip55_y,lip_center_lower58_x,lip_center_lower58_y,trans_x,trans_y,trans_z,rot_x,rot_y,rot_z
0,0,7.4346923828125,-8.607986450195312,-9.538650512695312,-4.771820068359375,-15.778743743896484,-2.547561645507784,-5.1756858825683665,-0.8176116943359375,1.400161743164034,7.328536987304716,2.197280883789091,6.946334838867159,1.3638534545898438,4.0250244140625,3.0410385131835938,1.6778717041015625,14.891716003417969,6.624195098876953,-19.360060691833496,-11.16242599487305,5.554122924804673,-13.7586669921875,-12.594858705997467,20.293937683105483,0.0021953340619802484,-0.014160234481096275,-0.014160234481096275,-2.0574798183751524,28.100445889351725,-1.0089693286205657
