,Unnamed: 0,left_eyebrow_18x,left_eyebrow_18y,left_eyebrow_20x,left_eyebrow_20y,left_eyebrow_22x,left_eyebrow_22y,right_eyebrow_23x,right_eyebrow_23y,right_eyebrow_25x,right_eyebrow_25y,right_eyebrow_27x,right_eyebrow_27y,left_eye38_x,left_eye38_y,right_eye45_x,right_eye45_y,left_lip49_x,left_lip49_y,lip_center_upper52_x,lip_center_upper52_y,right_lip55_x,right_lip55_y,lip_center_lower58_x,lip_center_lower58_y,trans_x,trans_y,trans_z,rot_x,rot_y,rot_z
0,0,3.2639312744140625,-4.5348358154296875,3.2467880249023438,0.5082244873047159,1.367156982421875,3.8430938720703125,0.9521331787109375,7.982635498046903,-3.8560409545898438,2.2387237548828125,-0.7416076660156534,-4.0175323486328125,-3.9760513305664062,0.51239013671875,-0.693603515625,-1.341476440429659,-0.8562469482422017,-1.2573585510253906,1.2220302820205688,-7.509511947631829,0.2371063232421875,0.37483978271485086,0.9222061634063721,13.564910888671875,0.003210731432773173,-0.0025865063071250846,-0.0025865063071250846,1.477815010610489,-2.1067068531183963,1.1531594919473143
