,Unnamed: 0,left_eyebrow_18x,left_eyebrow_18y,left_eyebrow_20x,left_eyebrow_20y,left_eyebrow_22x,left_eyebrow_22y,right_eyebrow_23x,right_eyebrow_23y,right_eyebrow_25x,right_eyebrow_25y,right_eyebrow_27x,right_eyebrow_27y,left_eye38_x,left_eye38_y,right_eye45_x,right_eye45_y,left_lip49_x,left_lip49_y,lip_center_upper52_x,lip_center_upper52_y,right_lip55_x,right_lip55_y,lip_center_lower58_x,lip_center_lower58_y,trans_x,trans_y,trans_z,rot_x,rot_y,rot_z
0,0,39.42884826660156,-23.841873168945312,7.845291137695341,4.229293823242216,-25.86367416381836,0.3267364501953125,-23.027149200439453,2.2388153076171875,0.4860076904297159,15.515838623046903,11.435577392578125,8.815765380859403,20.474395751953125,13.510848999023438,3.9206466674804688,12.096267700195341,33.27122497558594,27.153793334960938,-47.32553339004517,-16.648683547973633,6.9450836181640625,-18.80636215209961,-24.39128732681274,27.786834716796875,0.016364372335374355,0.023507898673415177,0.023507898673415177,8.751435322385502,50.85648000283411,4.466997803114028
