,Unnamed: 0,left_eyebrow_18x,left_eyebrow_18y,left_eyebrow_20x,left_eyebrow_20y,left_eyebrow_22x,left_eyebrow_22y,right_eyebrow_23x,right_eyebrow_23y,right_eyebrow_25x,right_eyebrow_25y,right_eyebrow_27x,right_eyebrow_27y,left_eye38_x,left_eye38_y,right_eye45_x,right_eye45_y,left_lip49_x,left_lip49_y,lip_center_upper52_x,lip_center_upper52_y,right_lip55_x,right_lip55_y,lip_center_lower58_x,lip_center_lower58_y,trans_x,trans_y,trans_z,rot_x,rot_y,rot_z
0,0,11.939575195312528,-13.688583374023466,2.0634078979492188,-7.392364501953182,-11.52387619018554,-0.3748626708984091,-3.4668540954589844,4.1118621826171875,3.0699615478515625,6.810760498046847,2.873931884765625,5.602874755859375,2.314338684082017,-1.1180114746094034,3.53875732421875,-1.5145874023437216,16.438926696777344,5.971950531005859,-18.916168570518494,-17.999109268188477,5.536407470703125,-15.748088836669915,-8.301562309265137,31.298362731933594,-0.0011844243854284286,0.0014090873301029275,0.0014090873301029275,-0.7778428275031066,31.846324249909657,2.391877983329894
