,Unnamed: 0,left_eyebrow_18x,left_eyebrow_18y,left_eyebrow_20x,left_eyebrow_20y,left_eyebrow_22x,left_eyebrow_22y,right_eyebrow_23x,right_eyebrow_23y,right_eyebrow_25x,right_eyebrow_25y,right_eyebrow_27x,right_eyebrow_27y,left_eye38_x,left_eye38_y,right_eye45_x,right_eye45_y,left_lip49_x,left_lip49_y,lip_center_upper52_x,lip_center_upper52_y,right_lip55_x,right_lip55_y,lip_center_lower58_x,lip_center_lower58_y,trans_x,trans_y,trans_z,rot_x,rot_y,rot_z
0,0,20.96849060058591,-22.479965209960938,-4.934722900390597,7.355361938476591,-24.12667083740233,13.535675048828125,-23.476585388183594,12.729324340820312,-5.227020263671861,16.319717407226562,0.255279541015625,7.23736572265625,11.087936401367188,-4.146392822265597,4.4830551147460795,-4.0205841064453125,14.478347778320298,10.570392608642578,-30.993179202079773,3.3503017425537074,9.787384033203125,-18.769920349121087,-22.2213693857193,23.23265075683595,-0.0018476916011422873,0.0008391328155994415,0.0008391328155994415,2.6761299448848956,37.05868902472973,3.8168372662071066
