,Unnamed: 0,left_eyebrow_18x,left_eyebrow_18y,left_eyebrow_20x,left_eyebrow_20y,left_eyebrow_22x,left_eyebrow_22y,right_eyebrow_23x,right_eyebrow_23y,right_eyebrow_25x,right_eyebrow_25y,right_eyebrow_27x,right_eyebrow_27y,left_eye38_x,left_eye38_y,right_eye45_x,right_eye45_y,left_lip49_x,left_lip49_y,lip_center_upper52_x,lip_center_upper52_y,right_lip55_x,right_lip55_y,lip_center_lower58_x,lip_center_lower58_y,trans_x,trans_y,trans_z,rot_x,rot_y,rot_z
0,0,0.6660919189452841,-5.56988525390625,-1.411529541015625,3.8448944091796875,-3.276069641113274,8.629974365234375,-11.75979995727539,8.244857788085909,1.0960388183593466,13.578369140625,6.306747436523466,10.240203857421875,4.549064636230469,-6.76507568359375,4.957344055175781,-6.8123321533203125,22.88673400878905,8.803749084472656,-18.465665340423584,-23.81658363342285,-6.236656188964844,-14.474800109863274,-11.551044106483458,34.31569671630858,-0.007351603242568672,-0.0017284303903579781,-0.0017284303903579781,2.932285452330522,37.33409571670996,1.353495408978232
