,Unnamed: 0,left_eyebrow_18x,left_eyebrow_18y,left_eyebrow_20x,left_eyebrow_20y,left_eyebrow_22x,left_eyebrow_22y,right_eyebrow_23x,right_eyebrow_23y,right_eyebrow_25x,right_eyebrow_25y,right_eyebrow_27x,right_eyebrow_27y,left_eye38_x,left_eye38_y,right_eye45_x,right_eye45_y,left_lip49_x,left_lip49_y,lip_center_upper52_x,lip_center_upper52_y,right_lip55_x,right_lip55_y,lip_center_lower58_x,lip_center_lower58_y,trans_x,trans_y,trans_z,rot_x,rot_y,rot_z
0,0,-1.10089111328125,2.24737548828125,-6.1183929443359375,-0.28302001953125,-2.710895538330071,1.9117431640624716,-0.5234031677246094,4.538238525390625,2.9526901245117045,-0.6696014404296875,3.032089233398466,1.560287475585909,-1.192047119140625,-3.660476684570341,-1.5618209838867045,-4.402770996093778,11.402786254882812,-7.3941192626953125,3.2978463768959045,-21.17878580093384,-10.154487609863281,-5.08502197265625,-2.523104667663574,38.26732635498048,-0.01178270298987627,-0.003303930163383484,-0.003303930163383484,-1.3647251077761735,15.137089041728878,1.0715987888363099
