,Unnamed: 0,left_eyebrow_18x,left_eyebrow_18y,left_eyebrow_20x,left_eyebrow_20y,left_eyebrow_22x,left_eyebrow_22y,right_eyebrow_23x,right_eyebrow_23y,right_eyebrow_25x,right_eyebrow_25y,right_eyebrow_27x,right_eyebrow_27y,left_eye38_x,left_eye38_y,right_eye45_x,right_eye45_y,left_lip49_x,left_lip49_y,lip_center_upper52_x,lip_center_upper52_y,right_lip55_x,right_lip55_y,lip_center_lower58_x,lip_center_lower58_y,trans_x,trans_y,trans_z,rot_x,rot_y,rot_z
0,0,3.0986175537109375,-8.348876953125057,-1.7161560058594034,-4.678039550781278,-12.930927276611321,2.380523681640625,5.9966087341308665,2.3654174804687216,0.7111053466797159,-1.0645751953125,-1.481903076171875,-5.297302246093778,3.1793212890625,3.947708129882784,4.0639801025390625,5.9288177490234375,2.0403366088867188,-3.8867950439453125,0.48989200592041104,-11.94805526733398,1.9673614501952983,-11.28531646728515,-2.2808499336242676,19.92313385009767,-0.003649062477052211,-0.009584087878465652,-0.009584087878465652,0.2715275917820802,0.047794987147419477,-2.678938027300822
