,Unnamed: 0,left_eyebrow_18x,left_eyebrow_18y,left_eyebrow_20x,left_eyebrow_20y,left_eyebrow_22x,left_eyebrow_22y,right_eyebrow_23x,right_eyebrow_23y,right_eyebrow_25x,right_eyebrow_25y,right_eyebrow_27x,right_eyebrow_27y,left_eye38_x,left_eye38_y,right_eye45_x,right_eye45_y,left_lip49_x,left_lip49_y,lip_center_upper52_x,lip_center_upper52_y,right_lip55_x,right_lip55_y,lip_center_lower58_x,lip_center_lower58_y,trans_x,trans_y,trans_z,rot_x,rot_y,rot_z
0,0,0.27359008789068184,0.287200927734375,-3.4074859619140625,-5.305282592773494,-7.102882385253899,-2.926849365234375,7.78973388671875,-0.5786285400390909,4.2281646728515625,-1.3431396484375,-0.5771026611328125,0.2532196044921875,-0.39301300048828125,0.7554473876953125,0.32848358154295454,-1.062896728515625,3.3377609252929688,-10.539005279541016,-2.018076479434967,-19.380207061767578,-6.005683898925781,-10.479434967041009,0.9756559729576111,30.245872497558594,0.009206987917423248,0.0006620697677135537,0.0006620697677135537,-4.155306634658769,-8.85605569831609,1.3681598453648962
