,Unnamed: 0,left_eyebrow_18x,left_eyebrow_18y,left_eyebrow_20x,left_eyebrow_20y,left_eyebrow_22x,left_eyebrow_22y,right_eyebrow_23x,right_eyebrow_23y,right_eyebrow_25x,right_eyebrow_25y,right_eyebrow_27x,right_eyebrow_27y,left_eye38_x,left_eye38_y,right_eye45_x,right_eye45_y,left_lip49_x,left_lip49_y,lip_center_upper52_x,lip_center_upper52_y,right_lip55_x,right_lip55_y,lip_center_lower58_x,lip_center_lower58_y,trans_x,trans_y,trans_z,rot_x,rot_y,rot_z
0,0,-3.1540679931640625,2.8418426513671875,-5.2586212158203125,0.281494140625,-4.263286590576172,-2.504425048828125,0.9057159423828196,-3.734237670898409,-0.5800857543945455,2.4376220703125,-0.935821533203125,2.526962280273409,-1.8114242553710938,3.8833465576171875,-1.3657379150390625,1.7206268310546875,9.310638427734375,-5.1797637939453125,2.409501075744629,-14.303646087646488,0.927764892578125,-2.9398689270019602,2.4733027815818787,18.01721191406253,0.021085327956825495,-0.014997225254774087,-0.014997225254774087,-4.795313622022231,-24.628443290029104,-0.9818185498121272
