,Unnamed: 0,left_eyebrow_18x,left_eyebrow_18y,left_eyebrow_20x,left_eyebrow_20y,left_eyebrow_22x,left_eyebrow_22y,right_eyebrow_23x,right_eyebrow_23y,right_eyebrow_25x,right_eyebrow_25y,right_eyebrow_27x,right_eyebrow_27y,left_eye38_x,left_eye38_y,right_eye45_x,right_eye45_y,left_lip49_x,left_lip49_y,lip_center_upper52_x,lip_center_upper52_y,right_lip55_x,right_lip55_y,lip_center_lower58_x,lip_center_lower58_y,trans_x,trans_y,trans_z,rot_x,rot_y,rot_z
0,0,-4.754913330078153,4.4087677001953125,0.0247802734375,9.8416748046875,2.2900276184082102,6.8975677490234375,-1.8054542541503835,7.347702026367159,-0.07666015625,10.494186401367188,3.817977905273466,4.432647705078153,0.8870162963867188,-6.506698608398466,0.551506042480483,-5.2332763671875,16.82515716552733,-1.88818359375,0.16241967678070068,-26.306808471679688,-15.281509399414062,-1.6810073852539062,-2.1328272819519043,31.919052124023438,0.011440573376603425,-0.0009485632181167603,-0.0009485632181167603,1.0172502866445636,-13.85295271269486,-0.10358121713369517
