,Unnamed: 0,left_eyebrow_18x,left_eyebrow_18y,left_eyebrow_20x,left_eyebrow_20y,left_eyebrow_22x,left_eyebrow_22y,right_eyebrow_23x,right_eyebrow_23y,right_eyebrow_25x,right_eyebrow_25y,right_eyebrow_27x,right_eyebrow_27y,left_eye38_x,left_eye38_y,right_eye45_x,right_eye45_y,left_lip49_x,left_lip49_y,lip_center_upper52_x,lip_center_upper52_y,right_lip55_x,right_lip55_y,lip_center_lower58_x,lip_center_lower58_y,trans_x,trans_y,trans_z,rot_x,rot_y,rot_z
0,0,11.55157470703125,-18.01594543457037,-4.912689208984347,-6.559478759765597,-24.97746658325196,-0.3408050537109659,3.953521728515625,1.829055786132784,6.363670349121094,6.005966186523409,3.116668701171875,2.1154327392578125,8.081886291503906,8.290374755859375,1.4046173095703125,5.7832794189453125,12.999549865722642,-5.557579040527337,-16.26129961013794,-13.556640624999996,11.042022705078125,-30.946952819824226,-10.782315731048584,34.49427032470703,-0.014700756873935461,-0.009107656776905053,-0.009107656776905053,0.43011708360400824,35.13094630229497,-0.1365314296301564
