,Unnamed: 0,left_eyebrow_18x,left_eyebrow_18y,left_eyebrow_20x,left_eyebrow_20y,left_eyebrow_22x,left_eyebrow_22y,right_eyebrow_23x,right_eyebrow_23y,right_eyebrow_25x,right_eyebrow_25y,right_eyebrow_27x,right_eyebrow_27y,left_eye38_x,left_eye38_y,right_eye45_x,right_eye45_y,left_lip49_x,left_lip49_y,lip_center_upper52_x,lip_center_upper52_y,right_lip55_x,right_lip55_y,lip_center_lower58_x,lip_center_lower58_y,trans_x,trans_y,trans_z,rot_x,rot_y,rot_z
0,0,49.13996887207034,-33.51292419433594,6.440299987792969,-11.009109497070341,-43.54263305664062,2.4317169189453125,-24.167295455932617,6.113372802734375,0.653358459472642,8.818664550781222,13.778518676757812,8.661163330078125,11.984664916992188,3.21295166015625,-5.6826934814453125,4.383728027343778,45.31323242187499,8.732620239257812,-41.26991879940033,-12.941030502319332,11.328468322753906,-27.819026947021477,-15.516931533813478,36.15679931640622,-0.0007613901980221263,0.013918742537498481,0.013918742537498481,5.163113801943038,49.928874642473346,5.725110711393862
