,Unnamed: 0,left_eyebrow_18x,left_eyebrow_18y,left_eyebrow_20x,left_eyebrow_20y,left_eyebrow_22x,left_eyebrow_22y,right_eyebrow_23x,right_eyebrow_23y,right_eyebrow_25x,right_eyebrow_25y,right_eyebrow_27x,right_eyebrow_27y,left_eye38_x,left_eye38_y,right_eye45_x,right_eye45_y,left_lip49_x,left_lip49_y,lip_center_upper52_x,lip_center_upper52_y,right_lip55_x,right_lip55_y,lip_center_lower58_x,lip_center_lower58_y,trans_x,trans_y,trans_z,rot_x,rot_y,rot_z
0,0,39.547760009765625,-31.013214111328153,-0.16655731201171875,-6.178451538085966,-40.783153533935554,-1.4534149169921875,-16.902128219604496,-2.7703094482421875,-3.8124771118164062,7.8013458251953125,5.793045043945369,4.6135101318359375,19.314613342285156,11.116912841796875,-2.2591400146484375,8.7701416015625,35.26883697509764,-3.260040283203118,-42.43580389022827,-9.589385986328125,20.60986328125,-32.47996902465822,-24.775813102722168,33.545875549316406,-0.007725834380835295,0.004318863153457642,0.004318863153457642,0.6410478338227925,51.21249992326356,0.5580984050338162
