,Unnamed: 0,left_eyebrow_18x,left_eyebrow_18y,left_eyebrow_20x,left_eyebrow_20y,left_eyebrow_22x,left_eyebrow_22y,right_eyebrow_23x,right_eyebrow_23y,right_eyebrow_25x,right_eyebrow_25y,right_eyebrow_27x,right_eyebrow_27y,left_eye38_x,left_eye38_y,right_eye45_x,right_eye45_y,left_lip49_x,left_lip49_y,lip_center_upper52_x,lip_center_upper52_y,right_lip55_x,right_lip55_y,lip_center_lower58_x,lip_center_lower58_y,trans_x,trans_y,trans_z,rot_x,rot_y,rot_z
0,0,4.0859375,-14.952850341796903,2.65643310546875,4.911178588867216,-8.355426788330078,12.39324951171875,-3.4444313049316406,13.012359619140625,-7.141593933105469,8.887374877929716,-1.957839965820341,-6.525604248046875,3.3939285278320312,-0.0087890625,3.7167205810546733,0.23828125,6.188270568847642,-0.7343063354492188,-10.487659335136412,-4.918594360351559,7.992736816406264,-9.28012466430664,-12.009790062904358,19.67527770996095,0.013121159980073571,-0.011375624686479562,-0.011375624686479562,3.2963540031934104,15.535416381500303,2.1082998652278864
