,Unnamed: 0,left_eyebrow_18x,left_eyebrow_18y,left_eyebrow_20x,left_eyebrow_20y,left_eyebrow_22x,left_eyebrow_22y,right_eyebrow_23x,right_eyebrow_23y,right_eyebrow_25x,right_eyebrow_25y,right_eyebrow_27x,right_eyebrow_27y,left_eye38_x,left_eye38_y,right_eye45_x,right_eye45_y,left_lip49_x,left_lip49_y,lip_center_upper52_x,lip_center_upper52_y,right_lip55_x,right_lip55_y,lip_center_lower58_x,lip_center_lower58_y,trans_x,trans_y,trans_z,rot_x,rot_y,rot_z
0,0,21.734024047851562,-25.242645263671875,-12.32598876953125,-16.964309692382812,-26.203739166259766,-2.0415649414062784,-25.64930820465088,-6.804931640624972,3.472808837890568,6.3410186767578125,7.1304779052734375,15.338592529296847,19.398391723632812,8.6900634765625,9.219009399414062,3.7798919677734375,32.89286041259764,16.339881896972656,-40.983697175979614,-5.055397033691403,-3.575469970703111,-32.15188789367676,-24.83619594573975,42.716712951660156,0.016953610349446535,0.027149826288223267,0.027149826288223267,-6.021422152021529,44.82771746053477,3.1466753061301076
