,Unnamed: 0,left_eyebrow_18x,left_eyebrow_18y,left_eyebrow_20x,left_eyebrow_20y,left_eyebrow_22x,left_eyebrow_22y,right_eyebrow_23x,right_eyebrow_23y,right_eyebrow_25x,right_eyebrow_25y,right_eyebrow_27x,right_eyebrow_27y,left_eye38_x,left_eye38_y,right_eye45_x,right_eye45_y,left_lip49_x,left_lip49_y,lip_center_upper52_x,lip_center_upper52_y,right_lip55_x,right_lip55_y,lip_center_lower58_x,lip_center_lower58_y,trans_x,trans_y,trans_z,rot_x,rot_y,rot_z
0,0,3.72808837890625,0.0604705810546875,-11.680610656738281,-11.268890380859375,-17.411746978759766,-9.751083374023409,17.50196456909179,-12.469085693359375,11.108253479003878,-14.059539794921847,-1.9444732666015625,0.23179626464840908,4.574012756347656,6.9878082275390625,-4.486579895019531,8.6597900390625,-7.917610168457017,-14.899120330810554,-3.626041293144226,-8.221092224121094,4.77215576171875,-18.07585906982422,-0.7971029281616206,24.583168029785156,-0.005998974782414734,0.004325114190578468,0.004325114190578468,-4.27413577874996,2.863678900062524,-3.655114991872362
