,Unnamed: 0,left_eyebrow_18x,left_eyebrow_18y,left_eyebrow_20x,left_eyebrow_20y,left_eyebrow_22x,left_eyebrow_22y,right_eyebrow_23x,right_eyebrow_23y,right_eyebrow_25x,right_eyebrow_25y,right_eyebrow_27x,right_eyebrow_27y,left_eye38_x,left_eye38_y,right_eye45_x,right_eye45_y,left_lip49_x,left_lip49_y,lip_center_upper52_x,lip_center_upper52_y,right_lip55_x,right_lip55_y,lip_center_lower58_x,lip_center_lower58_y,trans_x,trans_y,trans_z,rot_x,rot_y,rot_z
0,0,0.8502655029296875,4.532562255859375,-6.0506362915039205,-4.483261108398409,-7.68267822265625,-9.871444702148438,9.710643768310547,-10.976303100585909,4.921829223632827,-6.641403198242216,-2.9263763427734375,1.9011230468750284,-2.3159637451171875,7.0681915283203125,-0.48668670654296875,6.448410034179716,1.7582321166992188,-0.04522705078125,1.7115521430969238,-19.884986877441406,0.10102844238279829,2.785411834716797,1.3606126308441167,9.438636779785156,0.005853743990883231,-0.0028856508433818817,-0.0028856508433818817,-11.323001584885949,-5.850807778579615,0.3636539378013599
