,Unnamed: 0,left_eyebrow_18x,left_eyebrow_18y,left_eyebrow_20x,left_eyebrow_20y,left_eyebrow_22x,left_eyebrow_22y,right_eyebrow_23x,right_eyebrow_23y,right_eyebrow_25x,right_eyebrow_25y,right_eyebrow_27x,right_eyebrow_27y,left_eye38_x,left_eye38_y,right_eye45_x,right_eye45_y,left_lip49_x,left_lip49_y,lip_center_upper52_x,lip_center_upper52_y,right_lip55_x,right_lip55_y,lip_center_lower58_x,lip_center_lower58_y,trans_x,trans_y,trans_z,rot_x,rot_y,rot_z
0,0,14.047546386718722,-25.562026977539062,-0.134124755859375,0.7137298583984943,-22.92575454711914,11.185012817382841,-11.094417572021484,12.978256225585938,-11.112625122070298,16.331329345703125,-0.9671020507812216,-7.079879760742159,19.553436279296875,2.969741821289091,0.48757171630859375,2.186019897460966,3.810577392578139,4.246219635009766,-23.074978828430176,15.68220329284668,15.116027832031236,-22.11605072021485,-16.202514390461147,23.992584228515625,-0.002876527374610305,-0.04147828742861749,-0.04147828742861749,7.95389145859179,34.01026089202726,-1.5840634620200458
