,Unnamed: 0,left_eyebrow_18x,left_eyebrow_18y,left_eyebrow_20x,left_eyebrow_20y,left_eyebrow_22x,left_eyebrow_22y,right_eyebrow_23x,right_eyebrow_23y,right_eyebrow_25x,right_eyebrow_25y,right_eyebrow_27x,right_eyebrow_27y,left_eye38_x,left_eye38_y,right_eye45_x,right_eye45_y,left_lip49_x,left_lip49_y,lip_center_upper52_x,lip_center_upper52_y,right_lip55_x,right_lip55_y,lip_center_lower58_x,lip_center_lower58_y,trans_x,trans_y,trans_z,rot_x,rot_y,rot_z
0,0,8.05413818359375,-5.4644317626953125,-7.427696228027344,-5.224212646484403,-21.34775161743164,-8.255950927734375,4.9034423828125,-9.857879638671875,6.7530899047851705,-1.719039916992216,-0.8016357421875,8.335083007812528,2.3545074462890625,8.71990966796875,6.03924560546875,8.797958374023466,8.911491394042969,9.26731872558593,-13.416757583618164,-19.404329299926754,6.234130859375,-8.91947174072265,-14.86054539680481,11.266983032226562,0.009364214492961766,-0.019482959061861038,-0.019482959061861038,-11.60712742731052,21.98837248230719,0.16982491655338539
