,Unnamed: 0,left_eyebrow_18x,left_eyebrow_18y,left_eyebrow_20x,left_eyebrow_20y,left_eyebrow_22x,left_eyebrow_22y,right_eyebrow_23x,right_eyebrow_23y,right_eyebrow_25x,right_eyebrow_25y,right_eyebrow_27x,right_eyebrow_27y,left_eye38_x,left_eye38_y,right_eye45_x,right_eye45_y,left_lip49_x,left_lip49_y,lip_center_upper52_x,lip_center_upper52_y,right_lip55_x,right_lip55_y,lip_center_lower58_x,lip_center_lower58_y,trans_x,trans_y,trans_z,rot_x,rot_y,rot_z
0,0,4.6488189697265625,-4.7308502197265625,0.3336334228515625,-0.8846282958984091,-4.930484771728516,-0.08489990234375,-7.697170257568359,-1.8156585693359375,0.13577270507806816,6.449035644531222,1.529632568359375,6.282333374023466,4.136253356933594,-0.4860076904296875,3.5104598999023438,-1.9173126220703693,9.557601928710938,8.094902038574205,-13.112956404685974,-9.774215698242188,4.992813110351577,-11.85647964477539,-9.64424204826355,11.7305908203125,0.011367903323844075,0.0012512393295764992,0.0012512393295764992,-1.800775594215673,19.272851951127876,0.04282286000474311
