,Unnamed: 0,left_eyebrow_18x,left_eyebrow_18y,left_eyebrow_20x,left_eyebrow_20y,left_eyebrow_22x,left_eyebrow_22y,right_eyebrow_23x,right_eyebrow_23y,right_eyebrow_25x,right_eyebrow_25y,right_eyebrow_27x,right_eyebrow_27y,left_eye38_x,left_eye38_y,right_eye45_x,right_eye45_y,left_lip49_x,left_lip49_y,lip_center_upper52_x,lip_center_upper52_y,right_lip55_x,right_lip55_y,lip_center_lower58_x,lip_center_lower58_y,trans_x,trans_y,trans_z,rot_x,rot_y,rot_z
0,0,-0.14764404296875,-2.2477264404296875,2.564788818359389,2.499588012695284,1.0435676574707031,2.602447509765625,0.12259292602539062,-1.198379516601591,0.300811767578125,0.0341644287109375,-2.40679931640625,-1.380859375,-1.741203308105483,1.7747497558593466,-0.5435562133789062,0.528656005859375,2.5277862548828125,-2.0516586303710866,1.450006127357483,-10.550818443298336,1.8119354248046733,2.2976875305175852,0.9477173388004303,11.918891906738281,0.005119716261106078,0.006133344024419778,0.006133344024419778,-1.3254348877616018,-6.247265197612905,0.8688667996591593
