,Unnamed: 0,left_eyebrow_18x,left_eyebrow_18y,left_eyebrow_20x,left_eyebrow_20y,left_eyebrow_22x,left_eyebrow_22y,right_eyebrow_23x,right_eyebrow_23y,right_eyebrow_25x,right_eyebrow_25y,right_eyebrow_27x,right_eyebrow_27y,left_eye38_x,left_eye38_y,right_eye45_x,right_eye45_y,left_lip49_x,left_lip49_y,lip_center_upper52_x,lip_center_upper52_y,right_lip55_x,right_lip55_y,lip_center_lower58_x,lip_center_lower58_y,trans_x,trans_y,trans_z,rot_x,rot_y,rot_z
0,0,57.360595703125,-30.931686401367188,3.8498687744140625,-5.247833251953125,-43.94902801513671,0.277435302734375,-24.38651847839356,-5.1326904296875,-6.59967041015625,0.280548095703125,2.3597412109375,-4.7111358642578125,21.25959014892578,12.408676147460938,-2.013336181640625,7.932647705078125,24.65103912353517,6.770629882812486,-48.85712254047394,-5.914800643920898,19.308380126953125,-23.875934600830085,-25.70436811447144,24.158721923828125,0.01408445043489337,-0.016024664044380174,-0.016024664044380174,3.154747692693735,54.170758467681424,-0.8785709498958061
