,Unnamed: 0,left_eyebrow_18x,left_eyebrow_18y,left_eyebrow_20x,left_eyebrow_20y,left_eyebrow_22x,left_eyebrow_22y,right_eyebrow_23x,right_eyebrow_23y,right_eyebrow_25x,right_eyebrow_25y,right_eyebrow_27x,right_eyebrow_27y,left_eye38_x,left_eye38_y,right_eye45_x,right_eye45_y,left_lip49_x,left_lip49_y,lip_center_upper52_x,lip_center_upper52_y,right_lip55_x,right_lip55_y,lip_center_lower58_x,lip_center_lower58_y,trans_x,trans_y,trans_z,rot_x,rot_y,rot_z
0,0,18.148162841796875,-16.732192993164062,-1.5216674804687784,-6.8277740478515625,-23.292732238769524,-1.2393035888671875,2.3117446899414134,-3.428192138671875,-0.9320068359375,2.41766357421875,-5.686126708984403,-0.4875030517578125,5.5726318359375,6.9345245361328125,5.404937744140611,5.2445831298828125,6.8841018676757955,2.5772666931152344,-19.470525860786438,-10.75023078918457,18.19249725341797,-23.57533264160157,-10.20747423171997,23.001014709472642,-0.005737065628636628,-0.017124921083450317,-0.017124921083450317,1.2915672090790253,38.927477411577485,-2.874067706176206
