,Unnamed: 0,left_eyebrow_18x,left_eyebrow_18y,left_eyebrow_20x,left_eyebrow_20y,left_eyebrow_22x,left_eyebrow_22y,right_eyebrow_23x,right_eyebrow_23y,right_eyebrow_25x,right_eyebrow_25y,right_eyebrow_27x,right_eyebrow_27y,left_eye38_x,left_eye38_y,right_eye45_x,right_eye45_y,left_lip49_x,left_lip49_y,lip_center_upper52_x,lip_center_upper52_y,right_lip55_x,right_lip55_y,lip_center_lower58_x,lip_center_lower58_y,trans_x,trans_y,trans_z,rot_x,rot_y,rot_z
0,0,16.769897460937443,-43.47669982910159,3.7953033447265625,-9.585266113281193,-19.247455596923828,3.276397705078125,-26.431802749633793,2.5080261230468466,-4.033935546875,10.279220581054688,1.4641418457030966,11.11433410644537,22.629776000976562,6.6259307861328125,8.908470153808594,-0.7296142578125,36.179786682128906,25.576663970947273,-49.685720682144165,5.815681457519538,1.0200805664062642,-35.29123878479004,-20.341744899749756,21.398971557617188,0.02946876746136695,-0.002508610486984253,-0.002508610486984253,0.7962419361651767,45.13901141756429,1.6437946263896805
