,Unnamed: 0,left_eyebrow_18x,left_eyebrow_18y,left_eyebrow_20x,left_eyebrow_20y,left_eyebrow_22x,left_eyebrow_22y,right_eyebrow_23x,right_eyebrow_23y,right_eyebrow_25x,right_eyebrow_25y,right_eyebrow_27x,right_eyebrow_27y,left_eye38_x,left_eye38_y,right_eye45_x,right_eye45_y,left_lip49_x,left_lip49_y,lip_center_upper52_x,lip_center_upper52_y,right_lip55_x,right_lip55_y,lip_center_lower58_x,lip_center_lower58_y,trans_x,trans_y,trans_z,rot_x,rot_y,rot_z
0,0,-5.055511474609403,4.424331665039091,-4.005516052246094,0.8692779541015625,0.5252418518066406,-0.393218994140625,1.4369239807128906,0.12551879882809658,5.453224182128892,0.9319305419921875,5.11431884765625,4.075439453125,-2.6570892333984375,1.278533935546875,0.5072708129882812,2.321533203125,13.559768676757827,-6.386791229248047,-0.4755997657775879,-33.568846702575684,-12.837730407714844,-6.1414337158203125,-0.6748840808868413,32.26045989990237,0.010304779978469016,-0.01004951074719429,-0.01004951074719429,-5.536369313771271,-11.981951755676757,-0.7263297617603666
