,Unnamed: 0,left_eyebrow_18x,left_eyebrow_18y,left_eyebrow_20x,left_eyebrow_20y,left_eyebrow_22x,left_eyebrow_22y,right_eyebrow_23x,right_eyebrow_23y,right_eyebrow_25x,right_eyebrow_25y,right_eyebrow_27x,right_eyebrow_27y,left_eye38_x,left_eye38_y,right_eye45_x,right_eye45_y,left_lip49_x,left_lip49_y,lip_center_upper52_x,lip_center_upper52_y,right_lip55_x,right_lip55_y,lip_center_lower58_x,lip_center_lower58_y,trans_x,trans_y,trans_z,rot_x,rot_y,rot_z
0,0,1.945510864257784,4.313934326171847,-2.0963287353515057,2.7762603759765625,-1.8158378601074219,-5.8054962158203125,2.557159423828125,-3.4145050048828125,2.8746643066406534,0.4465484619140909,-2.3651123046875,3.281723022460966,-0.8602294921875,2.8193511962890625,-0.7780685424804688,0.9451446533203125,-0.2356414794921875,-3.387359619140618,4.143451929092407,-14.249963760375966,-2.42724609375,-0.4028663635253906,1.0350658893585205,10.279350280761719,0.003035351866856217,0.002605445683002479,0.002605445683002479,-2.3739952585940873,-5.5947264691844385,-0.8638372748159033
