,Unnamed: 0,left_eyebrow_18x,left_eyebrow_18y,left_eyebrow_20x,left_eyebrow_20y,left_eyebrow_22x,left_eyebrow_22y,right_eyebrow_23x,right_eyebrow_23y,right_eyebrow_25x,right_eyebrow_25y,right_eyebrow_27x,right_eyebrow_27y,left_eye38_x,left_eye38_y,right_eye45_x,right_eye45_y,left_lip49_x,left_lip49_y,lip_center_upper52_x,lip_center_upper52_y,right_lip55_x,right_lip55_y,lip_center_lower58_x,lip_center_lower58_y,trans_x,trans_y,trans_z,rot_x,rot_y,rot_z
0,0,22.96577453613284,-18.70330810546878,0.030975341796931843,0.698028564453125,-18.584014892578118,4.591766357421847,-24.01163673400879,4.1739044189453125,-0.603858947753892,13.643600463867159,6.951156616210909,10.069503784179688,18.444725036621094,-7.352691650390625,3.667785644531236,-6.1813507080078125,24.550521850585938,8.659000396728516,-40.8000248670578,3.9484596252441406,4.633018493652358,-20.39445495605468,-20.180628061294556,30.75908660888672,0.018901543226093054,-0.013687066733837128,-0.013687066733837128,1.8971468056956764,43.33465971626111,4.376924598730596
