,Unnamed: 0,left_eyebrow_18x,left_eyebrow_18y,left_eyebrow_20x,left_eyebrow_20y,left_eyebrow_22x,left_eyebrow_22y,right_eyebrow_23x,right_eyebrow_23y,right_eyebrow_25x,right_eyebrow_25y,right_eyebrow_27x,right_eyebrow_27y,left_eye38_x,left_eye38_y,right_eye45_x,right_eye45_y,left_lip49_x,left_lip49_y,lip_center_upper52_x,lip_center_upper52_y,right_lip55_x,right_lip55_y,lip_center_lower58_x,lip_center_lower58_y,trans_x,trans_y,trans_z,rot_x,rot_y,rot_z
0,0,4.4941864013671875,-6.00592041015625,-2.4972305297851705,-6.337677001953125,-10.51883316040039,-1.1793823242187784,3.859996795654297,-4.0400238037109375,2.8731231689453125,-3.9742431640625,-0.6598358154297159,3.5801849365234375,2.082069396972642,1.9056396484375,5.289718627929673,1.460174560546875,11.099029541015625,4.795928955078125,-18.97215700149536,-13.378158569335945,-3.426788330078125,-10.206867218017585,-14.389945805072784,14.097045898437514,-0.0028015273564960803,-0.009135395288467407,-0.009135395288467407,-5.777012359891856,29.21252309010933,-0.8774991088400937
