,Unnamed: 0,left_eyebrow_18x,left_eyebrow_18y,left_eyebrow_20x,left_eyebrow_20y,left_eyebrow_22x,left_eyebrow_22y,right_eyebrow_23x,right_eyebrow_23y,right_eyebrow_25x,right_eyebrow_25y,right_eyebrow_27x,right_eyebrow_27y,left_eye38_x,left_eye38_y,right_eye45_x,right_eye45_y,left_lip49_x,left_lip49_y,lip_center_upper52_x,lip_center_upper52_y,right_lip55_x,right_lip55_y,lip_center_lower58_x,lip_center_lower58_y,trans_x,trans_y,trans_z,rot_x,rot_y,rot_z
0,0,27.809097290039062,-25.794723510742188,0.2453155517578125,-9.516571044921875,-20.349151611328125,-0.5618438720703125,-25.776718139648438,-3.3777923583984375,-2.6714019775390625,4.062088012695284,9.579360961914091,11.256729125976562,15.408126831054688,3.9294586181640625,-0.26746368408204546,0.4185943603515909,37.76594161987305,19.517063140869155,-44.20415449142456,-14.383216857910156,15.342460632324247,-24.594043731689453,-22.10684585571289,18.883529663085923,0.021829793229699135,-0.030908223241567615,-0.030908223241567615,-9.084873754721825,45.51260660164846,-1.696332849082527
