,Unnamed: 0,left_eyebrow_18x,left_eyebrow_18y,left_eyebrow_20x,left_eyebrow_20y,left_eyebrow_22x,left_eyebrow_22y,right_eyebrow_23x,right_eyebrow_23y,right_eyebrow_25x,right_eyebrow_25y,right_eyebrow_27x,right_eyebrow_27y,left_eye38_x,left_eye38_y,right_eye45_x,right_eye45_y,left_lip49_x,left_lip49_y,lip_center_upper52_x,lip_center_upper52_y,right_lip55_x,right_lip55_y,lip_center_lower58_x,lip_center_lower58_y,trans_x,trans_y,trans_z,rot_x,rot_y,rot_z
0,0,3.8441314697265625,-3.6324462890625,1.6043853759765625,-4.9597015380859375,-3.977729797363274,-1.23291015625,1.3355522155761719,-5.522613525390625,-3.543670654296875,-8.107452392578125,-3.4185028076171875,-3.4671173095703125,3.4735488891601562,2.9095458984375,0.8395233154296875,2.846588134765625,-4.805221557617173,-1.9659767150878835,-2.196476697921753,-13.150234222412106,5.583045959472642,-5.909320831298835,-2.0141413807868958,14.124252319335923,-0.016119469422847033,0.0005747079849243164,0.0005747079849243164,0.16134145985316728,16.716901960567803,-2.498737810832993
