,Unnamed: 0,left_eyebrow_18x,left_eyebrow_18y,left_eyebrow_20x,left_eyebrow_20y,left_eyebrow_22x,left_eyebrow_22y,right_eyebrow_23x,right_eyebrow_23y,right_eyebrow_25x,right_eyebrow_25y,right_eyebrow_27x,right_eyebrow_27y,left_eye38_x,left_eye38_y,right_eye45_x,right_eye45_y,left_lip49_x,left_lip49_y,lip_center_upper52_x,lip_center_upper52_y,right_lip55_x,right_lip55_y,lip_center_lower58_x,lip_center_lower58_y,trans_x,trans_y,trans_z,rot_x,rot_y,rot_z
0,0,2.895095825195284,-7.297882080078125,0.421295166015625,4.90576171875,-6.407024383544922,9.567413330078125,5.157264709472656,8.125732421874972,-0.2834320068359375,6.215835571289034,-2.92303466796875,-6.428741455078125,0.17342376708985796,-5.345977783203125,-1.846282958984375,-5.9263916015625,0.99835205078125,-2.2768516540527344,-0.24086129665374756,0.758020401000973,-0.9383544921875284,-0.8548965454101562,0.27645587921142534,16.632774353027344,1.672259531915188e-05,-0.0014128200709819794,-0.0014128200709819794,7.01453603486336,1.061037422595867,1.6049973058576803
