,Unnamed: 0,left_eyebrow_18x,left_eyebrow_18y,left_eyebrow_20x,left_eyebrow_20y,left_eyebrow_22x,left_eyebrow_22y,right_eyebrow_23x,right_eyebrow_23y,right_eyebrow_25x,right_eyebrow_25y,right_eyebrow_27x,right_eyebrow_27y,left_eye38_x,left_eye38_y,right_eye45_x,right_eye45_y,left_lip49_x,left_lip49_y,lip_center_upper52_x,lip_center_upper52_y,right_lip55_x,right_lip55_y,lip_center_lower58_x,lip_center_lower58_y,trans_x,trans_y,trans_z,rot_x,rot_y,rot_z
0,0,10.157333374023409,-7.8092498779296875,-2.9902877807617188,-3.798873901367159,-9.408382415771484,-1.6930541992187216,-4.599662780761719,0.4990844726562216,6.565925598144517,6.4034271240234375,8.749526977539062,4.7432098388671875,-1.2540740966796875,2.193023681640625,4.318038940429673,4.823150634765625,12.973793029785156,1.25103759765625,-24.239568233489987,-29.414267539978027,-8.3338623046875,-11.212459564208984,-19.352600336074826,34.773719787597656,-0.00421485083643347,-0.029415132477879524,-0.029415132477879524,-5.07484291194873,32.135043473878696,-1.9056104334497976
