,Unnamed: 0,left_eyebrow_18x,left_eyebrow_18y,left_eyebrow_20x,left_eyebrow_20y,left_eyebrow_22x,left_eyebrow_22y,right_eyebrow_23x,right_eyebrow_23y,right_eyebrow_25x,right_eyebrow_25y,right_eyebrow_27x,right_eyebrow_27y,left_eye38_x,left_eye38_y,right_eye45_x,right_eye45_y,left_lip49_x,left_lip49_y,lip_center_upper52_x,lip_center_upper52_y,right_lip55_x,right_lip55_y,lip_center_lower58_x,lip_center_lower58_y,trans_x,trans_y,trans_z,rot_x,rot_y,rot_z
0,0,18.16410827636716,-10.389297485351591,-2.6380004882812216,-0.7525024414062216,-15.857547760009766,-4.891876220703097,-4.802371978759766,-0.7737884521484375,2.1306915283203125,8.507659912109403,3.449462890625,9.328170776367216,1.9661407470703125,5.519378662109375,3.667243957519517,2.4087371826171875,7.352783203125,10.36491775512696,-21.64594864845276,-14.438539505004876,2.0780410766601562,-17.402156829833984,-12.547044277191162,13.402473449707031,0.004079709178768098,-0.011168353259563446,-0.011168353259563446,-1.0793031810289815,28.832253058524916,-1.6962259656229481
