,Unnamed: 0,left_eyebrow_18x,left_eyebrow_18y,left_eyebrow_20x,left_eyebrow_20y,left_eyebrow_22x,left_eyebrow_22y,right_eyebrow_23x,right_eyebrow_23y,right_eyebrow_25x,right_eyebrow_25y,right_eyebrow_27x,right_eyebrow_27y,left_eye38_x,left_eye38_y,right_eye45_x,right_eye45_y,left_lip49_x,left_lip49_y,lip_center_upper52_x,lip_center_upper52_y,right_lip55_x,right_lip55_y,lip_center_lower58_x,lip_center_lower58_y,trans_x,trans_y,trans_z,rot_x,rot_y,rot_z
0,0,17.75726318359378,-9.947509765625,-8.156402587890582,-10.092330932617188,-21.341117858886705,-8.894973754882784,-5.191349029541016,-7.8063201904296875,6.377044677734347,0.4293975830078125,2.567108154296875,6.923629760742159,5.569496154785156,9.135833740234403,5.436576843261733,8.780319213867188,6.3874969482421875,11.336929321289062,-21.850711703300476,-8.596607208251953,3.604949951171861,-11.693439483642571,-17.50460670888424,16.623695373535156,-0.0016793153918115422,-0.016003686934709556,-0.016003686934709556,-2.070356409741493,34.54048013577432,-0.8460177287246176
