,Unnamed: 0,left_eyebrow_18x,left_eyebrow_18y,left_eyebrow_20x,left_eyebrow_20y,left_eyebrow_22x,left_eyebrow_22y,right_eyebrow_23x,right_eyebrow_23y,right_eyebrow_25x,right_eyebrow_25y,right_eyebrow_27x,right_eyebrow_27y,left_eye38_x,left_eye38_y,right_eye45_x,right_eye45_y,left_lip49_x,left_lip49_y,lip_center_upper52_x,lip_center_upper52_y,right_lip55_x,right_lip55_y,lip_center_lower58_x,lip_center_lower58_y,trans_x,trans_y,trans_z,rot_x,rot_y,rot_z
0,0,3.667724609375,4.107177734374972,-6.244201660156278,-5.527359008789091,-11.248291015625,-7.125396728515597,7.756172180175781,0.11076354980465908,3.4869995117187216,-1.088638305664034,-2.1678466796875284,4.584777832031222,0.602500915527358,-1.532989501953125,-1.4926910400390483,-3.079559326171875,0.6610260009765625,-3.446258544921875,1.2062675654888153,-16.725406646728516,-1.8386077880859375,-3.2555389404296875,-0.4157751277089119,21.854476928710938,0.0030113658867776394,-0.002328641712665565,-0.002328641712665565,-5.255526496135627,-2.9956560964204164,1.081536967264418
