,Unnamed: 0,left_eyebrow_18x,left_eyebrow_18y,left_eyebrow_20x,left_eyebrow_20y,left_eyebrow_22x,left_eyebrow_22y,right_eyebrow_23x,right_eyebrow_23y,right_eyebrow_25x,right_eyebrow_25y,right_eyebrow_27x,right_eyebrow_27y,left_eye38_x,left_eye38_y,right_eye45_x,right_eye45_y,left_lip49_x,left_lip49_y,lip_center_upper52_x,lip_center_upper52_y,right_lip55_x,right_lip55_y,lip_center_lower58_x,lip_center_lower58_y,trans_x,trans_y,trans_z,rot_x,rot_y,rot_z
0,0,1.347885131835966,-3.3287658691405966,1.0098342895507812,-5.085723876953125,-4.263233184814446,-1.434585571289034,4.5860633850097585,-2.938140869140625,2.144783020019517,-4.683547973632784,-2.8118896484374716,-2.3418426513671875,-0.32324981689453125,5.17510986328125,2.1829071044921875,3.68634033203125,1.9800567626953125,-2.7933387756347656,-1.4320470988750458,-13.911975860595703,1.4781494140625,-1.6045379638671946,-2.865077495574951,11.807212829589844,-0.0013802277389913797,-0.0003780014812946389,-0.0003780014812946389,-5.6388584296267386,1.4640853232757896,-0.6881292435160551
