,Unnamed: 0,left_eyebrow_18x,left_eyebrow_18y,left_eyebrow_20x,left_eyebrow_20y,left_eyebrow_22x,left_eyebrow_22y,right_eyebrow_23x,right_eyebrow_23y,right_eyebrow_25x,right_eyebrow_25y,right_eyebrow_27x,right_eyebrow_27y,left_eye38_x,left_eye38_y,right_eye45_x,right_eye45_y,left_lip49_x,left_lip49_y,lip_center_upper52_x,lip_center_upper52_y,right_lip55_x,right_lip55_y,lip_center_lower58_x,lip_center_lower58_y,trans_x,trans_y,trans_z,rot_x,rot_y,rot_z
0,0,8.230117797851591,-10.152648925781222,-0.22892761230465908,-3.4482269287109375,-16.53910827636721,-0.23178100585934658,-9.25204849243164,-0.7408142089843466,-1.5736541748046875,10.962020874023438,5.65338134765625,7.378067016601534,11.772392272949219,-0.5452880859375,-0.5126953125,-0.901824951171875,9.280235290527344,1.0335006713867259,-15.022749900817871,-1.4695510864257741,11.72103881835939,-21.4471206665039,-13.097439527511597,25.270660400390625,-0.010528083337703721,-0.019799530506134033,-0.019799530506134033,2.9818155239477657,30.657424989161555,-6.81458111769048
