,Unnamed: 0,left_eyebrow_18x,left_eyebrow_18y,left_eyebrow_20x,left_eyebrow_20y,left_eyebrow_22x,left_eyebrow_22y,right_eyebrow_23x,right_eyebrow_23y,right_eyebrow_25x,right_eyebrow_25y,right_eyebrow_27x,right_eyebrow_27y,left_eye38_x,left_eye38_y,right_eye45_x,right_eye45_y,left_lip49_x,left_lip49_y,lip_center_upper52_x,lip_center_upper52_y,right_lip55_x,right_lip55_y,lip_center_lower58_x,lip_center_lower58_y,trans_x,trans_y,trans_z,rot_x,rot_y,rot_z
0,0,2.3030700683594034,0.06781005859375,-0.13188171386715908,-1.572586059570284,-3.641132354736321,-1.625289916992216,2.437080383300774,-2.3286743164062784,-0.7989959716797017,-1.2599182128906534,-2.889633178710966,-0.17694091796877842,0.6706314086914062,-0.263641357421875,-1.3875961303710795,-0.96942138671875,-3.4462432861327983,-3.9384727478027415,-1.1826125979423523,-5.158123016357422,-2.9466781616210938,-2.4864501953125,-1.8911772966384883,11.325004577636719,-0.006043660105206072,-0.012121752253733575,-0.012121752253733575,-1.1746507049703143,6.7999056131768985,0.2210950078186289
