,Unnamed: 0,left_eyebrow_18x,left_eyebrow_18y,left_eyebrow_20x,left_eyebrow_20y,left_eyebrow_22x,left_eyebrow_22y,right_eyebrow_23x,right_eyebrow_23y,right_eyebrow_25x,right_eyebrow_25y,right_eyebrow_27x,right_eyebrow_27y,left_eye38_x,left_eye38_y,right_eye45_x,right_eye45_y,left_lip49_x,left_lip49_y,lip_center_upper52_x,lip_center_upper52_y,right_lip55_x,right_lip55_y,lip_center_lower58_x,lip_center_lower58_y,trans_x,trans_y,trans_z,rot_x,rot_y,rot_z
0,0,45.43663024902344,-16.424362182617216,1.4815063476562784,10.222183227539034,-28.454147338867188,3.8101806640625,-40.08116626739503,-2.610443115234375,-6.879188537597628,13.472274780273466,11.2606201171875,11.695663452148438,19.378570556640625,1.171630859375,-1.6192169189453125,-3.16082763671875,40.47499847412109,14.972904205322266,-48.493889808654785,-7.109580993652344,-0.4309234619140483,-17.001903533935554,-23.770368710160255,29.484695434570312,0.032436945009976625,-0.00512360408902169,-0.00512360408902169,2.346124355897489,45.25230384463589,1.7735276614902467
