,Unnamed: 0,left_eyebrow_18x,left_eyebrow_18y,left_eyebrow_20x,left_eyebrow_20y,left_eyebrow_22x,left_eyebrow_22y,right_eyebrow_23x,right_eyebrow_23y,right_eyebrow_25x,right_eyebrow_25y,right_eyebrow_27x,right_eyebrow_27y,left_eye38_x,left_eye38_y,right_eye45_x,right_eye45_y,left_lip49_x,left_lip49_y,lip_center_upper52_x,lip_center_upper52_y,right_lip55_x,right_lip55_y,lip_center_lower58_x,lip_center_lower58_y,trans_x,trans_y,trans_z,rot_x,rot_y,rot_z
0,0,24.099212646484375,-16.305511474609375,0.820106506347642,-6.5060577392578125,-22.82996368408203,-6.5706024169921875,-12.201471328735352,-3.998580932617159,4.5994720458984375,10.680145263671847,8.212432861328153,11.559341430664091,6.583923339843736,4.492156982421875,2.50543212890625,5.3612518310546875,21.344764709472656,8.13348388671875,-36.174700021743774,-6.79143142700196,13.092384338378906,-22.162933349609368,-24.89823842048645,22.1640167236328,0.02913045312743634,-0.022804409265518175,-0.022804409265518175,-2.5988864743426463,43.7082737805216,0.3496773037690679
