,Unnamed: 0,left_eyebrow_18x,left_eyebrow_18y,left_eyebrow_20x,left_eyebrow_20y,left_eyebrow_22x,left_eyebrow_22y,right_eyebrow_23x,right_eyebrow_23y,right_eyebrow_25x,right_eyebrow_25y,right_eyebrow_27x,right_eyebrow_27y,left_eye38_x,left_eye38_y,right_eye45_x,right_eye45_y,left_lip49_x,left_lip49_y,lip_center_upper52_x,lip_center_upper52_y,right_lip55_x,right_lip55_y,lip_center_lower58_x,lip_center_lower58_y,trans_x,trans_y,trans_z,rot_x,rot_y,rot_z
0,0,11.098587036132812,-9.496917724609403,-2.2648010253906534,-6.70159912109375,-10.15433502197265,-5.484436035156222,-12.889549255371094,-4.289993286132784,1.3739929199219034,8.385726928710938,5.128021240234347,13.146667480468722,2.175445556640625,1.652923583984375,2.8321151733398438,1.2104949951171875,20.28174591064453,3.416950225830078,-16.72208568453789,-19.305377960205078,14.755790710449219,-23.961914062500004,-7.907035291194916,23.644554138183608,0.015422467608004808,-0.002320915460586548,-0.002320915460586548,-4.182801178034638,25.918260647262862,-1.5735154974254466
