,Unnamed: 0,left_eyebrow_18x,left_eyebrow_18y,left_eyebrow_20x,left_eyebrow_20y,left_eyebrow_22x,left_eyebrow_22y,right_eyebrow_23x,right_eyebrow_23y,right_eyebrow_25x,right_eyebrow_25y,right_eyebrow_27x,right_eyebrow_27y,left_eye38_x,left_eye38_y,right_eye45_x,right_eye45_y,left_lip49_x,left_lip49_y,lip_center_upper52_x,lip_center_upper52_y,right_lip55_x,right_lip55_y,lip_center_lower58_x,lip_center_lower58_y,trans_x,trans_y,trans_z,rot_x,rot_y,rot_z
0,0,9.004852294921903,-9.776397705078153,-7.258384704589801,-12.186996459960938,-16.827346801757805,-9.675048828125,-1.5812225341796804,-11.330810546875,7.453590393066406,-2.3667449951171875,3.4076080322265625,10.070587158203097,9.50860595703125,6.075637817382841,3.8992691040039062,5.0204315185546875,11.265609741210938,3.870159149169929,-18.17588746547699,-21.061159133911136,7.5820083618164205,-20.313091278076172,-9.479139506816864,19.716796875,0.006429155124351382,0.03815215453505516,0.03815215453505516,-10.556007214762738,24.220198276011843,-1.2113412633741696
