,Unnamed: 0,left_eyebrow_18x,left_eyebrow_18y,left_eyebrow_20x,left_eyebrow_20y,left_eyebrow_22x,left_eyebrow_22y,right_eyebrow_23x,right_eyebrow_23y,right_eyebrow_25x,right_eyebrow_25y,right_eyebrow_27x,right_eyebrow_27y,left_eye38_x,left_eye38_y,right_eye45_x,right_eye45_y,left_lip49_x,left_lip49_y,lip_center_upper52_x,lip_center_upper52_y,right_lip55_x,right_lip55_y,lip_center_lower58_x,lip_center_lower58_y,trans_x,trans_y,trans_z,rot_x,rot_y,rot_z
0,0,3.6270599365234943,-11.870864868164034,5.940628051757827,1.270751953125,1.9726104736328125,5.037384033203097,0.142181396484375,8.8980712890625,-5.630149841308594,4.318389892578097,0.7915496826172159,-9.664108276367216,-4.917472839355469,6.16082763671875,1.4829635620117188,7.645660400390625,3.184959411621108,0.6990089416503906,-1.2109086513519287,-10.252101898193356,-1.41827392578125,-2.7904281616210938,-0.4490840435028076,12.245498657226562,-0.008328172378242016,0.0018677562475204537,0.0018677562475204537,-2.6270723370324736,5.391273997691929,-3.1335196111825416
