,Unnamed: 0,left_eyebrow_18x,left_eyebrow_18y,left_eyebrow_20x,left_eyebrow_20y,left_eyebrow_22x,left_eyebrow_22y,right_eyebrow_23x,right_eyebrow_23y,right_eyebrow_25x,right_eyebrow_25y,right_eyebrow_27x,right_eyebrow_27y,left_eye38_x,left_eye38_y,right_eye45_x,right_eye45_y,left_lip49_x,left_lip49_y,lip_center_upper52_x,lip_center_upper52_y,right_lip55_x,right_lip55_y,lip_center_lower58_x,lip_center_lower58_y,trans_x,trans_y,trans_z,rot_x,rot_y,rot_z
0,0,14.273956298828125,-14.669723510742188,2.3689117431640625,-11.244461059570312,-10.298206329345703,-6.373947143554659,-11.7890625,-3.364120483398466,-0.1096038818359375,5.2977752685546875,3.18096923828125,4.7483978271484375,6.5752410888671875,6.9595184326171875,4.8944625854492045,6.3643035888671875,2.8498382568359375,5.422966003417969,-20.305022716522217,-10.541145324707028,8.189399719238281,-23.931697845458984,-15.343184232711792,11.851509094238281,-0.008443310856819153,-0.010179556906223297,-0.010179556906223297,-1.1014711708513096,37.333538133693885,-2.6723929551621577
