,Unnamed: 0,left_eyebrow_18x,left_eyebrow_18y,left_eyebrow_20x,left_eyebrow_20y,left_eyebrow_22x,left_eyebrow_22y,right_eyebrow_23x,right_eyebrow_23y,right_eyebrow_25x,right_eyebrow_25y,right_eyebrow_27x,right_eyebrow_27y,left_eye38_x,left_eye38_y,right_eye45_x,right_eye45_y,left_lip49_x,left_lip49_y,lip_center_upper52_x,lip_center_upper52_y,right_lip55_x,right_lip55_y,lip_center_lower58_x,lip_center_lower58_y,trans_x,trans_y,trans_z,rot_x,rot_y,rot_z
0,0,-1.3848571777343466,-5.263946533203153,-3.4070892333984375,-13.094253540039062,-9.578189849853516,0.4791717529296875,8.677066802978516,7.991790771484347,4.280464172363239,-9.499816894531278,3.8388061523437784,-3.985794067382841,2.6685409545898438,-2.4935455322265625,-0.8551635742187358,-2.508056640625,5.102249145507798,-5.627193450927734,-2.1877365857362747,-15.66024398803711,-2.9218902587890625,-7.495815277099609,-3.800516366958618,25.608230590820312,-0.00841427396517247,0.014258839190006256,0.014258839190006256,2.7708086724497787,8.054699987520701,-0.9319766845926718
