,Unnamed: 0,left_eyebrow_18x,left_eyebrow_18y,left_eyebrow_20x,left_eyebrow_20y,left_eyebrow_22x,left_eyebrow_22y,right_eyebrow_23x,right_eyebrow_23y,right_eyebrow_25x,right_eyebrow_25y,right_eyebrow_27x,right_eyebrow_27y,left_eye38_x,left_eye38_y,right_eye45_x,right_eye45_y,left_lip49_x,left_lip49_y,lip_center_upper52_x,lip_center_upper52_y,right_lip55_x,right_lip55_y,lip_center_lower58_x,lip_center_lower58_y,trans_x,trans_y,trans_z,rot_x,rot_y,rot_z
0,0,-0.5931854248046875,-6.7785797119140625,-0.08718109130859375,-0.03251647949213066,-3.199237823486328,0.21226501464846592,2.2694549560546946,-0.303558349609375,0.6438217163085938,-2.9604797363280966,-0.40185546875,-6.1564178466796875,0.46288299560546875,5.893432617187472,-2.566375732421875,4.251998901367216,0.8901138305664062,-8.927619934082024,4.178965508937836,-13.495447158813477,0.36409759521484375,-6.5316314697265625,2.0896758437156677,20.752204895019545,0.0025384949985891576,-0.010659851133823388,-0.010659851133823388,-5.132555989053005,-3.1675183492581285,-0.4300141748880483
