,Unnamed: 0,left_eyebrow_18x,left_eyebrow_18y,left_eyebrow_20x,left_eyebrow_20y,left_eyebrow_22x,left_eyebrow_22y,right_eyebrow_23x,right_eyebrow_23y,right_eyebrow_25x,right_eyebrow_25y,right_eyebrow_27x,right_eyebrow_27y,left_eye38_x,left_eye38_y,right_eye45_x,right_eye45_y,left_lip49_x,left_lip49_y,lip_center_upper52_x,lip_center_upper52_y,right_lip55_x,right_lip55_y,lip_center_lower58_x,lip_center_lower58_y,trans_x,trans_y,trans_z,rot_x,rot_y,rot_z
0,0,40.04046630859375,-26.116439819335938,6.510467529296875,-9.3560791015625,-25.209407806396484,-4.812255859374943,-28.92076873779297,-6.689971923828153,-3.259246826171861,5.726425170898409,9.0880126953125,5.606430053710909,18.399688720703125,11.473236083984375,2.943183898925753,8.92877197265625,14.553359985351562,13.874160766601562,-48.858251094818115,-3.7268638610839844,4.1039581298828125,-24.60871505737304,-34.58483099937439,17.48412322998047,0.0074753090739250174,0.010132301598787308,0.010132301598787308,0.95851933986,52.52212129561461,0.13036574609378881
