,Unnamed: 0,left_eyebrow_18x,left_eyebrow_18y,left_eyebrow_20x,left_eyebrow_20y,left_eyebrow_22x,left_eyebrow_22y,right_eyebrow_23x,right_eyebrow_23y,right_eyebrow_25x,right_eyebrow_25y,right_eyebrow_27x,right_eyebrow_27y,left_eye38_x,left_eye38_y,right_eye45_x,right_eye45_y,left_lip49_x,left_lip49_y,lip_center_upper52_x,lip_center_upper52_y,right_lip55_x,right_lip55_y,lip_center_lower58_x,lip_center_lower58_y,trans_x,trans_y,trans_z,rot_x,rot_y,rot_z
0,0,41.77301025390628,-23.118057250976562,-0.813720703125,-2.1142578125,-32.62812423706055,0.06036376953125,-27.637778282165527,-10.981414794921875,0.7275695800781392,2.020172119140625,5.457916259765625,10.1240234375,15.015914916992188,12.459335327148409,1.7007675170898438,9.391693115234375,32.154655456542955,8.900222778320327,-48.061253786087036,-5.945034027099609,7.27984619140625,-16.72539520263672,-30.91227650642395,29.261276245117188,0.02546991582494229,-0.005674470216035836,-0.005674470216035836,-3.9516633419839775,46.22415012191473,2.931583296907977
