,Unnamed: 0,left_eyebrow_18x,left_eyebrow_18y,left_eyebrow_20x,left_eyebrow_20y,left_eyebrow_22x,left_eyebrow_22y,right_eyebrow_23x,right_eyebrow_23y,right_eyebrow_25x,right_eyebrow_25y,right_eyebrow_27x,right_eyebrow_27y,left_eye38_x,left_eye38_y,right_eye45_x,right_eye45_y,left_lip49_x,left_lip49_y,lip_center_upper52_x,lip_center_upper52_y,right_lip55_x,right_lip55_y,lip_center_lower58_x,lip_center_lower58_y,trans_x,trans_y,trans_z,rot_x,rot_y,rot_z
0,0,3.9073638916015625,-1.878204345703125,1.0010833740234375,-8.126693725585966,-2.9581489562988352,-6.753143310546818,-1.3181686401367188,-3.586959838867216,1.1571655273437216,-0.62164306640625,0.4683380126953125,1.34954833984375,1.1554336547851562,4.75848388671875,2.3642425537109233,4.81005859375,-1.2839279174804688,-4.037509918212891,-0.821932315826416,-11.63088417053223,3.2071304321289205,-12.720806121826172,-4.573028862476349,9.654533386230469,-0.013261133804917336,-0.007072642445564284,-0.007072642445564284,-2.864154766675343,11.639554276481546,-2.550760047142343
