,Unnamed: 0,left_eyebrow_18x,left_eyebrow_18y,left_eyebrow_20x,left_eyebrow_20y,left_eyebrow_22x,left_eyebrow_22y,right_eyebrow_23x,right_eyebrow_23y,right_eyebrow_25x,right_eyebrow_25y,right_eyebrow_27x,right_eyebrow_27y,left_eye38_x,left_eye38_y,right_eye45_x,right_eye45_y,left_lip49_x,left_lip49_y,lip_center_upper52_x,lip_center_upper52_y,right_lip55_x,right_lip55_y,lip_center_lower58_x,lip_center_lower58_y,trans_x,trans_y,trans_z,rot_x,rot_y,rot_z
0,0,50.87355041503906,-22.56623840332037,8.148246765136719,-3.305343627929716,-23.874923706054688,-2.183456420898409,-35.496524810791016,-2.980300903320284,-6.3609466552734375,12.1292724609375,13.981185913085938,10.042007446289034,14.065956115722656,5.995269775390625,-7.6754150390625,4.169036865234375,40.93529510498047,13.904247283935547,-43.82589694857597,-13.170425415039059,17.127204895019545,-20.295877456665043,-15.083140790462494,24.07834625244142,0.03703941544517874,0.006611838936805732,0.006611838936805732,0.7782013781495576,41.978630512142544,1.9838669934814595
