,Unnamed: 0,left_eyebrow_18x,left_eyebrow_18y,left_eyebrow_20x,left_eyebrow_20y,left_eyebrow_22x,left_eyebrow_22y,right_eyebrow_23x,right_eyebrow_23y,right_eyebrow_25x,right_eyebrow_25y,right_eyebrow_27x,right_eyebrow_27y,left_eye38_x,left_eye38_y,right_eye45_x,right_eye45_y,left_lip49_x,left_lip49_y,lip_center_upper52_x,lip_center_upper52_y,right_lip55_x,right_lip55_y,lip_center_lower58_x,lip_center_lower58_y,trans_x,trans_y,trans_z,rot_x,rot_y,rot_z
0,0,1.150146484375,3.805206298828125,-3.459877014160128,0.6696624755859375,-3.948375701904297,-4.675308227539091,7.262416839599609,-4.848251342773466,0.21603393554684658,1.0474090576171875,-4.048934936523409,-0.212890625,-2.2136688232421733,1.4261474609375,-0.057830810546875,3.0607757568359375,-0.7033538818359375,-8.319892883300781,-1.580741286277771,-15.969120025634766,-4.9554367065429545,-3.630207061767578,-2.603469967842102,17.462791442871094,0.0041990900645032525,0.017471186816692352,0.017471186816692352,-4.461747027949109,-5.213166810494429,-1.2113681881686729
