,Unnamed: 0,left_eyebrow_18x,left_eyebrow_18y,left_eyebrow_20x,left_eyebrow_20y,left_eyebrow_22x,left_eyebrow_22y,right_eyebrow_23x,right_eyebrow_23y,right_eyebrow_25x,right_eyebrow_25y,right_eyebrow_27x,right_eyebrow_27y,left_eye38_x,left_eye38_y,right_eye45_x,right_eye45_y,left_lip49_x,left_lip49_y,lip_center_upper52_x,lip_center_upper52_y,right_lip55_x,right_lip55_y,lip_center_lower58_x,lip_center_lower58_y,trans_x,trans_y,trans_z,rot_x,rot_y,rot_z
0,0,20.887069702148438,-25.143447875976562,-4.246185302734375,-3.3529357910155966,-25.26510238647461,-1.3392333984374716,-9.689750671386712,1.5927734375,4.508758544921875,8.478836059570341,5.1203460693359375,3.233184814453125,5.094261169433594,6.861312866210909,1.8091354370117188,9.061096191406278,21.728500366210938,7.550273895263672,-28.75446707010269,-10.390615463256832,15.993919372558594,-23.908510208129883,-16.994186758995053,23.296546936035156,0.019599672639742494,-0.019694004207849496,-0.019694004207849496,-8.417494977213478,37.8247159647678,0.05805364029204352
