,Unnamed: 0,left_eyebrow_18x,left_eyebrow_18y,left_eyebrow_20x,left_eyebrow_20y,left_eyebrow_22x,left_eyebrow_22y,right_eyebrow_23x,right_eyebrow_23y,right_eyebrow_25x,right_eyebrow_25y,right_eyebrow_27x,right_eyebrow_27y,left_eye38_x,left_eye38_y,right_eye45_x,right_eye45_y,left_lip49_x,left_lip49_y,lip_center_upper52_x,lip_center_upper52_y,right_lip55_x,right_lip55_y,lip_center_lower58_x,lip_center_lower58_y,trans_x,trans_y,trans_z,rot_x,rot_y,rot_z
0,0,16.726913452148438,-22.384048461914062,-4.228424072265653,-8.370742797851562,-30.665241241455092,2.96612548828125,7.5483360290527415,9.895797729492188,2.0718002319335795,-1.112258911132841,1.828353881835909,-1.754806518554716,3.8528900146484375,1.4162139892578125,3.1146011352539205,0.2139739990234375,10.808578491210923,5.334022521972656,-19.90397846698761,-14.20047378540039,6.602043151855469,-19.363121032714844,-13.747633218765259,27.92120361328125,0.001642031013034284,-0.007863536477088935,-0.007863536477088935,1.2396303600254002,30.554629865421457,0.6528601935233298
