,Unnamed: 0,left_eyebrow_18x,left_eyebrow_18y,left_eyebrow_20x,left_eyebrow_20y,left_eyebrow_22x,left_eyebrow_22y,right_eyebrow_23x,right_eyebrow_23y,right_eyebrow_25x,right_eyebrow_25y,right_eyebrow_27x,right_eyebrow_27y,left_eye38_x,left_eye38_y,right_eye45_x,right_eye45_y,left_lip49_x,left_lip49_y,lip_center_upper52_x,lip_center_upper52_y,right_lip55_x,right_lip55_y,lip_center_lower58_x,lip_center_lower58_y,trans_x,trans_y,trans_z,rot_x,rot_y,rot_z
0,0,39.34802246093753,-27.924942016601562,1.0453033447265625,-11.575149536132812,-26.111553192138672,0.085205078125,-20.465937614440918,2.4675750732421875,-0.7149353027343892,-4.3741302490234375,12.514373779296847,7.055953979492216,14.505592346191406,2.9561004638671875,-3.959732055664034,-1.252975463867159,35.773700714111314,15.498363494873047,-49.33994686603546,-9.925228118896484,3.3084259033203125,-21.591686248779297,-28.05588555335999,30.257904052734375,0.02815247152466327,0.007239356637001038,0.007239356637001038,0.5046920892446407,46.409717836899226,2.9825726872288696
