,Unnamed: 0,left_eyebrow_18x,left_eyebrow_18y,left_eyebrow_20x,left_eyebrow_20y,left_eyebrow_22x,left_eyebrow_22y,right_eyebrow_23x,right_eyebrow_23y,right_eyebrow_25x,right_eyebrow_25y,right_eyebrow_27x,right_eyebrow_27y,left_eye38_x,left_eye38_y,right_eye45_x,right_eye45_y,left_lip49_x,left_lip49_y,lip_center_upper52_x,lip_center_upper52_y,right_lip55_x,right_lip55_y,lip_center_lower58_x,lip_center_lower58_y,trans_x,trans_y,trans_z,rot_x,rot_y,rot_z
0,0,18.039810180664062,-19.287185668945284,14.763397216796847,-8.082717895507812,7.734951019287109,-0.3204040527343466,-21.28401374816894,-0.2717132568359375,-2.9644241333007812,4.306793212890625,6.20684814453125,3.97637939453125,16.269355773925767,3.4878997802734375,-0.4074859619140625,5.8717193603515625,13.338882446289062,8.651226043701172,-40.78767639398575,-1.368310928344723,6.3986358642578125,-29.797481536865234,-17.710556119680405,29.42182159423828,0.037718012285040466,0.005707234144210822,0.005707234144210822,2.562698891573116,34.66085480383305,5.926741878860671
