,Unnamed: 0,left_eyebrow_18x,left_eyebrow_18y,left_eyebrow_20x,left_eyebrow_20y,left_eyebrow_22x,left_eyebrow_22y,right_eyebrow_23x,right_eyebrow_23y,right_eyebrow_25x,right_eyebrow_25y,right_eyebrow_27x,right_eyebrow_27y,left_eye38_x,left_eye38_y,right_eye45_x,right_eye45_y,left_lip49_x,left_lip49_y,lip_center_upper52_x,lip_center_upper52_y,right_lip55_x,right_lip55_y,lip_center_lower58_x,lip_center_lower58_y,trans_x,trans_y,trans_z,rot_x,rot_y,rot_z
0,0,12.726181030273438,-13.643569946289062,-6.3968505859375,-11.089401245117188,-23.07225036621095,-4.57110595703125,-0.5404434204101562,-5.0925445556640625,-1.551055908203125,-0.402099609375,-3.670547485351591,2.849609375,8.18792724609375,6.147888183593778,5.2834320068359375,4.184234619140597,10.172508239746094,8.27842712402343,-24.948954582214355,-18.042482376098633,5.6906280517578125,-14.289134979248047,-14.03727012872696,17.29998016357422,-0.017748745158314705,0.005912229418754578,0.005912229418754578,-4.270609504861598,39.81398277781379,-1.9945837156922537
