,Unnamed: 0,left_eyebrow_18x,left_eyebrow_18y,left_eyebrow_20x,left_eyebrow_20y,left_eyebrow_22x,left_eyebrow_22y,right_eyebrow_23x,right_eyebrow_23y,right_eyebrow_25x,right_eyebrow_25y,right_eyebrow_27x,right_eyebrow_27y,left_eye38_x,left_eye38_y,right_eye45_x,right_eye45_y,left_lip49_x,left_lip49_y,lip_center_upper52_x,lip_center_upper52_y,right_lip55_x,right_lip55_y,lip_center_lower58_x,lip_center_lower58_y,trans_x,trans_y,trans_z,rot_x,rot_y,rot_z
0,0,40.7783203125,-23.192596435546903,-6.295722961425781,-4.0930633544921875,-37.817474365234375,0.6170959472656534,-18.529266357421875,-5.6399078369140625,-4.9542083740234375,3.900863647460909,6.673797607421875,0.05496215820315342,12.294937133789048,7.90777587890625,-0.37039947509764204,9.965972900390625,11.05959320068358,5.179237365722656,-52.768396615982056,0.9947967529296946,7.0617828369140625,-14.758708953857422,-27.811129927635196,23.723243713378892,0.02448067511431873,0.001913614571094513,0.001913614571094513,-0.19143569352931086,46.03519354317087,5.168395797464251
