,Unnamed: 0,left_eyebrow_18x,left_eyebrow_18y,left_eyebrow_20x,left_eyebrow_20y,left_eyebrow_22x,left_eyebrow_22y,right_eyebrow_23x,right_eyebrow_23y,right_eyebrow_25x,right_eyebrow_25y,right_eyebrow_27x,right_eyebrow_27y,left_eye38_x,left_eye38_y,right_eye45_x,right_eye45_y,left_lip49_x,left_lip49_y,lip_center_upper52_x,lip_center_upper52_y,right_lip55_x,right_lip55_y,lip_center_lower58_x,lip_center_lower58_y,trans_x,trans_y,trans_z,rot_x,rot_y,rot_z
0,0,35.58778381347656,-22.280441284179688,-4.131607055664006,-7.455535888671847,-33.590789794921875,-7.934524536132841,-9.92930984497071,-7.462646484375057,2.817825317382784,5.748779296875,4.222793579101591,8.325149536132784,8.858566284179688,17.84962463378909,2.534912109375,10.038055419921875,24.86927795410155,11.156005859374993,-44.21145629882812,-13.752960205078125,8.518295288085938,-20.984912872314453,-19.891151905059814,19.13768768310547,0.0313832916726824,0.017961861565709114,0.017961861565709114,-8.556900144195243,39.603538066752705,4.653229828933564
