,Unnamed: 0,left_eyebrow_18x,left_eyebrow_18y,left_eyebrow_20x,left_eyebrow_20y,left_eyebrow_22x,left_eyebrow_22y,right_eyebrow_23x,right_eyebrow_23y,right_eyebrow_25x,right_eyebrow_25y,right_eyebrow_27x,right_eyebrow_27y,left_eye38_x,left_eye38_y,right_eye45_x,right_eye45_y,left_lip49_x,left_lip49_y,lip_center_upper52_x,lip_center_upper52_y,right_lip55_x,right_lip55_y,lip_center_lower58_x,lip_center_lower58_y,trans_x,trans_y,trans_z,rot_x,rot_y,rot_z
0,0,2.7752685546875,2.78704833984375,-5.715530395507841,-8.262298583984375,-9.165969848632812,-8.140518188476562,6.863624572753906,-7.79364013671875,3.030197143554716,-6.8929290771484375,-3.062149047851591,3.6007537841796875,-0.31655120849609375,3.637588500976591,1.4802474975585938,2.615097045898466,4.753326416015625,-0.31326675415039773,-4.1475732028484344,-20.538349151611328,-0.1862487792968892,-2.3622283935546946,-2.0377599596977234,15.305244445800781,-0.024287471547722816,0.0061149075627326965,0.0061149075627326965,-3.9799610370657463,25.74036865808244,-2.0374790192058585
