,Unnamed: 0,left_eyebrow_18x,left_eyebrow_18y,left_eyebrow_20x,left_eyebrow_20y,left_eyebrow_22x,left_eyebrow_22y,right_eyebrow_23x,right_eyebrow_23y,right_eyebrow_25x,right_eyebrow_25y,right_eyebrow_27x,right_eyebrow_27y,left_eye38_x,left_eye38_y,right_eye45_x,right_eye45_y,left_lip49_x,left_lip49_y,lip_center_upper52_x,lip_center_upper52_y,right_lip55_x,right_lip55_y,lip_center_lower58_x,lip_center_lower58_y,trans_x,trans_y,trans_z,rot_x,rot_y,rot_z
0,0,-2.5624694824219034,3.7726593017578693,-1.0284118652344318,0.9333953857422159,0.39387893676758523,-1.5431976318359375,0.5907745361328125,0.9519195556640625,-1.5489501953125,-0.2501068115234091,-1.2627716064453125,0.3020477294921875,1.1987686157226562,-3.7680511474609375,0.399169921875,-2.8461456298828125,3.0494613647460938,-5.383159637451172,2.7816039323806763,-7.56966400146484,-3.1077041625976562,-1.831157684326179,2.0054963380098343,13.340690612792969,0.005214859498664737,0.004506036639213555,0.004506036639213555,0.2834762522868213,-8.475520928432275,-1.6657383597553581
