,Unnamed: 0,left_eyebrow_18x,left_eyebrow_18y,left_eyebrow_20x,left_eyebrow_20y,left_eyebrow_22x,left_eyebrow_22y,right_eyebrow_23x,right_eyebrow_23y,right_eyebrow_25x,right_eyebrow_25y,right_eyebrow_27x,right_eyebrow_27y,left_eye38_x,left_eye38_y,right_eye45_x,right_eye45_y,left_lip49_x,left_lip49_y,lip_center_upper52_x,lip_center_upper52_y,right_lip55_x,right_lip55_y,lip_center_lower58_x,lip_center_lower58_y,trans_x,trans_y,trans_z,rot_x,rot_y,rot_z
0,0,23.581558227539034,-36.98034667968747,2.2311325073241903,-8.976882934570284,-25.93105697631836,0.9140014648437784,-24.442381858825684,-1.38525390625,0.076568603515625,4.885162353515625,6.309921264648409,8.098526000976534,16.999252319335938,3.47308349609375,7.382942199707031,1.2335510253905966,36.13594055175781,21.753704071044922,-49.869038462638855,16.264032363891598,-8.738121032714844,-19.05224227905274,-18.206816121935844,15.471900939941406,0.0120552743319422,0.004391923546791077,0.004391923546791077,0.10320461733684749,43.71391750712831,2.5086893953844283
