,Unnamed: 0,left_eyebrow_18x,left_eyebrow_18y,left_eyebrow_20x,left_eyebrow_20y,left_eyebrow_22x,left_eyebrow_22y,right_eyebrow_23x,right_eyebrow_23y,right_eyebrow_25x,right_eyebrow_25y,right_eyebrow_27x,right_eyebrow_27y,left_eye38_x,left_eye38_y,right_eye45_x,right_eye45_y,left_lip49_x,left_lip49_y,lip_center_upper52_x,lip_center_upper52_y,right_lip55_x,right_lip55_y,lip_center_lower58_x,lip_center_lower58_y,trans_x,trans_y,trans_z,rot_x,rot_y,rot_z
0,0,9.965164184570312,-7.180343627929631,4.861511230468722,-3.1316833496094034,3.576171875,-3.002426147460909,-4.446552276611328,-6.2003021240234375,-3.0334320068359375,-2.7095489501953125,-4.2119903564453125,0.14582824707028408,-0.4196166992187642,7.35516357421875,5.6106109619140625,8.31085205078125,1.2049026489257812,-0.6547355651855469,-19.99228149652481,-9.951902389526362,10.477294921875,-17.21609878540039,-15.05020436644554,25.201377868652344,0.012168743003712734,-0.002911195158958428,-0.002911195158958428,-5.320880658913076,21.540301432216683,-1.3883832404449934
