,Unnamed: 0,left_eyebrow_18x,left_eyebrow_18y,left_eyebrow_20x,left_eyebrow_20y,left_eyebrow_22x,left_eyebrow_22y,right_eyebrow_23x,right_eyebrow_23y,right_eyebrow_25x,right_eyebrow_25y,right_eyebrow_27x,right_eyebrow_27y,left_eye38_x,left_eye38_y,right_eye45_x,right_eye45_y,left_lip49_x,left_lip49_y,lip_center_upper52_x,lip_center_upper52_y,right_lip55_x,right_lip55_y,lip_center_lower58_x,lip_center_lower58_y,trans_x,trans_y,trans_z,rot_x,rot_y,rot_z
0,0,9.876113891601534,-10.4134521484375,-6.980331420898409,-10.461532592773409,-19.110633850097642,-8.936203002929659,2.4522056579589773,-9.233352661132812,6.7235107421875,0.3747863769531534,0.4262847900390909,7.297866821289034,3.1339035034179688,14.945327758789091,3.7476425170898438,8.933807373046875,7.393516540527344,5.167995452880874,-13.315895080566403,-22.194316864013672,7.068946838378906,-14.799957275390625,-7.8115391731262225,12.776878356933608,0.0005554702656809241,0.009529206901788712,0.009529206901788712,-10.819176432355214,24.457564466766037,1.1109139058748183
