,Unnamed: 0,left_eyebrow_18x,left_eyebrow_18y,left_eyebrow_20x,left_eyebrow_20y,left_eyebrow_22x,left_eyebrow_22y,right_eyebrow_23x,right_eyebrow_23y,right_eyebrow_25x,right_eyebrow_25y,right_eyebrow_27x,right_eyebrow_27y,left_eye38_x,left_eye38_y,right_eye45_x,right_eye45_y,left_lip49_x,left_lip49_y,lip_center_upper52_x,lip_center_upper52_y,right_lip55_x,right_lip55_y,lip_center_lower58_x,lip_center_lower58_y,trans_x,trans_y,trans_z,rot_x,rot_y,rot_z
0,0,7.309326171875,-3.648056030273466,-0.7939529418945455,-1.757080078125,-10.504161834716797,-1.1684112548828125,11.81623840332032,-4.572433471679716,4.4814300537109375,-1.6955261230469034,-3.6133270263671875,-3.0694580078124716,0.27692413330075283,4.021728515625,0.8103408813476562,5.6845245361328125,-3.6871185302734517,-2.2421913146972656,-1.3250962495803833,-10.092272758483883,-1.1957321166992188,-3.495708465576172,-1.5478247106075287,17.9911346435547,-0.003071166094741784,-0.0011704266071319441,-0.0011704266071319441,-2.172465311847405,2.2480818522229784,0.14564689991080537
