,Unnamed: 0,left_eyebrow_18x,left_eyebrow_18y,left_eyebrow_20x,left_eyebrow_20y,left_eyebrow_22x,left_eyebrow_22y,right_eyebrow_23x,right_eyebrow_23y,right_eyebrow_25x,right_eyebrow_25y,right_eyebrow_27x,right_eyebrow_27y,left_eye38_x,left_eye38_y,right_eye45_x,right_eye45_y,left_lip49_x,left_lip49_y,lip_center_upper52_x,lip_center_upper52_y,right_lip55_x,right_lip55_y,lip_center_lower58_x,lip_center_lower58_y,trans_x,trans_y,trans_z,rot_x,rot_y,rot_z
0,0,22.743072509765625,-19.43957519531253,-1.4880523681640625,-8.100204467773438,-20.753814697265625,-3.19287109375,-20.747167587280273,-7.6638336181640625,4.087814331054702,4.912033081054716,10.417999267578125,14.836090087890682,15.933067321777344,6.678756713867216,4.522865295410142,3.28497314453125,20.334579467773423,21.549293518066406,-51.19351506233216,-2.286314010620117,-1.7729263305664062,-19.043586730957024,-24.663150191307068,12.44887542724608,0.014207573607563969,0.001650912687182423,0.001650912687182423,-1.8892214492660486,46.31960879737426,4.114958694303639
