,Unnamed: 0,left_eyebrow_18x,left_eyebrow_18y,left_eyebrow_20x,left_eyebrow_20y,left_eyebrow_22x,left_eyebrow_22y,right_eyebrow_23x,right_eyebrow_23y,right_eyebrow_25x,right_eyebrow_25y,right_eyebrow_27x,right_eyebrow_27y,left_eye38_x,left_eye38_y,right_eye45_x,right_eye45_y,left_lip49_x,left_lip49_y,lip_center_upper52_x,lip_center_upper52_y,right_lip55_x,right_lip55_y,lip_center_lower58_x,lip_center_lower58_y,trans_x,trans_y,trans_z,rot_x,rot_y,rot_z
0,0,25.26359558105466,-41.540924072265625,-3.7191696166992188,-23.740097045898438,-30.278644561767578,-1.5842437744140625,-19.36753273010254,-10.691711425781278,9.350120544433594,-7.339599609375,8.687210083007812,7.4133453369140625,18.475563049316406,11.077957153320312,-1.0023040771484375,10.503189086914062,45.64572525024414,9.961891174316392,-43.47937667369843,-0.786712646484375,2.707550048828139,-22.827075958251953,-16.758565291762356,32.373291015625,0.027061480563133955,-0.0019443333148956299,-0.0019443333148956299,0.13999318435537877,46.54716060557951,4.310024557513668
