,Unnamed: 0,left_eyebrow_18x,left_eyebrow_18y,left_eyebrow_20x,left_eyebrow_20y,left_eyebrow_22x,left_eyebrow_22y,right_eyebrow_23x,right_eyebrow_23y,right_eyebrow_25x,right_eyebrow_25y,right_eyebrow_27x,right_eyebrow_27y,left_eye38_x,left_eye38_y,right_eye45_x,right_eye45_y,left_lip49_x,left_lip49_y,lip_center_upper52_x,lip_center_upper52_y,right_lip55_x,right_lip55_y,lip_center_lower58_x,lip_center_lower58_y,trans_x,trans_y,trans_z,rot_x,rot_y,rot_z
0,0,1.6696472167968466,-0.67156982421875,-8.667396545410156,-8.718673706054688,-15.063465118408203,-5.58526611328125,13.794567108154297,-2.16497802734375,7.116615295410156,-1.703079223632784,-0.7760162353515625,0.955047607421875,-0.151275634765625,7.8499755859375,0.3233489990234375,6.963623046875,7.5507049560546875,-6.0780181884765625,-0.2132260799407959,-22.613534927368164,-0.677391052246108,-7.994453430175781,-1.7143994420766828,30.52478790283203,-0.015024388674646616,-0.004824653267860413,-0.004824653267860413,-4.258279053551365,17.940096193325502,-0.4699563329943883
