,Unnamed: 0,left_eyebrow_18x,left_eyebrow_18y,left_eyebrow_20x,left_eyebrow_20y,left_eyebrow_22x,left_eyebrow_22y,right_eyebrow_23x,right_eyebrow_23y,right_eyebrow_25x,right_eyebrow_25y,right_eyebrow_27x,right_eyebrow_27y,left_eye38_x,left_eye38_y,right_eye45_x,right_eye45_y,left_lip49_x,left_lip49_y,lip_center_upper52_x,lip_center_upper52_y,right_lip55_x,right_lip55_y,lip_center_lower58_x,lip_center_lower58_y,trans_x,trans_y,trans_z,rot_x,rot_y,rot_z
0,0,41.33540344238281,-28.372344970703125,5.9253387451171875,-8.189193725585909,-30.990047454833977,2.693878173828125,-28.546494483947754,2.171676635742216,-3.54888916015625,7.078460693359403,11.359115600585938,4.617340087890597,21.644783020019517,4.2917633056640625,-1.869171142578125,2.98370361328125,26.732460021972656,9.5115966796875,-50.325879573822014,4.459222793579102,9.013320922851562,-21.310489654541023,-24.02428436279297,28.89308166503909,0.00019010435789823532,-0.0025126412510871887,-0.0025126412510871887,8.71704756288921,58.688634887689155,4.3676177698409795
