,Unnamed: 0,left_eyebrow_18x,left_eyebrow_18y,left_eyebrow_20x,left_eyebrow_20y,left_eyebrow_22x,left_eyebrow_22y,right_eyebrow_23x,right_eyebrow_23y,right_eyebrow_25x,right_eyebrow_25y,right_eyebrow_27x,right_eyebrow_27y,left_eye38_x,left_eye38_y,right_eye45_x,right_eye45_y,left_lip49_x,left_lip49_y,lip_center_upper52_x,lip_center_upper52_y,right_lip55_x,right_lip55_y,lip_center_lower58_x,lip_center_lower58_y,trans_x,trans_y,trans_z,rot_x,rot_y,rot_z
0,0,31.752960205078153,-27.4261474609375,-9.262695312499986,-11.713577270507812,-31.821784973144524,-8.041549682617216,-19.430763244628903,-7.5229034423828125,3.9179916381835653,9.472885131835909,6.5225067138671875,14.636169433593778,16.87783050537108,6.014328002929716,5.072891235351548,5.249725341796875,36.456642150878906,24.759880065917983,-36.75811493396759,-10.299301147460945,2.739776611328125,-17.866283416748043,-23.42421865463257,20.68366241455078,0.013445287477225065,-0.022650234401226044,-0.022650234401226044,-9.001390563964685,45.051552573377926,3.0934020797237123
