,Unnamed: 0,left_eyebrow_18x,left_eyebrow_18y,left_eyebrow_20x,left_eyebrow_20y,left_eyebrow_22x,left_eyebrow_22y,right_eyebrow_23x,right_eyebrow_23y,right_eyebrow_25x,right_eyebrow_25y,right_eyebrow_27x,right_eyebrow_27y,left_eye38_x,left_eye38_y,right_eye45_x,right_eye45_y,left_lip49_x,left_lip49_y,lip_center_upper52_x,lip_center_upper52_y,right_lip55_x,right_lip55_y,lip_center_lower58_x,lip_center_lower58_y,trans_x,trans_y,trans_z,rot_x,rot_y,rot_z
0,0,-0.3787994384765341,-2.214080810546875,2.8158264160155966,5.290466308593778,2.589508056640625,5.65771484375,0.6625404357910156,6.0167999267578125,-2.0854034423828267,2.494216918945341,0.888275146484375,-2.4180450439453125,-0.12024688720704546,-3.468841552734375,-3.0086822509765483,-4.0274505615234375,0.12203216552735796,-7.124610900878906,0.9540026187896729,-6.8343505859375,-4.4064788818359375,-5.161754608154297,1.7681555030867457,14.970649719238281,0.0052538843592628845,-0.0006891489028930664,-0.0006891489028930664,2.953643065742826,-4.789662853074236,-1.0364774446895446
