,Unnamed: 0,left_eyebrow_18x,left_eyebrow_18y,left_eyebrow_20x,left_eyebrow_20y,left_eyebrow_22x,left_eyebrow_22y,right_eyebrow_23x,right_eyebrow_23y,right_eyebrow_25x,right_eyebrow_25y,right_eyebrow_27x,right_eyebrow_27y,left_eye38_x,left_eye38_y,right_eye45_x,right_eye45_y,left_lip49_x,left_lip49_y,lip_center_upper52_x,lip_center_upper52_y,right_lip55_x,right_lip55_y,lip_center_lower58_x,lip_center_lower58_y,trans_x,trans_y,trans_z,rot_x,rot_y,rot_z
0,0,1.1810913085937216,-9.048202514648438,-1.2903442382812216,-11.844116210937528,-7.175601959228523,-3.01904296875,0.5348434448242188,-5.9087982177734375,3.8670730590820597,-4.780014038085966,-0.0882415771484375,-2.5639495849609375,7.32281494140625,5.7512969970703125,3.1039810180664062,4.784088134765597,14.103096008300753,-4.076969146728516,-3.7774527072906494,-34.60450839996338,4.777191162109389,-10.273197174072273,-8.589283168315887,31.108901977539062,-0.024794118478894234,0.012840066105127338,0.012840066105127338,-1.9780174150661616,23.28305331943037,-5.358354088450231
