,Unnamed: 0,left_eyebrow_18x,left_eyebrow_18y,left_eyebrow_20x,left_eyebrow_20y,left_eyebrow_22x,left_eyebrow_22y,right_eyebrow_23x,right_eyebrow_23y,right_eyebrow_25x,right_eyebrow_25y,right_eyebrow_27x,right_eyebrow_27y,left_eye38_x,left_eye38_y,right_eye45_x,right_eye45_y,left_lip49_x,left_lip49_y,lip_center_upper52_x,lip_center_upper52_y,right_lip55_x,right_lip55_y,lip_center_lower58_x,lip_center_lower58_y,trans_x,trans_y,trans_z,rot_x,rot_y,rot_z
0,0,7.614868164062528,-7.1697540283203125,-7.705947875976577,-6.1246795654296875,-13.400508880615227,-5.7652587890625,-5.001583099365234,-3.7469940185546875,5.386878967285128,7.148254394531193,4.2988739013671875,9.962478637695284,3.7142868041992045,3.6823730468750284,7.64178466796875,2.8082122802734375,16.190185546875,12.395694732666016,-13.352574467658997,-18.37899589538575,0.6578445434570455,-12.248062133789062,-12.59981393814087,12.870689392089844,-0.007331447908654809,-0.024669043719768517,-0.024669043719768517,-10.041791845957256,28.454116158096756,-0.22793402486325776
