,Unnamed: 0,left_eyebrow_18x,left_eyebrow_18y,left_eyebrow_20x,left_eyebrow_20y,left_eyebrow_22x,left_eyebrow_22y,right_eyebrow_23x,right_eyebrow_23y,right_eyebrow_25x,right_eyebrow_25y,right_eyebrow_27x,right_eyebrow_27y,left_eye38_x,left_eye38_y,right_eye45_x,right_eye45_y,left_lip49_x,left_lip49_y,lip_center_upper52_x,lip_center_upper52_y,right_lip55_x,right_lip55_y,lip_center_lower58_x,lip_center_lower58_y,trans_x,trans_y,trans_z,rot_x,rot_y,rot_z
0,0,1.1917419433594034,2.6354370117187784,-2.9312896728515625,2.740814208984375,-4.7002716064453125,-1.78118896484375,1.10516357421875,-0.7058105468749716,-0.5768890380859375,5.2521209716796875,0.260986328125,4.245956420898466,-1.3220672607421875,0.3495941162109375,0.74481201171875,1.102294921875,7.0618743896484375,2.3025321960449148,-0.9531753063201904,-12.223196029663086,-2.4668121337890625,-0.7667312622070312,1.3440034389495847,15.973731994628892,-0.00887960917316377,0.009981017559766776,0.009981017559766776,-1.5447232729814389,12.548558282675035,1.118723362221505
