,Unnamed: 0,left_eyebrow_18x,left_eyebrow_18y,left_eyebrow_20x,left_eyebrow_20y,left_eyebrow_22x,left_eyebrow_22y,right_eyebrow_23x,right_eyebrow_23y,right_eyebrow_25x,right_eyebrow_25y,right_eyebrow_27x,right_eyebrow_27y,left_eye38_x,left_eye38_y,right_eye45_x,right_eye45_y,left_lip49_x,left_lip49_y,lip_center_upper52_x,lip_center_upper52_y,right_lip55_x,right_lip55_y,lip_center_lower58_x,lip_center_lower58_y,trans_x,trans_y,trans_z,rot_x,rot_y,rot_z
0,0,17.614349365234375,-26.67254638671875,0.277130126953125,-11.675231933593778,-16.88336944580078,-1.315109252929659,-13.19000244140625,-4.356964111328125,0.6464080810546875,0.4572143554687216,4.009094238281193,3.554428100585909,6.742340087890625,10.470077514648438,3.1818008422851562,6.601806640624972,27.648139953613267,7.120567321777344,-23.879467725753784,-31.718000411987305,11.662796020507827,-23.92434310913086,-15.267663180828094,35.70001983642578,-0.019278373569250107,-0.009635794907808304,-0.009635794907808304,-4.368496277886996,37.6282620104071,-5.217762766245566
