,Unnamed: 0,left_eyebrow_18x,left_eyebrow_18y,left_eyebrow_20x,left_eyebrow_20y,left_eyebrow_22x,left_eyebrow_22y,right_eyebrow_23x,right_eyebrow_23y,right_eyebrow_25x,right_eyebrow_25y,right_eyebrow_27x,right_eyebrow_27y,left_eye38_x,left_eye38_y,right_eye45_x,right_eye45_y,left_lip49_x,left_lip49_y,lip_center_upper52_x,lip_center_upper52_y,right_lip55_x,right_lip55_y,lip_center_lower58_x,lip_center_lower58_y,trans_x,trans_y,trans_z,rot_x,rot_y,rot_z
0,0,3.697845458984375,-1.817535400390625,0.3272552490234091,-0.82879638671875,-3.799018859863274,0.64581298828125,3.4434776306152344,0.19593811035153408,0.6246185302734375,1.4108276367187784,-3.297744750976534,-1.1150970458984375,1.041664123535142,0.5508880615234375,-0.39122772216795454,0.4633026123046875,-3.2557754516601562,-3.44329833984375,0.7805759906768799,-2.4695072174072266,2.6680526733398438,-3.7194061279296875,-2.6209188401699066,17.638618469238295,0.0009981743060052395,-0.009702235460281386,-0.009702235460281386,0.38298606710448385,-0.37000388699518627,-0.15293033224187935
