,Unnamed: 0,left_eyebrow_18x,left_eyebrow_18y,left_eyebrow_20x,left_eyebrow_20y,left_eyebrow_22x,left_eyebrow_22y,right_eyebrow_23x,right_eyebrow_23y,right_eyebrow_25x,right_eyebrow_25y,right_eyebrow_27x,right_eyebrow_27y,left_eye38_x,left_eye38_y,right_eye45_x,right_eye45_y,left_lip49_x,left_lip49_y,lip_center_upper52_x,lip_center_upper52_y,right_lip55_x,right_lip55_y,lip_center_lower58_x,lip_center_lower58_y,trans_x,trans_y,trans_z,rot_x,rot_y,rot_z
0,0,35.24949645996094,-32.686920166015625,-11.52178955078125,-24.27058410644534,-29.754207611083984,-14.19561767578125,-22.443434715270996,-13.942916870117159,3.3640823364257812,2.8507080078124716,4.376953125,12.399490356445312,19.129981994628906,15.751953125,1.5933380126953267,8.090316772460909,45.641998291015604,23.073280334472656,-47.197026014328,-18.231403350830078,6.6772613525390625,-27.91348075866699,-19.608664691448215,29.200164794921875,0.004309255629777908,-0.010086592286825187,-0.010086592286825187,-8.29952786150396,48.7042594944691,-4.118669863870612
