,Unnamed: 0,left_eyebrow_18x,left_eyebrow_18y,left_eyebrow_20x,left_eyebrow_20y,left_eyebrow_22x,left_eyebrow_22y,right_eyebrow_23x,right_eyebrow_23y,right_eyebrow_25x,right_eyebrow_25y,right_eyebrow_27x,right_eyebrow_27y,left_eye38_x,left_eye38_y,right_eye45_x,right_eye45_y,left_lip49_x,left_lip49_y,lip_center_upper52_x,lip_center_upper52_y,right_lip55_x,right_lip55_y,lip_center_lower58_x,lip_center_lower58_y,trans_x,trans_y,trans_z,rot_x,rot_y,rot_z
0,0,34.32701110839844,-28.17071533203122,-0.09646606445315342,-8.960922241210909,-28.29281997680664,1.4230804443359375,-25.292085647583008,-1.4613037109375,-1.1290054321289062,9.345672607421875,6.9344329833984375,7.395965576171875,14.43295288085939,4.8390350341796875,6.995002746582031,4.575424194335909,13.361541748046875,18.56112289428711,-55.08455610275269,-4.537704467773441,2.798278808593764,-22.713638305664062,-25.51054859161377,22.403457641601577,-0.0031818258576095104,0.002023611217737198,0.002023611217737198,1.863449853906261,58.0001052949226,2.618335802817596
