,Unnamed: 0,left_eyebrow_18x,left_eyebrow_18y,left_eyebrow_20x,left_eyebrow_20y,left_eyebrow_22x,left_eyebrow_22y,right_eyebrow_23x,right_eyebrow_23y,right_eyebrow_25x,right_eyebrow_25y,right_eyebrow_27x,right_eyebrow_27y,left_eye38_x,left_eye38_y,right_eye45_x,right_eye45_y,left_lip49_x,left_lip49_y,lip_center_upper52_x,lip_center_upper52_y,right_lip55_x,right_lip55_y,lip_center_lower58_x,lip_center_lower58_y,trans_x,trans_y,trans_z,rot_x,rot_y,rot_z
0,0,-4.188934326171875,6.713409423828125,-5.873779296874986,-10.801528930664062,2.536212921142578,-14.386276245117188,-0.9937973022460938,-13.139236450195312,3.5982437133789062,-13.262344360351562,-1.0603485107422443,5.43475341796875,-0.5088195800781108,-0.5157470703125,-0.6814651489257812,-3.4335632324218466,5.6795654296875,-2.3935585021972656,4.182526469230652,-26.45448112487793,-4.786048889160156,5.081745147705071,0.7092237472534177,6.313743591308594,0.004362392937764525,0.022396894171833992,0.022396894171833992,-9.974744255720925,-6.81050696516901,-3.1061183864591593
