,Unnamed: 0,left_eyebrow_18x,left_eyebrow_18y,left_eyebrow_20x,left_eyebrow_20y,left_eyebrow_22x,left_eyebrow_22y,right_eyebrow_23x,right_eyebrow_23y,right_eyebrow_25x,right_eyebrow_25y,right_eyebrow_27x,right_eyebrow_27y,left_eye38_x,left_eye38_y,right_eye45_x,right_eye45_y,left_lip49_x,left_lip49_y,lip_center_upper52_x,lip_center_upper52_y,right_lip55_x,right_lip55_y,lip_center_lower58_x,lip_center_lower58_y,trans_x,trans_y,trans_z,rot_x,rot_y,rot_z
0,0,-0.2943878173828125,-2.08905029296875,-2.2469711303710938,-5.3094329833984375,-4.205707550048835,-4.927154541015625,1.3163986206054688,-5.213928222656278,2.3768692016601562,-2.867889404296875,0.7927398681640909,1.7138061523437784,3.27392578125,4.6353302001953125,1.521644592285142,1.9998016357421875,-1.666595458984375,-14.764476776123047,-3.754252791404724,-14.250333786010739,1.7825546264648295,-12.084461212158196,-4.031362295150757,27.57373809814453,-0.007328872787184083,-0.002541232854127877,-0.002541232854127877,-3.9440017766685322,9.38202721116176,1.3437378656512535
