,Unnamed: 0,left_eyebrow_18x,left_eyebrow_18y,left_eyebrow_20x,left_eyebrow_20y,left_eyebrow_22x,left_eyebrow_22y,right_eyebrow_23x,right_eyebrow_23y,right_eyebrow_25x,right_eyebrow_25y,right_eyebrow_27x,right_eyebrow_27y,left_eye38_x,left_eye38_y,right_eye45_x,right_eye45_y,left_lip49_x,left_lip49_y,lip_center_upper52_x,lip_center_upper52_y,right_lip55_x,right_lip55_y,lip_center_lower58_x,lip_center_lower58_y,trans_x,trans_y,trans_z,rot_x,rot_y,rot_z
0,0,-1.578048706054659,3.31683349609375,-4.815887451171918,-2.687042236328125,-3.043483734130845,-4.6138763427734375,0.3180046081542969,-5.08685302734375,5.513481140136719,0.7139282226562216,4.380889892578125,6.609893798828125,0.9559936523437358,1.439956665039091,2.5987319946289062,0.6262359619140625,10.13991546630858,3.7121963500976562,2.3320196866989136,-19.712144851684577,-7.097557067871094,-1.0689811706542969,0.5534853935241695,12.802360534667969,-0.0027663075597956777,0.003603041172027588,0.003603041172027588,-7.9428531651466034,2.2061368420536125,-0.03759122396352882
