,Unnamed: 0,left_eyebrow_18x,left_eyebrow_18y,left_eyebrow_20x,left_eyebrow_20y,left_eyebrow_22x,left_eyebrow_22y,right_eyebrow_23x,right_eyebrow_23y,right_eyebrow_25x,right_eyebrow_25y,right_eyebrow_27x,right_eyebrow_27y,left_eye38_x,left_eye38_y,right_eye45_x,right_eye45_y,left_lip49_x,left_lip49_y,lip_center_upper52_x,lip_center_upper52_y,right_lip55_x,right_lip55_y,lip_center_lower58_x,lip_center_lower58_y,trans_x,trans_y,trans_z,rot_x,rot_y,rot_z
0,0,6.76959228515625,-13.491546630859318,3.6936950683593466,-3.6820831298828125,-5.106193542480469,8.875259399414062,-4.018592834472663,9.073883056640625,1.9700927734375,5.7188720703125,5.40826416015625,0.4378814697265341,0.44153594970703125,-0.2556610107421875,-3.103141784667983,-3.00201416015625,3.7652740478515625,-1.0469894409179688,-14.388665914535524,3.725326538085941,1.266151428222642,-16.15406417846679,-11.452426195144653,33.614280700683594,-0.008247341960668564,-0.02492506057024002,-0.02492506057024002,11.664586970236591,27.793377796695008,0.7042031946590961
