,Unnamed: 0,left_eyebrow_18x,left_eyebrow_18y,left_eyebrow_20x,left_eyebrow_20y,left_eyebrow_22x,left_eyebrow_22y,right_eyebrow_23x,right_eyebrow_23y,right_eyebrow_25x,right_eyebrow_25y,right_eyebrow_27x,right_eyebrow_27y,left_eye38_x,left_eye38_y,right_eye45_x,right_eye45_y,left_lip49_x,left_lip49_y,lip_center_upper52_x,lip_center_upper52_y,right_lip55_x,right_lip55_y,lip_center_lower58_x,lip_center_lower58_y,trans_x,trans_y,trans_z,rot_x,rot_y,rot_z
0,0,2.209808349609375,-1.5539245605468466,-3.126800537109375,-4.5892486572265625,-7.185325622558587,-2.345748901367159,8.570499420166016,-1.914291381835909,6.053314208984347,-3.177093505859375,0.6282958984374432,-0.6056365966796875,0.835052490234375,0.49093627929681816,0.3662261962890625,0.9094696044922159,1.2679367065429688,-7.871070861816406,-1.4456394761800766,-23.889026641845703,-3.9248428344726562,-8.88447570800782,2.5286011695861816,22.69788360595703,-0.0071680620312690735,-0.003192402422428131,-0.003192402422428131,-2.7153662726607344,5.344921678039845,-1.1347302004781077
