,Unnamed: 0,left_eyebrow_18x,left_eyebrow_18y,left_eyebrow_20x,left_eyebrow_20y,left_eyebrow_22x,left_eyebrow_22y,right_eyebrow_23x,right_eyebrow_23y,right_eyebrow_25x,right_eyebrow_25y,right_eyebrow_27x,right_eyebrow_27y,left_eye38_x,left_eye38_y,right_eye45_x,right_eye45_y,left_lip49_x,left_lip49_y,lip_center_upper52_x,lip_center_upper52_y,right_lip55_x,right_lip55_y,lip_center_lower58_x,lip_center_lower58_y,trans_x,trans_y,trans_z,rot_x,rot_y,rot_z
0,0,-0.5401611328124716,4.115692138671847,-2.7330017089843466,-5.266448974609375,-1.4042816162109375,-6.5883636474609375,2.5707130432128906,-3.4439849853515625,2.711624145507841,-4.3767242431640625,-1.753448486328125,1.7646789550781534,1.5997314453125,3.4008636474609375,-0.8193511962890625,3.825408935546818,1.0563430786132812,-2.783702850341804,-0.7733421325683592,-14.349771499633789,0.6129608154297017,0.6709671020507812,0.7223086953163147,13.907485961914062,0.004924353677779438,-0.006971901282668114,-0.006971901282668114,-3.76945091243695,-5.538139647056015,-0.02639726596298564
