,Unnamed: 0,left_eyebrow_18x,left_eyebrow_18y,left_eyebrow_20x,left_eyebrow_20y,left_eyebrow_22x,left_eyebrow_22y,right_eyebrow_23x,right_eyebrow_23y,right_eyebrow_25x,right_eyebrow_25y,right_eyebrow_27x,right_eyebrow_27y,left_eye38_x,left_eye38_y,right_eye45_x,right_eye45_y,left_lip49_x,left_lip49_y,lip_center_upper52_x,lip_center_upper52_y,right_lip55_x,right_lip55_y,lip_center_lower58_x,lip_center_lower58_y,trans_x,trans_y,trans_z,rot_x,rot_y,rot_z
0,0,-3.8949584960937784,5.283416748046875,1.358688354492216,6.786346435546875,7.806854248046875,4.2186279296875,-3.2900619506835938,4.0520782470703125,-0.01708984375,6.0238494873046875,0.87939453125,3.128768920898409,-3.1260910034179545,-4.625732421875028,-1.9993133544921875,-6.22930908203125,4.9908447265625,-6.84716796875,6.112435817718506,-8.698638916015625,-8.552742004394531,-0.3484230041503906,5.94249951839447,21.923721313476562,0.019919158425182104,-0.00737178698182106,-0.00737178698182106,1.7547226232914634,-21.657133588305676,0.3816416012740931
