,Unnamed: 0,left_eyebrow_18x,left_eyebrow_18y,left_eyebrow_20x,left_eyebrow_20y,left_eyebrow_22x,left_eyebrow_22y,right_eyebrow_23x,right_eyebrow_23y,right_eyebrow_25x,right_eyebrow_25y,right_eyebrow_27x,right_eyebrow_27y,left_eye38_x,left_eye38_y,right_eye45_x,right_eye45_y,left_lip49_x,left_lip49_y,lip_center_upper52_x,lip_center_upper52_y,right_lip55_x,right_lip55_y,lip_center_lower58_x,lip_center_lower58_y,trans_x,trans_y,trans_z,rot_x,rot_y,rot_z
0,0,23.962661743164062,-35.504425048828125,-3.6473541259765625,0.7075500488281534,-25.999748229980476,10.015243530273409,-39.08931922912598,8.925460815429688,-7.505638122558608,10.778472900390682,12.886199951171875,6.32904052734375,18.4154052734375,-5.26324462890625,-8.437332153320298,-4.105743408203097,50.014713287353516,15.341503143310547,-34.69178271293641,24.02215766906738,8.984169006347685,-15.108261108398438,-15.0360746383667,13.192298889160156,0.02635242696851492,-0.012483213096857071,-0.012483213096857071,4.157564778555011,36.76591097461892,1.505898065200955
