,Unnamed: 0,left_eyebrow_18x,left_eyebrow_18y,left_eyebrow_20x,left_eyebrow_20y,left_eyebrow_22x,left_eyebrow_22y,right_eyebrow_23x,right_eyebrow_23y,right_eyebrow_25x,right_eyebrow_25y,right_eyebrow_27x,right_eyebrow_27y,left_eye38_x,left_eye38_y,right_eye45_x,right_eye45_y,left_lip49_x,left_lip49_y,lip_center_upper52_x,lip_center_upper52_y,right_lip55_x,right_lip55_y,lip_center_lower58_x,lip_center_lower58_y,trans_x,trans_y,trans_z,rot_x,rot_y,rot_z
0,0,13.701309204101534,-25.626663208007812,1.2991790771484517,18.110137939453182,-17.43017196655274,28.550125122070312,-21.32908821105957,24.15679931640622,-13.901046752929688,17.54083251953125,0.592254638671875,0.49053955078125,12.062240600585938,-3.440704345703125,2.350135803222642,-1.5030670166015625,24.88941955566405,19.348968505859375,-32.87389552593231,12.444929122924808,11.591499328613281,-12.841873168945312,-27.61672270298004,2.4514923095703125,0.03020310983993113,-0.007072161883115768,-0.007072161883115768,-0.5313207310931403,34.34745696108958,5.028930170687178
