,Unnamed: 0,left_eyebrow_18x,left_eyebrow_18y,left_eyebrow_20x,left_eyebrow_20y,left_eyebrow_22x,left_eyebrow_22y,right_eyebrow_23x,right_eyebrow_23y,right_eyebrow_25x,right_eyebrow_25y,right_eyebrow_27x,right_eyebrow_27y,left_eye38_x,left_eye38_y,right_eye45_x,right_eye45_y,left_lip49_x,left_lip49_y,lip_center_upper52_x,lip_center_upper52_y,right_lip55_x,right_lip55_y,lip_center_lower58_x,lip_center_lower58_y,trans_x,trans_y,trans_z,rot_x,rot_y,rot_z
0,0,-3.30633544921875,-0.06703186035159092,1.172088623046875,12.171463012695312,-1.2530593872070384,12.013748168945312,2.185749053955078,11.018341064453097,2.7606430053710938,12.355178833007812,2.041946411132841,2.331207275390625,-4.4822998046875,0.9148712158203125,1.1819686889648438,-2.314971923828125,15.491836547851548,-4.307567596435547,0.654930591583252,4.3885765075683665,-3.9173812866210795,-5.472820281982436,-0.11379456520080566,0.695465087890625,-0.0023647064808756113,-0.016930125653743737,-0.016930125653743737,4.88512917955531,0.10213778945048979,-1.2247374443865287
