,Unnamed: 0,left_eyebrow_18x,left_eyebrow_18y,left_eyebrow_20x,left_eyebrow_20y,left_eyebrow_22x,left_eyebrow_22y,right_eyebrow_23x,right_eyebrow_23y,right_eyebrow_25x,right_eyebrow_25y,right_eyebrow_27x,right_eyebrow_27y,left_eye38_x,left_eye38_y,right_eye45_x,right_eye45_y,left_lip49_x,left_lip49_y,lip_center_upper52_x,lip_center_upper52_y,right_lip55_x,right_lip55_y,lip_center_lower58_x,lip_center_lower58_y,trans_x,trans_y,trans_z,rot_x,rot_y,rot_z
0,0,43.87992858886719,-24.040420532226562,10.262847900390625,1.8301849365234375,-23.517372131347663,5.837188720703125,-34.17588663101196,0.7404937744140625,-10.909790039062528,10.667282104492188,9.358444213867188,5.539154052734347,11.797500610351562,5.133819580078125,-0.49228668212890625,6.03692626953125,36.25432586669922,13.56454086303711,-43.77365207672119,11.839080810546875,6.787017822265625,-7.868381500244141,-23.567301332950596,10.440361022949247,0.01283256383612752,-0.003463923931121833,-0.003463923931121833,2.2556384477579963,38.283446069989154,0.5898929963353936
