,Unnamed: 0,left_eyebrow_18x,left_eyebrow_18y,left_eyebrow_20x,left_eyebrow_20y,left_eyebrow_22x,left_eyebrow_22y,right_eyebrow_23x,right_eyebrow_23y,right_eyebrow_25x,right_eyebrow_25y,right_eyebrow_27x,right_eyebrow_27y,left_eye38_x,left_eye38_y,right_eye45_x,right_eye45_y,left_lip49_x,left_lip49_y,lip_center_upper52_x,lip_center_upper52_y,right_lip55_x,right_lip55_y,lip_center_lower58_x,lip_center_lower58_y,trans_x,trans_y,trans_z,rot_x,rot_y,rot_z
0,0,-0.2144927978515625,-4.406036376953153,6.274925231933594,10.318740844726591,6.312374114990234,14.282897949218722,-8.558460235595696,14.95039367675787,-7.532524108886733,13.31744384765625,1.6142120361328125,-4.831573486328153,0.7726211547851562,-8.246002197265597,1.0520706176757812,-6.3317718505859375,0.7318572998046733,-0.055126190185546875,-0.9246830940246582,7.0615081787109375,-4.2344741821289205,-2.8042221069335938,-1.3712613582611084,4.283447265625,0.0006710307789035141,-0.0015084519982337952,-0.0015084519982337952,10.169993218578126,1.2091266331188406,1.5504483210825701
