,Unnamed: 0,left_eyebrow_18x,left_eyebrow_18y,left_eyebrow_20x,left_eyebrow_20y,left_eyebrow_22x,left_eyebrow_22y,right_eyebrow_23x,right_eyebrow_23y,right_eyebrow_25x,right_eyebrow_25y,right_eyebrow_27x,right_eyebrow_27y,left_eye38_x,left_eye38_y,right_eye45_x,right_eye45_y,left_lip49_x,left_lip49_y,lip_center_upper52_x,lip_center_upper52_y,right_lip55_x,right_lip55_y,lip_center_lower58_x,lip_center_lower58_y,trans_x,trans_y,trans_z,rot_x,rot_y,rot_z
0,0,13.08251953125,-34.258575439453125,1.2128067016601562,-5.4551239013671875,-5.423824310302727,8.886260986328125,-38.4231195449829,4.431427001953068,-1.9565887451171733,13.866439819335938,5.604278564453153,11.394073486328153,10.699485778808594,7.3490142822265625,6.397712707519517,5.5898895263671875,28.284156799316392,14.65252685546875,-36.917781352996826,4.087894439697266,6.901329040527344,-31.879751205444336,-18.748378396034244,24.24384307861328,0.025711077381856743,0.00575228035449981,0.00575228035449981,0.9194346189320264,44.09733340290841,4.483218588876886
