,Unnamed: 0,left_eyebrow_18x,left_eyebrow_18y,left_eyebrow_20x,left_eyebrow_20y,left_eyebrow_22x,left_eyebrow_22y,right_eyebrow_23x,right_eyebrow_23y,right_eyebrow_25x,right_eyebrow_25y,right_eyebrow_27x,right_eyebrow_27y,left_eye38_x,left_eye38_y,right_eye45_x,right_eye45_y,left_lip49_x,left_lip49_y,lip_center_upper52_x,lip_center_upper52_y,right_lip55_x,right_lip55_y,lip_center_lower58_x,lip_center_lower58_y,trans_x,trans_y,trans_z,rot_x,rot_y,rot_z
0,0,15.269577026367188,-44.43572998046875,-5.8775482177734375,2.4087371826171875,-27.579795837402337,15.528076171874943,-25.55119800567627,13.181838989257812,1.3504333496093608,7.909637451171903,11.865936279296932,4.104553222656222,7.4942169189453125,4.999755859375,-0.2190093994140483,0.8337554931640625,53.57749557495117,11.526119232177734,-28.141005277633667,4.5207614898681605,-0.03639984130857954,-23.775928497314453,-7.540102005004881,24.883636474609375,0.031714524142444134,0.00025984644889831543,0.00025984644889831543,0.3267823441794169,36.69875258952796,3.210693880244757
