,Unnamed: 0,left_eyebrow_18x,left_eyebrow_18y,left_eyebrow_20x,left_eyebrow_20y,left_eyebrow_22x,left_eyebrow_22y,right_eyebrow_23x,right_eyebrow_23y,right_eyebrow_25x,right_eyebrow_25y,right_eyebrow_27x,right_eyebrow_27y,left_eye38_x,left_eye38_y,right_eye45_x,right_eye45_y,left_lip49_x,left_lip49_y,lip_center_upper52_x,lip_center_upper52_y,right_lip55_x,right_lip55_y,lip_center_lower58_x,lip_center_lower58_y,trans_x,trans_y,trans_z,rot_x,rot_y,rot_z
0,0,0.05792236328125,0.542144775390625,0.44530487060546875,10.482727050781278,0.15212249755859375,14.150314331054688,8.005619049072266,13.104507446289034,-0.108154296875,5.8274993896484375,0.6685791015625,-1.3554534912109375,-0.239501953125,-6.561248779296875,-2.148063659667983,-4.8253173828125,0.22179412841795454,4.9561767578125,-4.147712826728821,9.988927841186534,-4.270652770996094,6.166393280029297,-4.686984658241272,-1.8402023315429688,0.002304215682670474,-0.005553852766752236,-0.005553852766752236,9.679026639474603,-0.6172359994568508,2.0876452185344516
