,Unnamed: 0,left_eyebrow_18x,left_eyebrow_18y,left_eyebrow_20x,left_eyebrow_20y,left_eyebrow_22x,left_eyebrow_22y,right_eyebrow_23x,right_eyebrow_23y,right_eyebrow_25x,right_eyebrow_25y,right_eyebrow_27x,right_eyebrow_27y,left_eye38_x,left_eye38_y,right_eye45_x,right_eye45_y,left_lip49_x,left_lip49_y,lip_center_upper52_x,lip_center_upper52_y,right_lip55_x,right_lip55_y,lip_center_lower58_x,lip_center_lower58_y,trans_x,trans_y,trans_z,rot_x,rot_y,rot_z
0,0,14.387069702148438,-19.145904541015653,-1.6639099121094034,2.476943969726591,-13.445613861083984,15.504547119140597,-39.51169490814209,11.492233276367188,-13.815032958984418,18.187652587890653,4.6455841064453125,9.38993835449213,18.09490203857422,-8.3642578125,9.63925170898436,-5.342056274414034,18.50753021240233,20.33782958984375,-30.1375629901886,11.399238586425781,4.950416564941406,-22.38127899169922,-22.064299583435055,10.492767333984375,0.030013110022991903,-0.003692321479320526,-0.003692321479320526,-2.3310971511035268,37.5894322534423,3.8708233550003976
