,Unnamed: 0,left_eyebrow_18x,left_eyebrow_18y,left_eyebrow_20x,left_eyebrow_20y,left_eyebrow_22x,left_eyebrow_22y,right_eyebrow_23x,right_eyebrow_23y,right_eyebrow_25x,right_eyebrow_25y,right_eyebrow_27x,right_eyebrow_27y,left_eye38_x,left_eye38_y,right_eye45_x,right_eye45_y,left_lip49_x,left_lip49_y,lip_center_upper52_x,lip_center_upper52_y,right_lip55_x,right_lip55_y,lip_center_lower58_x,lip_center_lower58_y,trans_x,trans_y,trans_z,rot_x,rot_y,rot_z
0,0,6.1324005126953125,-19.391281127929688,1.2197418212890625,12.467681884765653,-5.0885772705078125,18.567962646484375,-22.587865829467773,18.040130615234375,-17.136924743652344,26.320526123046875,-1.5185546875,-3.7672576904296875,15.575424194335938,-6.6333160400390625,5.871429443359389,-2.582351684570284,7.228942871093764,6.636573791503906,-22.48551082611084,21.451871871948242,13.034217834472642,-16.80677795410157,-16.106044511310756,14.233612060546875,0.00024952925741672516,-0.051165785640478134,-0.051165785640478134,6.654805323154057,31.02058082892043,-4.383230732516179
