,Unnamed: 0,left_eyebrow_18x,left_eyebrow_18y,left_eyebrow_20x,left_eyebrow_20y,left_eyebrow_22x,left_eyebrow_22y,right_eyebrow_23x,right_eyebrow_23y,right_eyebrow_25x,right_eyebrow_25y,right_eyebrow_27x,right_eyebrow_27y,left_eye38_x,left_eye38_y,right_eye45_x,right_eye45_y,left_lip49_x,left_lip49_y,lip_center_upper52_x,lip_center_upper52_y,right_lip55_x,right_lip55_y,lip_center_lower58_x,lip_center_lower58_y,trans_x,trans_y,trans_z,rot_x,rot_y,rot_z
0,0,34.25962829589844,-24.301040649414062,-7.69658660888669,-7.7025604248046875,-38.54374694824219,1.361297607421875,-13.348102569580082,-2.7234649658203125,-0.37346649169920454,3.936614990234375,3.8709564208984375,11.281097412109347,13.227424621582031,1.897491455078125,2.7028961181640483,3.920135498046875,15.015274047851577,9.21741485595701,-37.02863955497742,6.120944976806641,12.121719360351562,-31.77706527709961,-21.28211283683777,27.751846313476577,0.01562009984627366,-0.04148958623409269,-0.04148958623409269,-4.580083372071538,44.91062777575865,-2.62934191970662
