,Unnamed: 0,left_eyebrow_18x,left_eyebrow_18y,left_eyebrow_20x,left_eyebrow_20y,left_eyebrow_22x,left_eyebrow_22y,right_eyebrow_23x,right_eyebrow_23y,right_eyebrow_25x,right_eyebrow_25y,right_eyebrow_27x,right_eyebrow_27y,left_eye38_x,left_eye38_y,right_eye45_x,right_eye45_y,left_lip49_x,left_lip49_y,lip_center_upper52_x,lip_center_upper52_y,right_lip55_x,right_lip55_y,lip_center_lower58_x,lip_center_lower58_y,trans_x,trans_y,trans_z,rot_x,rot_y,rot_z
0,0,10.914932250976562,-11.823822021484375,-6.152793884277344,-4.5616302490234375,-19.850704193115234,2.8890228271484375,2.5948829650878835,1.554840087890625,-1.3374481201171875,-0.05097961425784092,-1.859619140625,0.04028320312497158,8.504081726074219,1.589263916015625,3.2840728759765767,3.0455169677734375,0.0850677490234375,0.6795196533203054,-14.828351736068726,1.6619682312011648,10.043785095214844,-21.75448989868164,-12.556108236312868,22.941673278808594,0.0025541544891893864,-0.04493971168994903,-0.04493971168994903,-2.2439051761560513,24.570097639415042,-3.172831129323354
