,Unnamed: 0,left_eyebrow_18x,left_eyebrow_18y,left_eyebrow_20x,left_eyebrow_20y,left_eyebrow_22x,left_eyebrow_22y,right_eyebrow_23x,right_eyebrow_23y,right_eyebrow_25x,right_eyebrow_25y,right_eyebrow_27x,right_eyebrow_27y,left_eye38_x,left_eye38_y,right_eye45_x,right_eye45_y,left_lip49_x,left_lip49_y,lip_center_upper52_x,lip_center_upper52_y,right_lip55_x,right_lip55_y,lip_center_lower58_x,lip_center_lower58_y,trans_x,trans_y,trans_z,rot_x,rot_y,rot_z
0,0,-6.804046630859375,2.1536865234374716,2.8823776245117188,5.2528076171875,12.587100982666016,6.436981201171875,-15.980052947998047,5.072021484375,-4.277275085449219,1.286849975585909,3.6270446777344034,3.4120178222656534,-1.7930755615234375,-7.186279296875,2.7064208984375,-6.003173828125,5.606697082519531,3.3351974487304688,1.0356178283691406,2.582439422607422,-6.855270385742173,2.7098121643066335,-1.2675247192382848,-2.4016952514648438,0.007231038063764579,-0.00287159159779549,-0.00287159159779549,-0.6046828305301615,0.5922014468225498,0.6330307040818957
