,Unnamed: 0,left_eyebrow_18x,left_eyebrow_18y,left_eyebrow_20x,left_eyebrow_20y,left_eyebrow_22x,left_eyebrow_22y,right_eyebrow_23x,right_eyebrow_23y,right_eyebrow_25x,right_eyebrow_25y,right_eyebrow_27x,right_eyebrow_27y,left_eye38_x,left_eye38_y,right_eye45_x,right_eye45_y,left_lip49_x,left_lip49_y,lip_center_upper52_x,lip_center_upper52_y,right_lip55_x,right_lip55_y,lip_center_lower58_x,lip_center_lower58_y,trans_x,trans_y,trans_z,rot_x,rot_y,rot_z
0,0,20.234970092773438,-35.081787109375,5.965118408203125,0.4615173339844034,-10.963672637939453,18.86743164062497,-51.87264406681061,6.2733612060546875,-18.503555297851562,18.739227294921875,5.913894653320369,4.890869140625028,26.919174194335938,-6.066162109375,9.251960754394531,-1.7401733398437216,43.34070968627931,22.355792999267578,-43.61434078216553,37.91484260559082,4.015190124511719,-19.30559921264649,-22.272630433551967,20.712303161621094,0.0327919633127749,-0.05148349329829216,-0.05148349329829216,5.648140286847049,45.388438713426154,-3.1724630286091813
