,Unnamed: 0,left_eyebrow_18x,left_eyebrow_18y,left_eyebrow_20x,left_eyebrow_20y,left_eyebrow_22x,left_eyebrow_22y,right_eyebrow_23x,right_eyebrow_23y,right_eyebrow_25x,right_eyebrow_25y,right_eyebrow_27x,right_eyebrow_27y,left_eye38_x,left_eye38_y,right_eye45_x,right_eye45_y,left_lip49_x,left_lip49_y,lip_center_upper52_x,lip_center_upper52_y,right_lip55_x,right_lip55_y,lip_center_lower58_x,lip_center_lower58_y,trans_x,trans_y,trans_z,rot_x,rot_y,rot_z
0,0,36.48149108886719,-26.040374755859375,2.8145751953125,-0.0005035400390625,-26.83517074584961,4.807525634765597,-32.25693988800049,-0.3360900878905966,-7.438781738281278,11.849502563476562,6.9897308349609375,5.301223754882841,19.25971221923828,6.76202392578125,-2.677734375,5.314056396484347,14.430290222167969,13.86676025390625,-46.92217576503754,14.282585144042969,16.57952117919922,-20.047897338867188,-30.3160502910614,8.920364379882798,0.059785860823467374,0.013482328504323966,0.013482328504323966,3.8628721269417094,36.383113446155505,1.9314851731461116
