,Unnamed: 0,left_eyebrow_18x,left_eyebrow_18y,left_eyebrow_20x,left_eyebrow_20y,left_eyebrow_22x,left_eyebrow_22y,right_eyebrow_23x,right_eyebrow_23y,right_eyebrow_25x,right_eyebrow_25y,right_eyebrow_27x,right_eyebrow_27y,left_eye38_x,left_eye38_y,right_eye45_x,right_eye45_y,left_lip49_x,left_lip49_y,lip_center_upper52_x,lip_center_upper52_y,right_lip55_x,right_lip55_y,lip_center_lower58_x,lip_center_lower58_y,trans_x,trans_y,trans_z,rot_x,rot_y,rot_z
0,0,28.133636474609375,-27.33393859863284,9.510826110839844,8.582473754882812,-19.729251861572266,20.266403198242188,-38.23137140274048,21.889007568359375,-22.514869689941435,27.840957641601562,1.8229980468749716,1.0677795410156534,18.215118408203125,-14.026458740234375,7.001312255859375,-5.0595245361328125,10.582122802734375,8.611526489257798,-34.706642627716064,27.767032623291016,18.255561828613295,-23.68792724609375,-23.176415920257565,12.017082214355469,0.008534398395568132,-0.026941161602735526,-0.026941161602735526,19.960558121050028,44.70850715650844,2.885591629516376
