,Unnamed: 0,left_eyebrow_18x,left_eyebrow_18y,left_eyebrow_20x,left_eyebrow_20y,left_eyebrow_22x,left_eyebrow_22y,right_eyebrow_23x,right_eyebrow_23y,right_eyebrow_25x,right_eyebrow_25y,right_eyebrow_27x,right_eyebrow_27y,left_eye38_x,left_eye38_y,right_eye45_x,right_eye45_y,left_lip49_x,left_lip49_y,lip_center_upper52_x,lip_center_upper52_y,right_lip55_x,right_lip55_y,lip_center_lower58_x,lip_center_lower58_y,trans_x,trans_y,trans_z,rot_x,rot_y,rot_z
0,0,13.624908447265625,-13.111404418945312,-2.0842514038085938,8.881744384765597,-16.5517578125,8.038528442382841,-29.67688751220703,2.5030517578125,-4.182037353515611,15.051864624023409,3.7774810791015625,16.24005126953128,16.433326721191406,-4.1317596435546875,7.612678527832031,0.3430328369140909,25.44866180419922,32.21812438964843,-42.20273303985596,-6.843172073364261,10.511001586914034,-6.386405944824219,-28.676964998245243,1.782012939453125,0.03457424859516323,-0.029367972165346146,-0.029367972165346146,-9.626414422365416,38.79756164037354,0.8347905214480771
