,Unnamed: 0,left_eyebrow_18x,left_eyebrow_18y,left_eyebrow_20x,left_eyebrow_20y,left_eyebrow_22x,left_eyebrow_22y,right_eyebrow_23x,right_eyebrow_23y,right_eyebrow_25x,right_eyebrow_25y,right_eyebrow_27x,right_eyebrow_27y,left_eye38_x,left_eye38_y,right_eye45_x,right_eye45_y,left_lip49_x,left_lip49_y,lip_center_upper52_x,lip_center_upper52_y,right_lip55_x,right_lip55_y,lip_center_lower58_x,lip_center_lower58_y,trans_x,trans_y,trans_z,rot_x,rot_y,rot_z
0,0,9.131378173828125,-17.957763671875,6.730644226074219,10.272003173828097,1.4281654357910156,17.5506591796875,-18.504079818725586,16.45281982421875,-12.120925903320312,15.265014648437472,-0.1217193603515625,-2.4221038818359943,0.3299102783203267,-4.3451385498046875,4.509368896484375,-5.3521728515625,0.7274017333984375,7.077484130859375,-13.860741972923277,10.647682189941406,13.042549133300753,-10.843830108642578,-11.417388677597046,15.475173950195312,0.017262696754187346,-0.028310753405094147,-0.028310753405094147,3.7516076922920023,15.66538131813114,1.2752950897281918
