,Unnamed: 0,left_eyebrow_18x,left_eyebrow_18y,left_eyebrow_20x,left_eyebrow_20y,left_eyebrow_22x,left_eyebrow_22y,right_eyebrow_23x,right_eyebrow_23y,right_eyebrow_25x,right_eyebrow_25y,right_eyebrow_27x,right_eyebrow_27y,left_eye38_x,left_eye38_y,right_eye45_x,right_eye45_y,left_lip49_x,left_lip49_y,lip_center_upper52_x,lip_center_upper52_y,right_lip55_x,right_lip55_y,lip_center_lower58_x,lip_center_lower58_y,trans_x,trans_y,trans_z,rot_x,rot_y,rot_z
0,0,5.3475341796875,-8.214599609375028,-2.60621643066402,6.762405395507841,-8.692001342773438,9.745162963867159,-16.0891170501709,7.867156982421903,-6.5487823486328125,17.299560546875,0.45904541015625,6.2082366943359375,6.5270004272460795,-5.094970703125057,5.52215576171875,-2.5828399658203125,5.142478942871094,10.931140899658203,-17.752220034599304,7.990470886230476,6.8172760009765625,-10.890155792236328,-14.177063822746279,8.199165344238281,0.011821030617284123,-0.041288871318101876,-0.041288871318101876,-3.3450776408225957,26.685465657633358,0.946773882778188
