,Unnamed: 0,left_eyebrow_18x,left_eyebrow_18y,left_eyebrow_20x,left_eyebrow_20y,left_eyebrow_22x,left_eyebrow_22y,right_eyebrow_23x,right_eyebrow_23y,right_eyebrow_25x,right_eyebrow_25y,right_eyebrow_27x,right_eyebrow_27y,left_eye38_x,left_eye38_y,right_eye45_x,right_eye45_y,left_lip49_x,left_lip49_y,lip_center_upper52_x,lip_center_upper52_y,right_lip55_x,right_lip55_y,lip_center_lower58_x,lip_center_lower58_y,trans_x,trans_y,trans_z,rot_x,rot_y,rot_z
0,0,24.28192138671875,-20.324951171875,7.903968811035156,9.443313598632812,-11.835685729980462,20.267791748046875,-42.01327896118164,16.92335510253909,-17.846633911132812,20.44702148437497,3.95404052734375,4.6551971435546875,15.656982421875,-9.210479736328125,1.21142578125,-5.317474365234347,23.94430541992189,7.357513427734375,-31.26176083087921,12.969085693359375,27.867347717285156,-24.325469970703132,-17.67318105697632,15.28961181640625,0.018441602122038603,-0.036129556596279144,-0.036129556596279144,10.456262217778326,45.082425716231754,-0.3140169631110288
