,Unnamed: 0,left_eyebrow_18x,left_eyebrow_18y,left_eyebrow_20x,left_eyebrow_20y,left_eyebrow_22x,left_eyebrow_22y,right_eyebrow_23x,right_eyebrow_23y,right_eyebrow_25x,right_eyebrow_25y,right_eyebrow_27x,right_eyebrow_27y,left_eye38_x,left_eye38_y,right_eye45_x,right_eye45_y,left_lip49_x,left_lip49_y,lip_center_upper52_x,lip_center_upper52_y,right_lip55_x,right_lip55_y,lip_center_lower58_x,lip_center_lower58_y,trans_x,trans_y,trans_z,rot_x,rot_y,rot_z
0,0,0.08926391601559658,-6.408538818359347,11.3251953125,12.748016357421847,13.59689712524414,18.850555419921875,-10.365291595458984,18.826675415039062,-9.263343811035156,11.15849304199213,-0.65277099609375,-6.1604766845703125,3.6607894897460795,-8.964553833007841,-2.5504913330078267,-8.982742309570284,-5.813873291015639,-7.706382751464844,-4.258124500513077,14.687751770019531,6.114768981933608,-5.693267822265632,-2.31784875690937,5.10528564453125,0.0006368984468281269,-0.03722292184829712,-0.03722292184829712,10.67196034262723,-0.1995689186275511,1.0004351870003085
