,Unnamed: 0,left_eyebrow_18x,left_eyebrow_18y,left_eyebrow_20x,left_eyebrow_20y,left_eyebrow_22x,left_eyebrow_22y,right_eyebrow_23x,right_eyebrow_23y,right_eyebrow_25x,right_eyebrow_25y,right_eyebrow_27x,right_eyebrow_27y,left_eye38_x,left_eye38_y,right_eye45_x,right_eye45_y,left_lip49_x,left_lip49_y,lip_center_upper52_x,lip_center_upper52_y,right_lip55_x,right_lip55_y,lip_center_lower58_x,lip_center_lower58_y,trans_x,trans_y,trans_z,rot_x,rot_y,rot_z
0,0,33.0397033691406,-28.66798400878909,6.580070495605497,10.402236938476562,-23.435688018798828,15.424133300781278,-44.945985317230225,10.188842773437528,-17.02788543701172,16.076202392578125,4.88592529296875,6.764694213867216,16.805946350097656,1.1149749755859375,4.942779541015625,-2.5088958740234375,38.42408752441406,13.895275115966804,-43.827749490737915,16.033092498779304,10.303855895996108,-17.744365692138665,-28.791970729827884,11.44729614257811,0.04649493296165019,-0.016192756593227386,-0.016192756593227386,2.213744412892365,41.88841216715518,0.5437354158959051
