,Unnamed: 0,left_eyebrow_18x,left_eyebrow_18y,left_eyebrow_20x,left_eyebrow_20y,left_eyebrow_22x,left_eyebrow_22y,right_eyebrow_23x,right_eyebrow_23y,right_eyebrow_25x,right_eyebrow_25y,right_eyebrow_27x,right_eyebrow_27y,left_eye38_x,left_eye38_y,right_eye45_x,right_eye45_y,left_lip49_x,left_lip49_y,lip_center_upper52_x,lip_center_upper52_y,right_lip55_x,right_lip55_y,lip_center_lower58_x,lip_center_lower58_y,trans_x,trans_y,trans_z,rot_x,rot_y,rot_z
0,0,1.587142944335909,2.281326293945284,1.5026016235351562,0.9717559814453125,1.970195770263679,2.5955963134765057,-2.9355201721191406,3.405029296875,-5.549201965332031,2.9891815185546875,-3.314315795898466,0.4061584472655966,2.979286193847642,-7.5311737060546875,-2.6401214599609517,-7.8145294189453125,-9.646232604980469,-8.076801300048821,-0.8728542327880859,2.9035263061523366,8.60809326171875,-5.785606384277344,-0.0017748773097991943,-1.4745635986327983,-3.800005652010354e-05,-0.012921974062919617,-0.012921974062919617,4.400637733257832,1.4405917753231603,1.9303466170111134
