,Unnamed: 0,left_eyebrow_18x,left_eyebrow_18y,left_eyebrow_20x,left_eyebrow_20y,left_eyebrow_22x,left_eyebrow_22y,right_eyebrow_23x,right_eyebrow_23y,right_eyebrow_25x,right_eyebrow_25y,right_eyebrow_27x,right_eyebrow_27y,left_eye38_x,left_eye38_y,right_eye45_x,right_eye45_y,left_lip49_x,left_lip49_y,lip_center_upper52_x,lip_center_upper52_y,right_lip55_x,right_lip55_y,lip_center_lower58_x,lip_center_lower58_y,trans_x,trans_y,trans_z,rot_x,rot_y,rot_z
0,0,-1.4727325439453125,-4.251129150390625,7.416419982910156,10.637512207031222,11.090492248535163,13.983627319335966,-12.392753601074219,14.14239501953125,-10.28708648681642,12.640823364257812,2.238525390625,-4.2393951416015625,1.2898330688476562,-8.842132568359375,-2.4056549072265625,-8.945648193359403,-0.1556243896484233,-4.482315063476555,-0.49132072925567627,8.291961669921875,2.866058349609361,-7.446567535400405,0.6910569667816162,9.629997253417969,-0.0035489641595631834,-0.01572009176015854,-0.01572009176015854,8.33634422877494,2.8728636166170554,-1.897327489007069
