,Unnamed: 0,left_eyebrow_18x,left_eyebrow_18y,left_eyebrow_20x,left_eyebrow_20y,left_eyebrow_22x,left_eyebrow_22y,right_eyebrow_23x,right_eyebrow_23y,right_eyebrow_25x,right_eyebrow_25y,right_eyebrow_27x,right_eyebrow_27y,left_eye38_x,left_eye38_y,right_eye45_x,right_eye45_y,left_lip49_x,left_lip49_y,lip_center_upper52_x,lip_center_upper52_y,right_lip55_x,right_lip55_y,lip_center_lower58_x,lip_center_lower58_y,trans_x,trans_y,trans_z,rot_x,rot_y,rot_z
0,0,8.710586547851591,-16.538848876953125,7.135108947753892,9.481231689453068,-1.7757453918457102,20.445404052734375,-20.64483070373535,20.230606079101562,-15.274711608886719,18.04862976074213,-3.1137542724609375,-3.643585205078125,10.68389892578125,-9.044677734375028,4.8074874877929545,-4.679870605468722,3.3397674560546875,3.361949920654297,-14.971365451812744,20.072383880615234,20.67119598388672,-15.946678161621094,-14.151165008544922,5.2793731689453125,0.00786279793828726,-0.055692851543426514,-0.055692851543426514,4.632436523450288,21.97287521486633,0.09695878741975927
