,Unnamed: 0,left_eyebrow_18x,left_eyebrow_18y,left_eyebrow_20x,left_eyebrow_20y,left_eyebrow_22x,left_eyebrow_22y,right_eyebrow_23x,right_eyebrow_23y,right_eyebrow_25x,right_eyebrow_25y,right_eyebrow_27x,right_eyebrow_27y,left_eye38_x,left_eye38_y,right_eye45_x,right_eye45_y,left_lip49_x,left_lip49_y,lip_center_upper52_x,lip_center_upper52_y,right_lip55_x,right_lip55_y,lip_center_lower58_x,lip_center_lower58_y,trans_x,trans_y,trans_z,rot_x,rot_y,rot_z
0,0,-1.044921875,-3.7126770019531534,6.268737792968778,6.973114013671875,8.316532135009766,8.794052124023409,-3.8032302856445312,8.48529052734375,-5.3235015869140625,6.083282470703125,-1.104843139648409,-5.558486938476506,-0.7416610717773438,-5.0872802734375,0.6324691772460938,-5.0571746826171875,0.751182556152358,1.0104103088379048,0.6457500457763672,5.914878845214851,-1.4864120483398438,4.847919464111335,-0.7378051280975343,3.3547897338867188,0.0005972051294520495,-0.005560271441936493,-0.005560271441936493,7.304374302878111,-2.1819345295560937,-0.980872755821965
