,Unnamed: 0,left_eyebrow_18x,left_eyebrow_18y,left_eyebrow_20x,left_eyebrow_20y,left_eyebrow_22x,left_eyebrow_22y,right_eyebrow_23x,right_eyebrow_23y,right_eyebrow_25x,right_eyebrow_25y,right_eyebrow_27x,right_eyebrow_27y,left_eye38_x,left_eye38_y,right_eye45_x,right_eye45_y,left_lip49_x,left_lip49_y,lip_center_upper52_x,lip_center_upper52_y,right_lip55_x,right_lip55_y,lip_center_lower58_x,lip_center_lower58_y,trans_x,trans_y,trans_z,rot_x,rot_y,rot_z
0,0,7.701141357421875,-13.516082763671875,4.895202636718736,5.595947265625,-1.9055137634277273,13.852966308593722,-17.54695320129394,13.580673217773438,-11.240531921386719,16.40002441406247,-0.5718536376953125,-0.2283935546875,6.705680847167969,-7.840377807617216,3.7677001953125,-5.563613891601534,8.461723327636733,6.0368499755859375,-12.511204838752747,10.752166748046875,16.11740112304689,-17.476531982421882,-10.482363224029541,9.962272644042969,0.00015795137733221054,-0.03582938015460968,-0.03582938015460968,7.957205439546486,30.352497483886832,-2.245674498238984
