,Unnamed: 0,left_eyebrow_18x,left_eyebrow_18y,left_eyebrow_20x,left_eyebrow_20y,left_eyebrow_22x,left_eyebrow_22y,right_eyebrow_23x,right_eyebrow_23y,right_eyebrow_25x,right_eyebrow_25y,right_eyebrow_27x,right_eyebrow_27y,left_eye38_x,left_eye38_y,right_eye45_x,right_eye45_y,left_lip49_x,left_lip49_y,lip_center_upper52_x,lip_center_upper52_y,right_lip55_x,right_lip55_y,lip_center_lower58_x,lip_center_lower58_y,trans_x,trans_y,trans_z,rot_x,rot_y,rot_z
0,0,7.365478515624943,-17.340133666992244,2.841186523437557,3.3372650146484375,-3.234405517578125,12.700057983398438,-18.562389373779297,9.653549194335938,-8.26554107666017,12.081466674804688,4.2305450439453125,0.8199920654297159,3.7780227661132812,-3.0814056396484375,5.5283050537109375,-3.3927154541015625,10.426773071289077,15.39586257934571,-17.54060769081116,7.28889465332032,5.345275878906264,-9.302471160888665,-13.220722675323486,2.5732650756835938,0.009357074392028153,-0.026771113276481615,-0.026771113276481615,1.9024551192160626,24.05422781232298,-1.2020406234505845
