,Unnamed: 0,left_eyebrow_18x,left_eyebrow_18y,left_eyebrow_20x,left_eyebrow_20y,left_eyebrow_22x,left_eyebrow_22y,right_eyebrow_23x,right_eyebrow_23y,right_eyebrow_25x,right_eyebrow_25y,right_eyebrow_27x,right_eyebrow_27y,left_eye38_x,left_eye38_y,right_eye45_x,right_eye45_y,left_lip49_x,left_lip49_y,lip_center_upper52_x,lip_center_upper52_y,right_lip55_x,right_lip55_y,lip_center_lower58_x,lip_center_lower58_y,trans_x,trans_y,trans_z,rot_x,rot_y,rot_z
0,0,22.507644653320284,-23.365859985351562,3.9468536376952983,1.8970489501953125,-15.232521057128906,12.436492919921875,-25.719961166381836,15.015777587890597,-4.004020690917983,16.57171630859375,11.592025756835938,3.2395782470703125,3.5924530029296875,-1.2211608886718466,3.9753646850585795,3.43927001953125,19.495018005371108,18.230945587158203,-45.338271617889404,6.357711791992195,-3.3187255859375,-6.911136627197273,-30.265074014663696,9.009193420410156,0.018450297648087144,-0.029981432482600212,-0.029981432482600212,-1.0582713045011474,38.746028680579435,-0.6266443830794225
