,Unnamed: 0,left_eyebrow_18x,left_eyebrow_18y,left_eyebrow_20x,left_eyebrow_20y,left_eyebrow_22x,left_eyebrow_22y,right_eyebrow_23x,right_eyebrow_23y,right_eyebrow_25x,right_eyebrow_25y,right_eyebrow_27x,right_eyebrow_27y,left_eye38_x,left_eye38_y,right_eye45_x,right_eye45_y,left_lip49_x,left_lip49_y,lip_center_upper52_x,lip_center_upper52_y,right_lip55_x,right_lip55_y,lip_center_lower58_x,lip_center_lower58_y,trans_x,trans_y,trans_z,rot_x,rot_y,rot_z
0,0,-4.5424041748046875,-0.9366149902343466,5.2723388671875,2.945098876953125,11.548038482666009,11.95404052734375,-18.655033111572266,14.070098876953182,-7.222816467285142,8.498199462890625,5.9039459228515625,2.238067626953068,4.0700531005859375,-4.3035430908203125,3.4286346435546733,-3.0659942626953125,3.88653564453125,7.508853912353516,-5.096544504165649,9.5534896850586,1.4315948486328267,0.42827224731446023,-5.478685617446899,7.401756286621094,-0.014110640855506064,-0.007227741181850433,-0.007227741181850433,6.535897018047848,11.963733961293958,-2.5553731770673473
