,Unnamed: 0,left_eyebrow_18x,left_eyebrow_18y,left_eyebrow_20x,left_eyebrow_20y,left_eyebrow_22x,left_eyebrow_22y,right_eyebrow_23x,right_eyebrow_23y,right_eyebrow_25x,right_eyebrow_25y,right_eyebrow_27x,right_eyebrow_27y,left_eye38_x,left_eye38_y,right_eye45_x,right_eye45_y,left_lip49_x,left_lip49_y,lip_center_upper52_x,lip_center_upper52_y,right_lip55_x,right_lip55_y,lip_center_lower58_x,lip_center_lower58_y,trans_x,trans_y,trans_z,rot_x,rot_y,rot_z
0,0,3.8436889648437784,-0.6350097656249716,-0.0011444091796590783,1.9410705566406818,0.5995750427246094,6.5244903564453125,-26.65217208862305,4.605148315429631,-9.054214477539077,14.25341796875,2.87646484375,11.734817504882812,6.0220184326171875,-9.973541259765625,4.456039428710966,-6.9220123291015625,2.6290435791015625,13.791545867919915,-16.556307554244995,9.248311996459961,3.894561767578111,-8.975406646728516,-14.394744038581848,7.262451171875,0.007664625416509807,-0.028625696315430108,-0.028625696315430108,-0.32218834643598493,23.965105689436115,-0.437908307262853
