,Unnamed: 0,left_eyebrow_18x,left_eyebrow_18y,left_eyebrow_20x,left_eyebrow_20y,left_eyebrow_22x,left_eyebrow_22y,right_eyebrow_23x,right_eyebrow_23y,right_eyebrow_25x,right_eyebrow_25y,right_eyebrow_27x,right_eyebrow_27y,left_eye38_x,left_eye38_y,right_eye45_x,right_eye45_y,left_lip49_x,left_lip49_y,lip_center_upper52_x,lip_center_upper52_y,right_lip55_x,right_lip55_y,lip_center_lower58_x,lip_center_lower58_y,trans_x,trans_y,trans_z,rot_x,rot_y,rot_z
0,0,2.509475708007841,-3.954086303710909,2.127288818359361,2.8592376708984375,-0.3592224121093679,3.7879180908203125,-14.13392448425294,0.77532958984375,-1.1109466552734375,7.910659790039091,3.0821533203125284,7.507980346679716,4.99835205078125,-2.7775115966796875,3.9989852905273438,-3.078781127929716,7.9863128662109375,9.968467712402344,-13.638712048530579,7.773426055908203,7.294769287109375,-8.835247039794922,-10.578190565109255,0.628814697265625,0.01941036549396813,-0.029004402458667755,-0.029004402458667755,-1.463817890263658,15.723355710085302,1.0202173156087526
