,Unnamed: 0,left_eyebrow_18x,left_eyebrow_18y,left_eyebrow_20x,left_eyebrow_20y,left_eyebrow_22x,left_eyebrow_22y,right_eyebrow_23x,right_eyebrow_23y,right_eyebrow_25x,right_eyebrow_25y,right_eyebrow_27x,right_eyebrow_27y,left_eye38_x,left_eye38_y,right_eye45_x,right_eye45_y,left_lip49_x,left_lip49_y,lip_center_upper52_x,lip_center_upper52_y,right_lip55_x,right_lip55_y,lip_center_lower58_x,lip_center_lower58_y,trans_x,trans_y,trans_z,rot_x,rot_y,rot_z
0,0,0.071563720703125,7.257476806640597,7.339271545410128,19.396087646484375,14.443866729736328,3.576034545898409,-14.37567138671875,6.502532958984375,-5.938850402832017,19.563217163085966,3.120071411132841,10.213348388671875,-4.2174530029296875,-6.5861053466796875,1.2578887939453267,-9.889633178710938,2.19989013671875,4.0478363037109375,2.2011681497097015,2.3909168243408203,-3.100341796875,4.463630676269531,2.9972934648394585,0.0510406494140625,0.0008049574680626392,-0.005751878023147597,-0.005751878023147597,4.772401263965221,-1.1572134183587566,-0.2685833112191205
