,Unnamed: 0,left_eyebrow_18x,left_eyebrow_18y,left_eyebrow_20x,left_eyebrow_20y,left_eyebrow_22x,left_eyebrow_22y,right_eyebrow_23x,right_eyebrow_23y,right_eyebrow_25x,right_eyebrow_25y,right_eyebrow_27x,right_eyebrow_27y,left_eye38_x,left_eye38_y,right_eye45_x,right_eye45_y,left_lip49_x,left_lip49_y,lip_center_upper52_x,lip_center_upper52_y,right_lip55_x,right_lip55_y,lip_center_lower58_x,lip_center_lower58_y,trans_x,trans_y,trans_z,rot_x,rot_y,rot_z
0,0,-5.181823730468722,5.2567596435546875,8.782745361328125,15.946243286132812,19.36943817138671,12.8341064453125,-19.146913528442393,15.577880859375,-9.413658142089815,15.234725952148494,3.7904663085937216,4.458953857421847,-1.444854736328125,-15.077224731445312,-2.9196624755859375,-17.236907958984375,8.519927978515625,3.8960342407226562,1.3307709693908691,4.455741882324219,-11.116058349609375,7.0933074951171875,1.46631620824337,8.004951477050781,0.002788049736409448,-0.01789042353630066,-0.01789042353630066,7.781388592500201,-2.964304845422725,-0.006345896921496896
