,Unnamed: 0,left_eyebrow_18x,left_eyebrow_18y,left_eyebrow_20x,left_eyebrow_20y,left_eyebrow_22x,left_eyebrow_22y,right_eyebrow_23x,right_eyebrow_23y,right_eyebrow_25x,right_eyebrow_25y,right_eyebrow_27x,right_eyebrow_27y,left_eye38_x,left_eye38_y,right_eye45_x,right_eye45_y,left_lip49_x,left_lip49_y,lip_center_upper52_x,lip_center_upper52_y,right_lip55_x,right_lip55_y,lip_center_lower58_x,lip_center_lower58_y,trans_x,trans_y,trans_z,rot_x,rot_y,rot_z
0,0,32.76570129394531,-15.493560791015597,2.88372802734375,5.5135650634765625,-23.753330230712898,5.9209747314453125,-36.78250694274903,2.2605590820312784,-7.7214202880859375,14.663253784179716,8.250991821289091,12.837539672851591,9.550270080566406,3.6019439697265625,1.6430587768554545,2.67431640625,18.231971740722656,13.863716125488281,-36.922398686409,6.9874267578125,23.307853698730455,-18.549488067626953,-22.01904273033142,3.0555267333984375,0.03879594174213708,-0.017709665000438704,-0.017709665000438704,-3.8937538038706796,37.394251133064685,3.1829720575423135
