,Unnamed: 0,left_eyebrow_18x,left_eyebrow_18y,left_eyebrow_20x,left_eyebrow_20y,left_eyebrow_22x,left_eyebrow_22y,right_eyebrow_23x,right_eyebrow_23y,right_eyebrow_25x,right_eyebrow_25y,right_eyebrow_27x,right_eyebrow_27y,left_eye38_x,left_eye38_y,right_eye45_x,right_eye45_y,left_lip49_x,left_lip49_y,lip_center_upper52_x,lip_center_upper52_y,right_lip55_x,right_lip55_y,lip_center_lower58_x,lip_center_lower58_y,trans_x,trans_y,trans_z,rot_x,rot_y,rot_z
0,0,40.75201416015628,-19.071868896484375,11.102828979492188,6.985382080078153,-15.359821319580085,7.45745849609375,-53.77402782440186,2.0622253417968466,-12.208641052246108,15.855697631835909,10.260162353515625,16.00067138671872,17.115676879882812,-3.9347686767578125,-0.41606903076171875,-3.7019805908203125,36.79987716674805,17.869419097900384,-43.03600764274597,16.740598678588867,1.9911575317382812,-12.17367935180664,-25.409106373786926,15.95395660400392,0.03698080114554614,-0.013112722313962875,-0.013112722313962875,2.4639933380560315,42.23224245308873,2.818246020825704
