,Unnamed: 0,left_eyebrow_18x,left_eyebrow_18y,left_eyebrow_20x,left_eyebrow_20y,left_eyebrow_22x,left_eyebrow_22y,right_eyebrow_23x,right_eyebrow_23y,right_eyebrow_25x,right_eyebrow_25y,right_eyebrow_27x,right_eyebrow_27y,left_eye38_x,left_eye38_y,right_eye45_x,right_eye45_y,left_lip49_x,left_lip49_y,lip_center_upper52_x,lip_center_upper52_y,right_lip55_x,right_lip55_y,lip_center_lower58_x,lip_center_lower58_y,trans_x,trans_y,trans_z,rot_x,rot_y,rot_z
0,0,1.8912353515624716,6.12115478515625,4.224983215332003,9.217880249023409,7.813198089599609,1.51580810546875,-22.38608741760254,6.773361206054659,-6.9658432006835795,18.152862548828153,4.775100708007784,16.10528564453122,2.1171112060546733,-10.026397705078097,6.167442321777358,-8.0330810546875,3.5388717651367188,16.041912078857422,-8.15154042840004,5.443992614746094,0.39762115478515625,-5.612663269042969,-8.538669832050799,3.3360366821289062,0.024392251390963793,-0.03338482230901719,-0.03338482230901719,-1.8107562435818416,12.573948121689938,1.0401696606373592
