,Unnamed: 0,left_eyebrow_18x,left_eyebrow_18y,left_eyebrow_20x,left_eyebrow_20y,left_eyebrow_22x,left_eyebrow_22y,right_eyebrow_23x,right_eyebrow_23y,right_eyebrow_25x,right_eyebrow_25y,right_eyebrow_27x,right_eyebrow_27y,left_eye38_x,left_eye38_y,right_eye45_x,right_eye45_y,left_lip49_x,left_lip49_y,lip_center_upper52_x,lip_center_upper52_y,right_lip55_x,right_lip55_y,lip_center_lower58_x,lip_center_lower58_y,trans_x,trans_y,trans_z,rot_x,rot_y,rot_z
0,0,1.8597564697265625,-4.21221923828125,4.713706970214844,0.7416381835937216,4.414539337158203,5.12725830078125,-9.145416259765625,8.033111572265625,-3.845611572265625,4.928512573242131,2.785491943359375,-1.4972534179687216,2.4966659545898438,-5.1459808349609375,0.03346252441407671,-3.2232360839844034,-0.21285247802734375,-1.8669395446777273,-2.2657846212387085,5.250377655029286,0.38431549072264204,-8.743907928466797,-3.2371010780334473,-5.461669921875,-0.0025824197800830007,-0.006793312728404985,-0.006793312728404985,6.082942878613537,4.8749923560692165,2.7772895384135587
