,Unnamed: 0,left_eyebrow_18x,left_eyebrow_18y,left_eyebrow_20x,left_eyebrow_20y,left_eyebrow_22x,left_eyebrow_22y,right_eyebrow_23x,right_eyebrow_23y,right_eyebrow_25x,right_eyebrow_25y,right_eyebrow_27x,right_eyebrow_27y,left_eye38_x,left_eye38_y,right_eye45_x,right_eye45_y,left_lip49_x,left_lip49_y,lip_center_upper52_x,lip_center_upper52_y,right_lip55_x,right_lip55_y,lip_center_lower58_x,lip_center_lower58_y,trans_x,trans_y,trans_z,rot_x,rot_y,rot_z
0,0,4.284988403320341,-5.9302520751953125,2.16162109375,14.289459228515625,0.29929351806640625,14.885330200195312,-19.849960327148448,14.406753540039062,-8.325950622558565,24.37603759765628,4.164306640625,7.782440185546903,4.286567687988281,-12.049819946289034,2.735778808593736,-12.806304931640653,10.297126770019531,16.070484161376953,-15.158419609069824,5.592136383056641,-3.2372970581054688,-4.893466949462891,-9.623053684830667,10.336441040039062,0.01098851254209876,-0.03739185258746147,-0.03739185258746147,5.003045259181684,22.635035867926113,-0.284266457435561
