,Unnamed: 0,left_eyebrow_18x,left_eyebrow_18y,left_eyebrow_20x,left_eyebrow_20y,left_eyebrow_22x,left_eyebrow_22y,right_eyebrow_23x,right_eyebrow_23y,right_eyebrow_25x,right_eyebrow_25y,right_eyebrow_27x,right_eyebrow_27y,left_eye38_x,left_eye38_y,right_eye45_x,right_eye45_y,left_lip49_x,left_lip49_y,lip_center_upper52_x,lip_center_upper52_y,right_lip55_x,right_lip55_y,lip_center_lower58_x,lip_center_lower58_y,trans_x,trans_y,trans_z,rot_x,rot_y,rot_z
0,0,5.446105957031278,-7.194244384765653,1.9219436645507812,2.8579406738281534,-1.9098663330078125,4.670318603515653,-8.735031127929677,5.950668334960966,-1.398796081542983,9.078903198242216,2.515716552734375,0.88397216796875,4.5719146728515625,-4.413146972656307,-0.639434814453125,-1.5121765136718466,0.5442047119140625,4.810951232910156,-6.7715798020362845,11.40990066528321,11.5069580078125,-9.97113037109375,-4.265684008598328,2.6877059936523438,0.016107583651319146,-0.030779812484979623,-0.030779812484979623,1.0749973535221837,8.132196376313711,-2.7419135739894505
