,Unnamed: 0,left_eyebrow_18x,left_eyebrow_18y,left_eyebrow_20x,left_eyebrow_20y,left_eyebrow_22x,left_eyebrow_22y,right_eyebrow_23x,right_eyebrow_23y,right_eyebrow_25x,right_eyebrow_25y,right_eyebrow_27x,right_eyebrow_27y,left_eye38_x,left_eye38_y,right_eye45_x,right_eye45_y,left_lip49_x,left_lip49_y,lip_center_upper52_x,lip_center_upper52_y,right_lip55_x,right_lip55_y,lip_center_lower58_x,lip_center_lower58_y,trans_x,trans_y,trans_z,rot_x,rot_y,rot_z
0,0,0.6369171142578409,-5.6981658935546875,-6.630897521972642,5.375946044921875,-12.244197845458984,7.5002593994140625,-8.781711578369148,9.047012329101562,1.2248153686523438,15.63140869140625,2.667709350585909,7.9207763671875,9.50994873046875,-4.050567626953125,6.505226135253906,-0.299346923828125,14.286293029785156,1.4250564575195312,-13.973580718040466,7.635963439941399,3.082427978515639,-15.720115661621094,-14.441887080669403,-1.5708541870117188,0.01603161334060132,-0.02786076813936235,-0.02786076813936235,0.04285567494468445,17.28813734637752,0.581249063248642
