,Unnamed: 0,left_eyebrow_18x,left_eyebrow_18y,left_eyebrow_20x,left_eyebrow_20y,left_eyebrow_22x,left_eyebrow_22y,right_eyebrow_23x,right_eyebrow_23y,right_eyebrow_25x,right_eyebrow_25y,right_eyebrow_27x,right_eyebrow_27y,left_eye38_x,left_eye38_y,right_eye45_x,right_eye45_y,left_lip49_x,left_lip49_y,lip_center_upper52_x,lip_center_upper52_y,right_lip55_x,right_lip55_y,lip_center_lower58_x,lip_center_lower58_y,trans_x,trans_y,trans_z,rot_x,rot_y,rot_z
0,0,9.4571533203125,-7.057769775390625,3.0934448242187784,3.0000762939453125,-5.918720245361321,6.596923828125057,-14.188983917236328,7.253356933593693,-3.7522735595702983,13.031097412109375,1.9647064208984375,5.350860595703125,10.195915222167969,-9.1446533203125,5.3991012573242045,-5.610229492187528,-1.262229919433608,9.74737548828125,-19.868690013885498,5.606418609619141,1.832000732421875,-13.432014465332031,-17.728245496749878,5.926277160644531,0.005014399997889995,-0.023130595684051514,-0.023130595684051514,4.0848045882485025,30.071885615838955,0.23058006883235027
