,Unnamed: 0,left_eyebrow_18x,left_eyebrow_18y,left_eyebrow_20x,left_eyebrow_20y,left_eyebrow_22x,left_eyebrow_22y,right_eyebrow_23x,right_eyebrow_23y,right_eyebrow_25x,right_eyebrow_25y,right_eyebrow_27x,right_eyebrow_27y,left_eye38_x,left_eye38_y,right_eye45_x,right_eye45_y,left_lip49_x,left_lip49_y,lip_center_upper52_x,lip_center_upper52_y,right_lip55_x,right_lip55_y,lip_center_lower58_x,lip_center_lower58_y,trans_x,trans_y,trans_z,rot_x,rot_y,rot_z
0,0,-4.584274291992131,3.7648620605469034,4.502677917480469,9.478317260742216,15.62768173217773,7.497955322265625,-13.994884490966797,7.2554931640625,-7.371788024902358,5.699295043945284,1.475448608398466,1.3124389648437216,-2.3136672973632812,-5.173980712890625,3.027305603027358,-4.066253662109403,5.581100463867202,-1.4131813049316406,-0.9706897735595703,1.2645034790039062,-4.31658935546875,3.216846466064453,-2.3080626726150513,3.22540283203125,-0.0017172656953334808,-0.006151720881462097,-0.006151720881462097,3.7723190415472727,-1.1424738937807475,-4.285367632631528
