,Unnamed: 0,left_eyebrow_18x,left_eyebrow_18y,left_eyebrow_20x,left_eyebrow_20y,left_eyebrow_22x,left_eyebrow_22y,right_eyebrow_23x,right_eyebrow_23y,right_eyebrow_25x,right_eyebrow_25y,right_eyebrow_27x,right_eyebrow_27y,left_eye38_x,left_eye38_y,right_eye45_x,right_eye45_y,left_lip49_x,left_lip49_y,lip_center_upper52_x,lip_center_upper52_y,right_lip55_x,right_lip55_y,lip_center_lower58_x,lip_center_lower58_y,trans_x,trans_y,trans_z,rot_x,rot_y,rot_z
0,0,-2.448989868164034,-7.698028564453153,5.602668762207017,6.899642944335966,2.064483642578125,14.828689575195312,2.408721923828125,22.22918701171875,-5.186965942382827,4.865020751953125,2.023056030273409,-9.941497802734347,-1.5060806274414062,-7.12823486328125,0.1378631591797017,-6.854095458984375,6.050186157226548,-4.702102661132805,-0.8368970155715945,3.041675567626953,-3.0025482177734233,-1.7895278930664062,-0.830825984477997,7.637748718261719,0.0014832949964329603,-0.00048211216926574707,-0.00048211216926574707,9.107150885908363,-0.5349620841565368,1.805512228068852
