,Unnamed: 0,left_eyebrow_18x,left_eyebrow_18y,left_eyebrow_20x,left_eyebrow_20y,left_eyebrow_22x,left_eyebrow_22y,right_eyebrow_23x,right_eyebrow_23y,right_eyebrow_25x,right_eyebrow_25y,right_eyebrow_27x,right_eyebrow_27y,left_eye38_x,left_eye38_y,right_eye45_x,right_eye45_y,left_lip49_x,left_lip49_y,lip_center_upper52_x,lip_center_upper52_y,right_lip55_x,right_lip55_y,lip_center_lower58_x,lip_center_lower58_y,trans_x,trans_y,trans_z,rot_x,rot_y,rot_z
0,0,15.602264404296875,-7.6813507080078125,1.1345901489257812,-1.3285064697265625,-11.808666229248047,-4.903244018554716,-6.201263427734375,-2.178085327148466,-1.5382461547851562,7.276214599609375,-1.1393127441405966,5.8275146484375,6.289840698242202,-2.1669311523437216,0.0277099609375,0.7008209228515625,-6.054924011230469,10.029716491699219,-15.274971723556519,6.525581359863281,18.858917236328125,-11.992816925048828,-12.620168685913086,-1.1243133544921875,0.009371852269396186,-0.012419456616044044,-0.012419456616044044,0.8992222672960342,19.207449490899343,-3.1114340351598204
