,Unnamed: 0,left_eyebrow_18x,left_eyebrow_18y,left_eyebrow_20x,left_eyebrow_20y,left_eyebrow_22x,left_eyebrow_22y,right_eyebrow_23x,right_eyebrow_23y,right_eyebrow_25x,right_eyebrow_25y,right_eyebrow_27x,right_eyebrow_27y,left_eye38_x,left_eye38_y,right_eye45_x,right_eye45_y,left_lip49_x,left_lip49_y,lip_center_upper52_x,lip_center_upper52_y,right_lip55_x,right_lip55_y,lip_center_lower58_x,lip_center_lower58_y,trans_x,trans_y,trans_z,rot_x,rot_y,rot_z
0,0,-3.1947937011718466,5.3159027099609375,5.3907318115234375,13.683792114257784,14.554670333862301,10.036849975585938,-15.02566909790039,10.971588134765597,-6.67181396484375,13.70611572265625,3.8780364990234375,6.008087158203125,0.438140869140625,-9.945999145507841,-0.8883438110351562,-8.517028808593722,3.0120162963867188,-2.29644775390625,1.4057011604309082,2.28759765625,-4.1148223876953125,-2.554115295410149,-0.3215290307998657,2.1871490478515625,0.0002113708178512752,-0.010824780911207192,-0.010824780911207192,6.220223653996157,-0.08393481831149363,0.2858109535862615
