,Unnamed: 0,left_eyebrow_18x,left_eyebrow_18y,left_eyebrow_20x,left_eyebrow_20y,left_eyebrow_22x,left_eyebrow_22y,right_eyebrow_23x,right_eyebrow_23y,right_eyebrow_25x,right_eyebrow_25y,right_eyebrow_27x,right_eyebrow_27y,left_eye38_x,left_eye38_y,right_eye45_x,right_eye45_y,left_lip49_x,left_lip49_y,lip_center_upper52_x,lip_center_upper52_y,right_lip55_x,right_lip55_y,lip_center_lower58_x,lip_center_lower58_y,trans_x,trans_y,trans_z,rot_x,rot_y,rot_z
0,0,45.35473632812503,-22.675399780273438,8.715644836425781,8.494506835937472,-21.064517974853516,12.153823852539062,-49.727057456970215,6.5167236328125,-13.367073059082017,18.097198486328125,7.2850494384765625,13.13427734375,11.391433715820312,-4.514892578125057,-0.12157440185546875,0.1195526123046875,43.95962905883789,6.450050354003906,-38.02592587471008,12.889179229736328,5.521881103515625,-11.833194732666016,-27.158162355422974,9.69305419921875,0.03736506018321961,-0.019865769892930978,-0.019865769892930978,1.629505360138542,45.508186424600915,2.4638853834988397
