,Unnamed: 0,left_eyebrow_18x,left_eyebrow_18y,left_eyebrow_20x,left_eyebrow_20y,left_eyebrow_22x,left_eyebrow_22y,right_eyebrow_23x,right_eyebrow_23y,right_eyebrow_25x,right_eyebrow_25y,right_eyebrow_27x,right_eyebrow_27y,left_eye38_x,left_eye38_y,right_eye45_x,right_eye45_y,left_lip49_x,left_lip49_y,lip_center_upper52_x,lip_center_upper52_y,right_lip55_x,right_lip55_y,lip_center_lower58_x,lip_center_lower58_y,trans_x,trans_y,trans_z,rot_x,rot_y,rot_z
0,0,28.621932983398466,-20.256256103515653,-1.289100646972642,3.6519927978515625,-24.79765701293944,9.263732910156278,-31.9869966506958,7.811737060546875,-4.972557067871094,15.192047119140625,8.459365844726562,12.512313842773466,17.189857482910156,-5.932037353515625,3.0859222412109375,0.464385986328125,38.738426208496094,8.43940734863282,-35.4863008260727,8.659721374511719,10.622879028320327,-17.02304458618164,-25.82974547147751,4.172149658203139,0.03445763862691819,-0.009167119860649109,-0.009167119860649109,-1.196649830072129,34.220769775338155,2.549644662129238
