,Unnamed: 0,left_eyebrow_18x,left_eyebrow_18y,left_eyebrow_20x,left_eyebrow_20y,left_eyebrow_22x,left_eyebrow_22y,right_eyebrow_23x,right_eyebrow_23y,right_eyebrow_25x,right_eyebrow_25y,right_eyebrow_27x,right_eyebrow_27y,left_eye38_x,left_eye38_y,right_eye45_x,right_eye45_y,left_lip49_x,left_lip49_y,lip_center_upper52_x,lip_center_upper52_y,right_lip55_x,right_lip55_y,lip_center_lower58_x,lip_center_lower58_y,trans_x,trans_y,trans_z,rot_x,rot_y,rot_z
0,0,-0.8688507080078125,4.586181640625,5.493652343749986,13.511306762695341,10.28696060180664,10.461959838867188,-11.981971740722656,8.02734375,-8.449134826660156,12.144546508789062,-1.1571197509765625,2.9037322998046875,0.27350616455079546,-6.311904907226591,2.1865997314452983,-5.305541992187528,-0.1972198486328125,3.0461578369140625,0.3297353871166706,1.0553550720214773,-3.1859893798828125,5.684745788574219,0.0036580413579940796,3.2560882568359375,1.4267396181821823e-05,-0.012368526309728615,-0.012368526309728615,3.97510312667146,0.395465799180605,-0.038260264733651184
