,Unnamed: 0,left_eyebrow_18x,left_eyebrow_18y,left_eyebrow_20x,left_eyebrow_20y,left_eyebrow_22x,left_eyebrow_22y,right_eyebrow_23x,right_eyebrow_23y,right_eyebrow_25x,right_eyebrow_25y,right_eyebrow_27x,right_eyebrow_27y,left_eye38_x,left_eye38_y,right_eye45_x,right_eye45_y,left_lip49_x,left_lip49_y,lip_center_upper52_x,lip_center_upper52_y,right_lip55_x,right_lip55_y,lip_center_lower58_x,lip_center_lower58_y,trans_x,trans_y,trans_z,rot_x,rot_y,rot_z
0,0,25.993331909179688,-36.105499267578125,20.250030517578082,20.496719360351562,-5.581813812255859,27.524520874023466,-36.69856357574463,16.687255859375,-17.01087188720703,23.498886108398438,-0.6584930419921875,-3.991851806640625,12.28475189208983,-1.7025909423828125,7.623504638671875,-0.8740692138671875,10.960426330566406,18.365825653076172,-43.59350448846817,13.118919372558597,6.092201232910156,-15.802947998046875,-29.327886670827866,17.138427734375,0.04556627507190569,-0.010658271610736854,-0.010658271610736854,3.251591976030952,36.22577381957444,3.491029777333022
