,Unnamed: 0,left_eyebrow_18x,left_eyebrow_18y,left_eyebrow_20x,left_eyebrow_20y,left_eyebrow_22x,left_eyebrow_22y,right_eyebrow_23x,right_eyebrow_23y,right_eyebrow_25x,right_eyebrow_25y,right_eyebrow_27x,right_eyebrow_27y,left_eye38_x,left_eye38_y,right_eye45_x,right_eye45_y,left_lip49_x,left_lip49_y,lip_center_upper52_x,lip_center_upper52_y,right_lip55_x,right_lip55_y,lip_center_lower58_x,lip_center_lower58_y,trans_x,trans_y,trans_z,rot_x,rot_y,rot_z
0,0,4.260437011718722,1.591217041015625,4.464073181152358,6.3824462890625,-0.1122436523437429,2.6226806640625,-4.1124114990234375,2.709259033203125,0.3638153076171875,10.233718872070312,2.2371978759765625,4.504180908203153,2.0753173828124716,-5.900985717773466,2.1741561889648438,-4.440185546875,-0.3118743896484375,5.011363983154304,-3.4801383018493652,-0.7640972137451136,-4.511070251464858,-5.88459777832032,0.5625057220458984,2.1573867797851705,-0.011280162027105693,-0.007166564464569085,-0.007166564464569085,2.4823304047420645,10.549502942792323,-1.0682165864628286
