,Unnamed: 0,left_eyebrow_18x,left_eyebrow_18y,left_eyebrow_20x,left_eyebrow_20y,left_eyebrow_22x,left_eyebrow_22y,right_eyebrow_23x,right_eyebrow_23y,right_eyebrow_25x,right_eyebrow_25y,right_eyebrow_27x,right_eyebrow_27y,left_eye38_x,left_eye38_y,right_eye45_x,right_eye45_y,left_lip49_x,left_lip49_y,lip_center_upper52_x,lip_center_upper52_y,right_lip55_x,right_lip55_y,lip_center_lower58_x,lip_center_lower58_y,trans_x,trans_y,trans_z,rot_x,rot_y,rot_z
0,0,22.649673461914062,-24.09405517578125,7.599777221679659,10.713912963867216,-14.635643005371094,16.345306396484375,-45.761281967163086,7.276214599609403,-16.42613983154297,22.126480102539062,-0.9834289550780966,9.10198974609375,16.684356689453125,-0.2459716796875,10.931838989257798,1.916213989257784,16.077812194824205,20.20077896118164,-29.00291631743312,5.568115234374986,7.279449462890625,-14.108272552490234,-17.82597805559635,9.459510803222656,0.05061025172472,-0.009908951818943017,-0.009908951818943017,-0.1837011672317117,38.95945389449454,3.6914100653407473
