,Unnamed: 0,left_eyebrow_18x,left_eyebrow_18y,left_eyebrow_20x,left_eyebrow_20y,left_eyebrow_22x,left_eyebrow_22y,right_eyebrow_23x,right_eyebrow_23y,right_eyebrow_25x,right_eyebrow_25y,right_eyebrow_27x,right_eyebrow_27y,left_eye38_x,left_eye38_y,right_eye45_x,right_eye45_y,left_lip49_x,left_lip49_y,lip_center_upper52_x,lip_center_upper52_y,right_lip55_x,right_lip55_y,lip_center_lower58_x,lip_center_lower58_y,trans_x,trans_y,trans_z,rot_x,rot_y,rot_z
0,0,12.039962768554688,-7.763702392578125,3.3964233398437216,3.9862060546875284,-3.321544647216804,6.9639434814453125,-16.57352256774902,4.993850708007784,-9.628578186035142,12.128280639648438,-3.482284545898409,3.1680908203124716,2.7108917236328125,-4.6582183837890625,5.731864929199219,-1.3872222900390625,1.1631317138672017,9.389083862304695,-15.705462515354156,13.749847412109375,12.957176208496094,-6.56243896484375,-17.268978357315063,0.37009429931640625,0.011546159745194018,-0.017293810844421373,-0.017293810844421373,-1.5314987062276813,25.218345025445974,2.39581797401826
