,Unnamed: 0,left_eyebrow_18x,left_eyebrow_18y,left_eyebrow_20x,left_eyebrow_20y,left_eyebrow_22x,left_eyebrow_22y,right_eyebrow_23x,right_eyebrow_23y,right_eyebrow_25x,right_eyebrow_25y,right_eyebrow_27x,right_eyebrow_27y,left_eye38_x,left_eye38_y,right_eye45_x,right_eye45_y,left_lip49_x,left_lip49_y,lip_center_upper52_x,lip_center_upper52_y,right_lip55_x,right_lip55_y,lip_center_lower58_x,lip_center_lower58_y,trans_x,trans_y,trans_z,rot_x,rot_y,rot_z
0,0,5.351898193359375,-7.642974853515625,4.899230957031222,9.245590209960966,1.3966407775878906,11.372268676757784,-22.98986053466797,7.889297485351591,-11.696083068847656,17.29241943359375,-2.1001129150390625,4.16668701171875,6.262725830078125,-3.493682861328125,8.48739624023436,-0.9040832519531534,2.1017379760742188,12.561664581298828,-12.906440716236828,0.07919692993164062,3.6590194702148438,-5.5564117431640625,-11.537385717034338,6.219970703125,0.022936258465051654,-0.018276371061801903,-0.018276371061801903,1.6630841001003311,20.83308959778648,0.9801988773765453
