,Unnamed: 0,left_eyebrow_18x,left_eyebrow_18y,left_eyebrow_20x,left_eyebrow_20y,left_eyebrow_22x,left_eyebrow_22y,right_eyebrow_23x,right_eyebrow_23y,right_eyebrow_25x,right_eyebrow_25y,right_eyebrow_27x,right_eyebrow_27y,left_eye38_x,left_eye38_y,right_eye45_x,right_eye45_y,left_lip49_x,left_lip49_y,lip_center_upper52_x,lip_center_upper52_y,right_lip55_x,right_lip55_y,lip_center_lower58_x,lip_center_lower58_y,trans_x,trans_y,trans_z,rot_x,rot_y,rot_z
0,0,8.931060791015653,-11.509552001953125,8.089630126953125,1.6517333984375,1.0535430908203125,5.7971038818359375,-22.155752182006836,2.5293121337890625,-6.2724227905273295,8.014450073242216,4.416000366210909,7.190597534179716,3.0605239868164062,-0.1583404541015625,6.831871032714844,1.8083038330078125,1.7347640991210795,12.289207458496094,-16.67508816719055,4.959865570068359,8.992660522460938,-13.561702728271484,-12.013573050498962,4.740051269531236,-0.011082942131906748,-0.002827923744916923,-0.002827923744916923,1.3113446267878848,32.36125786845263,0.4170861498815417
