,Unnamed: 0,left_eyebrow_18x,left_eyebrow_18y,left_eyebrow_20x,left_eyebrow_20y,left_eyebrow_22x,left_eyebrow_22y,right_eyebrow_23x,right_eyebrow_23y,right_eyebrow_25x,right_eyebrow_25y,right_eyebrow_27x,right_eyebrow_27y,left_eye38_x,left_eye38_y,right_eye45_x,right_eye45_y,left_lip49_x,left_lip49_y,lip_center_upper52_x,lip_center_upper52_y,right_lip55_x,right_lip55_y,lip_center_lower58_x,lip_center_lower58_y,trans_x,trans_y,trans_z,rot_x,rot_y,rot_z
0,0,-2.0550537109375284,3.7034454345703125,2.0469970703125,5.5843505859375,6.293739318847656,3.321624755859375,-7.20265007019043,2.55126953125,-4.179847717285142,8.256011962890625,2.820053100585966,3.886016845703125,-2.139129638671875,-1.171249389648409,2.6138992309570312,0.4207153320312784,7.828620910644531,5.554988861083984,-1.8893451690673828,1.0263175964355469,-4.077423095703125,2.1132774353027415,-1.0056874603033066,1.2470245361328125,-0.005493395496159792,-0.006632201373577118,-0.006632201373577118,-0.8301085347440786,4.850686155291657,-0.10173283761059654
