,Unnamed: 0,left_eyebrow_18x,left_eyebrow_18y,left_eyebrow_20x,left_eyebrow_20y,left_eyebrow_22x,left_eyebrow_22y,right_eyebrow_23x,right_eyebrow_23y,right_eyebrow_25x,right_eyebrow_25y,right_eyebrow_27x,right_eyebrow_27y,left_eye38_x,left_eye38_y,right_eye45_x,right_eye45_y,left_lip49_x,left_lip49_y,lip_center_upper52_x,lip_center_upper52_y,right_lip55_x,right_lip55_y,lip_center_lower58_x,lip_center_lower58_y,trans_x,trans_y,trans_z,rot_x,rot_y,rot_z
0,0,7.569091796875,-29.863189697265625,-7.5459136962890625,-7.099914550781278,-20.126300811767585,9.977951049804688,-31.481910705566406,5.13671875,-7.722122192382798,11.457641601562472,0.4114685058593466,7.5055694580078125,19.540649414062486,-4.684051513671875,10.8372802734375,2.113632202148466,38.31645965576172,11.120796203613288,-29.702860832214355,21.684680938720703,11.849838256835938,-29.510793685913082,-20.187747538089752,4.243682861328125,0.00930403918027878,-0.011063389480113983,-0.011063389480113983,2.6894085299031176,42.72794636042753,-0.45723212016587955
