,Unnamed: 0,left_eyebrow_18x,left_eyebrow_18y,left_eyebrow_20x,left_eyebrow_20y,left_eyebrow_22x,left_eyebrow_22y,right_eyebrow_23x,right_eyebrow_23y,right_eyebrow_25x,right_eyebrow_25y,right_eyebrow_27x,right_eyebrow_27y,left_eye38_x,left_eye38_y,right_eye45_x,right_eye45_y,left_lip49_x,left_lip49_y,lip_center_upper52_x,lip_center_upper52_y,right_lip55_x,right_lip55_y,lip_center_lower58_x,lip_center_lower58_y,trans_x,trans_y,trans_z,rot_x,rot_y,rot_z
0,0,-2.3056182861328125,-1.436080932617159,1.741867065429659,6.104812622070341,3.611766815185554,6.248641967773409,-4.404609680175788,10.628356933593778,-6.0013580322265625,5.5238037109375,0.4099884033202841,-3.70526123046875,1.095054626464858,-4.8901519775390625,1.4468536376953125,-3.179901123046875,1.5916595458984375,0.09591293334960938,1.024438500404358,5.16646766662598,-1.4050521850585938,1.2952194213867045,-0.42705677449703217,1.1413345336914062,-0.00039585435297340165,-0.0028499066829681466,-0.0028499066829681466,2.904070467216001,-0.2563971597322712,-0.7262949332519442
