,Unnamed: 0,left_eyebrow_18x,left_eyebrow_18y,left_eyebrow_20x,left_eyebrow_20y,left_eyebrow_22x,left_eyebrow_22y,right_eyebrow_23x,right_eyebrow_23y,right_eyebrow_25x,right_eyebrow_25y,right_eyebrow_27x,right_eyebrow_27y,left_eye38_x,left_eye38_y,right_eye45_x,right_eye45_y,left_lip49_x,left_lip49_y,lip_center_upper52_x,lip_center_upper52_y,right_lip55_x,right_lip55_y,lip_center_lower58_x,lip_center_lower58_y,trans_x,trans_y,trans_z,rot_x,rot_y,rot_z
0,0,3.411376953125,-9.400604248046847,-0.8909301757812784,1.9469604492187216,-7.847766876220703,11.7027587890625,-16.479604721069336,9.837860107421875,-9.427886962890625,10.811111450195284,0.193634033203125,2.2871246337890625,7.633323669433594,-5.912170410156222,4.089759826660142,-1.155990600585909,7.497352600097656,-2.2882957458496236,-11.448206901550293,14.461189270019531,15.110954284667969,-19.331573486328125,-9.72251754999161,1.5952682495117188,-0.005911741754971445,-0.017557501792907715,-0.017557501792907715,3.8745326026120064,24.81732722355798,-1.6993894818984931
