,Unnamed: 0,left_eyebrow_18x,left_eyebrow_18y,left_eyebrow_20x,left_eyebrow_20y,left_eyebrow_22x,left_eyebrow_22y,right_eyebrow_23x,right_eyebrow_23y,right_eyebrow_25x,right_eyebrow_25y,right_eyebrow_27x,right_eyebrow_27y,left_eye38_x,left_eye38_y,right_eye45_x,right_eye45_y,left_lip49_x,left_lip49_y,lip_center_upper52_x,lip_center_upper52_y,right_lip55_x,right_lip55_y,lip_center_lower58_x,lip_center_lower58_y,trans_x,trans_y,trans_z,rot_x,rot_y,rot_z
0,0,28.3748779296875,-32.905120849609375,1.6973037719726278,-7.750869750976534,-17.801490783691413,1.462799072265625,-36.8560209274292,1.1062469482421875,-8.814048767089844,11.450881958007812,0.9104309082031534,10.961700439453097,13.637130737304688,0.1371307373046875,10.790840148925781,4.2479095458984375,37.51929473876954,21.77105331420899,-31.02136331796646,27.28032684326172,5.066047668457031,-12.149799346923828,-22.1873619556427,3.5886154174804688,0.04363745602313429,-0.012408457696437836,-0.012408457696437836,-2.4418129857965245,40.291586257388495,5.963368180387018
