,Unnamed: 0,left_eyebrow_18x,left_eyebrow_18y,left_eyebrow_20x,left_eyebrow_20y,left_eyebrow_22x,left_eyebrow_22y,right_eyebrow_23x,right_eyebrow_23y,right_eyebrow_25x,right_eyebrow_25y,right_eyebrow_27x,right_eyebrow_27y,left_eye38_x,left_eye38_y,right_eye45_x,right_eye45_y,left_lip49_x,left_lip49_y,lip_center_upper52_x,lip_center_upper52_y,right_lip55_x,right_lip55_y,lip_center_lower58_x,lip_center_lower58_y,trans_x,trans_y,trans_z,rot_x,rot_y,rot_z
0,0,26.98118591308591,-47.45242309570307,15.942665100097628,3.629165649414091,-22.972713470458977,8.3623046875,-31.113513946533203,9.528793334960938,-5.8933868408203125,12.306472778320312,6.6951141357421875,5.529998779296903,12.968925476074219,3.381866455078125,7.1102294921875,5.1634368896484375,35.96442794799804,25.298274993896484,-47.95151221752167,28.060430526733402,-7.8443374633789205,-18.107402801513672,-17.141819402575493,6.194046020507827,0.012303510913625361,-0.0034728124737739563,-0.0034728124737739563,2.346241280326109,44.26250566718285,4.502337196039013
