,Unnamed: 0,left_eyebrow_18x,left_eyebrow_18y,left_eyebrow_20x,left_eyebrow_20y,left_eyebrow_22x,left_eyebrow_22y,right_eyebrow_23x,right_eyebrow_23y,right_eyebrow_25x,right_eyebrow_25y,right_eyebrow_27x,right_eyebrow_27y,left_eye38_x,left_eye38_y,right_eye45_x,right_eye45_y,left_lip49_x,left_lip49_y,lip_center_upper52_x,lip_center_upper52_y,right_lip55_x,right_lip55_y,lip_center_lower58_x,lip_center_lower58_y,trans_x,trans_y,trans_z,rot_x,rot_y,rot_z
0,0,27.48199462890625,-39.51136779785156,2.739875793457017,-1.2188415527344034,-23.04482650756836,14.587738037109375,-41.16473913192749,8.626953125,-8.491905212402344,11.544708251953068,7.172775268554631,4.4023590087890625,17.064224243164062,-4.2317657470703125,5.3050384521484375,0.057525634765625,54.481113433837876,26.144874572753906,-30.72311472892762,18.69432830810547,-6.1742095947265625,-13.573139190673828,-17.503609836101536,13.973297119140625,0.015236354433000088,-0.042313430458307266,-0.042313430458307266,2.6141284897865376,41.31383310437224,3.6397078165481758
