,Unnamed: 0,left_eyebrow_18x,left_eyebrow_18y,left_eyebrow_20x,left_eyebrow_20y,left_eyebrow_22x,left_eyebrow_22y,right_eyebrow_23x,right_eyebrow_23y,right_eyebrow_25x,right_eyebrow_25y,right_eyebrow_27x,right_eyebrow_27y,left_eye38_x,left_eye38_y,right_eye45_x,right_eye45_y,left_lip49_x,left_lip49_y,lip_center_upper52_x,lip_center_upper52_y,right_lip55_x,right_lip55_y,lip_center_lower58_x,lip_center_lower58_y,trans_x,trans_y,trans_z,rot_x,rot_y,rot_z
0,0,0.9618377685546875,-2.1595611572265625,4.389785766601534,10.845123291015653,1.1096458435058594,12.162017822265653,3.2515792846679688,11.36505126953125,1.333251953125,9.022735595703153,2.10888671875,-1.27081298828125,-1.4424438476562358,-2.3528289794921875,-2.0261993408202983,-2.49951171875,0.28496551513671875,-3.7584266662597656,1.107133150100708,-3.4132843017578125,-5.2556304931640625,-2.4434432983398438,2.3352718828246,-3.443756103515611,0.0035533158807083964,-0.018240123987197876,-0.018240123987197876,7.063104754488207,-4.185622202384434,-1.1679028886683591
