,Unnamed: 0,left_eyebrow_18x,left_eyebrow_18y,left_eyebrow_20x,left_eyebrow_20y,left_eyebrow_22x,left_eyebrow_22y,right_eyebrow_23x,right_eyebrow_23y,right_eyebrow_25x,right_eyebrow_25y,right_eyebrow_27x,right_eyebrow_27y,left_eye38_x,left_eye38_y,right_eye45_x,right_eye45_y,left_lip49_x,left_lip49_y,lip_center_upper52_x,lip_center_upper52_y,right_lip55_x,right_lip55_y,lip_center_lower58_x,lip_center_lower58_y,trans_x,trans_y,trans_z,rot_x,rot_y,rot_z
0,0,7.144989013671875,-9.030319213867159,4.163619995117159,8.033416748046875,-5.104747772216804,10.858474731445312,-6.028251647949226,11.436004638671875,-0.8613433837890625,13.162185668945341,4.613891601562528,2.6215057373046875,1.0377426147460938,-1.9622650146484375,5.2292861938476705,1.1629791259765625,5.1782684326171875,5.8023757934570455,-11.467885017395018,-2.8439407348632812,-0.17559814453125,-11.432464599609375,-9.492769193835557,-1.3322067260742188,0.001213372801430523,-0.021260119974613204,-0.021260119974613204,6.7907666439634395,16.754578550326585,-1.1035335785721587
