,Unnamed: 0,left_eyebrow_18x,left_eyebrow_18y,left_eyebrow_20x,left_eyebrow_20y,left_eyebrow_22x,left_eyebrow_22y,right_eyebrow_23x,right_eyebrow_23y,right_eyebrow_25x,right_eyebrow_25y,right_eyebrow_27x,right_eyebrow_27y,left_eye38_x,left_eye38_y,right_eye45_x,right_eye45_y,left_lip49_x,left_lip49_y,lip_center_upper52_x,lip_center_upper52_y,right_lip55_x,right_lip55_y,lip_center_lower58_x,lip_center_lower58_y,trans_x,trans_y,trans_z,rot_x,rot_y,rot_z
0,0,4.650405883789034,-8.9122314453125,-2.9730529785156534,3.936721801757841,-9.296131134033203,12.584548950195312,-10.607484817504883,12.655883789062528,-3.72930908203125,13.94781494140625,0.0914154052734375,2.6373138427734943,5.67669677734375,-7.60040283203125,5.68115234375,-3.967010498046875,16.670265197753906,2.900493621826172,-15.067079067230226,5.454076766967773,8.542823791503906,-15.00832748413086,-10.388230204582214,13.010017395019531,0.008504746947437525,-0.018131040036678314,-0.018131040036678314,0.022967821844076752,15.890660774543997,0.9577457453269898
