,Unnamed: 0,left_eyebrow_18x,left_eyebrow_18y,left_eyebrow_20x,left_eyebrow_20y,left_eyebrow_22x,left_eyebrow_22y,right_eyebrow_23x,right_eyebrow_23y,right_eyebrow_25x,right_eyebrow_25y,right_eyebrow_27x,right_eyebrow_27y,left_eye38_x,left_eye38_y,right_eye45_x,right_eye45_y,left_lip49_x,left_lip49_y,lip_center_upper52_x,lip_center_upper52_y,right_lip55_x,right_lip55_y,lip_center_lower58_x,lip_center_lower58_y,trans_x,trans_y,trans_z,rot_x,rot_y,rot_z
0,0,-1.113006591796875,-5.29559326171875,8.730499267578125,9.367752075195312,7.817533493041989,16.39373779296875,-7.294223785400391,18.111907958984347,-9.942520141601562,9.876434326171847,-1.2788848876953693,-9.495437622070312,3.24713134765625,-8.312026977539034,-1.18115234375,-5.603775024414091,0.7602233886718608,1.7197456359863352,-0.02147507667541504,2.5858306884765625,-2.0892257690429688,4.785366058349609,0.07390934228897084,8.35756683349608,-0.002478938549757004,-0.018295191228389754,-0.018295191228389754,7.445040523872188,1.1437987254558326,-0.02456102459793419
