,Unnamed: 0,left_eyebrow_18x,left_eyebrow_18y,left_eyebrow_20x,left_eyebrow_20y,left_eyebrow_22x,left_eyebrow_22y,right_eyebrow_23x,right_eyebrow_23y,right_eyebrow_25x,right_eyebrow_25y,right_eyebrow_27x,right_eyebrow_27y,left_eye38_x,left_eye38_y,right_eye45_x,right_eye45_y,left_lip49_x,left_lip49_y,lip_center_upper52_x,lip_center_upper52_y,right_lip55_x,right_lip55_y,lip_center_lower58_x,lip_center_lower58_y,trans_x,trans_y,trans_z,rot_x,rot_y,rot_z
0,0,31.169357299804716,-19.1307373046875,-1.5681457519531392,2.875885009765625,-24.125244140625007,4.493255615234375,-39.264841079711914,1.7271423339843466,-6.616889953613281,21.929885864257784,7.9246826171875,16.87608337402341,15.104202270507798,-5.160903930664034,5.355094909667969,-0.5313568115234375,35.88175964355469,18.007308959960938,-26.301331639289856,6.6440467834472585,13.315559387207045,-18.378997802734375,-24.457562923431396,-0.9237823486328125,0.025498717557638884,-0.037231557071208954,-0.037231557071208954,-4.963544727596497,38.14882165092472,3.8316849720983024
