,Unnamed: 0,left_eyebrow_18x,left_eyebrow_18y,left_eyebrow_20x,left_eyebrow_20y,left_eyebrow_22x,left_eyebrow_22y,right_eyebrow_23x,right_eyebrow_23y,right_eyebrow_25x,right_eyebrow_25y,right_eyebrow_27x,right_eyebrow_27y,left_eye38_x,left_eye38_y,right_eye45_x,right_eye45_y,left_lip49_x,left_lip49_y,lip_center_upper52_x,lip_center_upper52_y,right_lip55_x,right_lip55_y,lip_center_lower58_x,lip_center_lower58_y,trans_x,trans_y,trans_z,rot_x,rot_y,rot_z
0,0,13.964126586914062,-9.75408935546875,-1.4480056762695455,1.4720001220703125,-10.730186462402337,3.258392333984375,-17.92217445373535,4.61419677734375,-6.510261535644531,7.8527069091796875,1.8349304199218466,9.045059204101562,8.252639770507812,-8.682235717773409,2.570129394531236,-5.4573516845703125,4.907188415527344,12.257026672363281,-18.695672750473022,2.1227073669433594,4.843811035156236,-4.979145050048835,-13.33796441555023,4.275726318359375,-0.0009343177080154419,-0.017589014023542404,-0.017589014023542404,0.9745936466000362,22.436518631691413,-1.3198659087860616
