,Unnamed: 0,left_eyebrow_18x,left_eyebrow_18y,left_eyebrow_20x,left_eyebrow_20y,left_eyebrow_22x,left_eyebrow_22y,right_eyebrow_23x,right_eyebrow_23y,right_eyebrow_25x,right_eyebrow_25y,right_eyebrow_27x,right_eyebrow_27y,left_eye38_x,left_eye38_y,right_eye45_x,right_eye45_y,left_lip49_x,left_lip49_y,lip_center_upper52_x,lip_center_upper52_y,right_lip55_x,right_lip55_y,lip_center_lower58_x,lip_center_lower58_y,trans_x,trans_y,trans_z,rot_x,rot_y,rot_z
0,0,17.591583251953125,-22.16058349609375,2.149658203125,-1.6978454589843466,-14.285663604736328,5.9817047119140625,-18.10785675048828,5.499649047851534,-3.3606491088867188,13.693008422851562,7.031951904296903,4.411117553710909,9.238105773925781,2.95721435546875,1.9377212524414062,1.8182373046875,12.832695007324219,18.86530303955078,-38.82458567619324,11.015182495117188,6.604347229003906,-14.528995513916016,-21.87787413597107,5.045669555664077,0.021136621944606308,-0.03487580269575118,-0.03487580269575118,-3.290561415078478,38.85121425605653,1.0974615619125077
