,Unnamed: 0,left_eyebrow_18x,left_eyebrow_18y,left_eyebrow_20x,left_eyebrow_20y,left_eyebrow_22x,left_eyebrow_22y,right_eyebrow_23x,right_eyebrow_23y,right_eyebrow_25x,right_eyebrow_25y,right_eyebrow_27x,right_eyebrow_27y,left_eye38_x,left_eye38_y,right_eye45_x,right_eye45_y,left_lip49_x,left_lip49_y,lip_center_upper52_x,lip_center_upper52_y,right_lip55_x,right_lip55_y,lip_center_lower58_x,lip_center_lower58_y,trans_x,trans_y,trans_z,rot_x,rot_y,rot_z
0,0,-0.11299133300778408,1.4554138183594034,-0.9750366210937642,6.454254150390625,0.010345458984382105,4.753128051757784,0.09171295166015625,4.051177978515625,-0.04520416259765625,4.90911865234375,-0.06242370605471592,4.011138916015625,2.0317230224609233,-6.624588012695284,-1.8211288452148438,-7.2095184326171875,0.3911743164062358,1.509674072265632,-1.0870583057403564,0.5606460571289134,-1.7619400024414205,2.8095703125,-2.952959656715393,4.009635925292969,-0.0012987367808818817,-0.007885791361331933,-0.007885791361331933,2.2936817641802385,0.09646364887603198,-0.792992392928478
