,Unnamed: 0,left_eyebrow_18x,left_eyebrow_18y,left_eyebrow_20x,left_eyebrow_20y,left_eyebrow_22x,left_eyebrow_22y,right_eyebrow_23x,right_eyebrow_23y,right_eyebrow_25x,right_eyebrow_25y,right_eyebrow_27x,right_eyebrow_27y,left_eye38_x,left_eye38_y,right_eye45_x,right_eye45_y,left_lip49_x,left_lip49_y,lip_center_upper52_x,lip_center_upper52_y,right_lip55_x,right_lip55_y,lip_center_lower58_x,lip_center_lower58_y,trans_x,trans_y,trans_z,rot_x,rot_y,rot_z
0,0,2.251937866210966,-2.072845458984375,5.469688415527344,-0.981842041015625,5.7920989990234375,2.1572570800781534,-14.892683029174801,2.0557403564453125,-4.465782165527315,8.1541748046875,4.225448608398466,7.654083251953125,-0.276092529296875,-2.3139190673828125,3.4696273803710795,-2.2880859375,5.287521362304702,12.700447082519531,-11.935449361801147,-0.3445014953613317,-2.749504089355483,-3.7257537841796875,-9.514610886573792,1.7800827026367188,0.0037330889608711013,-0.008817981928586967,-0.008817981928586967,-1.8893129133149302,18.318473497013557,0.21982332740936528
