,Unnamed: 0,left_eyebrow_18x,left_eyebrow_18y,left_eyebrow_20x,left_eyebrow_20y,left_eyebrow_22x,left_eyebrow_22y,right_eyebrow_23x,right_eyebrow_23y,right_eyebrow_25x,right_eyebrow_25y,right_eyebrow_27x,right_eyebrow_27y,left_eye38_x,left_eye38_y,right_eye45_x,right_eye45_y,left_lip49_x,left_lip49_y,lip_center_upper52_x,lip_center_upper52_y,right_lip55_x,right_lip55_y,lip_center_lower58_x,lip_center_lower58_y,trans_x,trans_y,trans_z,rot_x,rot_y,rot_z
0,0,28.006179809570312,-22.12059020996091,4.981842041015625,5.2505340576171875,-14.399101257324205,9.390228271484403,-30.428359031677246,10.84442138671875,-6.991706848144531,20.227645874023438,10.751190185546847,8.381698608398438,10.527008056640625,-0.9650573730469034,4.0395965576171875,3.3451843261719034,36.869346618652344,17.897869110107422,-42.21197234094143,-0.6227760314941406,1.5089263916015625,-7.758060455322273,-17.080402612686157,3.4076766967773438,0.015461461152881384,-0.037188705056905746,-0.037188705056905746,-0.4043006971879204,41.321492148776876,2.668106630657357
