,Unnamed: 0,left_eyebrow_18x,left_eyebrow_18y,left_eyebrow_20x,left_eyebrow_20y,left_eyebrow_22x,left_eyebrow_22y,right_eyebrow_23x,right_eyebrow_23y,right_eyebrow_25x,right_eyebrow_25y,right_eyebrow_27x,right_eyebrow_27y,left_eye38_x,left_eye38_y,right_eye45_x,right_eye45_y,left_lip49_x,left_lip49_y,lip_center_upper52_x,lip_center_upper52_y,right_lip55_x,right_lip55_y,lip_center_lower58_x,lip_center_lower58_y,trans_x,trans_y,trans_z,rot_x,rot_y,rot_z
0,0,15.100814819335938,-31.292449951171847,15.797096252441406,21.409423828125,-6.8430633544921875,34.54486083984378,-36.522747993469245,31.902297973632812,-13.70980834960936,33.3355407714844,11.076782226562472,-0.21318054199221592,7.9400177001953125,-10.308792114257812,8.208572387695298,-6.9232330322265625,19.705299377441406,24.44603729248047,-49.33404326438904,14.292612075805664,-13.09285736083983,-8.313228607177727,-28.189351320266724,30.41468048095703,0.005579540506005286,-0.042108774185180664,-0.042108774185180664,12.254786463030142,48.19175389098535,2.4665375880547584
