,Unnamed: 0,left_eyebrow_18x,left_eyebrow_18y,left_eyebrow_20x,left_eyebrow_20y,left_eyebrow_22x,left_eyebrow_22y,right_eyebrow_23x,right_eyebrow_23y,right_eyebrow_25x,right_eyebrow_25y,right_eyebrow_27x,right_eyebrow_27y,left_eye38_x,left_eye38_y,right_eye45_x,right_eye45_y,left_lip49_x,left_lip49_y,lip_center_upper52_x,lip_center_upper52_y,right_lip55_x,right_lip55_y,lip_center_lower58_x,lip_center_lower58_y,trans_x,trans_y,trans_z,rot_x,rot_y,rot_z
0,0,-4.0105743408203125,-4.627838134765653,7.139984130859375,5.534744262695341,10.812812805175781,15.761779785156278,-11.521736145019531,17.555130004882784,-6.609321594238281,10.122207641601562,8.13909912109375,-3.2087860107421875,-4.9120941162109375,-8.118133544921875,-2.3432464599609375,-8.22186279296875,8.454643249511719,-1.2707786560058594,5.267929792404175,-11.485509872436523,-14.306663513183594,-8.209075927734375,7.858487486839294,25.82102203369142,0.01124269189313054,-0.009110689163208008,-0.009110689163208008,8.30313752138311,-11.102939641627465,-2.1461807447288264
