,Unnamed: 0,left_eyebrow_18x,left_eyebrow_18y,left_eyebrow_20x,left_eyebrow_20y,left_eyebrow_22x,left_eyebrow_22y,right_eyebrow_23x,right_eyebrow_23y,right_eyebrow_25x,right_eyebrow_25y,right_eyebrow_27x,right_eyebrow_27y,left_eye38_x,left_eye38_y,right_eye45_x,right_eye45_y,left_lip49_x,left_lip49_y,lip_center_upper52_x,lip_center_upper52_y,right_lip55_x,right_lip55_y,lip_center_lower58_x,lip_center_lower58_y,trans_x,trans_y,trans_z,rot_x,rot_y,rot_z
0,0,-5.39190673828125,-11.058868408203097,20.50511932373047,28.159255981445312,28.199726104736328,37.36677551269531,-22.930547714233402,30.527206420898438,-15.317512512207045,25.191314697265597,5.600341796875,-10.399703979492216,-3.6192550659179688,-8.0335693359375,-0.5888137817382812,-8.993606567382841,11.101982116699219,5.6928558349609375,-5.01940393447876,1.8362789154052734,-12.591499328613281,6.207496643066413,-4.044956922531128,25.119041442871094,0.002452983520925044,-0.020042456686496735,-0.020042456686496735,15.84335348214434,-2.7225915082817513,0.000754291852417377
