,Unnamed: 0,left_eyebrow_18x,left_eyebrow_18y,left_eyebrow_20x,left_eyebrow_20y,left_eyebrow_22x,left_eyebrow_22y,right_eyebrow_23x,right_eyebrow_23y,right_eyebrow_25x,right_eyebrow_25y,right_eyebrow_27x,right_eyebrow_27y,left_eye38_x,left_eye38_y,right_eye45_x,right_eye45_y,left_lip49_x,left_lip49_y,lip_center_upper52_x,lip_center_upper52_y,right_lip55_x,right_lip55_y,lip_center_lower58_x,lip_center_lower58_y,trans_x,trans_y,trans_z,rot_x,rot_y,rot_z
0,0,-0.4068145751953125,-17.247238159179688,17.600357055664062,24.28260803222659,18.561185836791992,36.60694885253906,-29.954675674438484,31.292755126953125,-16.089759826660156,28.357330322265597,9.063888549804688,-5.539001464843778,-0.5901718139648438,-9.725631713867188,3.926918029785142,-7.8596343994140625,14.5478515625,15.33529663085939,-23.912137746810917,3.807968139648441,-11.9202880859375,-1.8302955627441264,-20.289849519729614,28.450782775878892,-0.011902934405952692,-0.04680418968200682,-0.04680418968200682,12.875170844656639,31.535402464503548,0.23485692524145407
