,Unnamed: 0,left_eyebrow_18x,left_eyebrow_18y,left_eyebrow_20x,left_eyebrow_20y,left_eyebrow_22x,left_eyebrow_22y,right_eyebrow_23x,right_eyebrow_23y,right_eyebrow_25x,right_eyebrow_25y,right_eyebrow_27x,right_eyebrow_27y,left_eye38_x,left_eye38_y,right_eye45_x,right_eye45_y,left_lip49_x,left_lip49_y,lip_center_upper52_x,lip_center_upper52_y,right_lip55_x,right_lip55_y,lip_center_lower58_x,lip_center_lower58_y,trans_x,trans_y,trans_z,rot_x,rot_y,rot_z
0,0,1.966796875,-12.563735961914091,2.1416168212890625,0.07174682617184658,0.3635597229003906,15.5074462890625,-22.163475036621094,19.533767700195312,-9.253898620605469,14.390884399414034,8.582382202148409,0.6099700927734659,2.5392379760742188,-8.891296386718722,4.938385009765625,-6.5535888671875,15.815185546875,8.823596954345703,-9.499851465225218,-8.727487564086918,-6.4600982666015625,-15.791858673095703,-2.8508445024490365,24.963195800781264,0.0002846717834472656,-0.03572395071387291,-0.03572395071387291,6.7467866078487315,20.927746768397974,-2.0265692667225657
