,Unnamed: 0,left_eyebrow_18x,left_eyebrow_18y,left_eyebrow_20x,left_eyebrow_20y,left_eyebrow_22x,left_eyebrow_22y,right_eyebrow_23x,right_eyebrow_23y,right_eyebrow_25x,right_eyebrow_25y,right_eyebrow_27x,right_eyebrow_27y,left_eye38_x,left_eye38_y,right_eye45_x,right_eye45_y,left_lip49_x,left_lip49_y,lip_center_upper52_x,lip_center_upper52_y,right_lip55_x,right_lip55_y,lip_center_lower58_x,lip_center_lower58_y,trans_x,trans_y,trans_z,rot_x,rot_y,rot_z
0,0,13.911788940429688,-8.41461181640625,-5.726837158203111,-2.4055786132812784,-15.1739501953125,-3.4991607666015625,-8.778154373168942,0.31390380859375,-0.33130645751954546,10.744934082031222,0.716796875,8.057937622070284,-1.3262176513671875,2.0090179443359375,3.8450775146484375,1.607086181640625,9.941169738769531,18.07242202758789,-19.17579936981201,-2.5465049743652344,5.279563903808594,-6.766544342041016,-12.582609713077545,-1.7134017944335795,0.0034686024300754066,-0.01642276719212532,-0.01642276719212532,-1.9349368071804425,25.534750443370612,-1.6502137597003192
