,Unnamed: 0,left_eyebrow_18x,left_eyebrow_18y,left_eyebrow_20x,left_eyebrow_20y,left_eyebrow_22x,left_eyebrow_22y,right_eyebrow_23x,right_eyebrow_23y,right_eyebrow_25x,right_eyebrow_25y,right_eyebrow_27x,right_eyebrow_27y,left_eye38_x,left_eye38_y,right_eye45_x,right_eye45_y,left_lip49_x,left_lip49_y,lip_center_upper52_x,lip_center_upper52_y,right_lip55_x,right_lip55_y,lip_center_lower58_x,lip_center_lower58_y,trans_x,trans_y,trans_z,rot_x,rot_y,rot_z
0,0,19.7159423828125,-22.22430419921878,8.145561218261719,3.5246582031250284,-15.30320739746093,17.23881530761716,-38.0652470588684,16.830108642578125,-12.04622650146483,20.800689697265625,2.5376586914062784,7.52081298828125,15.516593933105469,-2.2423095703125284,17.68682861328125,5.659622192382784,22.89456939697267,28.06665802001953,-43.1465482711792,8.08016395568848,1.0302124023437358,-13.79156494140625,-27.697076320648193,19.063186645507812,0.0036590448580682286,0.0030116289854049683,0.0030116289854049683,6.2349757354037,53.17025159555254,3.197097436011105
