,Unnamed: 0,left_eyebrow_18x,left_eyebrow_18y,left_eyebrow_20x,left_eyebrow_20y,left_eyebrow_22x,left_eyebrow_22y,right_eyebrow_23x,right_eyebrow_23y,right_eyebrow_25x,right_eyebrow_25y,right_eyebrow_27x,right_eyebrow_27y,left_eye38_x,left_eye38_y,right_eye45_x,right_eye45_y,left_lip49_x,left_lip49_y,lip_center_upper52_x,lip_center_upper52_y,right_lip55_x,right_lip55_y,lip_center_lower58_x,lip_center_lower58_y,trans_x,trans_y,trans_z,rot_x,rot_y,rot_z
0,0,-4.406661987304716,4.302520751953125,0.8543167114257812,2.6772308349609375,7.4106407165527415,3.0536651611328125,-7.645709991455071,4.082199096679659,-1.3478393554687358,5.13323974609375,3.584609985351591,3.681411743164091,1.6133422851562642,-7.19927978515625,0.02379608154295454,-5.345916748046903,7.959976196289048,1.5180740356445312,-2.7816962003707886,-2.1339187622070312,-3.9247665405273438,0.3634757995605469,-0.8688164949417114,-2.5690765380859375,-0.0059670115588232875,0.00018860772252082825,0.00018860772252082825,2.2664422054279023,4.310222297339864,-1.194573741785708
