,Unnamed: 0,left_eyebrow_18x,left_eyebrow_18y,left_eyebrow_20x,left_eyebrow_20y,left_eyebrow_22x,left_eyebrow_22y,right_eyebrow_23x,right_eyebrow_23y,right_eyebrow_25x,right_eyebrow_25y,right_eyebrow_27x,right_eyebrow_27y,left_eye38_x,left_eye38_y,right_eye45_x,right_eye45_y,left_lip49_x,left_lip49_y,lip_center_upper52_x,lip_center_upper52_y,right_lip55_x,right_lip55_y,lip_center_lower58_x,lip_center_lower58_y,trans_x,trans_y,trans_z,rot_x,rot_y,rot_z
0,0,19.563034057617188,-16.61799621582034,-11.054885864257812,-5.333587646484375,-21.484821319580078,3.3026428222655966,-30.447324752807617,-1.6412963867187216,-7.095672607421903,12.55859375,8.66925048828125,14.658355712890597,18.188507080078125,3.9469451904296875,6.5648040771484375,0.4749603271484375,23.835319519042955,33.6340789794922,-36.02990460395813,-0.3958854675292969,2.3593521118164062,-19.859092712402344,-25.495921134948734,3.5860061645507812,0.03056219732388854,0.00028712302446365356,0.00028712302446365356,-12.198689925973564,39.030486059596065,-1.034124299159335
