,Unnamed: 0,left_eyebrow_18x,left_eyebrow_18y,left_eyebrow_20x,left_eyebrow_20y,left_eyebrow_22x,left_eyebrow_22y,right_eyebrow_23x,right_eyebrow_23y,right_eyebrow_25x,right_eyebrow_25y,right_eyebrow_27x,right_eyebrow_27y,left_eye38_x,left_eye38_y,right_eye45_x,right_eye45_y,left_lip49_x,left_lip49_y,lip_center_upper52_x,lip_center_upper52_y,right_lip55_x,right_lip55_y,lip_center_lower58_x,lip_center_lower58_y,trans_x,trans_y,trans_z,rot_x,rot_y,rot_z
0,0,10.329086303710938,-8.165252685546903,-2.328033447265625,10.051742553710966,-10.90239334106446,12.225311279296875,-10.380331039428711,11.880050659179688,-1.9084320068359375,18.28118896484375,3.2002105712890625,6.2295074462890625,6.2465057373046875,-3.8910675048828125,5.500579833984375,-4.5708770751953125,12.195755004882798,12.978622436523438,-16.720664501190186,-20.277730941772464,-0.5964813232421875,-4.99847793579103,-16.91187572479248,36.95280456542969,-0.01114550232887268,-0.028141751885414117,-0.028141751885414117,-0.6297279910437608,31.935497482553338,0.17999864014063582
