,Unnamed: 0,left_eyebrow_18x,left_eyebrow_18y,left_eyebrow_20x,left_eyebrow_20y,left_eyebrow_22x,left_eyebrow_22y,right_eyebrow_23x,right_eyebrow_23y,right_eyebrow_25x,right_eyebrow_25y,right_eyebrow_27x,right_eyebrow_27y,left_eye38_x,left_eye38_y,right_eye45_x,right_eye45_y,left_lip49_x,left_lip49_y,lip_center_upper52_x,lip_center_upper52_y,right_lip55_x,right_lip55_y,lip_center_lower58_x,lip_center_lower58_y,trans_x,trans_y,trans_z,rot_x,rot_y,rot_z
0,0,7.274887084960909,-12.774200439453125,1.6727294921875,-1.211776733398409,-4.079383850097649,6.287628173828125,-17.086277008056634,8.128372192382784,-3.654937744140625,10.540557861328125,4.821945190429716,3.995651245117216,5.204566955566406,-5.5287322998046875,3.0418167114257812,-3.7064666748046875,6.571273803710909,14.471038818359375,-16.323419094085693,0.59429931640625,6.055442810058594,-11.791000366210938,-11.10364019870758,2.2033843994140625,0.0014038380468264222,-0.003230605274438858,-0.003230605274438858,1.9910986855099264,29.338176207667694,0.8521000418194007
