,Unnamed: 0,left_eyebrow_18x,left_eyebrow_18y,left_eyebrow_20x,left_eyebrow_20y,left_eyebrow_22x,left_eyebrow_22y,right_eyebrow_23x,right_eyebrow_23y,right_eyebrow_25x,right_eyebrow_25y,right_eyebrow_27x,right_eyebrow_27y,left_eye38_x,left_eye38_y,right_eye45_x,right_eye45_y,left_lip49_x,left_lip49_y,lip_center_upper52_x,lip_center_upper52_y,right_lip55_x,right_lip55_y,lip_center_lower58_x,lip_center_lower58_y,trans_x,trans_y,trans_z,rot_x,rot_y,rot_z
0,0,1.414947509765625,1.0862579345703125,0.5570831298828409,3.0789184570312784,-1.6812591552734375,-2.358688354492216,-0.21925735473632102,-3.2268676757812216,0.0794525146484375,2.9044494628905966,-0.682830810546875,2.627548217773409,-0.711174011230483,3.2358551025390625,1.6080856323242188,3.825637817382841,2.6294021606445312,5.996509552001953,-1.6318855285644527,-6.781946182250973,-1.9342956542968608,5.3682403564453125,-0.14759981632232666,-8.872276306152344,-0.00037577375769615173,0.0036448612809181144,0.0036448612809181144,-2.2945321232220883,0.5490355253125179,1.1613683898064862
