,Unnamed: 0,left_eyebrow_18x,left_eyebrow_18y,left_eyebrow_20x,left_eyebrow_20y,left_eyebrow_22x,left_eyebrow_22y,right_eyebrow_23x,right_eyebrow_23y,right_eyebrow_25x,right_eyebrow_25y,right_eyebrow_27x,right_eyebrow_27y,left_eye38_x,left_eye38_y,right_eye45_x,right_eye45_y,left_lip49_x,left_lip49_y,lip_center_upper52_x,lip_center_upper52_y,right_lip55_x,right_lip55_y,lip_center_lower58_x,lip_center_lower58_y,trans_x,trans_y,trans_z,rot_x,rot_y,rot_z
0,0,8.913421630859375,-8.305969238281278,2.1290130615234375,5.9332733154296875,-4.938667297363288,9.24908447265625,-10.82586669921875,5.049224853515597,-7.6980438232421875,14.1051025390625,-3.1801452636718466,4.744720458984375,3.4919586181640625,-4.961395263671847,1.8319320678710938,-4.29541015625,1.9464263916015483,13.855476379394531,-9.778365135192871,6.985313415527344,17.1455078125,-3.6938056945800923,-10.99938154220581,5.653541564941406,0.005037657450884581,-0.02393671125173568,-0.02393671125173568,2.278700454782056,16.817683020986713,1.421714341255109
