,Unnamed: 0,left_eyebrow_18x,left_eyebrow_18y,left_eyebrow_20x,left_eyebrow_20y,left_eyebrow_22x,left_eyebrow_22y,right_eyebrow_23x,right_eyebrow_23y,right_eyebrow_25x,right_eyebrow_25y,right_eyebrow_27x,right_eyebrow_27y,left_eye38_x,left_eye38_y,right_eye45_x,right_eye45_y,left_lip49_x,left_lip49_y,lip_center_upper52_x,lip_center_upper52_y,right_lip55_x,right_lip55_y,lip_center_lower58_x,lip_center_lower58_y,trans_x,trans_y,trans_z,rot_x,rot_y,rot_z
0,0,-3.330078125,-0.005187988281278422,4.0095062255859375,13.872909545898438,9.503574371337898,13.203598022460938,-9.732128143310533,17.637054443359375,-9.62334442138669,15.241653442382784,-0.4761810302734091,-2.661941528320284,-1.3323898315429688,1.445175170898409,-0.14713287353515625,1.992095947265625,0.09695434570313921,8.600223541259766,-1.6370148658752441,-8.594465255737301,-2.933250427246108,14.387962341308594,-2.031484127044678,23.26085662841797,0.01666034432128072,-0.010572820901870728,-0.010572820901870728,3.3553060822382568,-17.822889159101138,0.7231522648538089
