,Unnamed: 0,left_eyebrow_18x,left_eyebrow_18y,left_eyebrow_20x,left_eyebrow_20y,left_eyebrow_22x,left_eyebrow_22y,right_eyebrow_23x,right_eyebrow_23y,right_eyebrow_25x,right_eyebrow_25y,right_eyebrow_27x,right_eyebrow_27y,left_eye38_x,left_eye38_y,right_eye45_x,right_eye45_y,left_lip49_x,left_lip49_y,lip_center_upper52_x,lip_center_upper52_y,right_lip55_x,right_lip55_y,lip_center_lower58_x,lip_center_lower58_y,trans_x,trans_y,trans_z,rot_x,rot_y,rot_z
0,0,10.009216308593778,-21.132080078125,-3.3060302734375284,10.786636352539091,-19.87618637084961,21.40260314941409,-20.620348930358887,13.390975952148438,-1.411781311035142,18.889373779296875,3.1216583251953125,6.764892578125,13.648513793945312,-2.1931915283203125,3.1262130737304545,-3.1620330810546875,21.484863281249986,15.643875122070327,-27.96433627605438,8.413248062133793,7.817314147949219,-14.657577514648438,-22.107470154762265,4.739387512207031,0.013774324441328645,-0.0011250860989093711,-0.0011250860989093711,0.3786229736921878,32.10047300020651,6.655707309885928
