,Unnamed: 0,left_eyebrow_18x,left_eyebrow_18y,left_eyebrow_20x,left_eyebrow_20y,left_eyebrow_22x,left_eyebrow_22y,right_eyebrow_23x,right_eyebrow_23y,right_eyebrow_25x,right_eyebrow_25y,right_eyebrow_27x,right_eyebrow_27y,left_eye38_x,left_eye38_y,right_eye45_x,right_eye45_y,left_lip49_x,left_lip49_y,lip_center_upper52_x,lip_center_upper52_y,right_lip55_x,right_lip55_y,lip_center_lower58_x,lip_center_lower58_y,trans_x,trans_y,trans_z,rot_x,rot_y,rot_z
0,0,30.971328735351562,-38.93025207519531,-3.7050933837890625,-7.805145263671847,-30.609344482421868,-4.131042480468778,-28.170466423034668,-2.1510467529296875,-0.7129211425781392,11.263565063476591,6.587173461914091,11.894439697265625,11.121055603027344,8.1685791015625,-1.6430206298827983,5.7550048828125,54.58528137207031,19.883098602294922,-38.31521487236023,24.34914970397949,11.213127136230483,-21.011226654052734,-13.482438087463375,13.187583923339844,0.03004461620002985,0.0017566382884979248,0.0017566382884979248,0.8968638171069914,37.13118078337123,4.489878431548411
