,Unnamed: 0,left_eyebrow_18x,left_eyebrow_18y,left_eyebrow_20x,left_eyebrow_20y,left_eyebrow_22x,left_eyebrow_22y,right_eyebrow_23x,right_eyebrow_23y,right_eyebrow_25x,right_eyebrow_25y,right_eyebrow_27x,right_eyebrow_27y,left_eye38_x,left_eye38_y,right_eye45_x,right_eye45_y,left_lip49_x,left_lip49_y,lip_center_upper52_x,lip_center_upper52_y,right_lip55_x,right_lip55_y,lip_center_lower58_x,lip_center_lower58_y,trans_x,trans_y,trans_z,rot_x,rot_y,rot_z
0,0,8.840545654296875,-4.86077880859375,3.3006668090820312,0.6155242919921875,-6.205654144287109,-1.322418212890625,-11.194341659545898,-0.5334167480469034,1.3157806396484375,9.122421264648409,2.1309356689453125,9.5504150390625,9.147262573242173,-4.7627716064453125,2.8717422485351562,-4.943679809570284,0.11980438232421875,10.533435821533203,-18.914360761642456,4.822032928466797,8.153007507324219,-9.18912124633789,-15.956433534622192,5.8802337646484375,-0.002521452493965624,-0.03684976324439049,-0.03684976324439049,1.073327011946947,32.68789223107537,0.922624410330952
