,Unnamed: 0,left_eyebrow_18x,left_eyebrow_18y,left_eyebrow_20x,left_eyebrow_20y,left_eyebrow_22x,left_eyebrow_22y,right_eyebrow_23x,right_eyebrow_23y,right_eyebrow_25x,right_eyebrow_25y,right_eyebrow_27x,right_eyebrow_27y,left_eye38_x,left_eye38_y,right_eye45_x,right_eye45_y,left_lip49_x,left_lip49_y,lip_center_upper52_x,lip_center_upper52_y,right_lip55_x,right_lip55_y,lip_center_lower58_x,lip_center_lower58_y,trans_x,trans_y,trans_z,rot_x,rot_y,rot_z
0,0,32.86317443847656,-28.743392944335938,2.0356292724609375,-17.645965576171875,-26.712432861328125,-7.2209320068359375,-16.321529388427734,-3.967681884765625,-4.000808715820327,4.004043579101534,0.20904541015627842,2.0372772216796875,8.304664611816392,13.455123901367188,5.3565521240234375,13.875259399414091,6.6336669921875,12.633155822753906,-41.76849532127381,6.868934631347656,15.819656372070312,-20.413314819335938,-28.409383058547974,6.771408081054702,0.011465863324701788,-0.02740955725312233,-0.02740955725312233,0.4392138371383072,50.36430848198656,3.362091250329809
