,Unnamed: 0,left_eyebrow_18x,left_eyebrow_18y,left_eyebrow_20x,left_eyebrow_20y,left_eyebrow_22x,left_eyebrow_22y,right_eyebrow_23x,right_eyebrow_23y,right_eyebrow_25x,right_eyebrow_25y,right_eyebrow_27x,right_eyebrow_27y,left_eye38_x,left_eye38_y,right_eye45_x,right_eye45_y,left_lip49_x,left_lip49_y,lip_center_upper52_x,lip_center_upper52_y,right_lip55_x,right_lip55_y,lip_center_lower58_x,lip_center_lower58_y,trans_x,trans_y,trans_z,rot_x,rot_y,rot_z
0,0,36.323089599609375,-28.106201171875,-2.3141479492187216,6.162979125976591,-30.402057647705078,12.512649536132841,-35.64907264709473,10.643875122070312,-20.8497314453125,18.19569396972659,5.468658447265653,-0.8871002197265057,25.334152221679688,1.0342559814453125,-1.09271240234375,-0.46215820312494316,26.010978698730483,16.543155670166016,-46.89863109588624,20.360506057739258,13.163818359375,-17.531558990478523,-28.932267884723842,16.192237854003906,0.03018224472180009,-0.04833519086241722,-0.04833519086241722,2.132862285089006,43.259356642422006,-1.505851669907025
