,Unnamed: 0,left_eyebrow_18x,left_eyebrow_18y,left_eyebrow_20x,left_eyebrow_20y,left_eyebrow_22x,left_eyebrow_22y,right_eyebrow_23x,right_eyebrow_23y,right_eyebrow_25x,right_eyebrow_25y,right_eyebrow_27x,right_eyebrow_27y,left_eye38_x,left_eye38_y,right_eye45_x,right_eye45_y,left_lip49_x,left_lip49_y,lip_center_upper52_x,lip_center_upper52_y,right_lip55_x,right_lip55_y,lip_center_lower58_x,lip_center_lower58_y,trans_x,trans_y,trans_z,rot_x,rot_y,rot_z
0,0,-3.338836669921875,-1.7090911865234375,4.4608001708984375,-1.363906860351591,7.0838356018066335,2.8771209716796875,-5.130260467529297,4.171661376953097,-2.527313232421932,1.146835327148466,-0.11222839355465908,-3.075836181640625,-1.8171539306640625,0.5374755859375,-2.1825637817382812,-1.259613037109375,6.655265808105469,-3.1914329528808523,2.8458189964294425,6.369670867919929,0.16608428955079546,2.0451431274414062,6.696200847625731,-7.3431396484375,0.00023761531338095752,-0.010936047881841666,-0.010936047881841666,2.250567869066167,-3.0643246212358504,-0.9086692756954291
