,Unnamed: 0,left_eyebrow_18x,left_eyebrow_18y,left_eyebrow_20x,left_eyebrow_20y,left_eyebrow_22x,left_eyebrow_22y,right_eyebrow_23x,right_eyebrow_23y,right_eyebrow_25x,right_eyebrow_25y,right_eyebrow_27x,right_eyebrow_27y,left_eye38_x,left_eye38_y,right_eye45_x,right_eye45_y,left_lip49_x,left_lip49_y,lip_center_upper52_x,lip_center_upper52_y,right_lip55_x,right_lip55_y,lip_center_lower58_x,lip_center_lower58_y,trans_x,trans_y,trans_z,rot_x,rot_y,rot_z
0,0,-5.115081787109375,9.729782104492159,-7.4722137451171875,-5.219757080078125,8.481204986572266,-9.909317016601591,-8.97884750366211,-7.1931304931640625,-0.11989593505860796,-1.7970581054687784,1.9297180175781534,9.2626953125,0.40090179443359375,-1.7142333984375,1.3404388427734375,-2.0713958740234375,4.079505920410156,0.876678466796875,-1.5470466613769531,-1.9551467895507777,-7.256385803222656,-2.1500473022461044,-6.119976043701168,-8.755088806152344,0.013500705361366272,-0.0012418851256370544,-0.0012418851256370544,-4.983262300221423,-1.1972271138048,-0.9537738701199687
