,Unnamed: 0,left_eyebrow_18x,left_eyebrow_18y,left_eyebrow_20x,left_eyebrow_20y,left_eyebrow_22x,left_eyebrow_22y,right_eyebrow_23x,right_eyebrow_23y,right_eyebrow_25x,right_eyebrow_25y,right_eyebrow_27x,right_eyebrow_27y,left_eye38_x,left_eye38_y,right_eye45_x,right_eye45_y,left_lip49_x,left_lip49_y,lip_center_upper52_x,lip_center_upper52_y,right_lip55_x,right_lip55_y,lip_center_lower58_x,lip_center_lower58_y,trans_x,trans_y,trans_z,rot_x,rot_y,rot_z
0,0,0.186492919921875,2.05029296875,3.5560073852539062,4.1285552978515625,7.5458984375,1.6400909423828125,-4.398200988769531,3.533050537109375,-5.716278076171889,3.6483459472655966,-2.142852783203125,0.4825897216796875,-2.6731033325195455,-1.783477783203125,-1.5214614868164062,-2.5104370117187216,0.257293701171875,-0.5217857360839844,1.4906446933746333,2.656272888183601,0.5622406005859375,3.466999053955078,1.4215939044952393,3.6705169677734375,0.007120343856513505,-0.009504932910203934,-0.009504932910203934,0.7377473871804301,-7.381450007220225,0.173130946344366
