,Unnamed: 0,left_eyebrow_18x,left_eyebrow_18y,left_eyebrow_20x,left_eyebrow_20y,left_eyebrow_22x,left_eyebrow_22y,right_eyebrow_23x,right_eyebrow_23y,right_eyebrow_25x,right_eyebrow_25y,right_eyebrow_27x,right_eyebrow_27y,left_eye38_x,left_eye38_y,right_eye45_x,right_eye45_y,left_lip49_x,left_lip49_y,lip_center_upper52_x,lip_center_upper52_y,right_lip55_x,right_lip55_y,lip_center_lower58_x,lip_center_lower58_y,trans_x,trans_y,trans_z,rot_x,rot_y,rot_z
0,0,-0.9700164794921591,10.754547119140625,-3.732101440429716,0.9794158935546875,4.14906311035157,-8.630249023437528,-6.667316436767578,-7.253173828125028,-1.1835784912109375,2.1031494140625284,0.2689971923828125,9.987548828125057,-0.288116455078125,-2.1414031982421875,2.1581878662109375,-1.5003662109375,3.6157379150390625,2.881683349609375,-3.2341489791870117,0.31243896484375,0.24896240234375,1.2567520141601491,-1.153254508972167,-12.407150268554688,0.002248033881187439,-0.003622889518737786,-0.003622889518737786,-7.202028034334192,0.2145693047670001,-0.9583125040602277
