,Unnamed: 0,left_eyebrow_18x,left_eyebrow_18y,left_eyebrow_20x,left_eyebrow_20y,left_eyebrow_22x,left_eyebrow_22y,right_eyebrow_23x,right_eyebrow_23y,right_eyebrow_25x,right_eyebrow_25y,right_eyebrow_27x,right_eyebrow_27y,left_eye38_x,left_eye38_y,right_eye45_x,right_eye45_y,left_lip49_x,left_lip49_y,lip_center_upper52_x,lip_center_upper52_y,right_lip55_x,right_lip55_y,lip_center_lower58_x,lip_center_lower58_y,trans_x,trans_y,trans_z,rot_x,rot_y,rot_z
0,0,28.488449096679688,-28.547592163085938,-0.8603973388671875,-4.191223144531222,-23.23929214477539,7.129425048828125,-34.783159255981445,7.6356048583984375,-13.633499145507841,15.898956298828153,6.8487396240234375,5.4804534912109375,12.019111633300781,4.6604461669921875,3.3685836791992188,3.3477783203125,14.400260925292969,18.107757568359375,-42.317842960357666,3.7632675170898438,12.142936706542983,-27.396415710449226,-26.7542986869812,16.703453063964844,0.02974908472970128,0.0010363608598709106,0.0010363608598709106,5.518380527150096,44.97694944043113,2.4496682279118476
