,Unnamed: 0,left_eyebrow_18x,left_eyebrow_18y,left_eyebrow_20x,left_eyebrow_20y,left_eyebrow_22x,left_eyebrow_22y,right_eyebrow_23x,right_eyebrow_23y,right_eyebrow_25x,right_eyebrow_25y,right_eyebrow_27x,right_eyebrow_27y,left_eye38_x,left_eye38_y,right_eye45_x,right_eye45_y,left_lip49_x,left_lip49_y,lip_center_upper52_x,lip_center_upper52_y,right_lip55_x,right_lip55_y,lip_center_lower58_x,lip_center_lower58_y,trans_x,trans_y,trans_z,rot_x,rot_y,rot_z
0,0,2.446258544921875,2.90313720703125,2.5957794189453125,9.818923950195312,5.625612258911136,1.3924102783203125,-2.6179466247558594,0.17138671875,-3.5155029296875,8.551834106445312,-1.5740966796875284,2.879730224609375,-2.428222656249986,-3.373916625976591,-5.017372131347656,-2.8095245361328125,-1.0496215820312642,0.41469573974610086,1.346145868301393,2.5533714294433594,3.456932067871108,-0.3844795227050781,-2.9233694076538086,0.00899505615235796,0.005114297731779516,-0.010780926793813712,-0.010780926793813712,0.5919988193262151,-0.4538815244252148,4.877889848414709
