,Unnamed: 0,left_eyebrow_18x,left_eyebrow_18y,left_eyebrow_20x,left_eyebrow_20y,left_eyebrow_22x,left_eyebrow_22y,right_eyebrow_23x,right_eyebrow_23y,right_eyebrow_25x,right_eyebrow_25y,right_eyebrow_27x,right_eyebrow_27y,left_eye38_x,left_eye38_y,right_eye45_x,right_eye45_y,left_lip49_x,left_lip49_y,lip_center_upper52_x,lip_center_upper52_y,right_lip55_x,right_lip55_y,lip_center_lower58_x,lip_center_lower58_y,trans_x,trans_y,trans_z,rot_x,rot_y,rot_z
0,0,-0.15283203125,-0.8377380371094034,3.030540466308608,5.4734039306640625,2.2901077270507812,5.175628662109403,-1.4309463500976562,3.4300994873046875,0.27832794189453125,6.14935302734375,-1.64306640625,-0.5790863037109375,0.11214447021482954,-0.16799926757815342,0.7726745605468892,-1.2918090820312784,0.066986083984375,2.338672637939453,-0.17169320583343484,1.7188758850097692,3.743865966796861,3.98193359375,-0.049608826637268066,0.2620849609375,-0.0021909480201429687,0.011956524103879922,0.011956524103879922,3.0777080472112015,2.4698878796013126,1.237917298681209
