,Unnamed: 0,left_eyebrow_18x,left_eyebrow_18y,left_eyebrow_20x,left_eyebrow_20y,left_eyebrow_22x,left_eyebrow_22y,right_eyebrow_23x,right_eyebrow_23y,right_eyebrow_25x,right_eyebrow_25y,right_eyebrow_27x,right_eyebrow_27y,left_eye38_x,left_eye38_y,right_eye45_x,right_eye45_y,left_lip49_x,left_lip49_y,lip_center_upper52_x,lip_center_upper52_y,right_lip55_x,right_lip55_y,lip_center_lower58_x,lip_center_lower58_y,trans_x,trans_y,trans_z,rot_x,rot_y,rot_z
0,0,34.09713745117185,-26.495407104492244,5.189987182617216,7.274383544921875,-19.152278900146484,10.957138061523409,-41.28968048095703,8.782180786132841,-14.884933471679688,15.497589111328125,4.958770751953097,8.403656005859403,15.497100830078125,3.0038909912109375,8.245590209960938,-2.909332275390625,39.827598571777344,22.511806488037116,-49.277361154556274,10.714035034179695,3.9873428344726847,-15.268775939941406,-31.850455760955814,2.9800949096679688,0.04262659151572734,-0.016711540520191193,-0.016711540520191193,-0.4382139386833508,40.51506446871843,-0.7371363061842102
