,Unnamed: 0,left_eyebrow_18x,left_eyebrow_18y,left_eyebrow_20x,left_eyebrow_20y,left_eyebrow_22x,left_eyebrow_22y,right_eyebrow_23x,right_eyebrow_23y,right_eyebrow_25x,right_eyebrow_25y,right_eyebrow_27x,right_eyebrow_27y,left_eye38_x,left_eye38_y,right_eye45_x,right_eye45_y,left_lip49_x,left_lip49_y,lip_center_upper52_x,lip_center_upper52_y,right_lip55_x,right_lip55_y,lip_center_lower58_x,lip_center_lower58_y,trans_x,trans_y,trans_z,rot_x,rot_y,rot_z
0,0,36.01634216308594,-28.85772705078128,10.90484619140625,2.5732574462890625,-16.615688323974595,15.318817138671875,-42.827723026275635,11.253631591796875,-16.19788360595703,15.144729614257812,4.112060546875,2.9536590576171875,18.55022430419922,-6.310546875,-1.1692428588867188,-4.435699462890625,27.898254394531264,13.774803161621094,-30.29396259784698,12.103958129882812,22.255264282226562,-18.207794189453132,-16.59870195388794,13.12856292724608,0.02158651081845164,-0.033928833901882186,-0.033928833901882186,9.076367432113342,45.439034108994136,1.2435115700709551
