,Unnamed: 0,left_eyebrow_18x,left_eyebrow_18y,left_eyebrow_20x,left_eyebrow_20y,left_eyebrow_22x,left_eyebrow_22y,right_eyebrow_23x,right_eyebrow_23y,right_eyebrow_25x,right_eyebrow_25y,right_eyebrow_27x,right_eyebrow_27y,left_eye38_x,left_eye38_y,right_eye45_x,right_eye45_y,left_lip49_x,left_lip49_y,lip_center_upper52_x,lip_center_upper52_y,right_lip55_x,right_lip55_y,lip_center_lower58_x,lip_center_lower58_y,trans_x,trans_y,trans_z,rot_x,rot_y,rot_z
0,0,0.8103790283203693,-4.694610595703125,9.623374938964801,1.8058624267578125,12.219648361206051,3.664749145507841,-14.415740966796879,7.963882446289034,-8.857368469238281,3.5485687255859375,0.8686065673828409,-2.067108154296875,-2.1269760131835795,1.36053466796875,-3.9265365600585938,-2.1189117431640057,-0.6243209838867188,0.5860366821289062,4.498879909515381,3.2123184204101562,1.3130950927734517,0.772003173828125,3.1982229948043823,7.235267639160156,0.010357724968343973,-0.01133778691291809,-0.01133778691291809,3.801034423227636,-5.665569097834952,5.266536044439778
