,Unnamed: 0,left_eyebrow_18x,left_eyebrow_18y,left_eyebrow_20x,left_eyebrow_20y,left_eyebrow_22x,left_eyebrow_22y,right_eyebrow_23x,right_eyebrow_23y,right_eyebrow_25x,right_eyebrow_25y,right_eyebrow_27x,right_eyebrow_27y,left_eye38_x,left_eye38_y,right_eye45_x,right_eye45_y,left_lip49_x,left_lip49_y,lip_center_upper52_x,lip_center_upper52_y,right_lip55_x,right_lip55_y,lip_center_lower58_x,lip_center_lower58_y,trans_x,trans_y,trans_z,rot_x,rot_y,rot_z
0,0,25.158004760742188,-34.88468933105469,-7.1397552490234375,-11.882293701171903,-23.7039794921875,-1.7606811523437784,-30.073041915893555,-2.343429565429659,-4.106719970703125,17.032669067382812,-2.161453247070284,16.511917114257784,17.681709289550795,5.9849395751953125,8.919746398925781,2.73541259765625,39.19786071777344,32.85692596435547,-40.45948922634125,18.045001983642578,6.904342651367173,-31.535385131835938,-22.597782850265503,16.565635681152344,0.035201031249016516,-0.022428326308727264,-0.022428326308727264,-6.150499657877146,39.56706456911204,-0.13130870634698033
