,Unnamed: 0,left_eyebrow_18x,left_eyebrow_18y,left_eyebrow_20x,left_eyebrow_20y,left_eyebrow_22x,left_eyebrow_22y,right_eyebrow_23x,right_eyebrow_23y,right_eyebrow_25x,right_eyebrow_25y,right_eyebrow_27x,right_eyebrow_27y,left_eye38_x,left_eye38_y,right_eye45_x,right_eye45_y,left_lip49_x,left_lip49_y,lip_center_upper52_x,lip_center_upper52_y,right_lip55_x,right_lip55_y,lip_center_lower58_x,lip_center_lower58_y,trans_x,trans_y,trans_z,rot_x,rot_y,rot_z
0,0,2.8212890625,-3.1287078857421875,9.43772125244142,16.986236572265597,9.781131744384759,16.435882568359375,-10.995281219482422,18.541824340820312,-9.177734375,18.616775512695284,1.6249847412109375,-1.473892211914034,0.8303298950195312,-7.6284942626953125,-0.9432678222656392,-5.640045166015597,2.3889083862304688,7.661472320556641,-3.5052126049995422,-0.3679542541503906,-1.693603515625,1.3844680786132812,-0.5946915149688716,0.82257080078125,-0.0024053056258708243,-0.0336872935295105,-0.0336872935295105,6.990140042246676,0.6973098260965078,-1.375723753543098
