,Unnamed: 0,left_eyebrow_18x,left_eyebrow_18y,left_eyebrow_20x,left_eyebrow_20y,left_eyebrow_22x,left_eyebrow_22y,right_eyebrow_23x,right_eyebrow_23y,right_eyebrow_25x,right_eyebrow_25y,right_eyebrow_27x,right_eyebrow_27y,left_eye38_x,left_eye38_y,right_eye45_x,right_eye45_y,left_lip49_x,left_lip49_y,lip_center_upper52_x,lip_center_upper52_y,right_lip55_x,right_lip55_y,lip_center_lower58_x,lip_center_lower58_y,trans_x,trans_y,trans_z,rot_x,rot_y,rot_z
0,0,15.461273193359375,-17.13323974609375,1.7244415283203267,2.2502899169921875,-15.286483764648438,5.625457763671875,-12.289909362792969,1.36614990234375,-2.4383010864257812,10.157791137695284,0.2206268310546875,4.76727294921875,5.941833496093736,3.626296997070284,3.0055694580078125,1.61846923828125,-0.765960693359375,19.056011199951172,-21.00270450115204,6.358482360839844,11.653160095214844,-7.715984344482415,-15.109922289848328,3.9664688110351562,0.00799942386947805,-0.010378140956163413,-0.010378140956163413,-4.215845294303127,29.73174291758725,1.7229036281651686
