,Unnamed: 0,left_eyebrow_18x,left_eyebrow_18y,left_eyebrow_20x,left_eyebrow_20y,left_eyebrow_22x,left_eyebrow_22y,right_eyebrow_23x,right_eyebrow_23y,right_eyebrow_25x,right_eyebrow_25y,right_eyebrow_27x,right_eyebrow_27y,left_eye38_x,left_eye38_y,right_eye45_x,right_eye45_y,left_lip49_x,left_lip49_y,lip_center_upper52_x,lip_center_upper52_y,right_lip55_x,right_lip55_y,lip_center_lower58_x,lip_center_lower58_y,trans_x,trans_y,trans_z,rot_x,rot_y,rot_z
0,0,26.300018310546903,-45.713165283203125,2.654037475585909,-3.59271240234375,-22.41998291015625,7.026779174804716,-34.852402210235596,7.769515991210909,-6.218757629394531,14.966796875,6.260711669921875,-0.186676025390625,16.14017486572267,4.4759674072265625,0.5630645751953125,4.152740478515653,39.5876579284668,20.009082794189453,-34.16070604324341,18.895668029785156,4.494140625,-17.830978393554688,-18.21381652355194,14.645835876464844,0.03620106680318713,-0.01880737021565438,-0.01880737021565438,8.527996679148568,37.17805624291083,9.795719715072622
