,Unnamed: 0,left_eyebrow_18x,left_eyebrow_18y,left_eyebrow_20x,left_eyebrow_20y,left_eyebrow_22x,left_eyebrow_22y,right_eyebrow_23x,right_eyebrow_23y,right_eyebrow_25x,right_eyebrow_25y,right_eyebrow_27x,right_eyebrow_27y,left_eye38_x,left_eye38_y,right_eye45_x,right_eye45_y,left_lip49_x,left_lip49_y,lip_center_upper52_x,lip_center_upper52_y,right_lip55_x,right_lip55_y,lip_center_lower58_x,lip_center_lower58_y,trans_x,trans_y,trans_z,rot_x,rot_y,rot_z
0,0,-1.40283203125,1.59173583984375,4.4248123168945455,13.256042480468722,4.997421264648445,9.364242553710966,-7.2802085876464915,7.6831207275390625,-3.8610458374023438,11.956893920898438,1.3498687744140625,2.0172729492187216,1.7352371215820312,-7.6518096923828125,-0.06844329833984375,-6.478561401367159,0.36138153076171875,-0.7437057495117259,-2.89993566274643,3.3474502563476634,-1.2461318969726562,-1.5747489929199219,-2.1309268474578866,13.545806884765625,-0.0013131556916050613,-0.005025535821914687,-0.005025535821914687,7.204682452877464,1.1188413459554702,0.05795273038482174
