,Unnamed: 0,left_eyebrow_18x,left_eyebrow_18y,left_eyebrow_20x,left_eyebrow_20y,left_eyebrow_22x,left_eyebrow_22y,right_eyebrow_23x,right_eyebrow_23y,right_eyebrow_25x,right_eyebrow_25y,right_eyebrow_27x,right_eyebrow_27y,left_eye38_x,left_eye38_y,right_eye45_x,right_eye45_y,left_lip49_x,left_lip49_y,lip_center_upper52_x,lip_center_upper52_y,right_lip55_x,right_lip55_y,lip_center_lower58_x,lip_center_lower58_y,trans_x,trans_y,trans_z,rot_x,rot_y,rot_z
0,0,26.044342041015625,-21.61145019531253,4.642288208007841,-3.470657348632784,-16.358974456787102,0.9337921142577841,-23.454923629760746,0.990997314453125,-1.251106262207017,12.725814819335938,7.05157470703125,10.58575439453125,11.050117492675781,5.601470947265625,5.916328430175753,3.9144439697265625,22.193756103515625,19.574039459228516,-33.568381190299995,3.51241302490234,12.638069152832045,-27.533752441406254,-14.089357614517212,14.602577209472656,0.021738508250564333,-0.013097070157527924,-0.013097070157527924,-1.1542284025611302,39.857483252667244,3.010779636775877
