,Unnamed: 0,left_eyebrow_18x,left_eyebrow_18y,left_eyebrow_20x,left_eyebrow_20y,left_eyebrow_22x,left_eyebrow_22y,right_eyebrow_23x,right_eyebrow_23y,right_eyebrow_25x,right_eyebrow_25y,right_eyebrow_27x,right_eyebrow_27y,left_eye38_x,left_eye38_y,right_eye45_x,right_eye45_y,left_lip49_x,left_lip49_y,lip_center_upper52_x,lip_center_upper52_y,right_lip55_x,right_lip55_y,lip_center_lower58_x,lip_center_lower58_y,trans_x,trans_y,trans_z,rot_x,rot_y,rot_z
0,0,0.7453460693359091,2.4592590332030966,1.1122283935546875,6.6367950439453125,3.9679832458496094,-1.2250823974609375,-5.043128967285156,-1.142486572265625,-4.365051269531264,9.132064819335938,-1.529510498046875,0.884246826171875,-3.3094100952148438,5.5075225830078125,3.4099578857421733,7.1299285888671875,-0.10118103027342329,1.232158660888679,-0.6456732749938965,-4.145133972167969,0.8367233276367188,0.7718124389648509,0.5615494251251216,-5.290718078613281,0.0010641266126185651,-0.010843735188245777,-0.010843735188245777,0.026496925093841384,-0.7050334940388248,0.0007179779063064551
