,Unnamed: 0,left_eyebrow_18x,left_eyebrow_18y,left_eyebrow_20x,left_eyebrow_20y,left_eyebrow_22x,left_eyebrow_22y,right_eyebrow_23x,right_eyebrow_23y,right_eyebrow_25x,right_eyebrow_25y,right_eyebrow_27x,right_eyebrow_27y,left_eye38_x,left_eye38_y,right_eye45_x,right_eye45_y,left_lip49_x,left_lip49_y,lip_center_upper52_x,lip_center_upper52_y,right_lip55_x,right_lip55_y,lip_center_lower58_x,lip_center_lower58_y,trans_x,trans_y,trans_z,rot_x,rot_y,rot_z
0,0,3.0057983398437216,-1.1593933105468466,0.3756561279296875,-3.892242431640625,-0.34722900390625,-1.719772338867216,-18.1937255859375,0.515716552734375,-5.974433898925781,15.485916137695312,2.373947143554716,7.826904296875,8.567214965820312,-1.9481353759765625,4.727149963378906,2.6292572021484375,5.594192504882827,14.851459503173828,-13.24278175830841,2.2501907348632812,5.399116516113281,-10.397212982177734,-9.011258363723757,3.8153839111328125,0.01125558337662369,-0.021142624318599694,-0.021142624318599694,-1.7444797071691998,22.377546978560265,-2.153840678203971
