,Unnamed: 0,left_eyebrow_18x,left_eyebrow_18y,left_eyebrow_20x,left_eyebrow_20y,left_eyebrow_22x,left_eyebrow_22y,right_eyebrow_23x,right_eyebrow_23y,right_eyebrow_25x,right_eyebrow_25y,right_eyebrow_27x,right_eyebrow_27y,left_eye38_x,left_eye38_y,right_eye45_x,right_eye45_y,left_lip49_x,left_lip49_y,lip_center_upper52_x,lip_center_upper52_y,right_lip55_x,right_lip55_y,lip_center_lower58_x,lip_center_lower58_y,trans_x,trans_y,trans_z,rot_x,rot_y,rot_z
0,0,47.52381896972656,-33.47119140625,2.8003845214844034,-12.799026489257784,-39.74115753173828,-14.449920654296875,-33.20527458190918,-6.5144805908203125,-5.3549346923828125,7.5856781005859375,9.85125732421875,4.157089233398409,20.1124267578125,12.252044677734403,3.075439453125,21.2069091796875,27.16181564331054,32.60674285888672,-37.766281008720405,12.007423400878906,-1.3786468505859517,-6.3131446838378835,-19.330910190939903,-1.3963775634765625,0.02607765510038007,-0.0021067485213279794,-0.0021067485213279794,1.2493374316050199,45.764221273739466,2.7065791615001578
