,Unnamed: 0,left_eyebrow_18x,left_eyebrow_18y,left_eyebrow_20x,left_eyebrow_20y,left_eyebrow_22x,left_eyebrow_22y,right_eyebrow_23x,right_eyebrow_23y,right_eyebrow_25x,right_eyebrow_25y,right_eyebrow_27x,right_eyebrow_27y,left_eye38_x,left_eye38_y,right_eye45_x,right_eye45_y,left_lip49_x,left_lip49_y,lip_center_upper52_x,lip_center_upper52_y,right_lip55_x,right_lip55_y,lip_center_lower58_x,lip_center_lower58_y,trans_x,trans_y,trans_z,rot_x,rot_y,rot_z
0,0,22.374176025390625,-19.87237548828122,7.104042053222656,6.269927978515625,-13.788181304931648,14.742919921875,-40.43998718261719,19.28736877441409,-11.825508117675781,23.260101318359403,10.037887573242188,8.373855590820284,14.947357177734375,-5.879989624023466,8.344291687011719,1.5985260009765625,29.58404541015625,17.18625259399414,-40.371670722961426,17.746173858642585,6.19171142578125,-15.044559478759759,-27.448137998580933,11.656845092773423,0.036205035634338856,-0.018057309091091156,-0.018057309091091156,10.704716832052961,42.95517210236835,8.90880380355826
