,Unnamed: 0,left_eyebrow_18x,left_eyebrow_18y,left_eyebrow_20x,left_eyebrow_20y,left_eyebrow_22x,left_eyebrow_22y,right_eyebrow_23x,right_eyebrow_23y,right_eyebrow_25x,right_eyebrow_25y,right_eyebrow_27x,right_eyebrow_27y,left_eye38_x,left_eye38_y,right_eye45_x,right_eye45_y,left_lip49_x,left_lip49_y,lip_center_upper52_x,lip_center_upper52_y,right_lip55_x,right_lip55_y,lip_center_lower58_x,lip_center_lower58_y,trans_x,trans_y,trans_z,rot_x,rot_y,rot_z
0,0,9.878494262695312,-4.555145263671875,-0.47759246826171875,-8.073455810546875,-6.718730926513672,-6.693923950195341,-10.32581901550293,-2.780487060546875,5.0503997802734375,2.967025756835909,7.9203338623046875,8.779739379882841,3.5974884033202983,1.0354156494140625,0.48999786376953125,1.4108428955078125,0.33615875244140625,-1.4080314636230469,-16.90910267829895,-1.274150848388679,4.4597320556640625,-19.954307556152344,-14.242733240127563,22.10537719726561,0.007109422120265663,-0.030886553227901445,-0.030886553227901445,-2.217107177782408,23.46451345756471,2.2864768610499144
