,Unnamed: 0,left_eyebrow_18x,left_eyebrow_18y,left_eyebrow_20x,left_eyebrow_20y,left_eyebrow_22x,left_eyebrow_22y,right_eyebrow_23x,right_eyebrow_23y,right_eyebrow_25x,right_eyebrow_25y,right_eyebrow_27x,right_eyebrow_27y,left_eye38_x,left_eye38_y,right_eye45_x,right_eye45_y,left_lip49_x,left_lip49_y,lip_center_upper52_x,lip_center_upper52_y,right_lip55_x,right_lip55_y,lip_center_lower58_x,lip_center_lower58_y,trans_x,trans_y,trans_z,rot_x,rot_y,rot_z
0,0,0.21188354492190342,1.55712890625,5.5343170166015625,4.024627685546903,7.705463409423828,1.9261016845703125,-7.803878784179695,0.4354095458984091,-4.090293884277358,2.8403930664062216,-0.474609375,0.9757232666015341,-0.39806365966796875,-3.5735626220703125,-1.57666015625,-3.6618041992187216,-3.3333740234375,0.5504608154296804,0.8373681306838989,0.9121685028076207,0.7619171142578125,0.44406890869141336,0.11193549633026123,3.3123321533203125,0.0005489955656230451,-0.007691667764447631,-0.007691667764447631,1.5675057949976061,-0.9363744692294812,-0.04990517673710215
