,Unnamed: 0,left_eyebrow_18x,left_eyebrow_18y,left_eyebrow_20x,left_eyebrow_20y,left_eyebrow_22x,left_eyebrow_22y,right_eyebrow_23x,right_eyebrow_23y,right_eyebrow_25x,right_eyebrow_25y,right_eyebrow_27x,right_eyebrow_27y,left_eye38_x,left_eye38_y,right_eye45_x,right_eye45_y,left_lip49_x,left_lip49_y,lip_center_upper52_x,lip_center_upper52_y,right_lip55_x,right_lip55_y,lip_center_lower58_x,lip_center_lower58_y,trans_x,trans_y,trans_z,rot_x,rot_y,rot_z
0,0,0.9591827392578409,2.552902221679716,4.552726745605469,3.667922973632784,3.1788101196289134,1.60528564453125,-3.6487808227539134,2.3152160644531534,-2.1162109375,6.286239624023466,-2.263107299804659,3.5174407958984375,-0.218963623046875,-1.7384185791015625,-0.03481292724609375,-4.053024291992216,0.9900970458984375,7.22151184082032,-0.12389993667602539,1.2105865478515625,3.6450271606445312,8.61074447631836,1.2990787029266357,7.721931457519531,0.002349548041820526,-0.00782700628042221,-0.00782700628042221,-1.092283709832099,-1.9703029951977216,0.39457162531163253
