,Unnamed: 0,left_eyebrow_18x,left_eyebrow_18y,left_eyebrow_20x,left_eyebrow_20y,left_eyebrow_22x,left_eyebrow_22y,right_eyebrow_23x,right_eyebrow_23y,right_eyebrow_25x,right_eyebrow_25y,right_eyebrow_27x,right_eyebrow_27y,left_eye38_x,left_eye38_y,right_eye45_x,right_eye45_y,left_lip49_x,left_lip49_y,lip_center_upper52_x,lip_center_upper52_y,right_lip55_x,right_lip55_y,lip_center_lower58_x,lip_center_lower58_y,trans_x,trans_y,trans_z,rot_x,rot_y,rot_z
0,0,3.220672607421875,0.5366668701172159,4.840507507324219,5.458343505859403,1.129028320312493,1.213623046875,-8.83413314819336,0.23252868652346592,-0.682861328125,12.297546386718722,6.563293457031278,7.7891387939453125,3.9368133544921875,-3.9898223876953125,-1.4429931640625284,-3.801116943359375,-1.5895767211914062,5.281078338623047,-9.809638500213623,4.306449890136726,-0.3402557373046875,-4.489776611328118,-1.354653388261795,3.0806732177734233,-0.02453161869198084,-0.008787743747234344,-0.008787743747234344,2.7168385443304075,12.600329741478124,-14.527382251247932
