,Unnamed: 0,left_eyebrow_18x,left_eyebrow_18y,left_eyebrow_20x,left_eyebrow_20y,left_eyebrow_22x,left_eyebrow_22y,right_eyebrow_23x,right_eyebrow_23y,right_eyebrow_25x,right_eyebrow_25y,right_eyebrow_27x,right_eyebrow_27y,left_eye38_x,left_eye38_y,right_eye45_x,right_eye45_y,left_lip49_x,left_lip49_y,lip_center_upper52_x,lip_center_upper52_y,right_lip55_x,right_lip55_y,lip_center_lower58_x,lip_center_lower58_y,trans_x,trans_y,trans_z,rot_x,rot_y,rot_z
0,0,52.3446044921875,-29.09045410156247,1.8879241943359375,-15.615814208984403,-37.76896667480469,-14.232238769531222,-44.148269176483154,-13.466644287109375,-3.1656723022460938,2.5148468017578125,11.626205444335938,16.51287841796875,25.1005096435547,10.190093994140625,3.6606979370117045,7.972930908203125,45.499122619628906,28.733531951904297,-48.01795333623886,13.322242736816406,10.685592651367173,-23.641651153564446,-22.3858984708786,3.1202468872070312,0.0412588007748127,-0.01533558964729309,-0.01533558964729309,-0.20634493803899595,53.15024588257093,1.5603705882754695
