,Unnamed: 0,left_eyebrow_18x,left_eyebrow_18y,left_eyebrow_20x,left_eyebrow_20y,left_eyebrow_22x,left_eyebrow_22y,right_eyebrow_23x,right_eyebrow_23y,right_eyebrow_25x,right_eyebrow_25y,right_eyebrow_27x,right_eyebrow_27y,left_eye38_x,left_eye38_y,right_eye45_x,right_eye45_y,left_lip49_x,left_lip49_y,lip_center_upper52_x,lip_center_upper52_y,right_lip55_x,right_lip55_y,lip_center_lower58_x,lip_center_lower58_y,trans_x,trans_y,trans_z,rot_x,rot_y,rot_z
0,0,33.36665344238281,-19.418182373046847,8.991897583007812,-0.3866577148437216,-19.686016082763665,1.7385253906249716,-25.468872070312507,-0.8589630126953125,-3.8527145385742188,12.424362182617216,3.788345336914091,11.144592285156278,10.417083740234375,3.1119232177734375,1.3458251953125,2.1671905517578125,22.618019104003906,24.69305419921875,-39.9680644273758,9.850540161132812,14.587669372558594,-7.568443298339844,-29.00518202781677,15.47573089599608,0.034748216392472386,-0.011906430125236511,-0.011906430125236511,-1.3361003233056872,39.444711861019655,3.263130247119114
