,Unnamed: 0,left_eyebrow_18x,left_eyebrow_18y,left_eyebrow_20x,left_eyebrow_20y,left_eyebrow_22x,left_eyebrow_22y,right_eyebrow_23x,right_eyebrow_23y,right_eyebrow_25x,right_eyebrow_25y,right_eyebrow_27x,right_eyebrow_27y,left_eye38_x,left_eye38_y,right_eye45_x,right_eye45_y,left_lip49_x,left_lip49_y,lip_center_upper52_x,lip_center_upper52_y,right_lip55_x,right_lip55_y,lip_center_lower58_x,lip_center_lower58_y,trans_x,trans_y,trans_z,rot_x,rot_y,rot_z
0,0,18.008880615234375,-18.97099304199213,0.3172149658203409,12.139068603515625,-26.970321655273445,15.788528442382812,-11.220848083496094,7.281570434570369,-4.283546447753906,15.325241088867159,4.391799926757784,4.132659912109347,14.286933898925781,5.305084228515625,10.356086730957017,8.988525390625,27.235191345214844,16.469318389892578,-32.012370109558105,11.226196289062507,8.3897705078125,-13.442424774169915,-19.98028254508972,5.824897766113281,0.03304658550769091,-0.015377365052700043,-0.015377365052700043,3.0957145109026354,41.763072217185226,-0.9879247503175037
