,Unnamed: 0,left_eyebrow_18x,left_eyebrow_18y,left_eyebrow_20x,left_eyebrow_20y,left_eyebrow_22x,left_eyebrow_22y,right_eyebrow_23x,right_eyebrow_23y,right_eyebrow_25x,right_eyebrow_25y,right_eyebrow_27x,right_eyebrow_27y,left_eye38_x,left_eye38_y,right_eye45_x,right_eye45_y,left_lip49_x,left_lip49_y,lip_center_upper52_x,lip_center_upper52_y,right_lip55_x,right_lip55_y,lip_center_lower58_x,lip_center_lower58_y,trans_x,trans_y,trans_z,rot_x,rot_y,rot_z
0,0,42.474105834960966,-23.451507568359375,10.58046722412108,4.359237670898466,-18.20654296875,5.213088989257784,-44.575259685516365,-2.2217559814453125,-11.66390991210939,9.684646606445284,9.51531982421875,11.975967407226506,14.421188354492188,4.0652618408203125,-3.527984619140611,1.5839996337890625,29.44605255126953,14.734745025634759,-46.51987147331238,15.381097793579102,6.0345001220703125,-10.519035339355469,-28.842990040779114,17.98676300048828,0.04156089655589312,-0.012111680000089107,-0.012111680000089107,0.6911877827963755,40.22656452694639,4.2101151717953975
