,Unnamed: 0,left_eyebrow_18x,left_eyebrow_18y,left_eyebrow_20x,left_eyebrow_20y,left_eyebrow_22x,left_eyebrow_22y,right_eyebrow_23x,right_eyebrow_23y,right_eyebrow_25x,right_eyebrow_25y,right_eyebrow_27x,right_eyebrow_27y,left_eye38_x,left_eye38_y,right_eye45_x,right_eye45_y,left_lip49_x,left_lip49_y,lip_center_upper52_x,lip_center_upper52_y,right_lip55_x,right_lip55_y,lip_center_lower58_x,lip_center_lower58_y,trans_x,trans_y,trans_z,rot_x,rot_y,rot_z
0,0,5.572662353515625,-8.71240234375,9.751876831054688,4.2921905517578125,6.8907814025878835,15.473098754882812,-25.782943725585938,15.384704589843778,-9.687606811523423,13.565673828125028,5.866073608398466,5.2803802490234375,2.8962173461914062,-4.1387176513671875,8.035903930664048,-3.3722991943359375,10.036041259765625,18.774112701416016,-17.178519248962402,10.346206665039077,5.469139099121108,-4.692005157470696,-15.54185938835144,6.346588134765625,0.007426788099110125,-0.026934795081615434,-0.026934795081615434,6.675457392716454,26.461091014348778,6.059842889669455
