,Unnamed: 0,left_eyebrow_18x,left_eyebrow_18y,left_eyebrow_20x,left_eyebrow_20y,left_eyebrow_22x,left_eyebrow_22y,right_eyebrow_23x,right_eyebrow_23y,right_eyebrow_25x,right_eyebrow_25y,right_eyebrow_27x,right_eyebrow_27y,left_eye38_x,left_eye38_y,right_eye45_x,right_eye45_y,left_lip49_x,left_lip49_y,lip_center_upper52_x,lip_center_upper52_y,right_lip55_x,right_lip55_y,lip_center_lower58_x,lip_center_lower58_y,trans_x,trans_y,trans_z,rot_x,rot_y,rot_z
0,0,13.389221191406222,-10.127792358398438,3.155029296875,2.801422119140625,-5.822887420654297,1.4642181396484943,-10.55184555053711,1.235946655273409,-2.914794921875,9.623886108398409,1.9046478271484375,3.6238250732421875,4.653907775878906,-2.955535888671875,4.86376953125,-1.67071533203125,-6.041053771972642,11.583572387695312,-17.476598262786865,0.2563781738281179,1.6730880737304688,-11.308345794677741,-18.907328367233276,1.9908523559570312,0.0006249756552278987,-0.02525290846824646,-0.02525290846824646,0.5547825216363163,30.727061945442006,-0.9928049213160559
