,Unnamed: 0,left_eyebrow_18x,left_eyebrow_18y,left_eyebrow_20x,left_eyebrow_20y,left_eyebrow_22x,left_eyebrow_22y,right_eyebrow_23x,right_eyebrow_23y,right_eyebrow_25x,right_eyebrow_25y,right_eyebrow_27x,right_eyebrow_27y,left_eye38_x,left_eye38_y,right_eye45_x,right_eye45_y,left_lip49_x,left_lip49_y,lip_center_upper52_x,lip_center_upper52_y,right_lip55_x,right_lip55_y,lip_center_lower58_x,lip_center_lower58_y,trans_x,trans_y,trans_z,rot_x,rot_y,rot_z
0,0,13.977005004882812,-19.9114990234375,6.9902801513671875,1.1037445068359943,-4.7181358337402415,3.5859375,-7.156917572021477,7.3731536865234375,-6.4853591918945455,5.126113891601591,-2.8947143554687216,-10.23236083984375,2.104766845703125,2.280899047851534,-1.200736999511733,4.043350219726591,-5.725318908691392,12.008720397949233,-7.026640951633453,-2.110492706298821,16.912971496582017,-3.409679412841804,-6.694572806358337,-8.281471252441406,0.01865815580822527,-0.02811909839510917,-0.02811909839510917,-1.1764968692423388,8.96070570448521,-1.4350496882158064
