,Unnamed: 0,left_eyebrow_18x,left_eyebrow_18y,left_eyebrow_20x,left_eyebrow_20y,left_eyebrow_22x,left_eyebrow_22y,right_eyebrow_23x,right_eyebrow_23y,right_eyebrow_25x,right_eyebrow_25y,right_eyebrow_27x,right_eyebrow_27y,left_eye38_x,left_eye38_y,right_eye45_x,right_eye45_y,left_lip49_x,left_lip49_y,lip_center_upper52_x,lip_center_upper52_y,right_lip55_x,right_lip55_y,lip_center_lower58_x,lip_center_lower58_y,trans_x,trans_y,trans_z,rot_x,rot_y,rot_z
0,0,22.59931945800784,-31.207168579101562,0.8278961181640625,-0.8798065185547159,-29.042247772216797,14.442321777343778,-21.95638656616211,15.256698608398438,-3.1391677856445455,4.0460662841796875,8.57330322265625,4.5407867431640625,12.946090698242188,-0.7700042724609375,4.5421524047851705,-1.7287139892578125,28.878028869628892,17.492633819580078,-44.993499875068665,9.050544738769531,0.483123779296875,-22.371341705322266,-28.492428064346313,9.069114685058594,0.039852632326073945,0.005594860762357712,0.005594860762357712,1.3155876901920598,41.806515055330834,6.178806946379213
