,Unnamed: 0,left_eyebrow_18x,left_eyebrow_18y,left_eyebrow_20x,left_eyebrow_20y,left_eyebrow_22x,left_eyebrow_22y,right_eyebrow_23x,right_eyebrow_23y,right_eyebrow_25x,right_eyebrow_25y,right_eyebrow_27x,right_eyebrow_27y,left_eye38_x,left_eye38_y,right_eye45_x,right_eye45_y,left_lip49_x,left_lip49_y,lip_center_upper52_x,lip_center_upper52_y,right_lip55_x,right_lip55_y,lip_center_lower58_x,lip_center_lower58_y,trans_x,trans_y,trans_z,rot_x,rot_y,rot_z
0,0,36.9761657714844,-17.00134277343747,1.971336364746108,-2.887786865234375,-13.38711166381836,-0.9156646728515909,-51.95424270629883,-6.047286987304659,-14.200370788574219,10.242904663085909,3.780410766601591,14.245727539062472,17.827163696289062,4.3785400390625,9.111534118652358,3.9326171875,41.12245559692384,25.49652862548828,-51.22733950614929,1.1705093383789062,5.087791442871094,-17.463340759277344,-34.047107338905334,6.664581298828111,0.03996961750090122,-0.013010147958993912,-0.013010147958993912,-10.733316284546838,41.053392185744585,-5.549056321336158
