,Unnamed: 0,left_eyebrow_18x,left_eyebrow_18y,left_eyebrow_20x,left_eyebrow_20y,left_eyebrow_22x,left_eyebrow_22y,right_eyebrow_23x,right_eyebrow_23y,right_eyebrow_25x,right_eyebrow_25y,right_eyebrow_27x,right_eyebrow_27y,left_eye38_x,left_eye38_y,right_eye45_x,right_eye45_y,left_lip49_x,left_lip49_y,lip_center_upper52_x,lip_center_upper52_y,right_lip55_x,right_lip55_y,lip_center_lower58_x,lip_center_lower58_y,trans_x,trans_y,trans_z,rot_x,rot_y,rot_z
0,0,-0.7014465332030966,4.60498046875,3.989471435546861,4.068634033203125,12.819206237792972,-2.328582763671875,-13.849748611450192,-2.1294555664062216,-7.368995666503906,2.2707672119140057,-0.17015075683590908,3.5792083740234375,-1.3664093017578125,-0.3600616455077841,3.5492019653320312,-0.0040740966796875,-2.4336700439452983,4.445331573486328,-3.3211939334869376,-8.299209594726562,-2.2742996215820312,5.085475921630859,-2.4727951288223267,-3.852447509765625,-0.008091145195066929,-0.006699185818433762,-0.006699185818433762,-4.68657046076008,3.3134718326938217,-6.026584422138979
