,Unnamed: 0,left_eyebrow_18x,left_eyebrow_18y,left_eyebrow_20x,left_eyebrow_20y,left_eyebrow_22x,left_eyebrow_22y,right_eyebrow_23x,right_eyebrow_23y,right_eyebrow_25x,right_eyebrow_25y,right_eyebrow_27x,right_eyebrow_27y,left_eye38_x,left_eye38_y,right_eye45_x,right_eye45_y,left_lip49_x,left_lip49_y,lip_center_upper52_x,lip_center_upper52_y,right_lip55_x,right_lip55_y,lip_center_lower58_x,lip_center_lower58_y,trans_x,trans_y,trans_z,rot_x,rot_y,rot_z
0,0,30.352203369140625,-26.403182983398438,4.7878875732421875,3.2570495605469034,-18.236419677734368,4.666183471679716,-23.950823783874505,8.283096313476562,-10.225273132324219,9.708801269531278,3.5472564697265625,-3.3863830566405966,7.822509765625,3.0432739257812216,-2.9765396118164062,6.404724121093778,1.7357254028320312,17.250526428222656,-22.72618681192398,-1.7613410949707031,23.676910400390625,-12.663677215576172,-18.45543897151947,-7.2563934326171875,0.03024905570782721,-0.019566122442483895,-0.019566122442483895,-7.6092529853996,29.488350191486283,0.39619606178010724
