,Unnamed: 0,left_eyebrow_18x,left_eyebrow_18y,left_eyebrow_20x,left_eyebrow_20y,left_eyebrow_22x,left_eyebrow_22y,right_eyebrow_23x,right_eyebrow_23y,right_eyebrow_25x,right_eyebrow_25y,right_eyebrow_27x,right_eyebrow_27y,left_eye38_x,left_eye38_y,right_eye45_x,right_eye45_y,left_lip49_x,left_lip49_y,lip_center_upper52_x,lip_center_upper52_y,right_lip55_x,right_lip55_y,lip_center_lower58_x,lip_center_lower58_y,trans_x,trans_y,trans_z,rot_x,rot_y,rot_z
0,0,5.570388793945341,-1.3041229248046875,4.065956115722656,7.798782348632784,-0.322093963623054,3.2396545410155966,2.414623260498054,1.6378173828124716,-4.576545715332031,8.683013916015625,-4.5724334716796875,-4.217956542968722,1.6692581176758097,-1.675277709960909,-1.979949951171875,0.8153228759765625,-11.773017883300781,-2.254444122314453,-2.0372953712940216,3.3516616821289062,7.3968582153320455,-3.8293075561523366,-1.2837636768817902,5.167076110839844,0.0011792357545346017,0.009341355413198471,0.009341355413198471,6.499473092505768,0.13539627280747768,-2.002208922031394
