,Unnamed: 0,left_eyebrow_18x,left_eyebrow_18y,left_eyebrow_20x,left_eyebrow_20y,left_eyebrow_22x,left_eyebrow_22y,right_eyebrow_23x,right_eyebrow_23y,right_eyebrow_25x,right_eyebrow_25y,right_eyebrow_27x,right_eyebrow_27y,left_eye38_x,left_eye38_y,right_eye45_x,right_eye45_y,left_lip49_x,left_lip49_y,lip_center_upper52_x,lip_center_upper52_y,right_lip55_x,right_lip55_y,lip_center_lower58_x,lip_center_lower58_y,trans_x,trans_y,trans_z,rot_x,rot_y,rot_z
0,0,0.4799041748047159,0.7119293212890625,-0.1080474853515625,0.16168212890622158,-1.5607719421386719,1.0939788818359375,-1.1461219787597656,2.5990142822265625,-1.5846862792968608,3.7580108642578125,-1.17437744140625,2.3513336181640625,-1.080116271972642,-3.129623413085966,0.5019454956054688,-2.6345062255859375,5.645843505859361,5.121368408203111,0.03495967388153076,-2.5728836059570312,-1.2625656127929688,3.8647613525390696,-0.3936864137649536,0.550811767578125,-0.002693170798011124,-0.008482377976179116,-0.008482377976179116,-0.5430616069493004,1.9561761344961508,-0.0716371005377191
