,Unnamed: 0,left_eyebrow_18x,left_eyebrow_18y,left_eyebrow_20x,left_eyebrow_20y,left_eyebrow_22x,left_eyebrow_22y,right_eyebrow_23x,right_eyebrow_23y,right_eyebrow_25x,right_eyebrow_25y,right_eyebrow_27x,right_eyebrow_27y,left_eye38_x,left_eye38_y,right_eye45_x,right_eye45_y,left_lip49_x,left_lip49_y,lip_center_upper52_x,lip_center_upper52_y,right_lip55_x,right_lip55_y,lip_center_lower58_x,lip_center_lower58_y,trans_x,trans_y,trans_z,rot_x,rot_y,rot_z
0,0,33.015655517578125,-32.097091674804716,3.4907684326171875,-5.0626220703125,-22.578094482421875,-0.7816772460936932,-34.18534469604492,-3.2225952148437216,-10.031005859375,8.026702880859375,7.074874877929659,6.586822509765625,17.158409118652344,0.6145477294921875,0.9527435302734375,3.5139007568359375,49.419498443603516,31.502517700195312,-40.54503604769707,3.0998497009277344,2.2268905639648438,-7.3376007080078125,-19.677760541439056,11.898384094238281,0.051819050218909986,-0.011551722884178162,-0.011551722884178162,-0.3659809608824882,39.11719416359621,2.550550324993673
