,Unnamed: 0,left_eyebrow_18x,left_eyebrow_18y,left_eyebrow_20x,left_eyebrow_20y,left_eyebrow_22x,left_eyebrow_22y,right_eyebrow_23x,right_eyebrow_23y,right_eyebrow_25x,right_eyebrow_25y,right_eyebrow_27x,right_eyebrow_27y,left_eye38_x,left_eye38_y,right_eye45_x,right_eye45_y,left_lip49_x,left_lip49_y,lip_center_upper52_x,lip_center_upper52_y,right_lip55_x,right_lip55_y,lip_center_lower58_x,lip_center_lower58_y,trans_x,trans_y,trans_z,rot_x,rot_y,rot_z
0,0,18.301193237304716,-26.31256103515628,-7.8696517944335795,-9.8482666015625,-23.048206329345703,1.297805786132841,-32.95486640930176,-2.8035888671875,-3.4224166870117188,11.7041015625,1.7180328369140625,11.839874267578153,25.552070617675767,-6.63409423828125,7.8018264770507955,0.10847473144528408,34.74365997314453,21.263229370117188,-33.37075746059418,12.13419342041015,7.526885986328139,-14.953296661376953,-26.232243716716766,-0.1346893310546733,0.031855433946475394,0.044675689190626144,0.044675689190626144,-1.9876592137707547,35.647573752270176,2.910966773842646
