,Unnamed: 0,left_eyebrow_18x,left_eyebrow_18y,left_eyebrow_20x,left_eyebrow_20y,left_eyebrow_22x,left_eyebrow_22y,right_eyebrow_23x,right_eyebrow_23y,right_eyebrow_25x,right_eyebrow_25y,right_eyebrow_27x,right_eyebrow_27y,left_eye38_x,left_eye38_y,right_eye45_x,right_eye45_y,left_lip49_x,left_lip49_y,lip_center_upper52_x,lip_center_upper52_y,right_lip55_x,right_lip55_y,lip_center_lower58_x,lip_center_lower58_y,trans_x,trans_y,trans_z,rot_x,rot_y,rot_z
0,0,13.433532714843778,-6.745681762695341,1.0160217285155966,4.547775268554716,-4.8429718017578125,2.125595092773409,-16.309877395629886,2.6796722412109375,-9.31278228759767,13.288482666015625,-1.5752716064453125,7.113311767578097,3.172149658203125,-2.6587066650390625,5.570228576660156,-1.33624267578125,7.9339141845703125,20.110736846923835,-15.83285528421402,-4.628147125244141,10.06362915039064,-4.096458435058594,-10.711262941360474,13.678428649902344,0.007385485456325114,-0.013947032392024994,-0.013947032392024994,-6.774330128661891,28.556244593057617,0.73038766974904
