,Unnamed: 0,left_eyebrow_18x,left_eyebrow_18y,left_eyebrow_20x,left_eyebrow_20y,left_eyebrow_22x,left_eyebrow_22y,right_eyebrow_23x,right_eyebrow_23y,right_eyebrow_25x,right_eyebrow_25y,right_eyebrow_27x,right_eyebrow_27y,left_eye38_x,left_eye38_y,right_eye45_x,right_eye45_y,left_lip49_x,left_lip49_y,lip_center_upper52_x,lip_center_upper52_y,right_lip55_x,right_lip55_y,lip_center_lower58_x,lip_center_lower58_y,trans_x,trans_y,trans_z,rot_x,rot_y,rot_z
0,0,26.32110595703122,-19.14579772949213,8.69747161865233,3.1084747314453125,-4.0227012634277415,0.5535888671875284,-31.293527603149414,0.3777770996093466,-8.565963745117188,17.908981323242188,-1.9431915283203125,6.3532562255859375,7.468017578124986,4.7936553955078125,8.359176635742202,4.999908447265625,11.296905517578125,28.349681854248047,-40.302187502384186,5.67041015625,10.102310180664062,-15.715621948242188,-31.420732587575916,-1.3710556030273438,0.04377910430412157,-0.008470855653285973,-0.008470855653285973,-3.454192722931721,38.13664073517012,2.9070647937213785
