,Unnamed: 0,left_eyebrow_18x,left_eyebrow_18y,left_eyebrow_20x,left_eyebrow_20y,left_eyebrow_22x,left_eyebrow_22y,right_eyebrow_23x,right_eyebrow_23y,right_eyebrow_25x,right_eyebrow_25y,right_eyebrow_27x,right_eyebrow_27y,left_eye38_x,left_eye38_y,right_eye45_x,right_eye45_y,left_lip49_x,left_lip49_y,lip_center_upper52_x,lip_center_upper52_y,right_lip55_x,right_lip55_y,lip_center_lower58_x,lip_center_lower58_y,trans_x,trans_y,trans_z,rot_x,rot_y,rot_z
0,0,43.45062255859375,-18.22406005859378,14.034095764160128,11.918670654296903,-11.20761489868164,10.807037353515625,-35.29464912414551,6.270080566406222,-13.20851898193358,15.989669799804688,1.333480834960966,9.84033203125,11.741188049316406,2.3408966064453125,10.230278015136719,-1.9937896728515625,62.9951286315918,35.85453414916993,-46.64550119638443,-1.97430419921875,-9.930618286132812,8.710941314697266,-28.83908581733704,-1.7313613891601562,0.03768555598799139,-0.009644284844398499,-0.009644284844398499,-6.566909816529279,45.6743684052246,5.978486043877452
