,Unnamed: 0,left_eyebrow_18x,left_eyebrow_18y,left_eyebrow_20x,left_eyebrow_20y,left_eyebrow_22x,left_eyebrow_22y,right_eyebrow_23x,right_eyebrow_23y,right_eyebrow_25x,right_eyebrow_25y,right_eyebrow_27x,right_eyebrow_27y,left_eye38_x,left_eye38_y,right_eye45_x,right_eye45_y,left_lip49_x,left_lip49_y,lip_center_upper52_x,lip_center_upper52_y,right_lip55_x,right_lip55_y,lip_center_lower58_x,lip_center_lower58_y,trans_x,trans_y,trans_z,rot_x,rot_y,rot_z
0,0,30.526748657226534,-40.24920654296872,-1.1737976074219318,-11.9566650390625,-31.321987152099588,-2.9528350830078125,-25.110812187194824,-3.2056427001953125,-2.7507400512695312,5.7309722900390625,4.3088226318359375,7.6843414306640625,15.422882080078125,6.49444580078125,7.442047119140611,6.205169677734375,38.099246978759766,23.690738677978516,-46.85205924510956,23.53459739685059,-6.998222351074219,-18.761589050292976,-19.55046884715557,7.105621337890625,0.012195722432807088,-0.000676274299621582,-0.000676274299621582,-0.5158677761771097,43.81252397706928,2.4059948561458255
