,Unnamed: 0,left_eyebrow_18x,left_eyebrow_18y,left_eyebrow_20x,left_eyebrow_20y,left_eyebrow_22x,left_eyebrow_22y,right_eyebrow_23x,right_eyebrow_23y,right_eyebrow_25x,right_eyebrow_25y,right_eyebrow_27x,right_eyebrow_27y,left_eye38_x,left_eye38_y,right_eye45_x,right_eye45_y,left_lip49_x,left_lip49_y,lip_center_upper52_x,lip_center_upper52_y,right_lip55_x,right_lip55_y,lip_center_lower58_x,lip_center_lower58_y,trans_x,trans_y,trans_z,rot_x,rot_y,rot_z
0,0,4.7511138916015625,-9.453933715820341,0.7571258544921591,1.560333251953125,-6.3753814697265625,8.054763793945312,-12.677310943603516,6.75860595703125,-7.959899902343764,10.278625488281278,-0.3653411865234375,0.9081573486328125,4.876060485839844,2.086944580078125,6.478477478027344,3.7279815673828125,4.624717712402344,6.547336578369141,-15.90796947479248,7.448234558105469,6.7164764404296875,-10.473899841308594,-14.04971843957901,0.41272735595703125,-0.009832850191742182,-0.019241519272327437,-0.019241519272327437,1.848086008751304,27.974752723116392,-2.52540817703579
