,Unnamed: 0,left_eyebrow_18x,left_eyebrow_18y,left_eyebrow_20x,left_eyebrow_20y,left_eyebrow_22x,left_eyebrow_22y,right_eyebrow_23x,right_eyebrow_23y,right_eyebrow_25x,right_eyebrow_25y,right_eyebrow_27x,right_eyebrow_27y,left_eye38_x,left_eye38_y,right_eye45_x,right_eye45_y,left_lip49_x,left_lip49_y,lip_center_upper52_x,lip_center_upper52_y,right_lip55_x,right_lip55_y,lip_center_lower58_x,lip_center_lower58_y,trans_x,trans_y,trans_z,rot_x,rot_y,rot_z
0,0,-0.8610534667969034,7.8120880126953125,2.8375473022460653,6.687118530273466,11.532936096191413,0.607177734375,-9.230426788330078,0.6616363525390625,-6.226188659667969,6.94384765625,-3.5630798339843466,3.6885223388671875,0.09511566162109375,-3.87725830078125,0.8303985595703125,-4.3624114990234375,-1.2898101806640625,5.151325225830085,3.4009551405906677,-5.940301895141598,2.0686264038085938,10.564159393310547,0.1339694261550899,14.7513427734375,-0.0009070314699783926,-0.00727081298828125,-0.00727081298828125,-0.22703407308242074,-0.5046687547495524,-0.44386911335135926
