,Unnamed: 0,left_eyebrow_18x,left_eyebrow_18y,left_eyebrow_20x,left_eyebrow_20y,left_eyebrow_22x,left_eyebrow_22y,right_eyebrow_23x,right_eyebrow_23y,right_eyebrow_25x,right_eyebrow_25y,right_eyebrow_27x,right_eyebrow_27y,left_eye38_x,left_eye38_y,right_eye45_x,right_eye45_y,left_lip49_x,left_lip49_y,lip_center_upper52_x,lip_center_upper52_y,right_lip55_x,right_lip55_y,lip_center_lower58_x,lip_center_lower58_y,trans_x,trans_y,trans_z,rot_x,rot_y,rot_z
0,0,5.237640380859375,2.0505828857422443,3.850936889648409,4.2584991455078125,12.090766906738281,-4.373168945312472,-16.41225814819336,-2.8589630126953125,-5.628471374511719,14.365112304687472,-0.4241943359375,6.2992095947265625,1.5279006958007528,-0.6922454833984375,5.148529052734375,2.232269287109375,0.18595123291015625,13.34543228149414,-14.856770098209381,-0.6108875274658132,0.47658538818359375,-5.409465789794922,-13.124966710805893,-12.670166015625,0.019000192460225666,-0.014489300549030297,-0.014489300549030297,-6.676410782559355,15.614272323347132,-0.7625602466290942
