,Unnamed: 0,left_eyebrow_18x,left_eyebrow_18y,left_eyebrow_20x,left_eyebrow_20y,left_eyebrow_22x,left_eyebrow_22y,right_eyebrow_23x,right_eyebrow_23y,right_eyebrow_25x,right_eyebrow_25y,right_eyebrow_27x,right_eyebrow_27y,left_eye38_x,left_eye38_y,right_eye45_x,right_eye45_y,left_lip49_x,left_lip49_y,lip_center_upper52_x,lip_center_upper52_y,right_lip55_x,right_lip55_y,lip_center_lower58_x,lip_center_lower58_y,trans_x,trans_y,trans_z,rot_x,rot_y,rot_z
0,0,15.954391479492188,-16.74603271484375,-0.0955963134765625,3.7775115966796875,-19.212417602539062,6.03125,-7.373161315917969,4.562377929687528,-7.048393249511719,11.586639404296875,-4.9458160400390625,-1.7041320800781534,3.81011962890625,6.841949462890625,6.8375396728515625,7.641571044921847,-2.9301605224609375,12.19498062133789,-13.410468082875013,-10.177824020385753,8.574508666992188,-7.618965148925781,-12.623595967888832,15.237266540527344,0.01961084082722664,-0.021894779056310647,-0.021894779056310647,0.35200867227491717,25.423524074347995,1.0088820523200028
