,Unnamed: 0,left_eyebrow_18x,left_eyebrow_18y,left_eyebrow_20x,left_eyebrow_20y,left_eyebrow_22x,left_eyebrow_22y,right_eyebrow_23x,right_eyebrow_23y,right_eyebrow_25x,right_eyebrow_25y,right_eyebrow_27x,right_eyebrow_27y,left_eye38_x,left_eye38_y,right_eye45_x,right_eye45_y,left_lip49_x,left_lip49_y,lip_center_upper52_x,lip_center_upper52_y,right_lip55_x,right_lip55_y,lip_center_lower58_x,lip_center_lower58_y,trans_x,trans_y,trans_z,rot_x,rot_y,rot_z
0,0,38.05232238769531,-24.115142822265653,6.193199157714872,0.9999847412109659,-18.78219604492186,2.982757568359375,-31.671939849853523,-3.5313110351562784,-5.572875976562528,8.017227172851562,5.886978149414091,6.513336181640597,16.901100158691406,4.911178588867216,-0.6826324462890767,0.5169525146484375,25.452430725097656,14.660270690917976,-43.29596328735352,9.384090423583991,6.338737487792969,-6.452217102050774,-28.311834812164307,0.7991790771484375,0.024696401174878705,-0.0007043778896331787,-0.0007043778896331787,-3.128717927507031,38.87991689260411,1.3335766149484436
