,Unnamed: 0,left_eyebrow_18x,left_eyebrow_18y,left_eyebrow_20x,left_eyebrow_20y,left_eyebrow_22x,left_eyebrow_22y,right_eyebrow_23x,right_eyebrow_23y,right_eyebrow_25x,right_eyebrow_25y,right_eyebrow_27x,right_eyebrow_27y,left_eye38_x,left_eye38_y,right_eye45_x,right_eye45_y,left_lip49_x,left_lip49_y,lip_center_upper52_x,lip_center_upper52_y,right_lip55_x,right_lip55_y,lip_center_lower58_x,lip_center_lower58_y,trans_x,trans_y,trans_z,rot_x,rot_y,rot_z
0,0,1.7745361328124716,-1.107467651367159,-1.5481796264648438,-6.305358886718722,-4.341148376464844,-1.047195434570284,4.821811676025391,0.6735076904296875,1.9823989868163778,-2.7417602539062784,-1.147689819335909,-1.4221954345703125,0.38184356689453125,1.2396545410155966,0.7545166015625,3.0386657714843466,2.529052734375,5.187324523925781,-0.7744345664978027,-2.6841697692871094,-1.4654464721679688,2.0596084594726562,-2.3668612092733383,-6.3990325927734375,-0.006895905826240778,-0.008914053440093994,-0.008914053440093994,-1.5600800471058307,6.670458867246783,-0.2713233706983643
