,Unnamed: 0,left_eyebrow_18x,left_eyebrow_18y,left_eyebrow_20x,left_eyebrow_20y,left_eyebrow_22x,left_eyebrow_22y,right_eyebrow_23x,right_eyebrow_23y,right_eyebrow_25x,right_eyebrow_25y,right_eyebrow_27x,right_eyebrow_27y,left_eye38_x,left_eye38_y,right_eye45_x,right_eye45_y,left_lip49_x,left_lip49_y,lip_center_upper52_x,lip_center_upper52_y,right_lip55_x,right_lip55_y,lip_center_lower58_x,lip_center_lower58_y,trans_x,trans_y,trans_z,rot_x,rot_y,rot_z
0,0,0.7372894287109659,7.640563964843778,-2.2976608276367188,6.324661254882784,-1.4167709350585938,-4.291168212890597,-0.5040016174316406,-4.291275024414034,0.8766021728515625,6.140777587890625,-0.6680755615234375,7.0786895751953125,-0.8860092163085938,-0.613006591796875,-0.8937530517578125,-0.678497314453125,1.5048141479492188,6.784900665283196,1.499101996421814,-5.752161026000977,-3.6378555297851705,5.875385284423821,0.6372065544128418,-5.953498840332031,0.00183336203917861,0.006725385785102844,0.006725385785102844,-2.203765265568813,0.23984213540808552,0.6961875259939503
