,Unnamed: 0,left_eyebrow_18x,left_eyebrow_18y,left_eyebrow_20x,left_eyebrow_20y,left_eyebrow_22x,left_eyebrow_22y,right_eyebrow_23x,right_eyebrow_23y,right_eyebrow_25x,right_eyebrow_25y,right_eyebrow_27x,right_eyebrow_27y,left_eye38_x,left_eye38_y,right_eye45_x,right_eye45_y,left_lip49_x,left_lip49_y,lip_center_upper52_x,lip_center_upper52_y,right_lip55_x,right_lip55_y,lip_center_lower58_x,lip_center_lower58_y,trans_x,trans_y,trans_z,rot_x,rot_y,rot_z
0,0,-0.5420989990234659,9.395080566406278,-2.107009887695341,3.5621643066406534,3.131511688232422,-4.9617462158203125,-0.6110496520996094,-3.0331878662109375,1.32867431640625,1.3753204345703125,-2.2171936035156534,6.416442871093778,-3.3565826416015625,-1.2726287841796875,-0.5583343505859375,-1.8050537109375,0.7606353759765625,3.8490333557128906,2.606842517852783,-5.837257385253903,0.8751907348632812,9.024299621582031,0.023278921842574962,-11.677223205566406,0.004784700460731983,-0.009564554318785671,-0.009564554318785671,-4.799323376986239,-2.336907254565774,-0.24253012792018613
