,Unnamed: 0,left_eyebrow_18x,left_eyebrow_18y,left_eyebrow_20x,left_eyebrow_20y,left_eyebrow_22x,left_eyebrow_22y,right_eyebrow_23x,right_eyebrow_23y,right_eyebrow_25x,right_eyebrow_25y,right_eyebrow_27x,right_eyebrow_27y,left_eye38_x,left_eye38_y,right_eye45_x,right_eye45_y,left_lip49_x,left_lip49_y,lip_center_upper52_x,lip_center_upper52_y,right_lip55_x,right_lip55_y,lip_center_lower58_x,lip_center_lower58_y,trans_x,trans_y,trans_z,rot_x,rot_y,rot_z
0,0,23.912063598632812,-36.11778259277344,-3.555839538574247,-10.043807983398438,-18.50064849853515,1.848724365234375,-44.15094709396362,0.1855926513671875,-4.972991943359375,4.4693603515625,3.9114990234374716,14.381454467773438,23.229980468750014,-6.2852935791015625,8.553955078125,-1.812225341796875,51.04374694824219,34.44997406005858,-23.521951436996464,0.2581596374511719,-3.9065628051757955,-3.6508026123046946,-8.057181239128113,-8.839447021484375,0.011632968671619892,-0.018046457320451736,-0.018046457320451736,-3.1249361669528,40.771549699587204,0.7274953868661729
