,Unnamed: 0,left_eyebrow_18x,left_eyebrow_18y,left_eyebrow_20x,left_eyebrow_20y,left_eyebrow_22x,left_eyebrow_22y,right_eyebrow_23x,right_eyebrow_23y,right_eyebrow_25x,right_eyebrow_25y,right_eyebrow_27x,right_eyebrow_27y,left_eye38_x,left_eye38_y,right_eye45_x,right_eye45_y,left_lip49_x,left_lip49_y,lip_center_upper52_x,lip_center_upper52_y,right_lip55_x,right_lip55_y,lip_center_lower58_x,lip_center_lower58_y,trans_x,trans_y,trans_z,rot_x,rot_y,rot_z
0,0,11.630538940429688,-10.718826293945284,3.6431198120117188,4.888015747070341,-6.953533172607429,7.275909423828125,-10.485954284667969,4.4390411376953125,-2.5557861328125,10.23681640625,4.525894165039091,2.94769287109375,4.197090148925781,-1.801605224609375,2.10943603515625,-1.4603424072265625,0.2199554443359375,7.935508728027344,-14.189353704452515,1.5353851318359375,2.0534133911132812,-6.503074645996087,-18.252269506454468,30.198608398437514,-0.0054616795387119055,-0.03814541548490525,-0.03814541548490525,0.6273940829652763,26.243451049971174,-4.439310476324806
