,Unnamed: 0,left_eyebrow_18x,left_eyebrow_18y,left_eyebrow_20x,left_eyebrow_20y,left_eyebrow_22x,left_eyebrow_22y,right_eyebrow_23x,right_eyebrow_23y,right_eyebrow_25x,right_eyebrow_25y,right_eyebrow_27x,right_eyebrow_27y,left_eye38_x,left_eye38_y,right_eye45_x,right_eye45_y,left_lip49_x,left_lip49_y,lip_center_upper52_x,lip_center_upper52_y,right_lip55_x,right_lip55_y,lip_center_lower58_x,lip_center_lower58_y,trans_x,trans_y,trans_z,rot_x,rot_y,rot_z
0,0,28.884490966796875,-22.779998779296875,-1.904861450195341,-1.76025390625,-25.97298812866211,7.56427001953125,-25.984475135803223,5.8513031005859375,-3.4405975341796875,16.843109130859375,5.133514404296847,9.03863525390625,17.885810852050795,0.712982177734375,8.815689086914062,3.0516357421874716,24.74396514892578,34.4675178527832,-55.10809659957886,0.8044414520263636,2.4770278930664062,-13.337623596191406,-30.80351734161377,5.752044677734375,0.0010454282164573687,-0.004045508801937103,-0.004045508801937103,2.109683106663969,56.12794499045608,4.851007746595313
