,Unnamed: 0,left_eyebrow_18x,left_eyebrow_18y,left_eyebrow_20x,left_eyebrow_20y,left_eyebrow_22x,left_eyebrow_22y,right_eyebrow_23x,right_eyebrow_23y,right_eyebrow_25x,right_eyebrow_25y,right_eyebrow_27x,right_eyebrow_27y,left_eye38_x,left_eye38_y,right_eye45_x,right_eye45_y,left_lip49_x,left_lip49_y,lip_center_upper52_x,lip_center_upper52_y,right_lip55_x,right_lip55_y,lip_center_lower58_x,lip_center_lower58_y,trans_x,trans_y,trans_z,rot_x,rot_y,rot_z
0,0,9.778305053710909,-0.9483642578125,-4.575012207031278,-1.7468872070312216,-8.794403076171868,-3.4957275390625,-8.33193588256836,-4.335128784179716,0.3304748535156392,7.940032958984375,-0.05244445800778408,9.987060546875028,1.1651153564453125,-1.898040771484375,4.876182556152344,-0.3616333007812784,2.6703109741210938,19.902172088623047,-11.967633724212645,-2.8241939544677734,7.176078796386719,-4.035686492919929,-9.182446360588076,-9.606185913085938,0.008626628201454876,-0.02151558920741082,-0.02151558920741082,-11.355195190375454,18.052709285409787,0.2475603459184741
