,Unnamed: 0,left_eyebrow_18x,left_eyebrow_18y,left_eyebrow_20x,left_eyebrow_20y,left_eyebrow_22x,left_eyebrow_22y,right_eyebrow_23x,right_eyebrow_23y,right_eyebrow_25x,right_eyebrow_25y,right_eyebrow_27x,right_eyebrow_27y,left_eye38_x,left_eye38_y,right_eye45_x,right_eye45_y,left_lip49_x,left_lip49_y,lip_center_upper52_x,lip_center_upper52_y,right_lip55_x,right_lip55_y,lip_center_lower58_x,lip_center_lower58_y,trans_x,trans_y,trans_z,rot_x,rot_y,rot_z
0,0,9.271270751953125,-15.051406860351562,1.8655853271484375,6.945068359374943,-8.634239196777344,12.49920654296875,-19.656370162963867,8.458267211914034,-11.556610107421875,13.2568359375,2.3438110351562216,0.0425262451171875,9.698295593261719,-4.1448211669921875,3.9420166015625,-0.5558166503906818,14.195922851562472,15.264053344726562,-20.010542631149296,5.426521301269538,3.5011062622070312,-9.694610595703132,-10.318231761455536,4.989990234375,-0.012097414582967755,-0.037368666380643845,-0.037368666380643845,0.758807916862027,24.96173204504061,-7.551335727881882
