,Unnamed: 0,left_eyebrow_18x,left_eyebrow_18y,left_eyebrow_20x,left_eyebrow_20y,left_eyebrow_22x,left_eyebrow_22y,right_eyebrow_23x,right_eyebrow_23y,right_eyebrow_25x,right_eyebrow_25y,right_eyebrow_27x,right_eyebrow_27y,left_eye38_x,left_eye38_y,right_eye45_x,right_eye45_y,left_lip49_x,left_lip49_y,lip_center_upper52_x,lip_center_upper52_y,right_lip55_x,right_lip55_y,lip_center_lower58_x,lip_center_lower58_y,trans_x,trans_y,trans_z,rot_x,rot_y,rot_z
0,0,4.2280120849609375,-0.3622131347656534,1.4264373779296733,6.433227539062528,1.0561447143554688,5.914321899414091,-4.161052703857415,5.5282135009765625,-4.681983947753906,6.798858642578125,-2.388076782226591,1.5199127197265625,4.692840576171875,-9.555191040039062,-3.8358306884765625,-7.5394134521484375,-5.477134704589844,5.4130401611328125,-3.0399892330169678,1.4160842895507812,4.612632751464844,6.503589630126946,-3.804322361946106,5.787773132324219,-0.0007592439651489258,-0.00803083926439286,-0.00803083926439286,4.05468035029172,1.9651255356703121,-1.1402500309333545
