,Unnamed: 0,left_eyebrow_18x,left_eyebrow_18y,left_eyebrow_20x,left_eyebrow_20y,left_eyebrow_22x,left_eyebrow_22y,right_eyebrow_23x,right_eyebrow_23y,right_eyebrow_25x,right_eyebrow_25y,right_eyebrow_27x,right_eyebrow_27y,left_eye38_x,left_eye38_y,right_eye45_x,right_eye45_y,left_lip49_x,left_lip49_y,lip_center_upper52_x,lip_center_upper52_y,right_lip55_x,right_lip55_y,lip_center_lower58_x,lip_center_lower58_y,trans_x,trans_y,trans_z,rot_x,rot_y,rot_z
0,0,-3.785980224609375,-1.618820190429716,2.3967666625976562,7.533935546874943,4.531681060791016,12.675582885742188,-6.818473815917969,10.798217773437528,-7.559326171875,10.002456665039034,0.20181274414059658,-5.070892333984375,6.525360107421875,-6.7496337890625,-0.520751953125,-3.003402709960966,7.7400131225585795,0.556610107421875,-0.8638839721679688,-0.21086883544921164,-2.4271163940429688,-0.2782440185546875,-0.4828163981437683,4.7974853515625,-0.004642672836780548,-0.012500751763582223,-0.012500751763582223,5.805347669975558,2.702720615542934,-7.293811605181566
