,Unnamed: 0,left_eyebrow_18x,left_eyebrow_18y,left_eyebrow_20x,left_eyebrow_20y,left_eyebrow_22x,left_eyebrow_22y,right_eyebrow_23x,right_eyebrow_23y,right_eyebrow_25x,right_eyebrow_25y,right_eyebrow_27x,right_eyebrow_27y,left_eye38_x,left_eye38_y,right_eye45_x,right_eye45_y,left_lip49_x,left_lip49_y,lip_center_upper52_x,lip_center_upper52_y,right_lip55_x,right_lip55_y,lip_center_lower58_x,lip_center_lower58_y,trans_x,trans_y,trans_z,rot_x,rot_y,rot_z
0,0,0.435089111328125,5.512023925781278,4.160560607910156,6.706680297851534,8.51693344116211,-2.0585632324218466,-5.582492828369141,-0.6843719482421875,-2.587013244628878,6.4327850341796875,-2.07244873046875,3.798553466796875,-2.604095458984375,0.276397705078125,0.3103332519531108,-0.5615692138671875,-0.5529022216796733,5.413276672363281,1.9748733043670668,-3.9453887939453125,0.7388763427734233,10.711956024169922,6.047951579093933,-2.2142868041992188,0.008345046313479543,-0.002790648490190506,-0.002790648490190506,-1.5083420784117818,-11.065289650721233,-0.9849008843753149
