,Unnamed: 0,left_eyebrow_18x,left_eyebrow_18y,left_eyebrow_20x,left_eyebrow_20y,left_eyebrow_22x,left_eyebrow_22y,right_eyebrow_23x,right_eyebrow_23y,right_eyebrow_25x,right_eyebrow_25y,right_eyebrow_27x,right_eyebrow_27y,left_eye38_x,left_eye38_y,right_eye45_x,right_eye45_y,left_lip49_x,left_lip49_y,lip_center_upper52_x,lip_center_upper52_y,right_lip55_x,right_lip55_y,lip_center_lower58_x,lip_center_lower58_y,trans_x,trans_y,trans_z,rot_x,rot_y,rot_z
0,0,13.24151611328125,-26.798873901367188,5.70611572265625,7.509582519531278,-7.526226043701172,22.214691162109403,-21.170026779174812,21.512847900390625,-7.141838073730469,21.875732421875,9.673355102539062,-0.03237915039065342,2.5042572021484375,-5.66021728515625,5.115798950195298,-5.6537933349609375,14.746490478515625,26.289161682128906,-34.527143239974976,14.423379898071282,-5.9273452758789205,-10.82682800292968,-24.24695324897766,13.383476257324219,0.010901731438934803,-0.026480436325073256,-0.026480436325073256,9.308119133988956,38.97174175092091,-0.37798382813395437
