,Unnamed: 0,left_eyebrow_18x,left_eyebrow_18y,left_eyebrow_20x,left_eyebrow_20y,left_eyebrow_22x,left_eyebrow_22y,right_eyebrow_23x,right_eyebrow_23y,right_eyebrow_25x,right_eyebrow_25y,right_eyebrow_27x,right_eyebrow_27y,left_eye38_x,left_eye38_y,right_eye45_x,right_eye45_y,left_lip49_x,left_lip49_y,lip_center_upper52_x,lip_center_upper52_y,right_lip55_x,right_lip55_y,lip_center_lower58_x,lip_center_lower58_y,trans_x,trans_y,trans_z,rot_x,rot_y,rot_z
0,0,-0.7297515869140625,3.2509155273437216,0.0325775146484375,2.93658447265625,3.656616210937507,1.52734375,-5.586246490478516,3.2706451416015625,-0.6454162597655966,2.5884094238280966,0.3506622314452841,3.114212036132841,0.03968048095703125,-2.904205322265625,1.0151672363281392,-3.5670776367187784,4.242195129394531,7.472145080566399,1.9941853284835818,-4.084384918212891,-4.3201446533203125,7.9609756469726705,2.0120078921318054,-9.924385070800781,0.0011932835914194567,0.007910538464784622,0.007910538464784622,0.47666237677499024,-3.3840753362778138,-2.5954514176187047
